customerID,transaction_amount,customer_tenure_months,payment_method,retry_count,failure_reason,gateway_response_time_ms,customer_segment,payment_recovered
7590-VHVEG,358.20000000000005,1,Electronic check,0,insufficient_funds,272,new_customer,Yes
5575-GNVDE,683.4000000000001,34,Mailed check,3,bank_decline,544,high_value_repeat,Yes
3668-QPYBK,646.2,2,Mailed check,1,insufficient_funds,404,new_customer,No
7795-CFOCW,507.59999999999997,45,Bank transfer (automatic),1,network_error,2193,high_value_repeat,Yes
9237-HQITU,848.4000000000001,2,Electronic check,0,insufficient_funds,382,new_customer,No
9305-CDSKC,1195.8000000000002,8,Electronic check,0,insufficient_funds,473,occasional,Yes
1452-KIOVK,1069.1999999999998,22,Credit card (automatic),0,card_expired,466,occasional,No
6713-OKOMC,357.0,10,Mailed check,2,bank_decline,388,occasional,No
7892-POOKP,1257.6,28,Electronic check,1,card_expired,563,high_value_repeat,No
6388-TABGU,673.8,62,Bank transfer (automatic),1,bank_decline,545,high_value_repeat,Yes
9763-GRSKD,599.4000000000001,13,Mailed check,0,card_expired,462,occasional,No
7469-LKBCI,227.39999999999998,16,Credit card (automatic),3,card_expired,408,occasional,No
8091-TTVAX,1204.1999999999998,58,Credit card (automatic),2,insufficient_funds,498,high_value_repeat,No
0280-XJGEX,1244.4,49,Bank transfer (automatic),0,bank_decline,447,high_value_repeat,Yes
5129-JLPIS,1266.0,25,Electronic check,0,insufficient_funds,559,high_value_repeat,Yes
3655-SNQYZ,1359.0,69,Credit card (automatic),0,bank_decline,534,high_value_repeat,Yes
8191-XWSZG,247.79999999999998,52,Mailed check,0,bank_decline,247,high_value_repeat,No
9959-WOFKT,1280.4,71,Bank transfer (automatic),1,bank_decline,237,high_value_repeat,Yes
4190-MFLUW,662.4000000000001,10,Credit card (automatic),0,card_expired,294,occasional,No
4183-MYFRB,1080.6,21,Electronic check,0,network_error,3280,occasional,Yes
8779-QRDMV,475.79999999999995,1,Electronic check,1,network_error,1238,new_customer,No
1680-VDCWW,237.60000000000002,12,Bank transfer (automatic),0,insufficient_funds,459,occasional,No
1066-JKSGK,241.79999999999998,1,Mailed check,0,card_expired,454,new_customer,No
3638-WEABW,718.8,58,Credit card (automatic),0,insufficient_funds,574,high_value_repeat,Yes
6322-HRPFA,715.2,49,Credit card (automatic),1,card_expired,427,high_value_repeat,No
6865-JZNKO,663.5999999999999,30,Bank transfer (automatic),2,insufficient_funds,198,high_value_repeat,Yes
6467-CHFZW,1192.1999999999998,47,Electronic check,0,insufficient_funds,256,high_value_repeat,No
8665-UTDHZ,362.4,1,Electronic check,1,insufficient_funds,222,new_customer,No
5248-YGIJN,1083.0,72,Credit card (automatic),1,insufficient_funds,319,high_value_repeat,No
8773-HHUOZ,776.4000000000001,17,Mailed check,0,card_expired,372,occasional,No
3841-NFECX,1156.1999999999998,71,Credit card (automatic),1,insufficient_funds,225,high_value_repeat,Yes
4929-XIHVW,1146.0,2,Credit card (automatic),0,card_expired,620,new_customer,No
6827-IEAUQ,793.8000000000001,27,Mailed check,0,insufficient_funds,201,high_value_repeat,No
7310-EGVHZ,242.39999999999998,1,Bank transfer (automatic),3,card_expired,601,new_customer,No
3413-BMNZE,543.0,1,Bank transfer (automatic),3,card_expired,577,new_customer,No
6234-RAAPL,1198.8000000000002,72,Bank transfer (automatic),2,card_expired,534,high_value_repeat,No
6047-YHPVI,836.4000000000001,5,Electronic check,0,network_error,1944,occasional,Yes
6572-ADKRS,897.5999999999999,46,Credit card (automatic),0,insufficient_funds,451,high_value_repeat,Yes
5380-WJKOV,1276.1999999999998,34,Electronic check,1,network_error,1478,high_value_repeat,Yes
8168-UQWWF,1174.1999999999998,11,Bank transfer (automatic),0,insufficient_funds,536,occasional,Yes
8865-TNMNX,594.5999999999999,10,Mailed check,0,card_expired,388,occasional,No
9489-DEDVP,830.4000000000001,70,Credit card (automatic),1,card_expired,338,high_value_repeat,No
9867-JCZSP,249.0,17,Mailed check,0,insufficient_funds,216,occasional,Yes
4671-VJLCL,958.1999999999999,63,Credit card (automatic),3,network_error,517,high_value_repeat,No
4080-IIARD,914.4000000000001,13,Electronic check,0,card_expired,244,occasional,No
3714-NTNFO,1014.0,49,Electronic check,1,insufficient_funds,566,high_value_repeat,Yes
5948-UJZLF,591.0,2,Mailed check,0,insufficient_funds,339,new_customer,Yes
7760-OYPDY,967.8000000000001,2,Electronic check,1,insufficient_funds,374,new_customer,Yes
7639-LIAYI,957.0,52,Credit card (automatic),1,bank_decline,498,high_value_repeat,No
2954-PIBKO,769.8000000000001,69,Credit card (automatic),0,network_error,3944,high_value_repeat,Yes
8012-SOUDQ,1083.0,43,Electronic check,3,insufficient_funds,598,high_value_repeat,Yes
9420-LOJKX,1189.1999999999998,15,Credit card (automatic),2,insufficient_funds,254,occasional,No
6575-SUVOI,834.0,25,Credit card (automatic),3,card_expired,108,high_value_repeat,No
7495-OOKFY,967.8000000000001,8,Credit card (automatic),2,bank_decline,753,occasional,No
4667-QONEA,898.1999999999999,60,Credit card (automatic),1,insufficient_funds,740,high_value_repeat,Yes
1658-BYGOY,1145.4,18,Electronic check,3,insufficient_funds,428,occasional,No
8769-KKTPH,1195.8000000000002,63,Credit card (automatic),0,bank_decline,209,high_value_repeat,Yes
5067-XJQFU,1301.4,66,Electronic check,0,insufficient_funds,544,high_value_repeat,No
3957-SQXML,299.4,34,Credit card (automatic),0,insufficient_funds,383,high_value_repeat,No
5954-BDFSG,1290.0,72,Credit card (automatic),0,bank_decline,383,high_value_repeat,No
0434-CSFON,1206.0,47,Electronic check,0,card_expired,534,high_value_repeat,No
1215-FIGMP,1078.8000000000002,60,Bank transfer (automatic),0,insufficient_funds,450,high_value_repeat,Yes
0526-SXDJP,505.20000000000005,72,Bank transfer (automatic),2,insufficient_funds,222,high_value_repeat,No
0557-ASKVU,652.8,18,Credit card (automatic),0,insufficient_funds,351,occasional,Yes
5698-BQJOH,1132.8000000000002,9,Electronic check,0,insufficient_funds,499,occasional,No
5122-CYFXA,903.5999999999999,3,Electronic check,1,bank_decline,476,new_customer,Yes
8627-ZYGSZ,946.8000000000001,47,Electronic check,0,insufficient_funds,439,high_value_repeat,Yes
3410-YOQBQ,950.4000000000001,31,Mailed check,2,network_error,3246,high_value_repeat,Yes
3170-NMYVV,241.79999999999998,50,Bank transfer (automatic),0,bank_decline,345,high_value_repeat,No
7410-OIEDU,958.1999999999999,10,Mailed check,3,insufficient_funds,426,occasional,No
2273-QCKXA,588.5999999999999,1,Mailed check,2,insufficient_funds,50,new_customer,No
0731-EBJQB,244.79999999999998,52,Electronic check,0,card_expired,332,high_value_repeat,No
1891-QRQSA,1339.1999999999998,64,Bank transfer (automatic),0,bank_decline,514,high_value_repeat,Yes
8028-PNXHQ,291.0,62,Bank transfer (automatic),2,bank_decline,341,high_value_repeat,Yes
5630-AHZIL,774.0,3,Bank transfer (automatic),1,insufficient_funds,330,new_customer,No
2673-CXQEU,1326.0,56,Electronic check,1,network_error,1666,high_value_repeat,Yes
6416-JNVRK,667.8,46,Credit card (automatic),2,card_expired,550,high_value_repeat,No
5590-ZSKRV,655.8,8,Mailed check,0,bank_decline,482,occasional,No
0191-ZHSKZ,897.0,30,Electronic check,0,insufficient_funds,523,high_value_repeat,No
3887-PBQAO,310.79999999999995,45,Credit card (automatic),0,card_expired,141,high_value_repeat,No
5919-TMRGD,952.1999999999999,1,Electronic check,2,bank_decline,375,new_customer,No
8108-UXRQN,606.5999999999999,11,Electronic check,1,insufficient_funds,357,occasional,No
9191-MYQKX,901.8000000000001,7,Bank transfer (automatic),0,card_expired,357,occasional,No
9919-YLNNG,1245.6,42,Bank transfer (automatic),0,insufficient_funds,307,high_value_repeat,Yes
0318-ZOPWS,241.79999999999998,49,Bank transfer (automatic),0,insufficient_funds,348,high_value_repeat,No
4445-ZJNMU,1191.6,9,Credit card (automatic),0,insufficient_funds,527,occasional,Yes
4808-YNLEU,745.8,35,Bank transfer (automatic),1,bank_decline,113,high_value_repeat,No
1862-QRWPE,247.79999999999998,48,Bank transfer (automatic),1,insufficient_funds,666,high_value_repeat,No
2796-NNUFI,239.39999999999998,46,Mailed check,2,card_expired,472,high_value_repeat,No
3016-KSVCP,405.0,29,Mailed check,1,network_error,2466,high_value_repeat,Yes
4767-HZZHQ,984.5999999999999,30,Bank transfer (automatic),0,insufficient_funds,536,high_value_repeat,Yes
2424-WVHPL,896.4000000000001,1,Electronic check,1,card_expired,182,new_customer,No
7233-PAHHL,1008.0,66,Mailed check,2,network_error,1968,high_value_repeat,Yes
6067-NGCEU,1332.6,65,Credit card (automatic),1,bank_decline,381,high_value_repeat,Yes
9848-JQJTX,1210.8000000000002,72,Bank transfer (automatic),2,card_expired,604,high_value_repeat,No
8637-XJIVR,947.4000000000001,12,Electronic check,1,network_error,2462,occasional,Yes
9803-FTJCG,802.1999999999999,71,Credit card (automatic),1,insufficient_funds,467,high_value_repeat,Yes
0278-YXOOG,252.60000000000002,5,Mailed check,0,bank_decline,311,occasional,Yes
3212-KXOCR,252.0,52,Bank transfer (automatic),0,insufficient_funds,473,high_value_repeat,Yes
4598-XLKNJ,1182.0,25,Electronic check,0,network_error,3841,high_value_repeat,Yes
6380-ARCEH,242.39999999999998,1,Mailed check,0,insufficient_funds,549,new_customer,No
3679-XASPY,233.39999999999998,1,Electronic check,1,bank_decline,387,new_customer,Yes
7123-WQUHX,1140.0,38,Bank transfer (automatic),0,network_error,3040,high_value_repeat,Yes
5386-THSLQ,546.5999999999999,66,Bank transfer (automatic),1,network_error,2962,high_value_repeat,Yes
3192-NQECA,1320.0,68,Bank transfer (automatic),3,insufficient_funds,475,high_value_repeat,No
6180-YBIQI,291.6,5,Mailed check,0,insufficient_funds,566,occasional,Yes
6728-DKUCO,1249.8000000000002,72,Electronic check,0,card_expired,565,high_value_repeat,No
9750-BOOHV,361.79999999999995,32,Mailed check,2,network_error,2398,high_value_repeat,Yes
8597-CWYHH,1132.1999999999998,43,Mailed check,0,insufficient_funds,496,high_value_repeat,Yes
2848-YXSMW,232.79999999999998,72,Credit card (automatic),0,bank_decline,342,high_value_repeat,Yes
0486-HECZI,1161.0,55,Electronic check,0,bank_decline,261,high_value_repeat,Yes
4549-ZDQYY,695.4000000000001,52,Credit card (automatic),0,insufficient_funds,359,high_value_repeat,No
5712-AHQNN,1099.8000000000002,43,Electronic check,3,bank_decline,388,high_value_repeat,No
4846-WHAFZ,918.0,37,Electronic check,2,card_expired,150,high_value_repeat,Yes
5256-SKJGO,655.2,64,Electronic check,1,card_expired,529,high_value_repeat,No
3071-VBYPO,1078.1999999999998,3,Electronic check,2,insufficient_funds,50,new_customer,No
9560-BBZXK,372.6,36,Bank transfer (automatic),2,card_expired,807,high_value_repeat,No
5299-RULOA,1203.0,10,Electronic check,0,network_error,3701,occasional,Yes
8402-OOOHJ,247.79999999999998,41,Mailed check,2,insufficient_funds,360,high_value_repeat,No
9445-ZUEQE,1022.4000000000001,27,Credit card (automatic),1,card_expired,401,high_value_repeat,No
1091-SOZGA,1197.6,56,Credit card (automatic),2,network_error,2742,high_value_repeat,Yes
2928-HLDBA,248.39999999999998,6,Mailed check,2,network_error,2028,occasional,No
0404-SWRVG,892.8000000000001,3,Electronic check,0,insufficient_funds,428,new_customer,Yes
6497-TILVL,608.4000000000001,7,Mailed check,0,bank_decline,378,occasional,No
7219-TLZHO,250.20000000000002,4,Mailed check,0,card_expired,385,occasional,No
4622-YNKIJ,1067.4,33,Electronic check,0,insufficient_funds,427,high_value_repeat,Yes
4412-YLTKF,936.5999999999999,27,Electronic check,2,insufficient_funds,202,high_value_repeat,No
6734-PSBAW,282.6,72,Bank transfer (automatic),2,card_expired,405,high_value_repeat,No
3930-ZGWVE,237.0,1,Mailed check,0,bank_decline,424,new_customer,Yes
2639-UGMAZ,677.4000000000001,71,Electronic check,1,insufficient_funds,419,high_value_repeat,Yes
2876-GZYZC,1031.4,13,Electronic check,0,network_error,2327,occasional,Yes
6207-WIOLX,703.2,25,Credit card (automatic),0,insufficient_funds,570,high_value_repeat,Yes
8587-XYZSF,606.5999999999999,67,Bank transfer (automatic),0,card_expired,346,high_value_repeat,Yes
3091-FYHKI,425.40000000000003,1,Electronic check,0,bank_decline,434,new_customer,No
2372-HWUHI,532.2,2,Electronic check,3,network_error,3537,new_customer,Yes
7799-LGRDP,308.4,43,Credit card (automatic),0,insufficient_funds,388,high_value_repeat,Yes
7850-VWJUU,900.0,23,Bank transfer (automatic),1,card_expired,432,occasional,No
3774-VBNXY,242.39999999999998,64,Mailed check,1,insufficient_funds,385,high_value_repeat,Yes
6217-KDYWC,235.20000000000002,57,Mailed check,0,insufficient_funds,585,high_value_repeat,Yes
0390-DCFDQ,845.4000000000001,1,Mailed check,3,network_error,2293,new_customer,No
3146-MSEGF,1056.6,72,Credit card (automatic),3,network_error,3526,high_value_repeat,Yes
4080-OGPJL,853.8000000000001,8,Electronic check,0,insufficient_funds,384,occasional,Yes
1095-WGNGG,1212.6,61,Bank transfer (automatic),1,bank_decline,271,high_value_repeat,Yes
2636-SJDOU,1011.5999999999999,64,Credit card (automatic),0,card_expired,501,high_value_repeat,Yes
1131-QQZEB,287.4,71,Bank transfer (automatic),0,insufficient_funds,354,high_value_repeat,Yes
5716-EZXZN,1188.6,65,Credit card (automatic),0,card_expired,493,high_value_repeat,No
6837-BJYDQ,235.20000000000002,3,Mailed check,1,card_expired,50,new_customer,No
2135-RXIHG,547.8,1,Electronic check,1,card_expired,400,new_customer,No
6440-DKQGE,774.0,30,Credit card (automatic),0,card_expired,331,high_value_repeat,No
3466-BYAVD,834.0,15,Mailed check,0,card_expired,240,occasional,No
3780-YVMFA,822.5999999999999,8,Electronic check,3,insufficient_funds,317,occasional,No
3874-EQOEP,1140.0,7,Mailed check,0,bank_decline,313,occasional,No
1679-JRFBR,1297.8000000000002,70,Credit card (automatic),0,card_expired,392,high_value_repeat,No
9073-ZZIAY,1033.1999999999998,62,Electronic check,1,insufficient_funds,194,high_value_repeat,No
3077-RSNTJ,236.39999999999998,6,Mailed check,3,network_error,2753,occasional,Yes
6551-GNYDG,970.8000000000001,14,Bank transfer (automatic),0,bank_decline,604,occasional,Yes
9167-APMXZ,1009.8000000000001,22,Bank transfer (automatic),1,bank_decline,442,occasional,No
2749-CTKAJ,241.79999999999998,22,Mailed check,2,insufficient_funds,521,occasional,No
6371-NZYEG,771.0,16,Mailed check,0,insufficient_funds,564,occasional,No
7554-NEWDD,308.4,10,Bank transfer (automatic),1,card_expired,585,occasional,No
8992-VONJD,672.0,13,Electronic check,0,insufficient_funds,680,occasional,Yes
0867-MKZVY,988.8000000000001,20,Electronic check,1,bank_decline,325,occasional,Yes
4482-EWFMI,836.4000000000001,2,Electronic check,1,insufficient_funds,292,new_customer,No
4648-YPBTM,886.8000000000001,53,Bank transfer (automatic),1,insufficient_funds,517,high_value_repeat,Yes
2907-ILJBN,247.20000000000002,11,Mailed check,0,insufficient_funds,506,occasional,No
6345-FZOQH,238.79999999999998,69,Mailed check,2,insufficient_funds,516,high_value_repeat,Yes
3376-BMGFE,850.8000000000001,4,Bank transfer (automatic),0,network_error,4011,occasional,No
5997-OPVFA,1068.6,72,Bank transfer (automatic),0,card_expired,401,high_value_repeat,No
3445-HXXGF,543.5999999999999,58,Electronic check,0,insufficient_funds,463,high_value_repeat,Yes
1159-WFSGR,244.79999999999998,16,Electronic check,1,insufficient_funds,252,occasional,No
7654-YWJUF,1011.0,43,Bank transfer (automatic),1,card_expired,720,high_value_repeat,No
1875-QIVME,1252.8000000000002,2,Electronic check,0,insufficient_funds,349,new_customer,Yes
6727-IOTLZ,983.4000000000001,14,Mailed check,1,card_expired,353,occasional,No
0691-JVSYA,1138.1999999999998,53,Bank transfer (automatic),0,card_expired,347,high_value_repeat,No
5918-VUKWP,246.60000000000002,32,Bank transfer (automatic),1,network_error,1984,high_value_repeat,No
1744-JHKYS,296.4,34,Electronic check,0,bank_decline,290,high_value_repeat,Yes
2656-FMOKZ,893.4000000000001,15,Mailed check,1,bank_decline,321,occasional,Yes
2070-FNEXE,917.4000000000001,7,Bank transfer (automatic),0,bank_decline,195,occasional,Yes
5947-SGKCL,1264.1999999999998,15,Bank transfer (automatic),3,insufficient_funds,282,occasional,No
3712-PKXZA,246.60000000000002,61,Credit card (automatic),0,insufficient_funds,692,high_value_repeat,Yes
6317-YPKDH,359.4,1,Bank transfer (automatic),0,insufficient_funds,510,new_customer,Yes
6582-OIVSP,543.5999999999999,1,Mailed check,0,bank_decline,538,new_customer,Yes
9367-WXLCH,1014.0,8,Bank transfer (automatic),3,bank_decline,576,occasional,No
5524-KHNJP,897.0,33,Credit card (automatic),2,bank_decline,675,high_value_repeat,No
1918-ZBFQJ,951.0,13,Electronic check,0,insufficient_funds,134,occasional,Yes
1024-GUALD,297.6,1,Electronic check,1,bank_decline,215,new_customer,Yes
4827-USJHP,621.5999999999999,20,Mailed check,2,insufficient_funds,279,occasional,No
8167-GJLRN,364.79999999999995,3,Electronic check,1,insufficient_funds,329,new_customer,No
0956-SYCWG,235.79999999999998,13,Electronic check,1,insufficient_funds,354,occasional,Yes
8017-UVSZU,679.2,40,Credit card (automatic),0,insufficient_funds,332,high_value_repeat,Yes
7100-FQPRV,862.8000000000001,43,Credit card (automatic),0,card_expired,432,high_value_repeat,No
2472-OVKUP,1092.0,6,Electronic check,2,insufficient_funds,405,occasional,No
2984-RGEYA,237.0,69,Bank transfer (automatic),3,card_expired,291,high_value_repeat,No
9680-NIAUV,1316.4,72,Credit card (automatic),1,card_expired,73,high_value_repeat,No
2146-EGVDT,231.60000000000002,59,Credit card (automatic),0,bank_decline,251,high_value_repeat,Yes
2604-IJPDU,1158.6,20,Electronic check,0,network_error,2060,occasional,Yes
9178-JHUVJ,289.20000000000005,24,Bank transfer (automatic),1,insufficient_funds,362,occasional,No
6168-YBYNP,1336.1999999999998,59,Electronic check,2,bank_decline,230,high_value_repeat,Yes
7255-SSFBC,1347.0,72,Bank transfer (automatic),2,bank_decline,326,high_value_repeat,No
3645-DEYGF,249.0,1,Mailed check,2,insufficient_funds,230,new_customer,No
9323-HGFWY,1222.8000000000002,27,Credit card (automatic),1,card_expired,381,high_value_repeat,No
8544-GOQSH,960.5999999999999,14,Credit card (automatic),0,insufficient_funds,239,occasional,Yes
3363-DTIVD,1266.6,71,Electronic check,0,insufficient_funds,272,high_value_repeat,No
7018-WBJNK,939.5999999999999,13,Credit card (automatic),2,network_error,1453,occasional,Yes
9142-KZXOP,826.1999999999999,44,Credit card (automatic),1,bank_decline,376,high_value_repeat,No
7674-YTAFD,959.4000000000001,33,Bank transfer (automatic),0,insufficient_funds,270,high_value_repeat,Yes
6348-SNFUS,665.4000000000001,72,Credit card (automatic),0,bank_decline,536,high_value_repeat,No
1285-OKIPP,958.8000000000001,1,Electronic check,1,bank_decline,460,new_customer,No
7825-ECJRF,1279.1999999999998,19,Electronic check,0,bank_decline,389,occasional,No
1347-KTTTA,1229.4,64,Credit card (automatic),0,insufficient_funds,280,high_value_repeat,Yes
7841-TZDMQ,552.0,2,Credit card (automatic),1,bank_decline,457,new_customer,No
4195-NZGTA,303.0,1,Electronic check,1,insufficient_funds,503,new_customer,Yes
7157-SMCFK,237.0,61,Mailed check,1,card_expired,421,high_value_repeat,No
4709-LKHYG,240.0,29,Electronic check,0,insufficient_funds,640,high_value_repeat,Yes
2504-DSHIH,1041.6,23,Electronic check,1,insufficient_funds,468,occasional,Yes
0699-NDKJM,705.0,57,Bank transfer (automatic),0,network_error,3230,high_value_repeat,Yes
9286-BHDQG,543.0,72,Credit card (automatic),0,insufficient_funds,420,high_value_repeat,Yes
0230-WEQUW,679.2,66,Bank transfer (automatic),1,insufficient_funds,501,high_value_repeat,No
2040-LDIWQ,1010.4000000000001,65,Bank transfer (automatic),1,insufficient_funds,280,high_value_repeat,No
6496-JDSSB,960.0,8,Bank transfer (automatic),2,network_error,2133,occasional,Yes
9408-SSNVZ,841.8000000000001,4,Electronic check,1,insufficient_funds,452,occasional,No
4443-EMBNA,297.0,71,Bank transfer (automatic),1,bank_decline,451,high_value_repeat,Yes
6469-MRVET,242.39999999999998,1,Electronic check,0,insufficient_funds,476,new_customer,Yes
0742-MOABM,600.5999999999999,4,Mailed check,0,insufficient_funds,565,occasional,Yes
5961-VUSRV,232.20000000000002,12,Bank transfer (automatic),0,insufficient_funds,186,occasional,Yes
6778-JFCMK,607.2,24,Mailed check,0,card_expired,253,occasional,No
6341-JVQGF,973.8000000000001,31,Mailed check,3,insufficient_funds,434,high_value_repeat,Yes
2232-DMLXU,662.4000000000001,1,Mailed check,0,insufficient_funds,291,new_customer,Yes
4811-JBUVU,1078.8000000000002,30,Credit card (automatic),2,bank_decline,906,high_value_repeat,Yes
0945-TSONX,1023.5999999999999,47,Credit card (automatic),1,card_expired,477,high_value_repeat,No
2651-ZCBXV,1296.0,54,Credit card (automatic),2,insufficient_funds,388,high_value_repeat,No
3316-UWXUY,1122.0,50,Credit card (automatic),1,insufficient_funds,322,high_value_repeat,No
8937-RDTHP,1015.1999999999999,1,Mailed check,1,bank_decline,327,new_customer,No
7083-MIOPC,243.0,72,Credit card (automatic),1,insufficient_funds,404,high_value_repeat,Yes
1984-GPTEH,301.79999999999995,29,Electronic check,0,insufficient_funds,416,high_value_repeat,Yes
1251-KRREG,652.8,2,Mailed check,1,network_error,2134,new_customer,Yes
0621-JFHOL,355.20000000000005,10,Mailed check,0,card_expired,359,occasional,No
9903-LYSAB,877.8000000000001,18,Electronic check,0,card_expired,601,occasional,No
0094-OIFMO,1140.0,11,Electronic check,1,insufficient_funds,607,occasional,Yes
9227-UAQFT,237.0,16,Mailed check,0,insufficient_funds,437,occasional,Yes
7301-ABVAD,1039.1999999999998,72,Bank transfer (automatic),3,card_expired,198,high_value_repeat,No
6614-FHDBO,1310.4,72,Bank transfer (automatic),3,insufficient_funds,480,high_value_repeat,No
7576-ASEJU,896.4000000000001,41,Credit card (automatic),3,card_expired,633,high_value_repeat,No
9058-HRZSV,1132.8000000000002,65,Electronic check,0,card_expired,605,high_value_repeat,No
4522-AKYLR,657.5999999999999,13,Electronic check,0,insufficient_funds,510,occasional,Yes
0221-WMXNQ,904.1999999999999,4,Electronic check,3,bank_decline,613,occasional,No
0303-UNCIP,780.0,41,Mailed check,0,bank_decline,408,high_value_repeat,No
9947-OTFQU,892.8000000000001,15,Electronic check,3,network_error,3002,occasional,Yes
0322-YINQP,582.5999999999999,1,Mailed check,3,insufficient_funds,297,new_customer,No
0959-WHOKV,1188.0,42,Electronic check,2,insufficient_funds,443,high_value_repeat,No
4075-JFPGR,1122.0,51,Electronic check,0,card_expired,599,high_value_repeat,No
4629-NRXKX,844.8000000000001,2,Electronic check,0,insufficient_funds,311,new_customer,No
9514-JDSKI,482.40000000000003,1,Electronic check,2,bank_decline,270,new_customer,No
3282-ZISZV,1004.4000000000001,32,Credit card (automatic),0,insufficient_funds,414,high_value_repeat,Yes
3675-YDUPJ,238.20000000000002,10,Mailed check,0,card_expired,366,occasional,No
4111-BNXIF,714.5999999999999,67,Electronic check,1,insufficient_funds,497,high_value_repeat,No
7017-VFHAY,1381.1999999999998,61,Credit card (automatic),3,card_expired,332,high_value_repeat,No
6655-LHBYW,1372.1999999999998,50,Credit card (automatic),1,insufficient_funds,657,high_value_repeat,No
4959-JOSRX,535.2,2,Credit card (automatic),1,insufficient_funds,206,new_customer,No
5046-NUHWD,540.0,29,Electronic check,0,insufficient_funds,588,high_value_repeat,Yes
7273-TEFQD,493.79999999999995,3,Electronic check,1,bank_decline,285,new_customer,Yes
3606-TWKGI,1282.8000000000002,13,Electronic check,3,insufficient_funds,130,occasional,No
7529-ZDFXI,1078.1999999999998,57,Electronic check,0,bank_decline,435,high_value_repeat,Yes
7605-BDWDC,598.2,31,Bank transfer (automatic),1,bank_decline,361,high_value_repeat,No
1950-KSVVJ,1359.6,45,Mailed check,2,insufficient_funds,233,high_value_repeat,Yes
0123-CRBRT,1057.1999999999998,61,Mailed check,1,network_error,1154,high_value_repeat,Yes
6292-TOSSS,298.79999999999995,50,Bank transfer (automatic),1,insufficient_funds,398,high_value_repeat,Yes
3197-ARFOY,1260.0,19,Mailed check,1,bank_decline,546,occasional,Yes
6323-AYBRX,232.20000000000002,59,Mailed check,0,card_expired,487,high_value_repeat,Yes
7014-ZZXAW,291.0,71,Credit card (automatic),0,insufficient_funds,408,high_value_repeat,No
4385-GZQXV,1133.4,16,Electronic check,2,insufficient_funds,471,occasional,Yes
7633-MVPUY,717.0,57,Electronic check,2,insufficient_funds,395,high_value_repeat,Yes
6366-ZGQGL,297.6,1,Bank transfer (automatic),2,bank_decline,185,new_customer,No
4716-HHKQH,1284.6,20,Electronic check,3,insufficient_funds,186,occasional,No
5940-AHUHD,847.1999999999999,1,Mailed check,1,network_error,2337,new_customer,Yes
6432-TWQLB,1024.8000000000002,5,Electronic check,1,insufficient_funds,375,occasional,Yes
4484-GLZOU,1260.6,52,Electronic check,2,bank_decline,527,high_value_repeat,Yes
3179-GBRWV,779.4000000000001,21,Bank transfer (automatic),1,insufficient_funds,513,occasional,No
8645-KWHJO,660.0,14,Electronic check,1,card_expired,490,occasional,No
4130-MZLCC,606.5999999999999,5,Bank transfer (automatic),2,card_expired,357,occasional,No
0314-TKOSI,661.8,6,Mailed check,2,network_error,1395,occasional,Yes
8229-MYEJZ,614.4000000000001,10,Electronic check,0,insufficient_funds,461,occasional,Yes
2080-SRCDE,304.79999999999995,1,Mailed check,0,insufficient_funds,478,new_customer,Yes
9577-WJVCQ,653.4000000000001,68,Mailed check,0,insufficient_funds,50,high_value_repeat,Yes
9512-UIBFX,1141.8000000000002,18,Mailed check,1,network_error,1832,occasional,Yes
6202-DYYFX,912.0,22,Credit card (automatic),0,insufficient_funds,296,occasional,No
3808-HFKDE,532.2,20,Electronic check,1,card_expired,417,occasional,No
5583-SXDAG,840.0,1,Electronic check,1,insufficient_funds,279,new_customer,No
3488-PGMQJ,894.0,8,Electronic check,0,bank_decline,394,occasional,Yes
3580-REOAC,538.2,10,Credit card (automatic),1,bank_decline,368,occasional,No
7534-BFESC,913.1999999999999,24,Electronic check,0,card_expired,376,occasional,No
3727-OWVYD,734.4000000000001,35,Mailed check,0,insufficient_funds,292,high_value_repeat,No
2294-SALNE,1041.6,23,Mailed check,2,insufficient_funds,304,occasional,No
4847-TAJYI,1072.1999999999998,6,Electronic check,0,insufficient_funds,237,occasional,Yes
1563-IWQEX,236.39999999999998,12,Mailed check,0,insufficient_funds,457,occasional,No
8203-XJZRC,243.0,1,Mailed check,1,network_error,2956,new_customer,Yes
6556-DBKZF,912.5999999999999,71,Electronic check,2,card_expired,284,high_value_repeat,No
6851-WEFYX,1209.6,35,Electronic check,0,bank_decline,628,high_value_repeat,No
2985-JUUBZ,894.5999999999999,40,Electronic check,1,insufficient_funds,352,high_value_repeat,No
6390-DSAZX,883.1999999999999,1,Mailed check,0,network_error,3724,new_customer,Yes
0895-LMRSF,778.8000000000001,23,Bank transfer (automatic),0,card_expired,303,occasional,No
8098-LLAZX,1145.4,4,Electronic check,1,card_expired,96,occasional,No
8266-VBFQL,1084.8000000000002,4,Electronic check,1,insufficient_funds,460,occasional,Yes
8181-YHCMF,723.5999999999999,68,Credit card (automatic),1,card_expired,437,high_value_repeat,No
2240-HSJQD,982.1999999999999,38,Mailed check,1,card_expired,405,high_value_repeat,No
1248-DYXUB,297.6,52,Mailed check,3,network_error,1986,high_value_repeat,Yes
0265-EDXBD,898.8000000000001,32,Electronic check,1,bank_decline,394,high_value_repeat,No
4115-BNPJY,906.5999999999999,29,Mailed check,0,insufficient_funds,323,high_value_repeat,No
3167-SNQPL,1213.8000000000002,38,Electronic check,2,insufficient_funds,354,high_value_repeat,No
4091-TVOCN,945.0,48,Credit card (automatic),0,card_expired,526,high_value_repeat,No
1098-TDVUQ,231.0,1,Bank transfer (automatic),0,card_expired,427,new_customer,No
7277-OZCGZ,1068.6,22,Electronic check,0,insufficient_funds,491,occasional,Yes
1557-EMYVT,1380.6,43,Credit card (automatic),0,network_error,2314,high_value_repeat,Yes
2799-ARNLO,832.1999999999999,5,Electronic check,3,bank_decline,348,occasional,Yes
7563-BIUPC,967.1999999999999,5,Electronic check,2,bank_decline,226,occasional,Yes
5027-YOCXN,1320.6,51,Credit card (automatic),1,insufficient_funds,344,high_value_repeat,Yes
3973-SKMLN,238.79999999999998,71,Credit card (automatic),0,bank_decline,50,high_value_repeat,Yes
2321-OMBXY,963.5999999999999,38,Credit card (automatic),0,network_error,2027,high_value_repeat,Yes
2840-XANRC,1117.8000000000002,24,Electronic check,0,card_expired,387,occasional,No
6745-JEFZB,1098.0,35,Credit card (automatic),0,card_expired,484,high_value_repeat,No
5020-ZSTTY,989.4000000000001,54,Bank transfer (automatic),1,bank_decline,359,high_value_repeat,No
9880-TDQAC,720.0,72,Electronic check,1,card_expired,452,high_value_repeat,No
8705-WZCYL,537.5999999999999,1,Electronic check,1,insufficient_funds,73,new_customer,Yes
7102-JJVTX,583.2,9,Mailed check,0,card_expired,391,occasional,No
8626-PTQGE,720.5999999999999,69,Bank transfer (automatic),3,card_expired,148,high_value_repeat,No
4983-CLMLV,1232.4,52,Credit card (automatic),1,insufficient_funds,218,high_value_repeat,Yes
5701-YVSVF,994.8000000000001,11,Electronic check,1,bank_decline,371,occasional,No
5804-LEPIM,844.1999999999999,2,Electronic check,1,network_error,3521,new_customer,No
5697-GOMBF,430.79999999999995,28,Electronic check,0,card_expired,455,high_value_repeat,No
2739-CACDQ,991.8000000000001,17,Credit card (automatic),0,insufficient_funds,402,occasional,No
9385-EHGDO,238.20000000000002,35,Mailed check,0,card_expired,397,high_value_repeat,No
9498-FIMXL,230.39999999999998,8,Mailed check,2,insufficient_funds,292,occasional,No
2379-GYFLQ,1138.8000000000002,46,Credit card (automatic),0,insufficient_funds,318,high_value_repeat,Yes
0122-OAHPZ,886.1999999999999,7,Electronic check,0,card_expired,464,occasional,No
2868-SNELZ,967.1999999999999,2,Mailed check,0,insufficient_funds,192,new_customer,Yes
4322-RCYMT,909.5999999999999,68,Bank transfer (automatic),0,card_expired,488,high_value_repeat,Yes
6680-NENYN,1255.1999999999998,43,Electronic check,2,insufficient_funds,341,high_value_repeat,No
2088-IEBAU,1057.8000000000002,68,Electronic check,1,insufficient_funds,523,high_value_repeat,No
7982-VCELR,1137.6,36,Credit card (automatic),1,insufficient_funds,544,high_value_repeat,No
1343-EHPYB,1240.8000000000002,63,Electronic check,0,bank_decline,149,high_value_repeat,No
6035-BXTTY,655.8,32,Bank transfer (automatic),1,card_expired,312,high_value_repeat,Yes
6885-PKOAM,1029.0,71,Credit card (automatic),1,network_error,1815,high_value_repeat,Yes
7520-HQWJU,809.4000000000001,66,Bank transfer (automatic),0,insufficient_funds,128,high_value_repeat,Yes
9639-BUJXT,246.0,63,Mailed check,0,insufficient_funds,245,high_value_repeat,Yes
5924-SNGKP,243.0,41,Credit card (automatic),0,bank_decline,766,high_value_repeat,No
0021-IKXGC,865.1999999999999,1,Electronic check,1,insufficient_funds,491,new_customer,Yes
2034-GDRCN,1084.8000000000002,2,Electronic check,1,insufficient_funds,687,new_customer,No
8966-SNIZF,233.39999999999998,70,Bank transfer (automatic),0,card_expired,524,high_value_repeat,Yes
6243-OZGFH,539.4000000000001,23,Electronic check,0,insufficient_funds,288,occasional,Yes
4654-DLAMQ,1164.0,64,Bank transfer (automatic),1,bank_decline,342,high_value_repeat,No
0513-RBGPE,753.5999999999999,37,Credit card (automatic),1,card_expired,488,high_value_repeat,No
5160-UXJED,535.2,17,Mailed check,2,insufficient_funds,465,occasional,Yes
4115-NZRKS,1069.8000000000002,7,Electronic check,1,insufficient_funds,313,occasional,Yes
0219-YTZUE,1017.5999999999999,4,Bank transfer (automatic),0,insufficient_funds,173,occasional,No
0623-IIHUG,502.79999999999995,21,Electronic check,0,bank_decline,893,occasional,No
4572-DVCGN,963.0,10,Bank transfer (automatic),1,network_error,2387,occasional,No
3351-NGXYI,649.2,16,Electronic check,0,insufficient_funds,351,occasional,No
8984-EYLLL,1263.0,64,Electronic check,1,insufficient_funds,417,high_value_repeat,No
9057-MSWCO,369.0,27,Credit card (automatic),3,network_error,2305,high_value_repeat,No
9833-TGFHX,1165.1999999999998,42,Electronic check,1,card_expired,418,high_value_repeat,No
9294-TDIPC,242.39999999999998,5,Mailed check,0,insufficient_funds,593,occasional,Yes
5229-DTFYB,1185.6,41,Bank transfer (automatic),1,insufficient_funds,381,high_value_repeat,Yes
0104-PPXDV,603.5999999999999,58,Credit card (automatic),1,insufficient_funds,225,high_value_repeat,No
5176-LMJXE,246.60000000000002,47,Mailed check,1,network_error,2370,high_value_repeat,Yes
3583-KRKMD,910.8000000000001,18,Bank transfer (automatic),3,bank_decline,330,occasional,Yes
1010-DIAUQ,1158.0,5,Bank transfer (automatic),0,insufficient_funds,613,occasional,No
9069-LGEUL,719.4000000000001,23,Bank transfer (automatic),3,card_expired,575,occasional,Yes
7302-ZHMHP,229.79999999999998,1,Mailed check,3,insufficient_funds,416,new_customer,No
9571-EDEBV,1183.8000000000002,71,Credit card (automatic),0,insufficient_funds,208,high_value_repeat,No
3520-FJGCV,1351.1999999999998,72,Credit card (automatic),0,insufficient_funds,216,high_value_repeat,Yes
6563-VRERX,247.20000000000002,33,Mailed check,0,bank_decline,402,high_value_repeat,No
0259-GBZSH,1027.8000000000002,2,Electronic check,0,card_expired,450,new_customer,No
6122-EFVKN,429.0,24,Mailed check,0,card_expired,343,occasional,No
2805-EDJPQ,1197.0,56,Credit card (automatic),1,insufficient_funds,327,high_value_repeat,No
6862-CQUMB,1153.1999999999998,37,Credit card (automatic),0,insufficient_funds,311,high_value_repeat,No
7156-MXBJE,1021.1999999999999,43,Credit card (automatic),0,insufficient_funds,396,high_value_repeat,Yes
6158-HDPXZ,304.20000000000005,1,Mailed check,2,network_error,593,new_customer,Yes
9601-BRXPO,1259.4,25,Bank transfer (automatic),0,insufficient_funds,234,high_value_repeat,Yes
2863-IMQDR,1075.8000000000002,61,Electronic check,2,network_error,1998,high_value_repeat,Yes
5686-CMAWK,1041.0,17,Electronic check,0,insufficient_funds,581,occasional,Yes
5651-CRHKQ,1034.4,41,Bank transfer (automatic),0,insufficient_funds,277,high_value_repeat,No
6905-NIQIN,607.8,1,Mailed check,1,card_expired,427,new_customer,No
8204-YJCLA,777.5999999999999,72,Bank transfer (automatic),1,insufficient_funds,433,high_value_repeat,No
5167-ZFFMM,1090.1999999999998,1,Credit card (automatic),2,insufficient_funds,594,new_customer,Yes
6583-SZVGP,1297.1999999999998,48,Bank transfer (automatic),1,insufficient_funds,589,high_value_repeat,Yes
4895-TMWIR,239.39999999999998,11,Mailed check,2,network_error,2453,occasional,Yes
0533-BNWKF,1025.4,55,Electronic check,0,network_error,2119,high_value_repeat,No
1708-PBBOA,657.0,42,Electronic check,0,insufficient_funds,300,high_value_repeat,Yes
8782-LKFPK,1084.8000000000002,44,Mailed check,2,card_expired,363,high_value_repeat,No
5522-JBWMO,528.0,1,Electronic check,2,insufficient_funds,334,new_customer,No
3597-MVHJT,1147.1999999999998,27,Bank transfer (automatic),3,insufficient_funds,483,high_value_repeat,No
9774-NRNAU,1017.5999999999999,27,Bank transfer (automatic),0,insufficient_funds,463,high_value_repeat,Yes
0224-RLWWD,531.5999999999999,2,Electronic check,0,bank_decline,488,new_customer,Yes
9967-ATRFS,238.79999999999998,19,Mailed check,2,insufficient_funds,588,occasional,No
3951-NJCVI,1140.6,42,Electronic check,0,insufficient_funds,679,high_value_repeat,Yes
2977-CEBSX,1080.6,66,Credit card (automatic),3,insufficient_funds,418,high_value_repeat,No
0177-PXBAT,1318.8000000000002,33,Bank transfer (automatic),2,insufficient_funds,564,high_value_repeat,No
6599-CEBNN,887.4000000000001,34,Credit card (automatic),0,card_expired,347,high_value_repeat,No
2519-ERQOJ,655.2,33,Electronic check,2,insufficient_funds,577,high_value_repeat,Yes
5876-QMYLD,240.60000000000002,23,Mailed check,2,insufficient_funds,559,occasional,Yes
2277-AXSDC,237.0,32,Bank transfer (automatic),0,card_expired,551,high_value_repeat,No
9442-JTWDL,240.60000000000002,11,Credit card (automatic),3,insufficient_funds,414,occasional,No
0979-PHULV,1193.4,69,Credit card (automatic),1,network_error,1965,high_value_repeat,Yes
3067-SVMTC,670.8,68,Bank transfer (automatic),2,card_expired,190,high_value_repeat,No
5495-GPSRW,236.39999999999998,20,Mailed check,0,insufficient_funds,393,occasional,No
7606-BPHHN,237.60000000000002,72,Credit card (automatic),2,network_error,3726,high_value_repeat,Yes
4742-DRORA,1144.8000000000002,60,Bank transfer (automatic),0,insufficient_funds,353,high_value_repeat,No
0111-KLBQG,1127.4,32,Mailed check,0,card_expired,517,high_value_repeat,No
4800-VHZKI,238.79999999999998,1,Mailed check,3,insufficient_funds,526,new_customer,No
7989-CHGTL,235.20000000000002,1,Mailed check,0,insufficient_funds,357,new_customer,Yes
0334-GDDSO,976.1999999999999,3,Electronic check,0,card_expired,597,new_customer,No
4163-NCJAK,293.4,46,Bank transfer (automatic),3,bank_decline,50,high_value_repeat,Yes
5233-AOZUF,899.4000000000001,29,Electronic check,3,bank_decline,216,high_value_repeat,No
5973-EJGDP,1048.1999999999998,51,Electronic check,1,card_expired,262,high_value_repeat,No
1996-DBMUS,847.8000000000001,48,Bank transfer (automatic),1,insufficient_funds,277,high_value_repeat,No
7916-VCCPB,879.0,16,Bank transfer (automatic),0,insufficient_funds,450,occasional,No
4686-GEFRM,1184.4,70,Bank transfer (automatic),0,insufficient_funds,443,high_value_repeat,No
5249-QYHEX,297.6,40,Mailed check,0,card_expired,459,high_value_repeat,No
0578-SKVMF,999.5999999999999,22,Electronic check,1,insufficient_funds,489,occasional,Yes
5564-NEMQO,903.5999999999999,1,Bank transfer (automatic),2,bank_decline,257,new_customer,Yes
2233-FAGXV,291.6,5,Mailed check,2,insufficient_funds,217,occasional,No
5605-IYGFG,838.1999999999999,7,Bank transfer (automatic),2,insufficient_funds,459,occasional,No
7663-ZTEGJ,1206.6,29,Credit card (automatic),0,insufficient_funds,305,high_value_repeat,Yes
3935-TBRZZ,308.4,44,Mailed check,1,bank_decline,164,high_value_repeat,Yes
8111-BKVDS,488.40000000000003,10,Bank transfer (automatic),0,network_error,3277,occasional,Yes
2055-SIFSS,619.8,55,Bank transfer (automatic),1,card_expired,609,high_value_repeat,No
2806-MLNTI,1261.1999999999998,52,Bank transfer (automatic),0,insufficient_funds,633,high_value_repeat,Yes
8734-DKSTZ,1031.4,10,Electronic check,2,bank_decline,428,occasional,Yes
4360-PNRQB,907.1999999999999,18,Bank transfer (automatic),0,insufficient_funds,493,occasional,Yes
6152-ONASV,699.0,68,Bank transfer (automatic),0,bank_decline,605,high_value_repeat,Yes
9063-ZGTUY,232.79999999999998,61,Mailed check,0,card_expired,303,high_value_repeat,No
7781-HVGMK,782.4000000000001,72,Credit card (automatic),2,insufficient_funds,566,high_value_repeat,Yes
2181-UAESM,641.4000000000001,2,Electronic check,1,card_expired,441,new_customer,No
2957-LOLHO,544.8,12,Bank transfer (automatic),0,network_error,3230,occasional,No
6048-NJXHX,237.0,41,Electronic check,0,insufficient_funds,427,high_value_repeat,Yes
2320-SLKMB,533.4000000000001,26,Credit card (automatic),1,bank_decline,594,high_value_repeat,No
4980-URKXC,250.20000000000002,36,Bank transfer (automatic),0,insufficient_funds,433,high_value_repeat,No
4376-KFVRS,1368.6,72,Credit card (automatic),2,insufficient_funds,177,high_value_repeat,Yes
5886-VLQVU,1078.1999999999998,35,Bank transfer (automatic),1,insufficient_funds,617,high_value_repeat,Yes
3577-AMVUX,660.5999999999999,1,Mailed check,0,insufficient_funds,257,new_customer,Yes
0771-WLCLA,1355.4,16,Electronic check,0,card_expired,587,occasional,No
5628-RKIFK,1218.6,49,Credit card (automatic),3,insufficient_funds,386,high_value_repeat,No
0206-TBWLC,1375.8000000000002,54,Mailed check,0,network_error,3440,high_value_repeat,Yes
2937-FTHUR,777.5999999999999,18,Electronic check,0,insufficient_funds,570,occasional,Yes
1910-FMXJM,964.8000000000001,36,Electronic check,2,bank_decline,464,high_value_repeat,Yes
7752-XUSCI,1270.8000000000002,60,Electronic check,3,card_expired,476,high_value_repeat,No
4110-PFEUZ,834.5999999999999,1,Mailed check,3,bank_decline,463,new_customer,Yes
0732-OCQOC,300.6,52,Bank transfer (automatic),2,insufficient_funds,97,high_value_repeat,No
5168-MSWXT,1137.0,8,Electronic check,0,insufficient_funds,417,occasional,Yes
1090-ESELR,1266.0,72,Bank transfer (automatic),0,insufficient_funds,232,high_value_repeat,Yes
8592-PLTMQ,296.4,64,Mailed check,2,card_expired,425,high_value_repeat,No
5760-WRAHC,837.0,22,Mailed check,1,bank_decline,228,occasional,No
8847-GEOOQ,722.4000000000001,60,Bank transfer (automatic),0,insufficient_funds,222,high_value_repeat,Yes
0256-LTHVJ,972.5999999999999,28,Electronic check,3,insufficient_funds,640,high_value_repeat,No
4785-FCIFB,292.79999999999995,61,Mailed check,0,bank_decline,560,high_value_repeat,No
8313-NDOIA,1249.8000000000002,24,Electronic check,1,insufficient_funds,399,occasional,No
5149-CUZUJ,1114.8000000000002,28,Bank transfer (automatic),0,network_error,2647,high_value_repeat,Yes
0942-KOWSM,969.5999999999999,30,Bank transfer (automatic),1,card_expired,362,high_value_repeat,No
4237-CLSMM,240.0,2,Mailed check,0,bank_decline,485,new_customer,No
1452-VOQCH,901.1999999999999,1,Electronic check,0,insufficient_funds,298,new_customer,Yes
4719-UMSIY,235.79999999999998,6,Mailed check,0,insufficient_funds,549,occasional,Yes
6614-VBEGU,833.4000000000001,24,Bank transfer (automatic),1,card_expired,362,occasional,No
0880-TKATG,1213.8000000000002,4,Electronic check,1,bank_decline,337,occasional,No
3811-VBYBZ,1197.6,7,Electronic check,1,insufficient_funds,403,occasional,Yes
1480-BKXGA,1392.6,72,Bank transfer (automatic),3,insufficient_funds,311,high_value_repeat,No
2996-XAUVF,480.59999999999997,70,Mailed check,0,card_expired,449,high_value_repeat,No
9076-AXYIK,1225.1999999999998,64,Electronic check,0,bank_decline,319,high_value_repeat,Yes
5968-XQIVE,1076.4,72,Electronic check,2,bank_decline,470,high_value_repeat,Yes
8896-RAZCR,238.79999999999998,44,Mailed check,0,bank_decline,582,high_value_repeat,Yes
4640-UHDOS,671.4000000000001,13,Electronic check,3,insufficient_funds,292,occasional,No
4933-IKULF,247.79999999999998,17,Mailed check,0,insufficient_funds,380,occasional,Yes
3583-EKAPL,660.0,1,Electronic check,3,card_expired,469,new_customer,No
1304-BCCFO,840.5999999999999,9,Mailed check,0,bank_decline,334,occasional,Yes
4104-PVRPS,643.2,24,Mailed check,2,insufficient_funds,469,occasional,No
9399-APLBT,896.4000000000001,1,Electronic check,1,insufficient_funds,483,new_customer,No
2359-KMGLI,963.0,24,Electronic check,3,network_error,3366,occasional,No
3780-DDGSE,912.5999999999999,35,Electronic check,0,insufficient_funds,309,high_value_repeat,Yes
4431-EDMIQ,908.4000000000001,7,Electronic check,1,insufficient_funds,258,occasional,No
0306-JAELE,1153.1999999999998,5,Electronic check,3,card_expired,353,occasional,No
6227-HWPWX,828.0,15,Bank transfer (automatic),1,card_expired,254,occasional,No
0486-LGCCH,235.79999999999998,11,Mailed check,1,network_error,2951,occasional,No
0447-BEMNG,543.5999999999999,48,Bank transfer (automatic),1,insufficient_funds,225,high_value_repeat,Yes
4612-SSVHJ,977.4000000000001,20,Electronic check,1,card_expired,749,occasional,No
5168-MQQCA,1302.0,72,Bank transfer (automatic),1,card_expired,594,high_value_repeat,No
5949-XIKAE,1002.5999999999999,8,Electronic check,1,card_expired,401,occasional,No
7971-HLVXI,1014.0,72,Credit card (automatic),3,card_expired,530,high_value_repeat,No
9094-AZPHK,1201.8000000000002,15,Electronic check,0,insufficient_funds,154,occasional,No
3649-JPUGY,1063.1999999999998,72,Bank transfer (automatic),0,insufficient_funds,778,high_value_repeat,Yes
4472-LVYGI,630.5999999999999,0,Bank transfer (automatic),3,insufficient_funds,311,new_customer,No
8372-JUXUI,892.1999999999999,1,Electronic check,2,insufficient_funds,381,new_customer,No
3552-CTCYF,1257.6,63,Bank transfer (automatic),1,card_expired,121,high_value_repeat,No
6778-YSNIH,708.0,2,Electronic check,1,bank_decline,472,new_customer,Yes
0388-EOPEX,892.8000000000001,2,Electronic check,0,network_error,1614,new_customer,Yes
5756-OZRIO,768.5999999999999,61,Bank transfer (automatic),0,network_error,2581,high_value_repeat,Yes
6579-JPICP,244.79999999999998,1,Mailed check,1,insufficient_funds,318,new_customer,Yes
8205-OTCHB,525.0,22,Bank transfer (automatic),0,insufficient_funds,238,occasional,No
4134-BSXLX,730.8,28,Mailed check,1,insufficient_funds,279,high_value_repeat,No
0505-SPOOW,237.60000000000002,70,Bank transfer (automatic),0,insufficient_funds,433,high_value_repeat,Yes
6235-VDHOM,341.4,5,Electronic check,3,insufficient_funds,207,occasional,No
7783-YKGDV,1196.4,12,Bank transfer (automatic),3,card_expired,287,occasional,No
4374-YMUSQ,1395.0,34,Credit card (automatic),1,bank_decline,499,high_value_repeat,Yes
4513-CXYIX,968.4000000000001,71,Credit card (automatic),1,insufficient_funds,790,high_value_repeat,No
3957-HHLMR,782.4000000000001,70,Bank transfer (automatic),0,insufficient_funds,471,high_value_repeat,No
7803-XOCCZ,1008.5999999999999,52,Bank transfer (automatic),2,network_error,1766,high_value_repeat,Yes
5736-YEJAX,953.4000000000001,69,Credit card (automatic),1,insufficient_funds,344,high_value_repeat,Yes
5609-CEBID,1129.1999999999998,20,Electronic check,0,bank_decline,404,occasional,No
8981-FJGLA,936.0,11,Mailed check,3,network_error,2220,occasional,Yes
7218-HKQFK,1130.4,2,Electronic check,2,bank_decline,535,new_customer,Yes
4636-QRJKY,966.0,6,Electronic check,3,insufficient_funds,432,occasional,No
1135-LMECX,238.20000000000002,1,Mailed check,1,network_error,3226,new_customer,Yes
4332-MUOEZ,1131.6,20,Credit card (automatic),1,card_expired,352,occasional,Yes
8535-SFUTN,1277.4,61,Electronic check,0,card_expired,598,high_value_repeat,Yes
5956-VKDTT,892.1999999999999,5,Electronic check,3,insufficient_funds,375,occasional,No
8677-HDZEE,1265.4,56,Bank transfer (automatic),2,insufficient_funds,254,high_value_repeat,Yes
2475-MROZF,1140.0,30,Credit card (automatic),0,card_expired,726,high_value_repeat,No
9412-GHEEC,1257.6,40,Bank transfer (automatic),0,card_expired,126,high_value_repeat,No
3482-ABPKK,651.5999999999999,28,Mailed check,0,bank_decline,289,high_value_repeat,Yes
6705-LXORM,840.5999999999999,5,Electronic check,2,network_error,1998,occasional,No
0257-ZESQC,902.4000000000001,27,Bank transfer (automatic),3,network_error,4506,high_value_repeat,Yes
7531-GQHME,240.60000000000002,12,Credit card (automatic),0,insufficient_funds,671,occasional,Yes
5174-ITUMV,1264.8000000000002,67,Electronic check,1,network_error,3695,high_value_repeat,No
4109-CYRBD,619.2,29,Electronic check,0,card_expired,350,high_value_repeat,No
0913-XWSCN,1026.0,55,Bank transfer (automatic),3,bank_decline,763,high_value_repeat,No
6825-UYPFK,907.1999999999999,23,Bank transfer (automatic),2,bank_decline,455,occasional,Yes
8397-MVTAZ,1200.6,34,Electronic check,2,insufficient_funds,546,high_value_repeat,Yes
0750-EBAIU,1095.0,52,Electronic check,1,bank_decline,426,high_value_repeat,No
8606-CIQUL,1389.0,72,Credit card (automatic),0,insufficient_funds,392,high_value_repeat,Yes
3571-DPYUH,1136.4,58,Credit card (automatic),0,insufficient_funds,362,high_value_repeat,Yes
7601-GNDYK,235.20000000000002,35,Mailed check,0,card_expired,368,high_value_repeat,No
0356-OBMAC,1198.8000000000002,56,Bank transfer (automatic),2,insufficient_funds,491,high_value_repeat,No
8067-NIOYM,253.20000000000002,24,Credit card (automatic),2,network_error,2793,occasional,Yes
1403-GYAFU,240.60000000000002,70,Credit card (automatic),3,insufficient_funds,395,high_value_repeat,No
4234-XTNEA,959.4000000000001,2,Electronic check,3,insufficient_funds,626,new_customer,No
1297-VQDRP,1285.8000000000002,68,Credit card (automatic),1,card_expired,50,high_value_repeat,No
9282-IZGQK,1020.0,1,Electronic check,2,network_error,2907,new_customer,No
5348-CAGXB,1074.6,12,Electronic check,3,bank_decline,507,occasional,No
0621-HJWXJ,978.5999999999999,63,Bank transfer (automatic),2,network_error,3417,high_value_repeat,Yes
5844-QVTAT,701.4000000000001,33,Mailed check,0,network_error,2448,high_value_repeat,Yes
8905-IAZPF,1147.8000000000002,69,Credit card (automatic),1,insufficient_funds,431,high_value_repeat,Yes
5394-MEITZ,967.1999999999999,60,Bank transfer (automatic),0,insufficient_funds,547,high_value_repeat,Yes
6859-QNXIQ,1357.1999999999998,72,Bank transfer (automatic),3,insufficient_funds,623,high_value_repeat,No
2782-LFZVW,707.4000000000001,11,Mailed check,1,card_expired,354,occasional,No
2866-IKBTM,234.60000000000002,1,Mailed check,0,network_error,2713,new_customer,Yes
1342-JPNKI,1032.6,10,Bank transfer (automatic),1,insufficient_funds,651,occasional,No
2817-NTQDO,546.5999999999999,13,Credit card (automatic),1,network_error,800,occasional,Yes
7129-AZJDE,947.4000000000001,34,Bank transfer (automatic),0,card_expired,296,high_value_repeat,No
6986-IJDHX,1035.6,39,Mailed check,0,insufficient_funds,619,high_value_repeat,Yes
2560-PPCHE,1260.6,65,Bank transfer (automatic),1,insufficient_funds,563,high_value_repeat,Yes
4676-MQUEA,1222.8000000000002,50,Bank transfer (automatic),1,bank_decline,478,high_value_repeat,No
8138-EALND,237.0,15,Mailed check,2,network_error,2141,occasional,Yes
3580-HYCSP,1323.6,72,Bank transfer (automatic),1,bank_decline,267,high_value_repeat,No
1352-HNSAW,1387.1999999999998,72,Bank transfer (automatic),2,insufficient_funds,311,high_value_repeat,No
2075-PUEPR,232.20000000000002,55,Bank transfer (automatic),1,bank_decline,632,high_value_repeat,Yes
1982-FEBTD,307.20000000000005,23,Credit card (automatic),1,insufficient_funds,305,occasional,Yes
5301-GAUUY,964.1999999999999,32,Bank transfer (automatic),2,insufficient_funds,415,high_value_repeat,Yes
5791-KAJFD,825.0,56,Bank transfer (automatic),0,bank_decline,286,high_value_repeat,Yes
2654-VBVPB,238.79999999999998,1,Bank transfer (automatic),0,insufficient_funds,526,new_customer,Yes
1154-HYWWO,847.1999999999999,38,Mailed check,0,network_error,2069,high_value_repeat,Yes
2501-XWWTZ,842.4000000000001,11,Electronic check,2,insufficient_funds,385,occasional,No
3716-UVSPD,591.5999999999999,1,Electronic check,1,card_expired,147,new_customer,No
6815-ABQFQ,1287.0,56,Electronic check,1,bank_decline,157,high_value_repeat,No
7343-EOBEU,283.20000000000005,3,Mailed check,0,insufficient_funds,401,new_customer,Yes
3701-SFMUH,836.4000000000001,7,Credit card (automatic),0,network_error,1439,occasional,Yes
6103-LIANB,1194.0,59,Credit card (automatic),0,insufficient_funds,715,high_value_repeat,Yes
7319-VENRZ,771.5999999999999,7,Bank transfer (automatic),0,card_expired,90,occasional,No
5846-NEQVZ,850.1999999999999,71,Credit card (automatic),1,insufficient_funds,279,high_value_repeat,Yes
6967-QIQRV,1222.8000000000002,15,Electronic check,0,insufficient_funds,402,occasional,Yes
5781-RFZRP,882.0,71,Credit card (automatic),0,insufficient_funds,345,high_value_repeat,Yes
0939-YAPAF,1203.0,35,Electronic check,3,insufficient_funds,234,high_value_repeat,No
0308-IVGOK,484.79999999999995,11,Credit card (automatic),0,bank_decline,256,occasional,No
7293-LSCDV,231.0,60,Credit card (automatic),1,insufficient_funds,251,high_value_repeat,Yes
7025-WCBNE,715.2,47,Bank transfer (automatic),2,insufficient_funds,356,high_value_repeat,Yes
5756-JYOJT,778.8000000000001,11,Credit card (automatic),0,insufficient_funds,692,occasional,No
4710-FDUIZ,1203.6,56,Credit card (automatic),1,insufficient_funds,411,high_value_repeat,Yes
6030-REHUX,1330.1999999999998,28,Electronic check,2,network_error,3446,high_value_repeat,Yes
9548-LIGTA,972.5999999999999,61,Mailed check,3,bank_decline,476,high_value_repeat,Yes
5150-LJNSR,1176.6,31,Bank transfer (automatic),0,insufficient_funds,567,high_value_repeat,No
8270-RKSAP,846.0,9,Electronic check,3,bank_decline,50,occasional,No
6522-YRBXD,1134.6,35,Electronic check,1,card_expired,354,high_value_repeat,No
2640-LYMOV,235.79999999999998,2,Mailed check,0,insufficient_funds,596,new_customer,No
1218-VKFPE,228.0,12,Mailed check,1,network_error,2042,occasional,Yes
3627-FHKBK,903.5999999999999,1,Mailed check,3,card_expired,664,new_customer,No
2865-TCHJW,1070.4,4,Electronic check,1,network_error,3687,occasional,Yes
1423-BMPBQ,228.0,1,Mailed check,0,bank_decline,329,new_customer,No
2393-DIVAI,240.0,3,Mailed check,1,insufficient_funds,324,new_customer,Yes
5192-EBGOV,1028.4,1,Electronic check,0,bank_decline,247,new_customer,No
4568-KNYWR,759.0,52,Credit card (automatic),0,network_error,1996,high_value_repeat,Yes
8752-IMQOS,241.20000000000002,5,Mailed check,0,card_expired,215,occasional,No
0742-LAFQK,1189.8000000000002,72,Electronic check,0,card_expired,464,high_value_repeat,No
0795-LAFGP,1084.8000000000002,71,Electronic check,0,insufficient_funds,181,high_value_repeat,Yes
0619-OLYUR,1342.8000000000002,72,Credit card (automatic),0,bank_decline,490,high_value_repeat,Yes
5512-IDZEI,298.79999999999995,46,Electronic check,1,network_error,3002,high_value_repeat,Yes
0459-SPZHJ,1002.0,63,Credit card (automatic),0,insufficient_funds,150,high_value_repeat,No
0215-BQKGS,1011.5999999999999,30,Credit card (automatic),0,insufficient_funds,632,high_value_repeat,Yes
9244-ZVAPM,547.2,1,Mailed check,2,card_expired,477,new_customer,No
0719-SYFRB,739.8,12,Mailed check,1,insufficient_funds,512,occasional,No
8208-EUMTE,658.2,16,Mailed check,1,insufficient_funds,286,occasional,No
5172-MIGPM,786.5999999999999,4,Mailed check,0,card_expired,493,occasional,No
1710-RCXUS,1084.1999999999998,51,Credit card (automatic),0,insufficient_funds,568,high_value_repeat,Yes
0374-FIUCA,244.79999999999998,65,Credit card (automatic),0,insufficient_funds,385,high_value_repeat,Yes
5839-SUYVZ,894.5999999999999,16,Credit card (automatic),0,insufficient_funds,700,occasional,Yes
5173-ZXXXL,239.39999999999998,2,Mailed check,0,insufficient_funds,406,new_customer,Yes
1096-ADRUX,891.0,66,Bank transfer (automatic),0,network_error,3412,high_value_repeat,Yes
2001-MCUUW,1303.8000000000002,46,Electronic check,0,card_expired,443,high_value_repeat,No
2731-GJRDG,1314.6,32,Bank transfer (automatic),0,insufficient_funds,487,high_value_repeat,Yes
4723-BEGSG,1039.8000000000002,72,Credit card (automatic),1,insufficient_funds,149,high_value_repeat,Yes
6516-NKQBO,972.0,38,Credit card (automatic),0,card_expired,455,high_value_repeat,No
8672-OAUPW,574.2,51,Credit card (automatic),0,insufficient_funds,289,high_value_repeat,No
8207-DMRVL,1374.6,72,Bank transfer (automatic),1,insufficient_funds,273,high_value_repeat,No
3419-SNJJD,1263.0,65,Bank transfer (automatic),1,insufficient_funds,661,high_value_repeat,Yes
6543-CPZMK,359.4,9,Electronic check,0,bank_decline,367,occasional,No
4765-OXPPD,780.0,9,Mailed check,2,network_error,1697,occasional,Yes
2804-ETQDK,246.60000000000002,66,Mailed check,1,network_error,2212,high_value_repeat,No
6689-VRRTK,1317.6,44,Credit card (automatic),0,network_error,1459,high_value_repeat,Yes
7138-GIRSH,834.0,50,Bank transfer (automatic),2,network_error,3647,high_value_repeat,No
9396-ZSFLL,586.2,15,Mailed check,3,card_expired,295,occasional,No
6464-KEXXH,303.0,8,Credit card (automatic),0,card_expired,479,occasional,No
7134-MJPDY,1234.1999999999998,66,Credit card (automatic),0,insufficient_funds,603,high_value_repeat,Yes
5240-CAOYT,1050.6,57,Bank transfer (automatic),2,card_expired,324,high_value_repeat,No
4059-IIEBK,942.5999999999999,7,Bank transfer (automatic),1,network_error,2925,occasional,No
4881-JVQOD,414.59999999999997,10,Bank transfer (automatic),0,card_expired,245,occasional,No
0516-UXRMT,1104.6,62,Electronic check,0,insufficient_funds,766,high_value_repeat,No
4851-BQDNX,1020.5999999999999,40,Electronic check,0,insufficient_funds,540,high_value_repeat,Yes
5148-HKFIR,236.39999999999998,20,Mailed check,1,card_expired,371,occasional,No
1009-IRMNA,240.0,7,Bank transfer (automatic),1,network_error,1881,occasional,Yes
3003-CMDUU,1141.8000000000002,25,Electronic check,0,bank_decline,382,high_value_repeat,No
5016-IBERQ,1011.0,23,Electronic check,1,insufficient_funds,349,occasional,Yes
6797-UCJHZ,1255.1999999999998,66,Credit card (automatic),1,network_error,4062,high_value_repeat,Yes
2469-DTSGX,1339.8000000000002,72,Electronic check,0,card_expired,216,high_value_repeat,No
4554-YGZIH,1080.6,49,Credit card (automatic),0,bank_decline,420,high_value_repeat,No
5099-BAILX,1329.0,43,Bank transfer (automatic),1,card_expired,397,high_value_repeat,No
9931-KGHOA,660.0,46,Bank transfer (automatic),2,card_expired,382,high_value_repeat,No
1775-KWJKQ,1078.1999999999998,72,Credit card (automatic),1,card_expired,383,high_value_repeat,No
7665-VIGUD,244.20000000000002,10,Mailed check,1,network_error,2407,occasional,Yes
9411-TPQQV,654.5999999999999,40,Bank transfer (automatic),0,bank_decline,530,high_value_repeat,No
7207-RMRDB,1266.0,65,Electronic check,0,insufficient_funds,491,high_value_repeat,Yes
7954-MLBUN,1193.4,31,Bank transfer (automatic),1,insufficient_funds,462,high_value_repeat,Yes
2077-DDHJK,850.8000000000001,68,Credit card (automatic),0,bank_decline,50,high_value_repeat,No
4913-EHYUI,1254.6,56,Bank transfer (automatic),0,card_expired,444,high_value_repeat,No
0195-IESCP,1023.0,10,Electronic check,0,card_expired,151,occasional,No
9574-BOSMD,304.79999999999995,68,Bank transfer (automatic),0,card_expired,496,high_value_repeat,No
4580-TMHJU,673.8,43,Electronic check,0,insufficient_funds,621,high_value_repeat,Yes
0970-ETWGE,1074.6,1,Electronic check,0,network_error,1759,new_customer,Yes
4908-XAXAY,1078.1999999999998,49,Bank transfer (automatic),0,network_error,2290,high_value_repeat,Yes
8404-VLQFB,303.0,15,Electronic check,0,insufficient_funds,310,occasional,No
1626-ERCMM,1134.6,20,Electronic check,2,insufficient_funds,585,occasional,Yes
0887-HJGAR,548.4000000000001,1,Mailed check,1,bank_decline,414,new_customer,Yes
2391-IPLOP,835.8000000000001,50,Electronic check,1,insufficient_funds,659,high_value_repeat,No
5644-PDMZC,1074.0,2,Electronic check,2,bank_decline,462,new_customer,No
3509-GWQGF,840.0,24,Credit card (automatic),1,insufficient_funds,436,occasional,No
9576-ANLXO,834.5999999999999,3,Bank transfer (automatic),0,card_expired,410,new_customer,No
2024-BASKD,895.1999999999999,1,Mailed check,1,bank_decline,522,new_customer,No
5845-BZZIB,241.20000000000002,35,Mailed check,1,network_error,1109,high_value_repeat,Yes
1140-UKVZG,297.6,17,Mailed check,1,insufficient_funds,412,occasional,No
4160-AMJTL,235.79999999999998,8,Electronic check,0,network_error,2443,occasional,Yes
5183-SNMJQ,1141.1999999999998,10,Credit card (automatic),0,insufficient_funds,508,occasional,Yes
8100-PNJMH,1066.1999999999998,68,Credit card (automatic),0,insufficient_funds,371,high_value_repeat,Yes
7838-LAZFO,945.5999999999999,45,Bank transfer (automatic),0,bank_decline,244,high_value_repeat,Yes
4464-JCOLN,238.20000000000002,2,Mailed check,1,network_error,2505,new_customer,Yes
2085-JVGAD,244.20000000000002,37,Bank transfer (automatic),1,card_expired,237,high_value_repeat,No
5650-VDUDS,291.0,4,Mailed check,0,insufficient_funds,111,occasional,Yes
8095-WANWK,543.0,10,Mailed check,3,insufficient_funds,509,occasional,No
3030-ZKIWL,240.60000000000002,1,Mailed check,1,insufficient_funds,486,new_customer,No
9565-FLVCG,834.5999999999999,65,Mailed check,0,card_expired,470,high_value_repeat,No
8755-OGKNA,234.0,57,Bank transfer (automatic),0,network_error,3542,high_value_repeat,Yes
2800-VEQXM,897.0,3,Mailed check,0,card_expired,300,new_customer,No
7538-GWHML,835.8000000000001,2,Electronic check,0,bank_decline,185,new_customer,No
5533-RJFTJ,362.4,49,Bank transfer (automatic),0,insufficient_funds,389,high_value_repeat,Yes
3859-CVCET,547.8,4,Mailed check,0,insufficient_funds,347,occasional,Yes
0214-JHPFW,693.5999999999999,70,Bank transfer (automatic),0,insufficient_funds,273,high_value_repeat,Yes
5642-MHDQT,238.20000000000002,53,Bank transfer (automatic),0,insufficient_funds,388,high_value_repeat,Yes
3088-FVYWK,306.6,53,Credit card (automatic),2,insufficient_funds,308,high_value_repeat,Yes
3276-HDUEG,900.5999999999999,1,Mailed check,0,bank_decline,124,new_customer,Yes
9092-GDZKO,298.20000000000005,22,Credit card (automatic),1,insufficient_funds,333,occasional,Yes
0823-HSCDJ,589.8,52,Electronic check,0,bank_decline,229,high_value_repeat,Yes
3729-OWRVL,1324.1999999999998,65,Electronic check,3,insufficient_funds,434,high_value_repeat,No
2324-AALNO,294.6,48,Bank transfer (automatic),0,bank_decline,301,high_value_repeat,No
0822-GAVAP,416.40000000000003,2,Electronic check,0,card_expired,566,new_customer,No
5760-IFJOZ,1295.4,3,Mailed check,3,bank_decline,640,new_customer,Yes
2826-UWHIS,976.8000000000001,45,Bank transfer (automatic),2,insufficient_funds,501,high_value_repeat,No
1448-PWKYE,960.0,1,Electronic check,2,network_error,1259,new_customer,No
7501-IWUNG,885.5999999999999,61,Bank transfer (automatic),0,bank_decline,625,high_value_repeat,Yes
4957-TREIR,772.8000000000001,3,Credit card (automatic),0,insufficient_funds,636,new_customer,No
7251-LJBQN,1245.0,40,Credit card (automatic),1,insufficient_funds,402,high_value_repeat,Yes
8040-MNRTF,853.1999999999999,1,Mailed check,3,insufficient_funds,598,new_customer,Yes
1536-HBSWP,598.8,1,Electronic check,1,bank_decline,317,new_customer,Yes
5313-FPXWG,295.20000000000005,51,Bank transfer (automatic),1,card_expired,120,high_value_repeat,No
0067-DKWBL,591.0,2,Electronic check,0,card_expired,285,new_customer,No
0946-FKYTX,361.20000000000005,52,Mailed check,2,insufficient_funds,659,high_value_repeat,No
5076-YVXCM,1000.8000000000001,51,Bank transfer (automatic),0,insufficient_funds,176,high_value_repeat,Yes
8262-COGGB,245.39999999999998,1,Mailed check,0,bank_decline,399,new_customer,No
6663-JOCQO,903.0,31,Bank transfer (automatic),0,insufficient_funds,405,high_value_repeat,Yes
9620-QJREV,246.60000000000002,47,Credit card (automatic),1,card_expired,323,high_value_repeat,No
2276-YDAVZ,901.1999999999999,3,Credit card (automatic),0,bank_decline,333,new_customer,No
2682-KEVRP,240.60000000000002,22,Mailed check,0,insufficient_funds,410,occasional,No
2480-JZOSN,247.79999999999998,1,Mailed check,1,network_error,2050,new_customer,Yes
0078-XZMHT,1021.8000000000001,72,Bank transfer (automatic),0,insufficient_funds,186,high_value_repeat,No
5896-NPFWW,601.8,3,Electronic check,1,card_expired,432,new_customer,No
9978-HYCIN,1019.4000000000001,47,Bank transfer (automatic),0,insufficient_funds,561,high_value_repeat,Yes
8338-QIUNR,798.0,72,Credit card (automatic),1,network_error,3195,high_value_repeat,No
1525-LNLOJ,759.5999999999999,66,Bank transfer (automatic),1,insufficient_funds,278,high_value_repeat,No
9450-TRJUU,997.8000000000001,35,Electronic check,0,card_expired,212,high_value_repeat,No
1766-GKNMI,1018.8000000000001,29,Electronic check,0,card_expired,357,high_value_repeat,No
6942-LBFDP,246.60000000000002,2,Mailed check,0,insufficient_funds,635,new_customer,Yes
1456-TWCGB,591.0,4,Mailed check,0,network_error,3016,occasional,Yes
7133-VBDCG,958.1999999999999,25,Bank transfer (automatic),3,insufficient_funds,505,high_value_repeat,No
7596-ZYWBB,715.2,65,Mailed check,0,network_error,3211,high_value_repeat,Yes
8329-UTMVM,1255.8000000000002,27,Bank transfer (automatic),2,insufficient_funds,463,high_value_repeat,No
3014-WJKSM,903.5999999999999,29,Credit card (automatic),0,network_error,2596,high_value_repeat,Yes
3347-YJZZE,961.1999999999999,29,Credit card (automatic),1,insufficient_funds,499,high_value_repeat,No
1029-QFBEN,234.60000000000002,1,Mailed check,2,insufficient_funds,318,new_customer,Yes
7929-DMBCV,972.0,20,Mailed check,1,insufficient_funds,187,occasional,Yes
9661-JALZV,296.4,58,Credit card (automatic),1,network_error,3078,high_value_repeat,Yes
5433-KYGHE,1032.0,14,Mailed check,0,insufficient_funds,585,occasional,Yes
4312-KFRXN,304.79999999999995,72,Mailed check,0,bank_decline,232,high_value_repeat,Yes
5575-TPIZQ,1069.8000000000002,46,Credit card (automatic),3,bank_decline,523,high_value_repeat,Yes
0114-IGABW,699.0,71,Bank transfer (automatic),2,insufficient_funds,652,high_value_repeat,Yes
9944-AEXBM,1027.8000000000002,32,Bank transfer (automatic),3,card_expired,399,high_value_repeat,No
1853-ARAAQ,604.2,26,Credit card (automatic),0,insufficient_funds,277,high_value_repeat,Yes
6952-OMNWB,964.1999999999999,68,Credit card (automatic),1,insufficient_funds,418,high_value_repeat,No
4697-LUPSU,242.39999999999998,2,Mailed check,3,network_error,2059,new_customer,Yes
8434-VGEQQ,246.60000000000002,61,Credit card (automatic),0,network_error,2006,high_value_repeat,Yes
4952-YSOGZ,1031.4,4,Electronic check,0,card_expired,464,occasional,No
1589-AGTLK,544.2,3,Electronic check,1,insufficient_funds,159,new_customer,Yes
5244-IRFIH,1134.0,33,Electronic check,1,insufficient_funds,183,high_value_repeat,Yes
6549-YMFAW,255.0,9,Mailed check,2,insufficient_funds,402,occasional,No
4950-HKQTE,315.0,22,Mailed check,0,network_error,2482,occasional,Yes
6786-OBWQR,970.1999999999999,5,Electronic check,2,card_expired,451,occasional,No
2684-EIWEO,1100.4,30,Credit card (automatic),0,network_error,4000,high_value_repeat,Yes
2753-JMMCV,890.4000000000001,65,Credit card (automatic),0,insufficient_funds,415,high_value_repeat,No
6439-GTPCA,1047.0,45,Electronic check,0,insufficient_funds,489,high_value_repeat,Yes
6621-YOBKI,244.20000000000002,5,Mailed check,2,insufficient_funds,253,occasional,Yes
1216-JWVUX,906.0,25,Electronic check,1,insufficient_funds,515,high_value_repeat,No
7564-GHCVB,948.5999999999999,72,Bank transfer (automatic),1,insufficient_funds,321,high_value_repeat,No
1173-NOEYG,1081.8000000000002,27,Bank transfer (automatic),0,bank_decline,410,high_value_repeat,Yes
7595-EHCDL,607.2,32,Credit card (automatic),2,bank_decline,383,high_value_repeat,No
6647-ZEDXT,1325.4,30,Credit card (automatic),0,card_expired,554,high_value_repeat,No
2521-NPUZR,1212.0,70,Credit card (automatic),2,card_expired,203,high_value_repeat,No
1307-TVUFB,952.1999999999999,42,Bank transfer (automatic),0,insufficient_funds,57,high_value_repeat,Yes
7503-MIOGA,1078.1999999999998,72,Bank transfer (automatic),0,bank_decline,367,high_value_repeat,No
4381-MHQDC,780.0,47,Mailed check,1,insufficient_funds,470,high_value_repeat,No
6923-JHPMP,965.4000000000001,2,Electronic check,0,bank_decline,422,new_customer,No
5138-WVKYJ,1182.6,10,Electronic check,1,card_expired,584,occasional,No
4018-PPNDW,289.20000000000005,61,Mailed check,1,insufficient_funds,465,high_value_repeat,No
1635-FJFCC,528.5999999999999,5,Credit card (automatic),0,bank_decline,315,occasional,Yes
2499-AJYUA,1329.6,72,Credit card (automatic),2,insufficient_funds,51,high_value_repeat,Yes
6919-ELBGL,1379.4,72,Bank transfer (automatic),0,card_expired,364,high_value_repeat,No
3966-HRMZA,900.5999999999999,3,Mailed check,1,card_expired,554,new_customer,Yes
6425-JWTDV,231.0,48,Mailed check,3,insufficient_funds,341,high_value_repeat,No
8405-IGQFX,1080.6,63,Credit card (automatic),1,insufficient_funds,404,high_value_repeat,No
8224-IVVPA,680.4000000000001,27,Mailed check,0,network_error,2837,high_value_repeat,Yes
9477-LGWQI,961.8000000000001,70,Credit card (automatic),3,network_error,1687,high_value_repeat,Yes
1410-RSCMR,856.1999999999999,7,Credit card (automatic),1,insufficient_funds,493,occasional,No
3115-CZMZD,243.0,0,Mailed check,0,bank_decline,645,new_customer,Yes
0139-IVFJG,1084.1999999999998,2,Electronic check,0,insufficient_funds,374,new_customer,No
6683-VLCTZ,1182.6,20,Electronic check,2,insufficient_funds,230,occasional,Yes
5730-DBDSI,236.39999999999998,66,Bank transfer (automatic),1,insufficient_funds,390,high_value_repeat,No
0030-FNXPP,238.20000000000002,3,Mailed check,1,insufficient_funds,66,new_customer,No
2189-WWOEW,1030.8000000000002,15,Bank transfer (automatic),2,insufficient_funds,450,occasional,Yes
5684-FJVYR,1084.1999999999998,72,Bank transfer (automatic),2,bank_decline,467,high_value_repeat,Yes
4013-GUXND,249.60000000000002,1,Mailed check,0,insufficient_funds,651,new_customer,Yes
1894-IGFSG,1071.0,22,Electronic check,0,insufficient_funds,370,occasional,No
7379-POKDZ,843.5999999999999,3,Electronic check,0,insufficient_funds,461,new_customer,No
1266-NZYUI,802.1999999999999,72,Bank transfer (automatic),1,network_error,1810,high_value_repeat,Yes
7969-FFOWG,238.79999999999998,65,Mailed check,0,bank_decline,346,high_value_repeat,No
4718-DHSMV,429.59999999999997,11,Mailed check,1,insufficient_funds,171,occasional,Yes
5175-WLYXL,946.1999999999999,22,Mailed check,2,insufficient_funds,370,occasional,No
7817-OMJNA,244.79999999999998,14,Bank transfer (automatic),2,insufficient_funds,354,occasional,No
8728-SKJLR,891.0,41,Electronic check,0,insufficient_funds,444,high_value_repeat,Yes
3137-NYQQI,777.5999999999999,17,Mailed check,2,insufficient_funds,306,occasional,No
7706-DZNKK,245.39999999999998,11,Credit card (automatic),0,insufficient_funds,412,occasional,No
0236-HFWSV,1120.1999999999998,15,Electronic check,2,insufficient_funds,349,occasional,No
3900-AQPHZ,238.79999999999998,1,Mailed check,0,card_expired,350,new_customer,No
5842-POCOP,1066.8000000000002,5,Mailed check,0,insufficient_funds,412,occasional,Yes
2037-XJFUP,1149.6,33,Electronic check,2,bank_decline,406,high_value_repeat,Yes
8823-RLPWL,1327.8000000000002,72,Credit card (automatic),0,bank_decline,514,high_value_repeat,No
9505-SQFSW,483.59999999999997,3,Mailed check,0,card_expired,381,new_customer,No
7314-OXENN,984.0,2,Electronic check,1,insufficient_funds,347,new_customer,Yes
3758-CKOQL,1284.0,59,Credit card (automatic),1,insufficient_funds,372,high_value_repeat,No
0322-CHQRU,544.2,2,Electronic check,1,insufficient_funds,292,new_customer,Yes
5676-CFLYY,880.1999999999999,71,Credit card (automatic),1,network_error,2212,high_value_repeat,Yes
7521-AFHAB,537.5999999999999,5,Mailed check,1,card_expired,704,occasional,No
0285-INHLN,657.0,27,Credit card (automatic),0,bank_decline,263,high_value_repeat,Yes
4678-DVQEO,626.4000000000001,1,Electronic check,0,bank_decline,358,new_customer,Yes
5125-CNDSP,487.20000000000005,63,Bank transfer (automatic),0,insufficient_funds,341,high_value_repeat,Yes
0691-IFBQW,1320.0,46,Electronic check,3,card_expired,362,high_value_repeat,No
4992-LTJNE,663.5999999999999,72,Bank transfer (automatic),1,insufficient_funds,350,high_value_repeat,No
2202-OUTMO,730.2,34,Bank transfer (automatic),0,insufficient_funds,441,high_value_repeat,Yes
0810-BDHAW,940.8000000000001,24,Electronic check,1,insufficient_funds,143,occasional,No
0229-LFJAF,835.8000000000001,72,Bank transfer (automatic),3,insufficient_funds,555,high_value_repeat,No
7131-ZQZNK,718.2,60,Credit card (automatic),0,bank_decline,494,high_value_repeat,Yes
3442-ZHHCC,922.8000000000001,68,Credit card (automatic),1,insufficient_funds,213,high_value_repeat,No
5726-CVNYA,238.20000000000002,8,Mailed check,1,card_expired,59,occasional,No
9871-ELEYA,811.8000000000001,34,Credit card (automatic),1,card_expired,253,high_value_repeat,No
4257-GAESD,540.0,6,Credit card (automatic),0,network_error,2305,occasional,Yes
5173-WXOQV,770.4000000000001,2,Mailed check,2,insufficient_funds,787,new_customer,No
2040-OBMLJ,980.4000000000001,31,Credit card (automatic),3,bank_decline,481,high_value_repeat,Yes
6286-ZHAOK,306.6,20,Bank transfer (automatic),1,card_expired,128,occasional,No
3807-XHCJH,240.0,1,Electronic check,1,insufficient_funds,296,new_customer,Yes
3009-JWMPU,1161.0,62,Electronic check,3,insufficient_funds,392,high_value_repeat,No
5671-RQRLP,907.8000000000001,70,Credit card (automatic),1,card_expired,438,high_value_repeat,No
1450-GALXR,1182.0,10,Electronic check,0,bank_decline,202,occasional,Yes
8859-AXJZP,285.6,39,Mailed check,1,card_expired,379,high_value_repeat,No
3174-AKMAS,770.4000000000001,46,Credit card (automatic),1,bank_decline,292,high_value_repeat,Yes
3138-BKYAV,1024.1999999999998,6,Electronic check,0,card_expired,234,occasional,No
9926-PJHDQ,921.5999999999999,72,Bank transfer (automatic),1,insufficient_funds,438,high_value_repeat,Yes
7382-DFJTU,662.4000000000001,18,Credit card (automatic),3,insufficient_funds,516,occasional,No
2798-NYLMZ,1302.6,71,Credit card (automatic),3,insufficient_funds,526,high_value_repeat,No
4289-DTDKW,1215.6,40,Electronic check,1,network_error,2959,high_value_repeat,Yes
1820-TQVEV,834.5999999999999,1,Electronic check,0,network_error,2102,new_customer,Yes
2239-JALAW,1239.0,58,Bank transfer (automatic),3,insufficient_funds,507,high_value_repeat,No
4853-RULSV,1248.0,70,Credit card (automatic),2,card_expired,446,high_value_repeat,No
8098-TDCBU,303.0,42,Electronic check,0,insufficient_funds,420,high_value_repeat,Yes
3551-GAEGL,364.79999999999995,34,Bank transfer (automatic),3,insufficient_funds,308,high_value_repeat,No
4785-NKHCX,240.60000000000002,5,Bank transfer (automatic),2,insufficient_funds,325,occasional,No
3196-NVXLZ,1015.1999999999999,25,Mailed check,1,insufficient_funds,411,high_value_repeat,No
6275-YDUVO,1034.4,2,Mailed check,1,insufficient_funds,765,new_customer,Yes
0036-IHMOT,1244.4,55,Bank transfer (automatic),0,insufficient_funds,445,high_value_repeat,Yes
0115-TFERT,1334.4,21,Electronic check,0,insufficient_funds,308,occasional,Yes
4178-EGMON,1056.0,70,Credit card (automatic),0,insufficient_funds,275,high_value_repeat,Yes
4220-TINQT,1276.1999999999998,61,Electronic check,2,card_expired,326,high_value_repeat,No
5318-YKDPV,949.8000000000001,43,Credit card (automatic),0,insufficient_funds,726,high_value_repeat,Yes
7975-TZMLR,1237.1999999999998,47,Electronic check,0,bank_decline,340,high_value_repeat,No
0295-QVKPB,767.4000000000001,5,Credit card (automatic),0,insufficient_funds,536,occasional,No
4335-BSMJS,309.6,62,Credit card (automatic),1,insufficient_funds,343,high_value_repeat,No
2311-QYMUQ,1073.4,16,Credit card (automatic),3,insufficient_funds,439,occasional,No
3643-AHCFP,1147.1999999999998,7,Bank transfer (automatic),0,insufficient_funds,518,occasional,Yes
9146-JRIOX,306.6,14,Mailed check,0,bank_decline,314,occasional,Yes
3104-OWCGK,1091.4,60,Electronic check,1,insufficient_funds,303,high_value_repeat,Yes
5337-IIWKZ,538.2,34,Electronic check,1,bank_decline,648,high_value_repeat,Yes
9101-BWFSS,1302.6,50,Electronic check,0,bank_decline,547,high_value_repeat,Yes
9650-VBUOG,300.6,38,Credit card (automatic),1,card_expired,518,high_value_repeat,No
3487-EARAT,889.1999999999999,70,Credit card (automatic),0,card_expired,518,high_value_repeat,No
2672-TGEFF,1065.6,37,Electronic check,0,network_error,2867,high_value_repeat,Yes
9231-ZJYAM,946.1999999999999,4,Electronic check,1,insufficient_funds,702,occasional,No
4250-WAROZ,1119.0,60,Electronic check,0,card_expired,406,high_value_repeat,Yes
8184-WMOFI,856.8000000000001,62,Credit card (automatic),3,insufficient_funds,486,high_value_repeat,No
6982-SSHFK,532.8,1,Mailed check,0,insufficient_funds,182,new_customer,No
6092-QZVPP,950.4000000000001,36,Credit card (automatic),1,card_expired,276,high_value_repeat,No
4625-LAMOB,244.79999999999998,44,Credit card (automatic),1,card_expired,219,high_value_repeat,No
0727-BMPLR,1200.0,55,Electronic check,0,bank_decline,591,high_value_repeat,Yes
0392-BZIUW,1260.0,72,Credit card (automatic),1,insufficient_funds,50,high_value_repeat,Yes
1038-ZAGBI,237.60000000000002,12,Bank transfer (automatic),0,bank_decline,339,occasional,Yes
6549-NNDYT,370.20000000000005,13,Bank transfer (automatic),3,insufficient_funds,50,occasional,No
3027-ZTDHO,1078.8000000000002,1,Electronic check,0,insufficient_funds,275,new_customer,Yes
0422-OHQHQ,246.60000000000002,15,Mailed check,0,insufficient_funds,326,occasional,Yes
6916-HIJSE,1018.1999999999999,65,Bank transfer (automatic),0,insufficient_funds,607,high_value_repeat,Yes
2316-ESMLS,397.79999999999995,12,Credit card (automatic),3,insufficient_funds,459,occasional,No
9778-OGKQZ,1104.0,72,Credit card (automatic),1,card_expired,275,high_value_repeat,Yes
7408-OFWXJ,1077.6,72,Credit card (automatic),1,bank_decline,559,high_value_repeat,Yes
6007-TCTST,1389.6,72,Bank transfer (automatic),0,insufficient_funds,402,high_value_repeat,Yes
2252-NKNSI,1021.8000000000001,52,Mailed check,1,card_expired,405,high_value_repeat,No
8713-IGZSO,298.20000000000005,2,Mailed check,0,bank_decline,219,new_customer,Yes
7905-TVXTA,772.1999999999999,5,Electronic check,2,network_error,1707,occasional,Yes
7695-PKLCZ,246.0,68,Credit card (automatic),0,card_expired,276,high_value_repeat,No
2382-BCKQJ,1201.8000000000002,62,Electronic check,0,insufficient_funds,406,high_value_repeat,No
8374-UULRV,1032.6,72,Credit card (automatic),0,bank_decline,411,high_value_repeat,Yes
2207-NHRJK,609.5999999999999,1,Electronic check,1,card_expired,631,new_customer,Yes
3224-DFQNQ,1068.0,66,Electronic check,1,insufficient_funds,457,high_value_repeat,Yes
5275-PMFUT,777.5999999999999,72,Credit card (automatic),0,insufficient_funds,50,high_value_repeat,No
4795-UXVCJ,237.60000000000002,26,Credit card (automatic),2,bank_decline,439,high_value_repeat,No
9777-IQHWP,1120.8000000000002,64,Bank transfer (automatic),1,insufficient_funds,182,high_value_repeat,No
0947-MUGVO,883.8000000000001,20,Electronic check,1,bank_decline,255,occasional,No
9944-HKVVB,1141.1999999999998,3,Electronic check,0,insufficient_funds,278,new_customer,No
4124-MMETB,1135.8000000000002,22,Credit card (automatic),0,network_error,1969,occasional,No
3671-SHRSP,967.1999999999999,4,Mailed check,1,insufficient_funds,193,occasional,No
0979-MOZQI,468.0,62,Bank transfer (automatic),0,card_expired,430,high_value_repeat,No
2732-ISEZX,246.0,5,Mailed check,0,bank_decline,188,occasional,Yes
3313-QKNKB,1026.6,59,Electronic check,2,insufficient_funds,453,high_value_repeat,No
0323-XWWTN,316.79999999999995,3,Mailed check,3,card_expired,735,new_customer,No
1937-OTUKY,1178.4,72,Bank transfer (automatic),0,insufficient_funds,200,high_value_repeat,Yes
1573-LGXBA,1170.6,57,Credit card (automatic),0,insufficient_funds,357,high_value_repeat,Yes
1764-VUUMT,239.39999999999998,66,Credit card (automatic),1,insufficient_funds,50,high_value_repeat,No
5073-WXOYN,609.5999999999999,60,Electronic check,0,network_error,2259,high_value_repeat,Yes
4713-ZBURT,1196.4,45,Bank transfer (automatic),0,insufficient_funds,496,high_value_repeat,Yes
3050-GBUSH,417.59999999999997,3,Credit card (automatic),0,insufficient_funds,508,new_customer,Yes
0207-MDKNV,1261.1999999999998,15,Electronic check,1,insufficient_funds,411,occasional,Yes
7876-AEHIG,721.8,51,Bank transfer (automatic),1,card_expired,533,high_value_repeat,No
7945-HLKEA,777.0,60,Electronic check,0,network_error,4536,high_value_repeat,No
9342-VNIMQ,655.8,33,Bank transfer (automatic),0,insufficient_funds,656,high_value_repeat,Yes
9851-KIELU,1321.1999999999998,10,Electronic check,0,insufficient_funds,321,occasional,Yes
3523-BRGUW,231.60000000000002,26,Credit card (automatic),1,bank_decline,182,high_value_repeat,Yes
3908-BLSYF,1006.8000000000001,6,Electronic check,0,insufficient_funds,339,occasional,No
3199-NPKCN,1335.0,67,Electronic check,0,bank_decline,257,high_value_repeat,Yes
5170-PTRKA,429.59999999999997,49,Credit card (automatic),2,bank_decline,467,high_value_repeat,No
4661-NJEUX,240.60000000000002,1,Mailed check,0,network_error,1555,new_customer,Yes
2123-AGEEN,1012.1999999999999,7,Electronic check,1,insufficient_funds,389,occasional,Yes
1258-YMZNM,1326.0,27,Bank transfer (automatic),0,bank_decline,525,high_value_repeat,No
0048-LUMLS,1094.4,37,Credit card (automatic),0,network_error,2419,high_value_repeat,Yes
7549-MYGPK,1206.6,63,Electronic check,0,card_expired,258,high_value_repeat,No
5898-IGSLP,1071.6,31,Electronic check,1,insufficient_funds,576,high_value_repeat,Yes
3804-RVTGV,1246.1999999999998,50,Bank transfer (automatic),2,insufficient_funds,118,high_value_repeat,No
6259-WJQLC,973.1999999999999,32,Credit card (automatic),2,insufficient_funds,350,high_value_repeat,No
9227-LUNBG,295.20000000000005,1,Electronic check,0,card_expired,393,new_customer,No
7997-EASSD,974.4000000000001,63,Credit card (automatic),1,card_expired,402,high_value_repeat,Yes
0730-KOAVE,1131.6,30,Credit card (automatic),0,insufficient_funds,427,high_value_repeat,Yes
8975-SKGRX,1393.1999999999998,71,Bank transfer (automatic),0,card_expired,491,high_value_repeat,No
0678-RLHVP,1266.6,53,Electronic check,2,insufficient_funds,394,high_value_repeat,No
4315-MURBD,1186.8000000000002,12,Bank transfer (automatic),0,card_expired,344,occasional,No
2267-FPIMA,1132.8000000000002,50,Credit card (automatic),0,bank_decline,338,high_value_repeat,Yes
1051-GEJLJ,234.0,2,Mailed check,0,insufficient_funds,308,new_customer,Yes
9734-YWGEX,1179.6,9,Credit card (automatic),0,insufficient_funds,518,occasional,Yes
2719-BDAQO,1126.1999999999998,17,Electronic check,0,insufficient_funds,303,occasional,Yes
5285-MVEHD,1267.1999999999998,56,Credit card (automatic),1,card_expired,527,high_value_repeat,No
0379-DJQHR,976.1999999999999,67,Credit card (automatic),0,network_error,2515,high_value_repeat,Yes
0781-LKXBR,1206.0,9,Electronic check,2,bank_decline,321,occasional,Yes
5543-QDCRY,676.8,4,Electronic check,2,insufficient_funds,492,occasional,Yes
0297-RBCSG,784.1999999999999,19,Bank transfer (automatic),0,bank_decline,290,occasional,No
4694-PHWFW,239.39999999999998,8,Mailed check,0,insufficient_funds,495,occasional,Yes
0835-JKADZ,1335.0,71,Electronic check,0,card_expired,431,high_value_repeat,No
1907-UBQFC,874.1999999999999,10,Electronic check,1,insufficient_funds,310,occasional,Yes
7508-SMHXL,1068.0,15,Credit card (automatic),0,bank_decline,479,occasional,Yes
3865-YIOTT,1273.1999999999998,72,Bank transfer (automatic),1,card_expired,481,high_value_repeat,No
5993-BQHEA,240.60000000000002,12,Credit card (automatic),0,network_error,3426,occasional,Yes
6024-RUGGH,302.4,72,Bank transfer (automatic),1,bank_decline,544,high_value_repeat,No
6513-EECDB,882.5999999999999,1,Electronic check,0,insufficient_funds,473,new_customer,Yes
3956-CJUST,904.8000000000001,23,Bank transfer (automatic),0,insufficient_funds,230,occasional,Yes
4079-WWQQQ,786.5999999999999,72,Bank transfer (automatic),3,bank_decline,767,high_value_repeat,No
6103-BOCOU,968.4000000000001,26,Electronic check,2,insufficient_funds,189,high_value_repeat,No
5149-TGWDZ,1254.6,21,Mailed check,0,insufficient_funds,542,occasional,Yes
7471-WNSUF,289.79999999999995,60,Bank transfer (automatic),2,card_expired,464,high_value_repeat,No
8942-DBMHZ,245.39999999999998,12,Mailed check,1,card_expired,223,occasional,No
4301-VVZKA,904.8000000000001,16,Electronic check,2,insufficient_funds,381,occasional,Yes
9199-PWQVC,956.4000000000001,63,Credit card (automatic),2,insufficient_funds,388,high_value_repeat,Yes
4824-GUCBY,980.4000000000001,22,Electronic check,0,insufficient_funds,595,occasional,Yes
5393-HJZSM,915.5999999999999,32,Bank transfer (automatic),0,insufficient_funds,293,high_value_repeat,No
7074-IEVOJ,952.8000000000001,3,Electronic check,0,bank_decline,360,new_customer,Yes
9625-QSTYE,973.8000000000001,13,Electronic check,1,bank_decline,50,occasional,No
0862-PRCBS,1245.0,68,Credit card (automatic),1,card_expired,660,high_value_repeat,No
8812-ZRHFP,1037.4,30,Electronic check,0,insufficient_funds,239,high_value_repeat,Yes
5146-CBVOE,901.1999999999999,16,Bank transfer (automatic),0,bank_decline,449,occasional,Yes
0454-OKRCT,967.1999999999999,33,Bank transfer (automatic),2,card_expired,384,high_value_repeat,No
5787-KXGIY,231.60000000000002,72,Credit card (automatic),3,insufficient_funds,385,high_value_repeat,No
4750-ZRXIU,1015.1999999999999,4,Electronic check,1,bank_decline,521,occasional,Yes
4198-VFOEA,403.20000000000005,12,Mailed check,0,network_error,3837,occasional,Yes
6630-UJZMY,999.0,4,Electronic check,0,network_error,2701,occasional,Yes
5709-LVOEQ,970.1999999999999,0,Mailed check,0,network_error,3024,new_customer,No
6400-BWQKW,948.5999999999999,6,Electronic check,3,insufficient_funds,449,occasional,No
2692-AQCPF,1296.6,65,Credit card (automatic),0,insufficient_funds,552,high_value_repeat,Yes
0347-UBKUZ,238.79999999999998,15,Mailed check,1,network_error,2129,occasional,Yes
0835-DUUIQ,252.60000000000002,24,Bank transfer (automatic),0,insufficient_funds,561,occasional,No
0811-GSDTP,361.79999999999995,13,Electronic check,1,insufficient_funds,566,occasional,Yes
7567-ECMCM,958.1999999999999,24,Credit card (automatic),1,network_error,3366,occasional,Yes
6115-ZTBFQ,786.0,72,Bank transfer (automatic),2,network_error,1971,high_value_repeat,No
6353-BRMMA,1249.1999999999998,54,Bank transfer (automatic),0,card_expired,374,high_value_repeat,No
6680-WKXRZ,892.8000000000001,3,Bank transfer (automatic),0,network_error,2691,new_customer,Yes
6231-WFGFH,246.0,4,Mailed check,0,bank_decline,194,occasional,Yes
9904-EHEVJ,1096.1999999999998,32,Mailed check,3,network_error,3775,high_value_repeat,Yes
7028-DVOIQ,1188.6,35,Electronic check,2,insufficient_funds,398,high_value_repeat,Yes
6169-PPETC,246.0,35,Bank transfer (automatic),1,insufficient_funds,442,high_value_repeat,No
4208-UFFGW,539.4000000000001,2,Mailed check,1,insufficient_funds,313,new_customer,Yes
8584-KMVXD,907.1999999999999,8,Electronic check,1,insufficient_funds,200,occasional,Yes
8467-WYNSR,661.2,22,Mailed check,0,insufficient_funds,309,occasional,Yes
0851-DFJKB,707.4000000000001,15,Electronic check,3,insufficient_funds,432,occasional,No
5382-SOYZL,1141.1999999999998,22,Electronic check,0,card_expired,501,occasional,No
9448-REEVD,536.4000000000001,1,Credit card (automatic),0,bank_decline,424,new_customer,Yes
3261-CQXOL,305.4,71,Bank transfer (automatic),1,insufficient_funds,452,high_value_repeat,No
8388-FYNPZ,681.0,4,Electronic check,0,network_error,2230,occasional,Yes
4002-BQWPQ,981.0,25,Bank transfer (automatic),0,network_error,2896,high_value_repeat,Yes
5651-YLPRD,1033.1999999999998,32,Electronic check,1,insufficient_funds,622,high_value_repeat,Yes
2826-DXLQO,357.6,7,Bank transfer (automatic),0,bank_decline,505,occasional,Yes
4378-BZYFP,246.0,17,Mailed check,1,card_expired,521,occasional,No
9489-UTFKA,730.8,8,Bank transfer (automatic),0,insufficient_funds,444,occasional,Yes
4849-PYRLQ,879.0,56,Bank transfer (automatic),0,network_error,1297,high_value_repeat,Yes
9117-SHLZX,548.4000000000001,1,Mailed check,0,insufficient_funds,243,new_customer,Yes
9889-TMAHG,1203.6,8,Credit card (automatic),0,network_error,2863,occasional,Yes
4541-RMRLG,231.0,7,Electronic check,1,insufficient_funds,398,occasional,No
7764-BDPEE,250.20000000000002,3,Mailed check,0,bank_decline,465,new_customer,Yes
3429-IFLEM,928.1999999999999,71,Credit card (automatic),1,insufficient_funds,651,high_value_repeat,Yes
3158-MOERK,1152.0,2,Electronic check,1,card_expired,508,new_customer,No
7294-TMAOP,1086.6,1,Electronic check,1,insufficient_funds,588,new_customer,No
5002-GCQFH,1126.1999999999998,49,Bank transfer (automatic),3,network_error,2575,high_value_repeat,Yes
0556-FJEGU,841.1999999999999,58,Bank transfer (automatic),1,network_error,1854,high_value_repeat,Yes
8919-FYFQZ,364.20000000000005,44,Electronic check,0,card_expired,391,high_value_repeat,Yes
0604-THJFP,911.4000000000001,59,Credit card (automatic),0,card_expired,279,high_value_repeat,No
2834-JRTUA,1296.6,71,Electronic check,0,card_expired,633,high_value_repeat,No
5875-YPQFJ,838.8000000000001,1,Electronic check,1,bank_decline,518,new_customer,No
5879-SESNB,903.0,11,Electronic check,0,card_expired,478,occasional,No
6646-QVXLR,1245.0,62,Electronic check,1,bank_decline,585,high_value_repeat,Yes
6461-PPAXN,659.4000000000001,35,Bank transfer (automatic),1,bank_decline,96,high_value_repeat,No
3318-ISQFQ,234.0,20,Bank transfer (automatic),0,insufficient_funds,488,occasional,Yes
1106-HRLKZ,235.20000000000002,40,Mailed check,2,insufficient_funds,203,high_value_repeat,Yes
2483-XSSMZ,574.2,39,Electronic check,0,insufficient_funds,398,high_value_repeat,No
8603-IJWDN,1039.1999999999998,1,Electronic check,0,bank_decline,353,new_customer,No
8165-ZJRNM,285.0,72,Bank transfer (automatic),1,insufficient_funds,499,high_value_repeat,No
9369-XFEHK,967.1999999999999,33,Bank transfer (automatic),1,card_expired,434,high_value_repeat,Yes
2604-XVDAM,525.5999999999999,12,Bank transfer (automatic),1,bank_decline,601,occasional,Yes
3717-OFRTN,237.0,1,Bank transfer (automatic),0,insufficient_funds,309,new_customer,Yes
9046-JBFWA,229.79999999999998,27,Mailed check,0,card_expired,506,high_value_repeat,No
3280-NMUVX,235.20000000000002,34,Credit card (automatic),2,insufficient_funds,424,high_value_repeat,Yes
1206-EHBDD,963.5999999999999,56,Bank transfer (automatic),2,insufficient_funds,154,high_value_repeat,Yes
8361-LBRDI,292.20000000000005,58,Credit card (automatic),1,network_error,1765,high_value_repeat,Yes
4883-KCPZJ,303.0,22,Credit card (automatic),0,insufficient_funds,377,occasional,No
9108-EQPNQ,313.20000000000005,10,Credit card (automatic),1,insufficient_funds,566,occasional,Yes
7277-KAMWT,240.0,13,Credit card (automatic),0,bank_decline,469,occasional,No
3842-IYKUE,1023.5999999999999,35,Credit card (automatic),0,insufficient_funds,224,high_value_repeat,Yes
6641-XRPSU,840.0,34,Credit card (automatic),3,bank_decline,378,high_value_repeat,Yes
1374-DMZUI,1131.6,4,Electronic check,0,bank_decline,702,occasional,Yes
2545-LXYVJ,248.39999999999998,72,Bank transfer (automatic),3,insufficient_funds,416,high_value_repeat,No
3234-VKACU,843.5999999999999,2,Electronic check,0,insufficient_funds,350,new_customer,Yes
8357-EQXFO,1144.1999999999998,7,Electronic check,0,network_error,2893,occasional,Yes
1989-PRJHP,906.0,27,Electronic check,1,card_expired,514,high_value_repeat,No
8120-JDCAM,834.5999999999999,4,Mailed check,2,insufficient_funds,331,occasional,Yes
8917-FAEMR,238.20000000000002,37,Mailed check,1,network_error,2902,high_value_repeat,Yes
7047-YXDMZ,240.0,21,Mailed check,2,insufficient_funds,350,occasional,Yes
2858-EIMXH,1150.1999999999998,53,Credit card (automatic),1,bank_decline,507,high_value_repeat,Yes
9524-EGPJC,1081.1999999999998,18,Electronic check,1,insufficient_funds,425,occasional,Yes
6993-OHLXR,827.4000000000001,2,Electronic check,2,insufficient_funds,472,new_customer,No
8818-XYFCQ,1194.6,32,Credit card (automatic),0,insufficient_funds,286,high_value_repeat,No
6419-ZTTLE,249.0,23,Electronic check,1,bank_decline,276,occasional,No
0929-HYQEW,601.8,3,Mailed check,0,network_error,3256,new_customer,Yes
6614-YOLAC,703.8,71,Mailed check,3,bank_decline,388,high_value_repeat,No
7426-RHZGU,1150.8000000000002,9,Bank transfer (automatic),3,insufficient_funds,442,occasional,No
4065-JJAVA,594.0,1,Electronic check,0,insufficient_funds,354,new_customer,Yes
4695-VADHF,689.4000000000001,18,Electronic check,1,insufficient_funds,534,occasional,No
3863-IUBJR,643.8,12,Credit card (automatic),3,card_expired,308,occasional,No
7649-SIJJF,961.1999999999999,71,Mailed check,0,card_expired,379,high_value_repeat,Yes
9361-YNQWJ,292.79999999999995,64,Bank transfer (automatic),1,card_expired,517,high_value_repeat,No
3748-FVMZZ,480.59999999999997,4,Electronic check,3,insufficient_funds,575,occasional,No
9391-TTOYH,234.0,23,Mailed check,0,bank_decline,321,occasional,No
1452-XRSJV,612.5999999999999,39,Credit card (automatic),1,insufficient_funds,693,high_value_repeat,No
3422-WJOYD,652.2,28,Mailed check,0,bank_decline,446,high_value_repeat,No
8242-SOQUO,1016.4000000000001,5,Electronic check,3,insufficient_funds,243,occasional,Yes
7460-ITWWP,1033.1999999999998,45,Electronic check,3,card_expired,455,high_value_repeat,No
7147-AYBAA,844.1999999999999,37,Mailed check,3,insufficient_funds,342,high_value_repeat,No
7868-TMWMZ,1320.0,60,Bank transfer (automatic),1,insufficient_funds,465,high_value_repeat,Yes
4822-RVYBB,1207.1999999999998,8,Electronic check,2,card_expired,393,occasional,No
6732-FZUGP,1138.8000000000002,47,Credit card (automatic),2,insufficient_funds,411,high_value_repeat,No
8436-BJUMM,1005.0,26,Electronic check,0,insufficient_funds,263,high_value_repeat,Yes
4184-TJFAN,1059.6,3,Mailed check,2,network_error,3292,new_customer,Yes
8329-GWVPJ,837.0,50,Bank transfer (automatic),0,network_error,1575,high_value_repeat,Yes
1352-VHKAJ,859.1999999999999,27,Bank transfer (automatic),1,bank_decline,233,high_value_repeat,No
4145-UQXUQ,1105.1999999999998,8,Electronic check,0,insufficient_funds,455,occasional,No
2632-TACXW,283.79999999999995,62,Bank transfer (automatic),0,card_expired,640,high_value_repeat,No
8146-QQKZH,982.1999999999999,71,Bank transfer (automatic),0,card_expired,347,high_value_repeat,No
1767-CJKBA,301.20000000000005,66,Mailed check,1,insufficient_funds,505,high_value_repeat,No
6445-TNRXS,1376.4,68,Bank transfer (automatic),0,card_expired,561,high_value_repeat,No
4581-LNWUM,589.8,13,Electronic check,1,insufficient_funds,522,occasional,No
4869-EPIUS,970.8000000000001,56,Electronic check,0,insufficient_funds,353,high_value_repeat,Yes
9948-YPTDG,953.4000000000001,38,Electronic check,0,insufficient_funds,236,high_value_repeat,Yes
1236-WFCDV,1085.4,14,Credit card (automatic),1,insufficient_funds,68,occasional,Yes
1915-OAKWD,231.60000000000002,16,Bank transfer (automatic),2,network_error,2289,occasional,Yes
7296-PIXQY,842.4000000000001,14,Electronic check,0,network_error,3442,occasional,Yes
4883-QICIH,837.0,32,Bank transfer (automatic),1,bank_decline,231,high_value_repeat,No
3354-OADJP,651.0,8,Bank transfer (automatic),2,network_error,3060,occasional,Yes
3524-WQDSG,1191.6,43,Bank transfer (automatic),1,insufficient_funds,257,high_value_repeat,No
0810-DHDBD,888.0,52,Credit card (automatic),0,bank_decline,415,high_value_repeat,Yes
4026-SKKHW,603.0,3,Mailed check,0,bank_decline,506,new_customer,No
2829-HYVZP,237.60000000000002,29,Mailed check,2,insufficient_funds,301,high_value_repeat,Yes
8329-IBCTI,235.79999999999998,1,Mailed check,0,card_expired,425,new_customer,No
1271-SJBGZ,523.8,12,Electronic check,2,bank_decline,337,occasional,No
3845-JHAMY,426.0,16,Credit card (automatic),1,card_expired,505,occasional,No
7013-PSXHK,969.0,40,Mailed check,3,bank_decline,435,high_value_repeat,No
5669-SRAIP,474.0,5,Electronic check,2,insufficient_funds,408,occasional,No
5981-ITEMU,1165.1999999999998,40,Bank transfer (automatic),3,insufficient_funds,633,high_value_repeat,No
3486-NPGST,234.60000000000002,36,Mailed check,0,insufficient_funds,499,high_value_repeat,No
6941-PMGEP,960.0,5,Electronic check,2,card_expired,296,occasional,No
1624-WOIWJ,1016.4000000000001,10,Mailed check,0,bank_decline,387,occasional,Yes
2074-GKOWZ,1074.6,2,Bank transfer (automatic),1,bank_decline,388,new_customer,Yes
0376-YMCJC,1087.1999999999998,23,Electronic check,1,insufficient_funds,412,occasional,Yes
6100-FJZDG,240.60000000000002,26,Bank transfer (automatic),2,insufficient_funds,778,high_value_repeat,No
4829-ZLJTK,1348.8000000000002,72,Electronic check,3,bank_decline,455,high_value_repeat,Yes
1730-VFMWO,602.4000000000001,34,Bank transfer (automatic),2,card_expired,94,high_value_repeat,No
7143-BQIBA,747.0,10,Bank transfer (automatic),0,insufficient_funds,318,occasional,Yes
3800-LYTRK,668.4000000000001,14,Mailed check,0,card_expired,110,occasional,No
0634-SZPQA,1080.6,23,Bank transfer (automatic),1,network_error,2236,occasional,Yes
9646-NMHXE,235.79999999999998,47,Mailed check,0,network_error,910,high_value_repeat,Yes
7030-NJVDP,1071.0,24,Electronic check,0,card_expired,269,occasional,No
5536-RTPWK,1188.6,49,Bank transfer (automatic),0,insufficient_funds,171,high_value_repeat,No
8883-GRDWQ,648.0,20,Mailed check,0,bank_decline,457,occasional,Yes
6166-ILMNY,837.0,2,Bank transfer (automatic),0,network_error,2500,new_customer,Yes
3097-NNSPB,588.5999999999999,2,Credit card (automatic),0,insufficient_funds,445,new_customer,Yes
7771-ZONAT,681.0,22,Bank transfer (automatic),0,insufficient_funds,384,occasional,No
0655-RBDUG,1176.6,7,Bank transfer (automatic),0,network_error,1384,occasional,Yes
2111-DWYHN,253.20000000000002,1,Mailed check,3,insufficient_funds,477,new_customer,No
4194-WHFCB,1159.8000000000002,59,Bank transfer (automatic),0,insufficient_funds,688,high_value_repeat,No
4121-AGSIN,294.0,58,Credit card (automatic),0,card_expired,461,high_value_repeat,No
4361-BKAXE,1374.0,41,Bank transfer (automatic),1,insufficient_funds,336,high_value_repeat,Yes
9845-PEEKO,950.4000000000001,59,Credit card (automatic),0,card_expired,185,high_value_repeat,No
0455-XFASS,834.5999999999999,3,Electronic check,3,insufficient_funds,263,new_customer,Yes
0301-KOBTQ,240.60000000000002,32,Bank transfer (automatic),2,network_error,2862,high_value_repeat,No
1751-NCDLI,1186.1999999999998,46,Electronic check,0,insufficient_funds,560,high_value_repeat,No
4367-NUYAO,309.0,0,Mailed check,0,insufficient_funds,439,new_customer,No
9878-TNQGW,971.4000000000001,2,Electronic check,2,insufficient_funds,519,new_customer,No
9170-ARBTB,235.20000000000002,52,Credit card (automatic),3,bank_decline,506,high_value_repeat,Yes
4441-NIHPT,891.5999999999999,13,Electronic check,1,bank_decline,475,occasional,No
8999-BOHSE,1076.4,11,Bank transfer (automatic),1,insufficient_funds,301,occasional,Yes
7241-AJHFS,1051.8000000000002,32,Bank transfer (automatic),0,network_error,2639,high_value_repeat,Yes
7029-RPUAV,1205.4,17,Credit card (automatic),3,card_expired,272,occasional,No
4546-FOKWR,897.0,16,Credit card (automatic),0,bank_decline,402,occasional,No
9036-CSKBW,1289.4,51,Bank transfer (automatic),3,insufficient_funds,449,high_value_repeat,No
5832-TRLPB,904.1999999999999,29,Bank transfer (automatic),1,network_error,3843,high_value_repeat,No
8590-YFFQO,779.4000000000001,70,Credit card (automatic),1,insufficient_funds,203,high_value_repeat,No
8659-IOOPU,1205.4,71,Electronic check,1,insufficient_funds,472,high_value_repeat,Yes
1338-CECEE,822.0,41,Bank transfer (automatic),0,bank_decline,622,high_value_repeat,Yes
7439-DKZTW,966.5999999999999,1,Electronic check,0,card_expired,513,new_customer,No
4646-QZXTF,975.0,7,Bank transfer (automatic),0,insufficient_funds,524,occasional,Yes
4607-CHPCA,1084.8000000000002,25,Electronic check,0,insufficient_funds,488,high_value_repeat,Yes
9742-XOKTS,1074.6,67,Electronic check,2,network_error,3538,high_value_repeat,Yes
6921-OZMFH,668.4000000000001,5,Mailed check,0,card_expired,236,occasional,No
9578-FOMUK,297.6,15,Electronic check,0,insufficient_funds,192,occasional,Yes
4712-UYOOI,240.0,20,Electronic check,3,bank_decline,399,occasional,No
8824-RWFXJ,673.8,3,Mailed check,2,insufficient_funds,75,new_customer,No
7722-CVFXN,1262.4,54,Electronic check,3,insufficient_funds,584,high_value_repeat,No
8717-VCTXJ,234.60000000000002,42,Mailed check,3,bank_decline,583,high_value_repeat,No
7363-QTBIW,957.0,9,Electronic check,0,insufficient_funds,334,occasional,No
4159-NAAIX,1169.4,63,Bank transfer (automatic),0,insufficient_funds,344,high_value_repeat,Yes
0971-QIFJK,291.0,69,Bank transfer (automatic),2,card_expired,389,high_value_repeat,Yes
9397-TZSHA,295.20000000000005,69,Credit card (automatic),1,bank_decline,407,high_value_repeat,No
3391-JSQEW,601.8,40,Mailed check,0,insufficient_funds,419,high_value_repeat,Yes
0343-QLUZP,475.20000000000005,60,Bank transfer (automatic),2,bank_decline,483,high_value_repeat,No
9763-PDTKK,1132.8000000000002,4,Bank transfer (automatic),0,network_error,2361,occasional,Yes
2176-LVPNX,1078.1999999999998,71,Mailed check,0,insufficient_funds,541,high_value_repeat,Yes
7627-JKIAZ,947.4000000000001,37,Credit card (automatic),1,network_error,2856,high_value_repeat,No
3312-UUMZW,1186.1999999999998,32,Credit card (automatic),1,insufficient_funds,308,high_value_repeat,No
1271-UODNO,646.2,39,Credit card (automatic),1,insufficient_funds,600,high_value_repeat,Yes
8461-EFQYM,291.0,38,Electronic check,0,network_error,1413,high_value_repeat,No
6900-RBKER,1073.4,52,Credit card (automatic),2,bank_decline,386,high_value_repeat,No
6891-JPYFF,1263.0,48,Credit card (automatic),0,insufficient_funds,545,high_value_repeat,Yes
1459-QNFQT,714.0,70,Bank transfer (automatic),0,insufficient_funds,291,high_value_repeat,Yes
1047-NNCBF,846.5999999999999,20,Credit card (automatic),2,card_expired,446,occasional,No
3696-XRIEN,990.0,50,Credit card (automatic),3,insufficient_funds,481,high_value_repeat,No
4081-DYXAV,538.2,19,Credit card (automatic),2,insufficient_funds,270,occasional,Yes
0074-HDKDG,739.2,25,Bank transfer (automatic),2,insufficient_funds,389,high_value_repeat,No
8791-GFXLZ,588.5999999999999,12,Bank transfer (automatic),1,network_error,2374,occasional,Yes
8111-SLLHI,1267.8000000000002,39,Electronic check,1,insufficient_funds,317,high_value_repeat,No
0927-LCSMG,895.8000000000001,7,Mailed check,0,insufficient_funds,745,occasional,No
9330-DHBFL,795.0,23,Mailed check,0,bank_decline,285,occasional,Yes
0098-BOWSO,232.79999999999998,27,Electronic check,0,bank_decline,550,high_value_repeat,No
3452-ABWRL,1032.6,47,Credit card (automatic),0,card_expired,341,high_value_repeat,No
5859-HZYLF,229.79999999999998,26,Credit card (automatic),1,insufficient_funds,237,high_value_repeat,No
8257-RZAHR,776.4000000000001,14,Bank transfer (automatic),1,card_expired,415,occasional,No
5293-WXJAK,1248.6,11,Bank transfer (automatic),0,insufficient_funds,497,occasional,No
3156-QLHBO,231.0,2,Mailed check,0,insufficient_funds,538,new_customer,No
2208-NQBCT,983.4000000000001,26,Electronic check,1,network_error,3749,high_value_repeat,Yes
1779-PWPMG,1375.8000000000002,72,Bank transfer (automatic),0,insufficient_funds,841,high_value_repeat,No
6621-NRZAK,240.0,63,Credit card (automatic),2,insufficient_funds,437,high_value_repeat,Yes
0831-JNISG,237.60000000000002,71,Mailed check,1,insufficient_funds,300,high_value_repeat,No
0774-IFUVM,781.8000000000001,11,Bank transfer (automatic),1,insufficient_funds,467,occasional,Yes
3082-WQRVY,235.79999999999998,14,Mailed check,1,insufficient_funds,360,occasional,Yes
9553-DLCLU,1067.4,13,Credit card (automatic),2,bank_decline,538,occasional,No
1641-BYBTK,242.39999999999998,6,Mailed check,0,insufficient_funds,205,occasional,No
2460-NGXBJ,902.4000000000001,11,Credit card (automatic),1,insufficient_funds,755,occasional,Yes
2446-ZKVAF,681.5999999999999,18,Credit card (automatic),1,insufficient_funds,528,occasional,Yes
0841-NULXI,426.59999999999997,1,Electronic check,0,bank_decline,147,new_customer,Yes
3522-CDKHF,906.0,32,Bank transfer (automatic),2,card_expired,293,high_value_repeat,No
1430-SFQSA,427.20000000000005,29,Mailed check,2,insufficient_funds,522,high_value_repeat,Yes
0411-EZJZE,723.0,3,Electronic check,1,bank_decline,576,new_customer,Yes
7851-WZEKY,1141.8000000000002,2,Electronic check,2,insufficient_funds,209,new_customer,No
8844-TONUD,1159.8000000000002,13,Mailed check,2,insufficient_funds,506,occasional,No
8807-ARQET,484.20000000000005,41,Electronic check,1,insufficient_funds,107,high_value_repeat,No
8992-CEUEN,226.20000000000002,1,Electronic check,2,insufficient_funds,386,new_customer,Yes
4320-QMLLA,658.2,7,Mailed check,1,insufficient_funds,566,occasional,No
8777-PVYGU,771.5999999999999,52,Mailed check,1,network_error,2058,high_value_repeat,Yes
8292-ITGYJ,295.79999999999995,45,Bank transfer (automatic),1,insufficient_funds,173,high_value_repeat,Yes
6870-ZWMNX,913.1999999999999,70,Credit card (automatic),2,card_expired,421,high_value_repeat,No
0621-CXBKL,224.39999999999998,53,Mailed check,0,insufficient_funds,309,high_value_repeat,Yes
5268-DSMNQ,1175.4,62,Credit card (automatic),2,insufficient_funds,494,high_value_repeat,Yes
5334-JLAXU,1129.1999999999998,60,Credit card (automatic),2,insufficient_funds,267,high_value_repeat,Yes
4086-YQSNZ,964.8000000000001,3,Electronic check,0,bank_decline,284,new_customer,No
6242-MBHPK,1141.1999999999998,23,Electronic check,2,insufficient_funds,96,occasional,No
5868-CZJDR,376.20000000000005,1,Mailed check,0,network_error,2635,new_customer,Yes
9359-UGBTK,868.1999999999999,67,Bank transfer (automatic),0,insufficient_funds,375,high_value_repeat,Yes
0135-NMXAP,1077.0,12,Bank transfer (automatic),1,insufficient_funds,221,occasional,No
4782-OSFXZ,992.4000000000001,71,Bank transfer (automatic),0,insufficient_funds,429,high_value_repeat,Yes
6479-OAUSD,238.79999999999998,25,Credit card (automatic),2,insufficient_funds,554,high_value_repeat,No
7129-ACFOG,645.5999999999999,5,Electronic check,2,insufficient_funds,367,occasional,No
4189-NAKJS,618.5999999999999,26,Credit card (automatic),1,insufficient_funds,440,high_value_repeat,No
5562-BETPV,235.79999999999998,1,Mailed check,0,network_error,2718,new_customer,No
1282-IHQAC,528.5999999999999,70,Credit card (automatic),0,insufficient_funds,219,high_value_repeat,Yes
9127-FHJBZ,1368.0,72,Electronic check,1,card_expired,708,high_value_repeat,No
6270-OMFIW,1132.8000000000002,60,Electronic check,3,insufficient_funds,329,high_value_repeat,Yes
1641-RQDAY,1204.8000000000002,32,Electronic check,1,card_expired,498,high_value_repeat,No
0107-WESLM,238.20000000000002,1,Electronic check,0,card_expired,515,new_customer,No
6994-ORCWG,651.0,14,Mailed check,1,insufficient_funds,379,occasional,No
1346-UFHAX,960.0,13,Credit card (automatic),1,insufficient_funds,491,occasional,Yes
3992-YWPKO,1318.8000000000002,6,Credit card (automatic),2,network_error,2696,occasional,Yes
2933-XEUJM,950.4000000000001,46,Mailed check,0,bank_decline,187,high_value_repeat,No
0125-LZQXK,1216.1999999999998,15,Electronic check,2,insufficient_funds,350,occasional,No
5461-QKNTN,1131.6,43,Electronic check,1,insufficient_funds,308,high_value_repeat,Yes
4835-YSJMR,597.5999999999999,39,Bank transfer (automatic),3,bank_decline,330,high_value_repeat,No
8399-YNDCH,720.5999999999999,21,Bank transfer (automatic),0,insufficient_funds,204,occasional,Yes
3164-YAXFY,645.0,57,Electronic check,1,card_expired,568,high_value_repeat,No
0887-WBJVH,1121.4,53,Electronic check,3,insufficient_funds,640,high_value_repeat,Yes
4660-IRIBM,1054.8000000000002,18,Mailed check,0,insufficient_funds,546,occasional,No
5673-FSSMF,721.8,1,Electronic check,3,card_expired,590,new_customer,No
7670-ZBPOQ,732.5999999999999,58,Bank transfer (automatic),1,card_expired,348,high_value_repeat,No
8089-UZWLX,1248.6,71,Bank transfer (automatic),0,insufficient_funds,304,high_value_repeat,Yes
0080-OROZO,1191.0,35,Electronic check,0,card_expired,283,high_value_repeat,No
3916-NRPAP,1028.4,3,Credit card (automatic),1,network_error,3015,new_customer,Yes
6807-SIWJI,1258.1999999999998,38,Electronic check,0,card_expired,434,high_value_repeat,No
8221-HVAYI,829.8000000000001,35,Credit card (automatic),1,insufficient_funds,388,high_value_repeat,Yes
1579-KLYDT,1085.4,7,Electronic check,0,card_expired,594,occasional,No
5232-NXPAY,893.4000000000001,47,Mailed check,1,network_error,2823,high_value_repeat,Yes
8967-SZQAS,605.4000000000001,14,Electronic check,0,network_error,1829,occasional,Yes
4468-KAZHE,720.0,20,Electronic check,2,card_expired,297,occasional,No
0455-ENTCR,1023.0,66,Electronic check,3,insufficient_funds,502,high_value_repeat,No
8944-AILEF,233.39999999999998,15,Credit card (automatic),3,network_error,3333,occasional,Yes
5542-NKVRU,249.0,42,Bank transfer (automatic),1,network_error,2941,high_value_repeat,Yes
7126-RBHSD,946.8000000000001,17,Electronic check,0,insufficient_funds,684,occasional,Yes
5370-IIVVL,1254.0,37,Credit card (automatic),2,insufficient_funds,645,high_value_repeat,Yes
6789-HJBWG,592.8,12,Electronic check,0,insufficient_funds,466,occasional,Yes
3927-NLNRY,1131.0,53,Bank transfer (automatic),0,network_error,1829,high_value_repeat,Yes
9087-EYCPR,300.0,60,Mailed check,0,insufficient_funds,203,high_value_repeat,Yes
6791-YBNAK,306.6,18,Credit card (automatic),1,card_expired,341,occasional,No
6358-LYNGM,898.8000000000001,1,Electronic check,2,bank_decline,512,new_customer,Yes
6077-BDPXA,841.8000000000001,3,Electronic check,1,network_error,3961,new_customer,Yes
0013-MHZWF,832.8000000000001,9,Credit card (automatic),0,bank_decline,462,occasional,No
5494-HECPR,963.0,1,Electronic check,0,bank_decline,575,new_customer,Yes
8268-YDIXR,1117.8000000000002,56,Electronic check,3,insufficient_funds,363,high_value_repeat,No
9824-BEMCV,828.0,17,Electronic check,0,card_expired,493,occasional,No
1373-ORVIZ,796.1999999999999,11,Electronic check,1,insufficient_funds,523,occasional,Yes
4291-SHSBH,834.5999999999999,7,Electronic check,0,bank_decline,103,occasional,No
6980-IMXXE,242.39999999999998,69,Bank transfer (automatic),2,insufficient_funds,337,high_value_repeat,No
9866-QEVEE,1032.0,19,Bank transfer (automatic),1,bank_decline,542,occasional,No
9897-KXHCM,963.5999999999999,3,Electronic check,0,card_expired,441,new_customer,No
0040-HALCW,244.79999999999998,54,Credit card (automatic),0,network_error,1542,high_value_repeat,No
0784-GTUUK,285.0,62,Credit card (automatic),1,insufficient_funds,50,high_value_repeat,Yes
7979-CORPM,1086.6,24,Credit card (automatic),1,insufficient_funds,345,occasional,No
2294-DMMUS,845.4000000000001,62,Credit card (automatic),0,network_error,2442,high_value_repeat,Yes
0872-JCPIB,789.0,17,Bank transfer (automatic),3,insufficient_funds,267,occasional,Yes
3055-MJDSB,295.20000000000005,9,Mailed check,0,bank_decline,421,occasional,No
9091-WTUUY,831.0,64,Mailed check,0,insufficient_funds,475,high_value_repeat,No
1618-CFHME,910.8000000000001,2,Electronic check,3,network_error,3036,new_customer,Yes
3165-HDOEW,550.2,1,Mailed check,0,insufficient_funds,50,new_customer,No
6581-NQCBA,599.4000000000001,16,Electronic check,1,card_expired,202,occasional,No
7115-IRDHS,295.79999999999995,72,Bank transfer (automatic),0,network_error,2256,high_value_repeat,Yes
8496-DMZUK,1084.8000000000002,30,Bank transfer (automatic),0,insufficient_funds,485,high_value_repeat,Yes
2040-VZIKE,1210.1999999999998,49,Mailed check,3,insufficient_funds,473,high_value_repeat,No
9068-VPWQQ,904.1999999999999,61,Credit card (automatic),0,insufficient_funds,470,high_value_repeat,Yes
0178-SZBHO,1046.4,47,Electronic check,2,card_expired,342,high_value_repeat,No
0384-RVBPI,772.8000000000001,20,Credit card (automatic),0,card_expired,350,occasional,No
1689-MRZQR,939.5999999999999,34,Electronic check,0,network_error,1917,high_value_repeat,Yes
1299-AURJA,296.4,70,Bank transfer (automatic),0,card_expired,515,high_value_repeat,No
4525-VZCZG,1270.1999999999998,54,Electronic check,1,insufficient_funds,261,high_value_repeat,Yes
1543-LLLFT,1179.6,61,Mailed check,0,insufficient_funds,527,high_value_repeat,Yes
5835-BEQEU,923.4000000000001,3,Electronic check,2,insufficient_funds,431,new_customer,Yes
2788-CJQAQ,233.39999999999998,13,Mailed check,1,insufficient_funds,393,occasional,Yes
5565-FILXA,1153.8000000000002,16,Electronic check,3,bank_decline,301,occasional,No
0319-QZTCO,704.4000000000001,3,Credit card (automatic),0,bank_decline,196,new_customer,No
2120-SMPEX,241.79999999999998,25,Mailed check,2,insufficient_funds,302,high_value_repeat,No
0096-FCPUF,774.0,30,Mailed check,2,card_expired,350,high_value_repeat,Yes
0668-OGMHD,342.0,21,Electronic check,2,bank_decline,50,occasional,No
5552-ZNFSJ,543.5999999999999,1,Electronic check,2,insufficient_funds,370,new_customer,Yes
2223-KAGMX,232.79999999999998,15,Bank transfer (automatic),2,insufficient_funds,538,occasional,Yes
6507-ZJSUR,1085.4,23,Electronic check,1,insufficient_funds,485,occasional,Yes
9408-HRXRK,1261.8000000000002,45,Electronic check,0,card_expired,325,high_value_repeat,No
5593-SUAOO,997.8000000000001,24,Bank transfer (automatic),0,bank_decline,407,occasional,No
7321-PKUYW,1081.8000000000002,11,Electronic check,3,network_error,2055,occasional,Yes
2833-SLKDQ,540.5999999999999,1,Mailed check,1,insufficient_funds,422,new_customer,No
6766-HFKLA,1238.4,56,Bank transfer (automatic),2,insufficient_funds,631,high_value_repeat,Yes
7595-EUIVN,909.5999999999999,1,Electronic check,1,network_error,3274,new_customer,Yes
7617-EYGLW,233.39999999999998,1,Electronic check,0,bank_decline,478,new_customer,No
2026-TGDHM,951.5999999999999,7,Electronic check,0,card_expired,326,occasional,No
9220-ZNKJI,1065.6,55,Credit card (automatic),1,card_expired,512,high_value_repeat,No
4030-VPZBD,370.79999999999995,2,Electronic check,0,insufficient_funds,146,new_customer,Yes
2226-ICFDO,1030.8000000000002,72,Credit card (automatic),0,bank_decline,362,high_value_repeat,No
0723-VSOBE,410.40000000000003,45,Electronic check,1,network_error,2966,high_value_repeat,Yes
5529-GIBVH,241.79999999999998,47,Mailed check,0,insufficient_funds,511,high_value_repeat,Yes
4187-CINZD,1143.0,46,Credit card (automatic),1,network_error,3035,high_value_repeat,Yes
9992-UJOEL,603.5999999999999,2,Mailed check,0,insufficient_funds,444,new_customer,No
4741-WWJQZ,961.8000000000001,2,Electronic check,2,insufficient_funds,370,new_customer,Yes
6625-UTXEW,615.0,12,Electronic check,0,insufficient_funds,480,occasional,No
6818-WOBHJ,1075.1999999999998,68,Bank transfer (automatic),1,insufficient_funds,257,high_value_repeat,No
6244-BESBM,1142.4,69,Credit card (automatic),0,insufficient_funds,273,high_value_repeat,Yes
1004-NOZNR,1137.6,56,Credit card (automatic),0,insufficient_funds,409,high_value_repeat,Yes
1251-STYSZ,963.0,4,Electronic check,0,card_expired,425,occasional,No
2612-PHGOX,913.1999999999999,64,Bank transfer (automatic),1,card_expired,126,high_value_repeat,No
2408-TZMJL,1321.8000000000002,59,Electronic check,1,insufficient_funds,468,high_value_repeat,Yes
8480-PPONV,1386.6,62,Bank transfer (automatic),0,insufficient_funds,515,high_value_repeat,No
8780-IHCRN,295.79999999999995,63,Credit card (automatic),1,card_expired,388,high_value_repeat,No
4598-ZADCK,643.2,53,Electronic check,2,insufficient_funds,756,high_value_repeat,Yes
1257-SXUXQ,233.39999999999998,5,Mailed check,2,insufficient_funds,297,occasional,No
9681-KYGYB,1058.4,49,Electronic check,0,bank_decline,345,high_value_repeat,Yes
7182-OVLBJ,1213.8000000000002,62,Bank transfer (automatic),1,network_error,2183,high_value_repeat,Yes
5095-ETBRJ,681.5999999999999,55,Mailed check,0,bank_decline,388,high_value_repeat,No
7005-CYUIL,1192.8000000000002,71,Electronic check,0,card_expired,350,high_value_repeat,No
4821-WQOYN,241.20000000000002,72,Credit card (automatic),3,insufficient_funds,188,high_value_repeat,Yes
4730-AWNAU,728.4000000000001,36,Credit card (automatic),0,network_error,2062,high_value_repeat,Yes
3452-FLHYD,251.39999999999998,25,Bank transfer (automatic),1,insufficient_funds,385,high_value_repeat,Yes
2388-LAESQ,1378.1999999999998,72,Bank transfer (automatic),1,insufficient_funds,584,high_value_repeat,Yes
9531-NSBMR,231.0,36,Bank transfer (automatic),1,insufficient_funds,730,high_value_repeat,No
6260-ONULR,753.5999999999999,1,Mailed check,1,bank_decline,600,new_customer,Yes
4389-UEFCZ,1266.0,72,Electronic check,0,insufficient_funds,283,high_value_repeat,Yes
8711-LOBKY,238.20000000000002,59,Mailed check,0,bank_decline,295,high_value_repeat,No
9134-CEQMF,1074.0,7,Electronic check,1,bank_decline,376,occasional,Yes
8985-OOPOS,889.1999999999999,1,Credit card (automatic),0,card_expired,667,new_customer,Yes
8800-ZKRFW,1290.0,30,Electronic check,0,network_error,2367,high_value_repeat,Yes
2616-FLVQC,234.60000000000002,64,Mailed check,0,card_expired,200,high_value_repeat,No
9968-FFVVH,825.5999999999999,63,Bank transfer (automatic),0,bank_decline,324,high_value_repeat,No
3108-PCCGG,1013.4000000000001,72,Credit card (automatic),0,insufficient_funds,513,high_value_repeat,Yes
7993-PYKOF,900.0,8,Electronic check,0,network_error,3051,occasional,Yes
8390-FESFV,1014.0,62,Bank transfer (automatic),1,card_expired,369,high_value_repeat,Yes
3022-BEXHZ,1334.4,67,Bank transfer (automatic),1,bank_decline,502,high_value_repeat,No
5027-XWQHA,537.0,6,Electronic check,2,card_expired,59,occasional,No
6248-TKCQV,967.1999999999999,70,Bank transfer (automatic),0,card_expired,415,high_value_repeat,No
6729-GDNGC,968.4000000000001,20,Bank transfer (automatic),0,network_error,3188,occasional,Yes
6198-ZFIOJ,907.1999999999999,5,Electronic check,0,bank_decline,275,occasional,No
5989-OMNJE,691.2,24,Electronic check,1,card_expired,274,occasional,No
4566-QVRRW,528.5999999999999,11,Electronic check,1,insufficient_funds,120,occasional,No
1291-CUOCY,1327.1999999999998,72,Credit card (automatic),0,card_expired,638,high_value_repeat,No
9795-SHUHB,698.4000000000001,66,Credit card (automatic),3,bank_decline,291,high_value_repeat,No
3230-IUALN,972.0,45,Mailed check,0,network_error,2692,high_value_repeat,No
0042-RLHYP,236.39999999999998,69,Bank transfer (automatic),1,bank_decline,490,high_value_repeat,No
8519-IMDHU,1027.1999999999998,15,Bank transfer (automatic),1,insufficient_funds,626,occasional,No
4945-RVMTE,714.5999999999999,28,Bank transfer (automatic),2,card_expired,376,high_value_repeat,No
0201-OAMXR,1386.6,70,Credit card (automatic),1,card_expired,319,high_value_repeat,No
1866-NXPSP,906.5999999999999,36,Mailed check,2,bank_decline,425,high_value_repeat,Yes
3372-KWFBM,1039.1999999999998,16,Electronic check,0,insufficient_funds,592,occasional,Yes
7831-QGOXH,1022.4000000000001,18,Electronic check,2,bank_decline,374,occasional,Yes
6393-WRYZE,1171.8000000000002,34,Electronic check,0,card_expired,256,high_value_repeat,No
3941-XTSKM,541.2,42,Credit card (automatic),2,insufficient_funds,168,high_value_repeat,No
1661-CZBAU,851.4000000000001,48,Bank transfer (automatic),1,insufficient_funds,216,high_value_repeat,Yes
6599-RCLCJ,1314.6,47,Electronic check,2,insufficient_funds,529,high_value_repeat,No
9831-BPFRI,1074.6,39,Electronic check,1,card_expired,351,high_value_repeat,No
5158-RIVOP,250.79999999999998,11,Credit card (automatic),1,insufficient_funds,308,occasional,Yes
9788-YTFGE,239.39999999999998,7,Mailed check,1,insufficient_funds,292,occasional,Yes
9277-JOOMO,295.20000000000005,3,Mailed check,1,bank_decline,412,new_customer,No
1907-YLNYW,800.4000000000001,8,Electronic check,0,insufficient_funds,364,occasional,No
1725-MIMXW,233.39999999999998,1,Mailed check,0,insufficient_funds,359,new_customer,No
8947-YRTDV,1137.6,32,Mailed check,0,card_expired,602,high_value_repeat,No
3161-ONRWK,790.1999999999999,60,Bank transfer (automatic),0,card_expired,630,high_value_repeat,No
0114-RSRRW,239.39999999999998,10,Bank transfer (automatic),2,network_error,1211,occasional,Yes
4565-NLZBV,295.79999999999995,71,Bank transfer (automatic),0,insufficient_funds,449,high_value_repeat,Yes
0031-PVLZI,244.20000000000002,4,Mailed check,3,network_error,1878,occasional,Yes
7206-GZCDC,831.0,1,Electronic check,0,card_expired,362,new_customer,No
6682-VCIXC,615.0,43,Bank transfer (automatic),0,insufficient_funds,446,high_value_repeat,No
4791-QRGMF,1194.0,59,Bank transfer (automatic),2,insufficient_funds,368,high_value_repeat,No
6475-VHUIZ,651.0,23,Electronic check,1,insufficient_funds,434,occasional,No
3910-MRQOY,232.79999999999998,72,Bank transfer (automatic),1,insufficient_funds,500,high_value_repeat,Yes
0661-WCQNQ,675.0,22,Credit card (automatic),1,network_error,2735,occasional,Yes
7537-RBWEA,301.79999999999995,1,Mailed check,1,card_expired,302,new_customer,No
4656-CAURT,287.4,69,Bank transfer (automatic),0,insufficient_funds,305,high_value_repeat,No
0121-SNYRK,424.79999999999995,50,Mailed check,3,insufficient_funds,184,high_value_repeat,No
1768-ZAIFU,302.4,1,Electronic check,3,insufficient_funds,271,new_customer,No
4671-LXRDQ,540.0,2,Mailed check,1,card_expired,694,new_customer,No
3733-LSYCE,904.1999999999999,15,Bank transfer (automatic),0,insufficient_funds,281,occasional,No
6265-FRMTQ,244.79999999999998,31,Bank transfer (automatic),1,card_expired,220,high_value_repeat,No
1934-SJVJK,241.79999999999998,1,Mailed check,0,insufficient_funds,447,new_customer,Yes
3838-OZURD,1260.0,66,Credit card (automatic),0,network_error,2411,high_value_repeat,Yes
1371-DWPAZ,672.5999999999999,0,Credit card (automatic),0,bank_decline,370,new_customer,Yes
9269-CQOOL,656.4000000000001,3,Credit card (automatic),1,insufficient_funds,611,new_customer,No
2017-CCBLH,240.0,8,Mailed check,2,card_expired,482,occasional,No
7690-KPNCU,876.5999999999999,64,Credit card (automatic),1,bank_decline,320,high_value_repeat,Yes
0536-BGFMZ,246.0,28,Mailed check,1,insufficient_funds,336,high_value_repeat,No
2293-IJWPS,1209.0,57,Credit card (automatic),0,card_expired,324,high_value_repeat,No
2845-HSJCY,1047.0,14,Electronic check,0,insufficient_funds,531,occasional,Yes
5469-NUJUR,239.39999999999998,19,Mailed check,0,card_expired,353,occasional,No
1184-PJVDB,959.4000000000001,10,Electronic check,3,insufficient_funds,131,occasional,No
2625-TRCZQ,595.8,51,Electronic check,0,bank_decline,392,high_value_repeat,Yes
4102-HLENU,787.8000000000001,67,Mailed check,2,network_error,1270,high_value_repeat,Yes
7266-GSSJX,245.39999999999998,11,Electronic check,1,network_error,4247,occasional,Yes
7722-VJRQD,731.4000000000001,72,Bank transfer (automatic),0,network_error,1727,high_value_repeat,Yes
7073-QETQY,244.20000000000002,66,Electronic check,1,card_expired,375,high_value_repeat,No
9415-DPEWS,1060.1999999999998,18,Electronic check,1,insufficient_funds,438,occasional,Yes
5624-RYAMH,234.0,9,Electronic check,2,bank_decline,356,occasional,Yes
0196-JTUQI,902.4000000000001,9,Credit card (automatic),3,bank_decline,356,occasional,Yes
7130-YXBRO,1337.4,48,Bank transfer (automatic),0,card_expired,463,high_value_repeat,No
9272-LSVYH,841.8000000000001,10,Mailed check,0,bank_decline,628,occasional,Yes
7943-RQCHR,1137.0,9,Electronic check,1,card_expired,515,occasional,No
3793-MMFUH,1140.6,13,Electronic check,3,card_expired,621,occasional,No
3249-ZPQRG,941.4000000000001,4,Electronic check,0,card_expired,243,occasional,No
2568-BRGYX,842.4000000000001,4,Electronic check,1,insufficient_funds,447,occasional,Yes
3084-DOWLE,1104.0,72,Bank transfer (automatic),1,insufficient_funds,423,high_value_repeat,Yes
1084-MNSMJ,1026.0,51,Credit card (automatic),1,insufficient_funds,452,high_value_repeat,No
7721-JXEAW,492.59999999999997,59,Bank transfer (automatic),0,card_expired,606,high_value_repeat,No
7249-WBIYX,1027.1999999999998,10,Electronic check,1,insufficient_funds,366,occasional,Yes
4238-HFHSN,985.8000000000001,61,Electronic check,3,insufficient_funds,339,high_value_repeat,No
6250-CGGUN,1012.8000000000001,54,Electronic check,0,bank_decline,480,high_value_repeat,No
5478-JJVZK,730.8,33,Mailed check,0,insufficient_funds,133,high_value_repeat,Yes
7596-IIWYC,243.0,27,Bank transfer (automatic),3,card_expired,364,high_value_repeat,No
6567-HOOPW,950.4000000000001,1,Electronic check,0,insufficient_funds,379,new_customer,Yes
9793-WECQC,1143.6,23,Mailed check,2,insufficient_funds,261,occasional,Yes
4291-HPAXL,238.20000000000002,1,Mailed check,1,network_error,3345,new_customer,Yes
8999-YPYBV,1012.1999999999999,45,Mailed check,0,card_expired,240,high_value_repeat,No
1839-FBNFR,238.20000000000002,39,Bank transfer (automatic),2,network_error,2391,high_value_repeat,Yes
3164-AALRN,840.0,5,Mailed check,0,insufficient_funds,443,occasional,Yes
3071-MVJCD,987.5999999999999,72,Bank transfer (automatic),1,card_expired,603,high_value_repeat,No
1697-BCSHV,801.5999999999999,58,Bank transfer (automatic),0,insufficient_funds,398,high_value_repeat,Yes
0562-KBDVM,535.2,70,Bank transfer (automatic),1,insufficient_funds,540,high_value_repeat,No
1131-SUEKT,1181.4,61,Bank transfer (automatic),0,insufficient_funds,505,high_value_repeat,Yes
3717-OEAUQ,848.4000000000001,2,Mailed check,0,insufficient_funds,418,new_customer,Yes
4538-WNTMJ,299.4,46,Mailed check,3,insufficient_funds,236,high_value_repeat,No
3334-CTHOL,599.4000000000001,1,Bank transfer (automatic),0,insufficient_funds,184,new_customer,No
4704-ERYFC,831.0,22,Electronic check,1,bank_decline,415,occasional,Yes
9432-RUVSL,1230.0,48,Credit card (automatic),0,insufficient_funds,318,high_value_repeat,No
8060-HIWJJ,1038.6,64,Credit card (automatic),2,insufficient_funds,537,high_value_repeat,No
7684-XSZIY,291.6,72,Bank transfer (automatic),0,insufficient_funds,511,high_value_repeat,Yes
9089-UOWJG,700.2,12,Credit card (automatic),3,card_expired,372,occasional,No
8621-MNIHH,1131.0,34,Electronic check,1,insufficient_funds,226,high_value_repeat,Yes
8039-ACLPL,825.0,72,Credit card (automatic),0,bank_decline,476,high_value_repeat,No
9885-AIBVB,1029.6,29,Electronic check,0,bank_decline,247,high_value_repeat,No
1934-MKPXS,241.20000000000002,33,Credit card (automatic),0,insufficient_funds,286,high_value_repeat,Yes
2592-YKDIF,244.20000000000002,1,Mailed check,1,card_expired,253,new_customer,No
2272-JKMSI,1329.6,62,Electronic check,0,insufficient_funds,379,high_value_repeat,No
0471-LVHGK,876.0,41,Electronic check,2,card_expired,575,high_value_repeat,No
9518-RWHZL,1200.6,64,Credit card (automatic),0,insufficient_funds,399,high_value_repeat,Yes
8714-CTZJW,994.1999999999999,4,Credit card (automatic),0,insufficient_funds,333,occasional,Yes
3569-EDBPQ,1012.1999999999999,24,Electronic check,1,insufficient_funds,171,occasional,No
3131-NWVFJ,234.60000000000002,14,Mailed check,1,network_error,2941,occasional,No
7521-YXVZY,239.39999999999998,3,Mailed check,0,insufficient_funds,282,new_customer,Yes
5419-CONWX,1197.6,4,Credit card (automatic),0,insufficient_funds,417,occasional,No
6240-EURKS,420.0,18,Electronic check,0,network_error,2216,occasional,Yes
2373-NTKOD,795.0,8,Electronic check,1,card_expired,525,occasional,No
1970-KKFWL,279.6,35,Bank transfer (automatic),1,bank_decline,376,high_value_repeat,No
6960-HVYXR,912.0,1,Electronic check,1,insufficient_funds,391,new_customer,Yes
9337-SRRNI,303.6,66,Credit card (automatic),2,network_error,2888,high_value_repeat,Yes
0895-UADGO,534.5999999999999,8,Mailed check,2,network_error,4185,occasional,Yes
5678-VFNEQ,1249.1999999999998,71,Credit card (automatic),1,insufficient_funds,533,high_value_repeat,Yes
5977-CKHON,1110.6,43,Bank transfer (automatic),2,network_error,2429,high_value_repeat,Yes
7024-OHCCK,1126.1999999999998,2,Electronic check,0,insufficient_funds,400,new_customer,Yes
2692-BUCFV,1217.4,29,Bank transfer (automatic),0,bank_decline,321,high_value_repeat,No
7861-UVUFT,1011.5999999999999,15,Electronic check,0,insufficient_funds,257,occasional,Yes
1830-GGFNM,1134.6,65,Credit card (automatic),0,card_expired,317,high_value_repeat,No
5302-BDJNT,1146.0,35,Electronic check,1,insufficient_funds,284,high_value_repeat,Yes
5223-UZAVK,1203.6,64,Credit card (automatic),3,bank_decline,498,high_value_repeat,No
4859-ZSRDZ,666.0,58,Credit card (automatic),0,insufficient_funds,239,high_value_repeat,Yes
5651-WYIPH,598.2,18,Credit card (automatic),0,bank_decline,599,occasional,No
9350-VLHMB,1074.6,67,Bank transfer (automatic),1,bank_decline,512,high_value_repeat,No
3498-LZGQZ,229.79999999999998,63,Mailed check,3,insufficient_funds,403,high_value_repeat,Yes
8785-CJSHH,1197.6,60,Electronic check,0,bank_decline,400,high_value_repeat,Yes
5357-TZHPP,1012.8000000000001,9,Credit card (automatic),1,bank_decline,316,occasional,No
3870-SPZSI,1356.6,70,Credit card (automatic),0,insufficient_funds,440,high_value_repeat,No
0680-DFNNY,1213.1999999999998,15,Electronic check,0,insufficient_funds,563,occasional,Yes
7560-QRBXH,239.39999999999998,48,Mailed check,3,card_expired,294,high_value_repeat,No
7077-XJMET,889.8000000000001,12,Electronic check,3,insufficient_funds,169,occasional,No
8752-GHJFU,1104.0,71,Electronic check,0,insufficient_funds,505,high_value_repeat,Yes
6896-SRVYQ,886.1999999999999,44,Electronic check,3,insufficient_funds,448,high_value_repeat,Yes
7767-UXAGJ,605.4000000000001,1,Electronic check,1,insufficient_funds,231,new_customer,Yes
4652-ODEVH,293.4,45,Mailed check,2,insufficient_funds,289,high_value_repeat,Yes
6510-UPNKS,297.6,23,Credit card (automatic),1,insufficient_funds,271,occasional,Yes
6718-BDGHG,778.1999999999999,43,Bank transfer (automatic),1,bank_decline,291,high_value_repeat,No
9046-DQMTP,249.0,35,Bank transfer (automatic),1,network_error,2241,high_value_repeat,Yes
6439-LAJXL,827.4000000000001,9,Mailed check,1,insufficient_funds,360,occasional,No
1571-SAVHK,1199.4,12,Mailed check,0,network_error,1979,occasional,No
9052-VKDUW,1312.8000000000002,65,Credit card (automatic),0,network_error,1893,high_value_repeat,Yes
9546-CQJSU,1096.8000000000002,2,Electronic check,0,bank_decline,365,new_customer,No
1666-JZPZT,588.0,27,Mailed check,1,insufficient_funds,425,high_value_repeat,No
5777-KJIRB,603.0,40,Mailed check,0,insufficient_funds,352,high_value_repeat,No
0506-LVNGN,906.5999999999999,5,Credit card (automatic),1,bank_decline,573,occasional,No
7677-SJJJK,238.79999999999998,8,Credit card (automatic),3,bank_decline,476,occasional,Yes
2480-EJWYP,1173.6,58,Bank transfer (automatic),0,network_error,1227,high_value_repeat,Yes
3253-HKOKL,1203.6,52,Electronic check,1,network_error,2918,high_value_repeat,Yes
7055-HNEOJ,669.5999999999999,3,Mailed check,0,insufficient_funds,490,new_customer,No
5514-YQENT,1333.8000000000002,41,Electronic check,2,card_expired,334,high_value_repeat,No
3211-AAPKX,1182.6,20,Mailed check,0,insufficient_funds,175,occasional,No
8445-DNBAE,600.5999999999999,1,Electronic check,1,insufficient_funds,401,new_customer,Yes
2951-QOQTK,969.5999999999999,4,Credit card (automatic),2,bank_decline,398,occasional,No
2958-NHPPS,250.20000000000002,23,Electronic check,3,insufficient_funds,231,occasional,Yes
6806-YDEUL,234.0,6,Bank transfer (automatic),1,card_expired,182,occasional,No
1735-XMJVH,232.20000000000002,8,Mailed check,1,bank_decline,386,occasional,Yes
6890-PFRQX,834.0,18,Mailed check,1,insufficient_funds,365,occasional,No
0222-CNVPT,585.5999999999999,52,Credit card (automatic),2,bank_decline,337,high_value_repeat,Yes
5899-OUVKV,1134.0,31,Electronic check,1,bank_decline,387,high_value_repeat,No
8681-ICONS,247.79999999999998,29,Mailed check,0,card_expired,234,high_value_repeat,No
1621-YNCJH,1272.6,36,Credit card (automatic),3,insufficient_funds,334,high_value_repeat,No
3473-XIIIT,1200.0,16,Electronic check,1,insufficient_funds,479,occasional,Yes
6362-QHAFM,1299.6,42,Electronic check,1,insufficient_funds,347,high_value_repeat,No
7893-IXHRQ,246.60000000000002,1,Electronic check,0,insufficient_funds,149,new_customer,Yes
3070-BDOQC,1195.8000000000002,60,Electronic check,1,insufficient_funds,329,high_value_repeat,No
2952-QAYZF,1023.5999999999999,5,Electronic check,0,bank_decline,239,occasional,Yes
6234-PFPXL,1150.8000000000002,22,Credit card (automatic),1,insufficient_funds,440,occasional,No
9824-QCJPK,240.0,36,Mailed check,0,network_error,2755,high_value_repeat,No
4763-PGDPO,844.8000000000001,4,Electronic check,1,insufficient_funds,151,occasional,Yes
4283-IVYCI,779.4000000000001,9,Mailed check,3,card_expired,513,occasional,Yes
1866-OBPNR,895.1999999999999,1,Credit card (automatic),0,bank_decline,233,new_customer,No
8205-MQUGY,590.4000000000001,12,Electronic check,3,insufficient_funds,633,occasional,No
8970-ANWXO,885.0,23,Mailed check,0,insufficient_funds,392,occasional,Yes
9480-BQJEI,1107.6,62,Bank transfer (automatic),2,network_error,1502,high_value_repeat,Yes
5394-SVGJV,1185.6,37,Bank transfer (automatic),2,network_error,1586,high_value_repeat,Yes
6979-TNDEU,230.39999999999998,8,Mailed check,1,network_error,2778,occasional,Yes
9777-WJJPR,1063.8000000000002,31,Credit card (automatic),1,insufficient_funds,341,high_value_repeat,Yes
9283-LZQOH,892.8000000000001,13,Credit card (automatic),2,insufficient_funds,385,occasional,No
7079-QRCBC,1185.0,24,Electronic check,0,bank_decline,641,occasional,Yes
9495-SKLKD,1151.4,45,Bank transfer (automatic),0,bank_decline,295,high_value_repeat,No
6048-UWKAL,1264.8000000000002,69,Credit card (automatic),1,card_expired,408,high_value_repeat,No
5067-DGXLL,243.0,2,Mailed check,2,bank_decline,612,new_customer,Yes
5469-CTCWN,1272.0,61,Electronic check,2,card_expired,440,high_value_repeat,No
9851-QXEEQ,1256.4,41,Electronic check,2,insufficient_funds,159,high_value_repeat,No
6281-FKEWS,588.5999999999999,44,Electronic check,0,insufficient_funds,475,high_value_repeat,Yes
8898-KASCD,426.59999999999997,39,Mailed check,2,insufficient_funds,225,high_value_repeat,Yes
9242-TKFSV,781.1999999999999,72,Credit card (automatic),0,card_expired,611,high_value_repeat,No
9290-SHCMB,1162.1999999999998,13,Electronic check,1,insufficient_funds,276,occasional,No
0743-HNPFG,837.0,51,Credit card (automatic),0,insufficient_funds,845,high_value_repeat,Yes
2277-BKJKN,1190.4,71,Electronic check,0,network_error,3673,high_value_repeat,Yes
9809-IMGCQ,1160.4,22,Electronic check,0,network_error,1862,occasional,Yes
5208-HFSBT,660.5999999999999,2,Credit card (automatic),0,card_expired,403,new_customer,No
5035-PGZXH,1281.6,56,Electronic check,1,bank_decline,513,high_value_repeat,Yes
8695-WDYEA,615.0,1,Mailed check,0,insufficient_funds,517,new_customer,Yes
6543-JXSOO,693.0,23,Mailed check,0,card_expired,466,occasional,No
8016-ZMGMO,850.1999999999999,66,Bank transfer (automatic),0,network_error,3501,high_value_repeat,Yes
8605-ITULD,234.60000000000002,1,Mailed check,0,card_expired,381,new_customer,No
3254-YRILK,1058.4,19,Electronic check,0,insufficient_funds,344,occasional,Yes
6416-YJTTB,954.0,11,Bank transfer (automatic),0,insufficient_funds,347,occasional,Yes
2667-WYLWJ,237.0,8,Mailed check,1,bank_decline,528,occasional,No
4472-VESGY,1177.8000000000002,52,Bank transfer (automatic),1,card_expired,454,high_value_repeat,Yes
3195-TQDZX,243.0,3,Electronic check,1,bank_decline,443,new_customer,Yes
3128-YOVTD,949.8000000000001,51,Bank transfer (automatic),1,card_expired,519,high_value_repeat,No
0529-ONKER,907.8000000000001,15,Electronic check,0,network_error,859,occasional,Yes
1728-CXQBE,1131.0,64,Electronic check,2,bank_decline,446,high_value_repeat,No
7041-TXQJH,482.40000000000003,37,Credit card (automatic),1,network_error,2674,high_value_repeat,Yes
5014-GSOUQ,239.39999999999998,13,Mailed check,1,insufficient_funds,650,occasional,Yes
5724-BIDBU,664.2,49,Electronic check,0,card_expired,170,high_value_repeat,No
0481-SUMCB,1225.8000000000002,45,Bank transfer (automatic),0,bank_decline,633,high_value_repeat,No
1769-GRUIK,853.1999999999999,18,Electronic check,0,insufficient_funds,411,occasional,Yes
5240-IJOQT,896.4000000000001,1,Electronic check,0,insufficient_funds,473,new_customer,Yes
8819-WFGGJ,649.2,68,Bank transfer (automatic),1,insufficient_funds,651,high_value_repeat,No
7427-AUFPY,235.79999999999998,54,Credit card (automatic),1,bank_decline,484,high_value_repeat,No
2811-POVEX,1061.4,23,Bank transfer (automatic),1,insufficient_funds,460,occasional,Yes
1092-GANHU,919.8000000000001,17,Electronic check,2,card_expired,436,occasional,No
7898-PDWQE,964.8000000000001,71,Credit card (automatic),2,insufficient_funds,327,high_value_repeat,No
9972-EWRJS,231.0,67,Bank transfer (automatic),1,insufficient_funds,395,high_value_repeat,No
9314-IJWSQ,1017.5999999999999,14,Electronic check,3,network_error,1927,occasional,Yes
0661-XEYAN,309.6,1,Mailed check,0,insufficient_funds,393,new_customer,Yes
5799-JRCZO,234.0,63,Credit card (automatic),0,card_expired,50,high_value_repeat,No
1921-KYSAY,823.1999999999999,41,Electronic check,0,network_error,2843,high_value_repeat,Yes
6198-RTPMF,1111.1999999999998,17,Electronic check,1,bank_decline,381,occasional,No
2924-KHUVI,1206.6,56,Electronic check,2,insufficient_funds,349,high_value_repeat,No
1925-GMVBW,246.60000000000002,5,Credit card (automatic),0,bank_decline,432,occasional,No
7881-EVUAD,511.20000000000005,2,Electronic check,3,network_error,1353,new_customer,Yes
6184-DYUOB,235.20000000000002,3,Mailed check,0,bank_decline,689,new_customer,Yes
9207-ZPANB,809.4000000000001,37,Electronic check,3,card_expired,384,high_value_repeat,No
5766-XQXMQ,826.1999999999999,29,Bank transfer (automatic),0,card_expired,378,high_value_repeat,No
9327-QSDED,522.5999999999999,8,Mailed check,0,bank_decline,255,occasional,No
1656-DRSMG,1318.1999999999998,63,Credit card (automatic),1,bank_decline,403,high_value_repeat,No
3012-VFFMN,247.79999999999998,7,Mailed check,0,insufficient_funds,608,occasional,Yes
2984-AFWNC,1144.8000000000002,3,Electronic check,0,insufficient_funds,555,new_customer,Yes
0640-YJTPY,252.0,72,Bank transfer (automatic),0,insufficient_funds,528,high_value_repeat,Yes
8096-LOIST,674.4000000000001,19,Electronic check,2,insufficient_funds,481,occasional,No
9764-REAFF,220.79999999999998,59,Bank transfer (automatic),1,insufficient_funds,346,high_value_repeat,No
3703-VAVCL,1080.0,2,Credit card (automatic),0,insufficient_funds,182,new_customer,Yes
7107-UBYKY,309.0,35,Electronic check,1,bank_decline,369,high_value_repeat,Yes
4881-GQJTW,235.20000000000002,14,Credit card (automatic),1,insufficient_funds,364,occasional,Yes
8519-QJGJD,904.1999999999999,14,Electronic check,0,network_error,3339,occasional,Yes
7876-DNYAP,237.60000000000002,69,Credit card (automatic),0,insufficient_funds,446,high_value_repeat,Yes
7905-NJMXS,770.4000000000001,7,Electronic check,0,insufficient_funds,641,occasional,No
2882-WDTBA,909.0,69,Bank transfer (automatic),0,insufficient_funds,579,high_value_repeat,Yes
2091-GPPIQ,947.4000000000001,72,Electronic check,1,insufficient_funds,331,high_value_repeat,No
6326-MTTXK,1210.1999999999998,8,Electronic check,0,network_error,1063,occasional,Yes
5071-FBJFS,603.5999999999999,4,Electronic check,1,bank_decline,607,occasional,Yes
2796-UUZZO,963.5999999999999,63,Credit card (automatic),1,insufficient_funds,603,high_value_repeat,Yes
2429-AYKKO,238.20000000000002,72,Bank transfer (automatic),0,card_expired,195,high_value_repeat,No
9798-OPFEM,253.20000000000002,46,Electronic check,1,card_expired,626,high_value_repeat,No
0330-IVZHA,839.4000000000001,5,Electronic check,0,bank_decline,457,occasional,Yes
3794-NFNCH,600.0,30,Mailed check,3,network_error,2628,high_value_repeat,Yes
5193-QLVZB,1257.0,63,Bank transfer (automatic),1,card_expired,642,high_value_repeat,No
7114-AEOZE,238.20000000000002,60,Bank transfer (automatic),2,network_error,3575,high_value_repeat,Yes
2886-KEFUM,1290.0,63,Electronic check,1,bank_decline,497,high_value_repeat,Yes
5522-NYKPB,1030.8000000000002,25,Electronic check,0,insufficient_funds,470,high_value_repeat,Yes
4237-RLAQD,550.2,1,Mailed check,1,insufficient_funds,492,new_customer,Yes
9957-YODKZ,969.5999999999999,6,Electronic check,3,bank_decline,339,occasional,Yes
6518-KZXCB,303.0,22,Mailed check,1,network_error,2455,occasional,Yes
2245-ADZFJ,966.5999999999999,31,Bank transfer (automatic),2,card_expired,264,high_value_repeat,No
7776-QGYJC,978.0,39,Bank transfer (automatic),2,card_expired,350,high_value_repeat,No
9313-QOLTZ,250.79999999999998,26,Mailed check,0,insufficient_funds,345,high_value_repeat,Yes
9651-GTSAQ,1273.1999999999998,53,Bank transfer (automatic),0,card_expired,304,high_value_repeat,No
3186-BAXNB,1100.4,1,Electronic check,1,network_error,2609,new_customer,Yes
4672-FOTSD,807.0,12,Electronic check,0,insufficient_funds,351,occasional,Yes
0637-YLETY,1147.1999999999998,16,Credit card (automatic),2,network_error,2901,occasional,Yes
9818-XQCUV,244.20000000000002,2,Mailed check,3,bank_decline,156,new_customer,No
7338-ERIVA,540.5999999999999,39,Bank transfer (automatic),0,insufficient_funds,382,high_value_repeat,No
1157-BQCUW,899.4000000000001,1,Electronic check,0,card_expired,419,new_customer,No
8259-NFJTV,415.79999999999995,7,Mailed check,2,insufficient_funds,353,occasional,No
3223-DWFIO,832.1999999999999,4,Electronic check,0,network_error,2362,occasional,Yes
2660-EMUBI,1144.1999999999998,10,Electronic check,2,insufficient_funds,162,occasional,Yes
6968-GMKPR,978.5999999999999,55,Electronic check,0,card_expired,453,high_value_repeat,No
4751-ERMAN,904.8000000000001,72,Bank transfer (automatic),1,bank_decline,497,high_value_repeat,Yes
1436-ZMJAN,813.5999999999999,10,Credit card (automatic),0,insufficient_funds,474,occasional,Yes
3292-PBZEJ,1336.8000000000002,11,Electronic check,1,bank_decline,555,occasional,No
0799-DDIHE,555.5999999999999,15,Electronic check,1,bank_decline,430,occasional,Yes
3070-FNFZQ,244.79999999999998,23,Bank transfer (automatic),1,insufficient_funds,471,occasional,No
2812-SFXMJ,240.60000000000002,1,Mailed check,0,insufficient_funds,423,new_customer,Yes
7675-OZCZG,540.0,3,Electronic check,1,bank_decline,503,new_customer,Yes
5014-WUQMG,1153.1999999999998,47,Electronic check,2,bank_decline,163,high_value_repeat,Yes
5312-TSZVC,235.79999999999998,15,Mailed check,0,insufficient_funds,265,occasional,Yes
2003-CKLOR,1194.0,66,Electronic check,0,insufficient_funds,638,high_value_repeat,No
0993-OSGPT,727.8,68,Bank transfer (automatic),0,insufficient_funds,50,high_value_repeat,Yes
9254-RBFON,1183.1999999999998,17,Bank transfer (automatic),1,bank_decline,378,occasional,No
1205-WNWPJ,714.0,7,Mailed check,1,insufficient_funds,575,occasional,Yes
9391-EOYLI,965.4000000000001,12,Electronic check,1,card_expired,386,occasional,No
7108-DGVUU,860.4000000000001,21,Bank transfer (automatic),0,bank_decline,339,occasional,No
2782-JEEBU,432.0,21,Mailed check,0,insufficient_funds,419,occasional,No
5127-BZENZ,782.4000000000001,56,Bank transfer (automatic),1,card_expired,347,high_value_repeat,No
2720-FVBQP,587.4000000000001,6,Credit card (automatic),1,insufficient_funds,404,occasional,No
9906-NHHVC,642.0,65,Bank transfer (automatic),3,bank_decline,297,high_value_repeat,Yes
4522-XRWWI,965.4000000000001,42,Credit card (automatic),0,insufficient_funds,566,high_value_repeat,Yes
3766-EJLFL,1308.6,68,Bank transfer (automatic),1,network_error,3638,high_value_repeat,Yes
5939-SXWHM,315.6,48,Bank transfer (automatic),0,network_error,2393,high_value_repeat,Yes
8152-UOBNY,1281.6,50,Electronic check,0,insufficient_funds,192,high_value_repeat,Yes
7351-KYHQH,779.4000000000001,7,Electronic check,1,insufficient_funds,321,occasional,Yes
7643-RCHXS,232.20000000000002,63,Electronic check,1,insufficient_funds,372,high_value_repeat,Yes
8246-SHFGA,253.20000000000002,17,Credit card (automatic),3,insufficient_funds,475,occasional,No
8387-MOJJT,935.4000000000001,42,Credit card (automatic),0,bank_decline,248,high_value_repeat,No
0620-XEFWH,226.20000000000002,4,Mailed check,0,bank_decline,284,occasional,No
6485-QXWWE,312.0,62,Bank transfer (automatic),1,card_expired,476,high_value_repeat,No
2761-OCIAX,896.4000000000001,2,Electronic check,1,card_expired,540,new_customer,No
7321-VGNKU,844.1999999999999,2,Electronic check,0,card_expired,306,new_customer,No
5327-CNLUQ,1162.8000000000002,48,Bank transfer (automatic),0,bank_decline,200,high_value_repeat,Yes
7552-KEYGT,234.60000000000002,27,Bank transfer (automatic),0,insufficient_funds,892,high_value_repeat,Yes
5816-JMLGY,964.8000000000001,70,Bank transfer (automatic),2,insufficient_funds,517,high_value_repeat,Yes
3068-OMWZA,1065.6,1,Electronic check,0,insufficient_funds,359,new_customer,Yes
2927-QRRQV,1135.8000000000002,46,Electronic check,0,card_expired,530,high_value_repeat,No
6032-KRXXO,1083.0,30,Electronic check,0,insufficient_funds,381,high_value_repeat,No
7459-RRWQZ,775.8000000000001,15,Bank transfer (automatic),0,insufficient_funds,530,occasional,No
6265-SXWBU,1149.0,69,Credit card (automatic),0,insufficient_funds,423,high_value_repeat,Yes
7941-RCJOW,234.60000000000002,65,Credit card (automatic),1,network_error,2573,high_value_repeat,Yes
6374-NTQLP,1249.1999999999998,72,Credit card (automatic),0,insufficient_funds,382,high_value_repeat,Yes
4154-AQUGT,1068.6,13,Bank transfer (automatic),2,insufficient_funds,182,occasional,Yes
2387-KDZQY,241.20000000000002,17,Mailed check,0,insufficient_funds,690,occasional,No
3584-WKTTW,1338.6,51,Electronic check,1,insufficient_funds,258,high_value_repeat,Yes
3399-BMLVW,726.0,51,Credit card (automatic),2,card_expired,195,high_value_repeat,No
1971-DTCZB,1091.4,72,Bank transfer (automatic),1,insufficient_funds,368,high_value_repeat,No
3092-IGHWF,1048.8000000000002,67,Electronic check,1,insufficient_funds,255,high_value_repeat,No
3374-PZLXD,236.39999999999998,34,Mailed check,0,card_expired,392,high_value_repeat,No
3813-DHBBB,611.4000000000001,67,Bank transfer (automatic),0,insufficient_funds,503,high_value_repeat,No
2812-REYAT,240.60000000000002,49,Bank transfer (automatic),1,insufficient_funds,549,high_value_repeat,No
6518-PPLMZ,232.79999999999998,53,Mailed check,3,bank_decline,522,high_value_repeat,No
4939-KYYPY,713.4000000000001,27,Electronic check,1,insufficient_funds,354,high_value_repeat,No
8017-LXHFA,1137.0,23,Electronic check,1,insufficient_funds,407,occasional,No
5930-GBIWP,978.0,69,Credit card (automatic),1,insufficient_funds,461,high_value_repeat,Yes
6022-KOUQO,348.6,2,Bank transfer (automatic),1,card_expired,136,new_customer,No
6352-TWCAU,1037.4,35,Electronic check,0,card_expired,485,high_value_repeat,No
2361-UPSND,847.1999999999999,46,Mailed check,1,card_expired,181,high_value_repeat,No
6035-RIIOM,1166.4,54,Bank transfer (automatic),3,network_error,4132,high_value_repeat,Yes
2929-QNSRW,1179.0,56,Electronic check,0,insufficient_funds,339,high_value_repeat,Yes
1262-OPMFY,909.0,9,Bank transfer (automatic),1,insufficient_funds,372,occasional,Yes
9504-DSHWM,710.4000000000001,20,Bank transfer (automatic),0,bank_decline,284,occasional,No
5035-BVCXS,910.8000000000001,11,Mailed check,1,bank_decline,305,occasional,Yes
6267-DCFFZ,1080.6,30,Electronic check,0,insufficient_funds,741,high_value_repeat,Yes
3533-UVMOM,851.4000000000001,68,Bank transfer (automatic),1,card_expired,541,high_value_repeat,Yes
2439-LYPMQ,1231.1999999999998,38,Electronic check,2,insufficient_funds,167,high_value_repeat,Yes
4248-QPAVC,1024.1999999999998,17,Bank transfer (automatic),0,insufficient_funds,625,occasional,No
1899-VXWXM,1273.1999999999998,48,Credit card (automatic),1,insufficient_funds,578,high_value_repeat,Yes
1478-VPOAD,525.5999999999999,1,Electronic check,2,insufficient_funds,357,new_customer,Yes
9995-HOTOH,708.0,63,Electronic check,3,network_error,2745,high_value_repeat,Yes
2988-PLAHS,839.4000000000001,3,Electronic check,0,card_expired,397,new_customer,No
1371-OJCEK,292.20000000000005,48,Bank transfer (automatic),0,insufficient_funds,695,high_value_repeat,Yes
4999-IEZLT,353.4,66,Credit card (automatic),0,insufficient_funds,280,high_value_repeat,Yes
8883-ANODQ,1012.8000000000001,68,Credit card (automatic),3,bank_decline,421,high_value_repeat,No
4690-LLKUA,540.5999999999999,17,Electronic check,3,insufficient_funds,335,occasional,Yes
2351-RRBUE,247.79999999999998,7,Mailed check,1,card_expired,185,occasional,No
5980-BDHPY,1045.1999999999998,72,Bank transfer (automatic),2,insufficient_funds,728,high_value_repeat,No
1498-DQNRX,238.20000000000002,29,Mailed check,1,card_expired,222,high_value_repeat,No
9469-WEJBT,1084.1999999999998,37,Electronic check,1,insufficient_funds,433,high_value_repeat,Yes
3331-HQDTW,1317.6,34,Mailed check,0,insufficient_funds,138,high_value_repeat,Yes
9490-DFPMD,1015.8000000000001,42,Electronic check,2,insufficient_funds,340,high_value_repeat,Yes
2581-VKIRT,786.0,59,Mailed check,0,insufficient_funds,463,high_value_repeat,Yes
5442-XSDCW,954.0,11,Bank transfer (automatic),2,insufficient_funds,276,occasional,Yes
7426-WEIJX,971.4000000000001,60,Electronic check,2,network_error,2969,high_value_repeat,Yes
2851-MMUTZ,673.8,27,Mailed check,1,insufficient_funds,359,high_value_repeat,Yes
3049-NDXFL,1029.6,1,Mailed check,0,insufficient_funds,574,new_customer,Yes
8580-AECUZ,949.1999999999999,1,Electronic check,0,card_expired,604,new_customer,No
3307-TLCUD,412.79999999999995,17,Mailed check,0,card_expired,311,occasional,No
6625-FLENO,249.0,58,Mailed check,0,bank_decline,411,high_value_repeat,No
2967-MXRAV,225.60000000000002,1,Mailed check,0,card_expired,427,new_customer,No
7963-GQRMY,531.5999999999999,3,Mailed check,3,card_expired,492,new_customer,No
8189-HBVRW,1089.6,53,Electronic check,1,card_expired,402,high_value_repeat,No
4163-KIUHY,307.20000000000005,35,Electronic check,0,bank_decline,428,high_value_repeat,No
1228-FZFRV,1271.4,50,Credit card (automatic),0,bank_decline,363,high_value_repeat,No
3500-NSDOA,849.5999999999999,68,Credit card (automatic),0,insufficient_funds,417,high_value_repeat,Yes
1171-TYKUR,304.79999999999995,47,Electronic check,1,insufficient_funds,594,high_value_repeat,Yes
3761-FLYZI,1305.6,65,Bank transfer (automatic),1,insufficient_funds,496,high_value_repeat,No
2058-DCJBE,837.0,5,Electronic check,3,card_expired,505,occasional,No
5364-XYIRR,1135.8000000000002,51,Electronic check,1,network_error,3078,high_value_repeat,No
4829-AUOAX,1152.6,46,Bank transfer (automatic),3,card_expired,376,high_value_repeat,No
1219-NNDDO,922.1999999999999,9,Electronic check,2,insufficient_funds,447,occasional,Yes
8388-DMKAE,243.0,8,Mailed check,0,network_error,1631,occasional,Yes
4403-BWPAY,297.6,14,Credit card (automatic),3,bank_decline,590,occasional,Yes
9659-QEQSY,1387.8000000000002,45,Electronic check,0,insufficient_funds,50,high_value_repeat,No
5405-ZMYXQ,895.1999999999999,8,Credit card (automatic),2,network_error,2430,occasional,Yes
5047-LHVLY,601.8,1,Mailed check,0,insufficient_funds,571,new_customer,Yes
1442-OKRJE,1237.8000000000002,66,Bank transfer (automatic),2,bank_decline,195,high_value_repeat,Yes
4737-AQCPU,865.1999999999999,72,Credit card (automatic),2,bank_decline,459,high_value_repeat,Yes
9158-VCTQB,1363.1999999999998,41,Bank transfer (automatic),2,card_expired,297,high_value_repeat,No
2808-CHTDM,301.20000000000005,23,Mailed check,2,network_error,2204,occasional,Yes
6311-UEUME,946.8000000000001,29,Electronic check,0,bank_decline,541,high_value_repeat,Yes
0793-TWELN,961.8000000000001,4,Electronic check,0,card_expired,429,occasional,No
3283-WCWXT,304.79999999999995,6,Mailed check,0,insufficient_funds,94,occasional,Yes
1060-ENTOF,1264.8000000000002,67,Credit card (automatic),0,network_error,1718,high_value_repeat,Yes
0999-QXNSA,549.0,7,Mailed check,1,insufficient_funds,546,occasional,No
5451-MHQOF,293.4,56,Mailed check,0,insufficient_funds,467,high_value_repeat,Yes
4836-WNFNO,300.0,72,Credit card (automatic),3,bank_decline,662,high_value_repeat,No
9225-BZLNZ,1023.0,72,Electronic check,1,network_error,3846,high_value_repeat,Yes
0354-VXMJC,235.20000000000002,23,Credit card (automatic),2,insufficient_funds,348,occasional,No
4422-QVIJA,601.8,35,Mailed check,0,insufficient_funds,775,high_value_repeat,Yes
9365-SRSZE,846.5999999999999,27,Electronic check,2,insufficient_funds,403,high_value_repeat,Yes
6839-ITVZJ,720.5999999999999,26,Electronic check,3,insufficient_funds,255,high_value_repeat,No
8332-OSJDW,316.79999999999995,12,Mailed check,1,insufficient_funds,304,occasional,Yes
4735-BJKOU,241.79999999999998,40,Mailed check,1,network_error,694,high_value_repeat,Yes
0274-JKUJR,706.2,7,Mailed check,2,insufficient_funds,641,occasional,No
5740-YHGTW,1170.6,70,Credit card (automatic),0,card_expired,639,high_value_repeat,No
8917-SZTTJ,235.79999999999998,60,Credit card (automatic),1,insufficient_funds,247,high_value_repeat,Yes
1696-MZVAU,303.0,39,Credit card (automatic),0,bank_decline,365,high_value_repeat,No
7359-WWYJV,1373.4,72,Credit card (automatic),0,insufficient_funds,414,high_value_repeat,Yes
0375-HVGXO,416.40000000000003,1,Electronic check,0,insufficient_funds,255,new_customer,Yes
4906-ZHGPK,848.4000000000001,54,Electronic check,0,insufficient_funds,136,high_value_repeat,Yes
8593-WHYHV,1023.5999999999999,3,Electronic check,0,card_expired,368,new_customer,No
3795-GWTRD,906.5999999999999,63,Credit card (automatic),0,card_expired,351,high_value_repeat,No
1298-PHBTI,1017.5999999999999,71,Electronic check,3,insufficient_funds,341,high_value_repeat,No
6223-DHJGV,247.79999999999998,42,Mailed check,1,insufficient_funds,433,high_value_repeat,Yes
6961-MJKBO,245.39999999999998,47,Bank transfer (automatic),3,insufficient_funds,614,high_value_repeat,No
6097-EQISJ,1229.4,66,Credit card (automatic),0,card_expired,354,high_value_repeat,No
4423-YLHDV,1252.8000000000002,21,Bank transfer (automatic),0,card_expired,425,occasional,No
8158-WPEZG,427.79999999999995,11,Electronic check,1,insufficient_funds,509,occasional,Yes
0107-YHINA,1197.0,1,Electronic check,0,insufficient_funds,483,new_customer,Yes
4918-FYJNT,1085.4,55,Electronic check,0,insufficient_funds,307,high_value_repeat,Yes
0727-BNRLG,1171.8000000000002,69,Credit card (automatic),1,insufficient_funds,414,high_value_repeat,No
4854-CIDCF,886.1999999999999,3,Electronic check,0,card_expired,482,new_customer,No
8640-SDGKB,892.8000000000001,4,Electronic check,1,insufficient_funds,230,occasional,No
3280-MRDOF,829.1999999999999,30,Credit card (automatic),1,insufficient_funds,589,high_value_repeat,Yes
6435-SRWBJ,993.0,5,Electronic check,0,insufficient_funds,614,occasional,No
9964-WBQDJ,292.79999999999995,71,Credit card (automatic),0,bank_decline,291,high_value_repeat,No
6303-KFWSL,663.0,29,Electronic check,2,bank_decline,429,high_value_repeat,No
1702-CCFNJ,736.2,52,Bank transfer (automatic),1,insufficient_funds,496,high_value_repeat,No
8932-CZHRQ,921.0,68,Credit card (automatic),0,insufficient_funds,318,high_value_repeat,Yes
0386-CWRGM,232.79999999999998,46,Mailed check,3,insufficient_funds,472,high_value_repeat,No
5515-RUGKN,657.0,8,Credit card (automatic),0,card_expired,424,occasional,No
0404-AHASP,236.39999999999998,72,Credit card (automatic),1,insufficient_funds,179,high_value_repeat,No
7279-NMVJC,238.79999999999998,17,Bank transfer (automatic),3,network_error,2867,occasional,Yes
2081-VEYEH,1295.4,3,Electronic check,0,card_expired,234,new_customer,No
6407-UTSLV,1005.5999999999999,2,Bank transfer (automatic),0,bank_decline,540,new_customer,No
4116-TZAQJ,891.0,9,Credit card (automatic),0,insufficient_funds,299,occasional,Yes
9060-HJJRW,676.8,51,Credit card (automatic),0,bank_decline,375,high_value_repeat,Yes
2587-YNLES,241.20000000000002,6,Mailed check,0,network_error,3597,occasional,No
7398-SKNQZ,1138.8000000000002,3,Electronic check,1,insufficient_funds,474,new_customer,Yes
5935-FCCNB,1130.4,17,Electronic check,0,insufficient_funds,238,occasional,Yes
1958-RNRKS,598.8,30,Electronic check,1,insufficient_funds,247,high_value_repeat,Yes
5136-RGMZO,852.5999999999999,31,Electronic check,3,insufficient_funds,310,high_value_repeat,No
8345-MVDYC,979.8000000000001,45,Bank transfer (automatic),2,insufficient_funds,459,high_value_repeat,No
8226-BXGES,1073.4,64,Bank transfer (automatic),1,card_expired,453,high_value_repeat,No
3877-JRJIP,718.2,1,Electronic check,0,insufficient_funds,273,new_customer,Yes
8375-DKEBR,835.1999999999999,1,Electronic check,1,bank_decline,224,new_customer,Yes
9705-IOVQQ,1188.0,61,Electronic check,1,insufficient_funds,442,high_value_repeat,Yes
1015-OWJKI,228.60000000000002,1,Mailed check,0,bank_decline,372,new_customer,Yes
7511-YMXVQ,544.8,9,Electronic check,0,insufficient_funds,723,occasional,Yes
2040-XBAVJ,1373.4,72,Bank transfer (automatic),2,network_error,2529,high_value_repeat,Yes
7551-JOHTI,234.0,1,Mailed check,0,insufficient_funds,672,new_customer,Yes
8887-IPQNC,531.0,7,Mailed check,0,insufficient_funds,224,occasional,Yes
8646-JCOMS,1086.6,66,Bank transfer (automatic),0,bank_decline,164,high_value_repeat,No
9804-ICWBG,838.8000000000001,1,Electronic check,0,insufficient_funds,231,new_customer,Yes
1222-KJNZD,244.79999999999998,40,Bank transfer (automatic),2,network_error,3451,high_value_repeat,Yes
0106-GHRQR,856.8000000000001,16,Bank transfer (automatic),1,card_expired,663,occasional,No
5318-IXUZF,1045.8000000000002,2,Bank transfer (automatic),2,card_expired,282,new_customer,No
3768-VHXQO,298.20000000000005,67,Credit card (automatic),0,card_expired,330,high_value_repeat,No
8952-WCVCD,1253.4,41,Bank transfer (automatic),0,network_error,1564,high_value_repeat,Yes
2418-TPEUN,237.60000000000002,56,Credit card (automatic),1,insufficient_funds,128,high_value_repeat,Yes
3963-RYFNS,1397.4,72,Bank transfer (automatic),0,network_error,3074,high_value_repeat,No
3198-VELRD,1017.0,3,Bank transfer (automatic),0,bank_decline,433,new_customer,No
8540-ZQGEA,240.60000000000002,54,Credit card (automatic),2,insufficient_funds,401,high_value_repeat,No
1320-REHCS,1329.0,52,Electronic check,0,insufficient_funds,189,high_value_repeat,Yes
4137-JOPHL,1076.4,50,Bank transfer (automatic),1,network_error,3811,high_value_repeat,Yes
9436-ZBZCT,1079.4,14,Electronic check,0,insufficient_funds,324,occasional,No
7801-CEDNV,584.4000000000001,27,Credit card (automatic),0,insufficient_funds,480,high_value_repeat,Yes
2057-BOYKM,1159.1999999999998,72,Bank transfer (automatic),0,insufficient_funds,181,high_value_repeat,No
3658-QQJYD,891.5999999999999,62,Credit card (automatic),3,card_expired,371,high_value_repeat,No
1803-BGNBD,651.5999999999999,12,Electronic check,2,insufficient_funds,443,occasional,Yes
0134-XWXCE,898.1999999999999,44,Bank transfer (automatic),3,card_expired,449,high_value_repeat,No
6950-TWMYB,959.4000000000001,54,Bank transfer (automatic),1,network_error,2623,high_value_repeat,Yes
5848-FHRFC,240.60000000000002,68,Bank transfer (automatic),0,insufficient_funds,474,high_value_repeat,Yes
2243-FNMMI,232.79999999999998,20,Mailed check,1,card_expired,230,occasional,No
2511-MORQY,658.8,50,Bank transfer (automatic),1,bank_decline,429,high_value_repeat,No
5356-KZCKT,293.4,58,Credit card (automatic),2,network_error,2591,high_value_repeat,Yes
9470-XCCEM,1075.8000000000002,35,Bank transfer (automatic),0,bank_decline,434,high_value_repeat,Yes
6519-CFDBX,544.8,2,Electronic check,1,insufficient_funds,410,new_customer,Yes
3902-MIVLE,908.4000000000001,63,Mailed check,0,network_error,1481,high_value_repeat,No
0409-WTMPL,1327.8000000000002,58,Credit card (automatic),0,insufficient_funds,202,high_value_repeat,No
8763-KIAFH,246.60000000000002,27,Mailed check,1,insufficient_funds,67,high_value_repeat,Yes
3669-WHAFY,1381.8000000000002,71,Credit card (automatic),1,insufficient_funds,522,high_value_repeat,No
3055-VTCGS,702.5999999999999,63,Credit card (automatic),0,insufficient_funds,524,high_value_repeat,Yes
3144-KMTWZ,1119.0,71,Bank transfer (automatic),0,bank_decline,526,high_value_repeat,Yes
7279-BUYWN,1358.4,41,Electronic check,1,insufficient_funds,446,high_value_repeat,No
7156-MHUGY,1086.0,13,Electronic check,2,network_error,793,occasional,Yes
7198-GLXTC,948.0,2,Electronic check,2,network_error,1678,new_customer,Yes
2007-QVGAW,232.20000000000002,68,Bank transfer (automatic),3,card_expired,425,high_value_repeat,No
5207-PLSTK,585.0,1,Mailed check,2,insufficient_funds,420,new_customer,Yes
2307-FYNNL,1308.6,65,Electronic check,0,card_expired,366,high_value_repeat,No
5605-XNWEN,300.0,72,Bank transfer (automatic),1,insufficient_funds,455,high_value_repeat,No
2155-AMQRX,658.8,28,Credit card (automatic),0,insufficient_funds,401,high_value_repeat,No
6181-AXXYF,297.0,72,Credit card (automatic),0,bank_decline,418,high_value_repeat,Yes
5091-HFAZW,1093.8000000000002,2,Electronic check,2,insufficient_funds,304,new_customer,Yes
0516-VRYBW,241.79999999999998,18,Bank transfer (automatic),0,insufficient_funds,547,occasional,Yes
2519-LBNQL,1252.1999999999998,60,Electronic check,3,bank_decline,335,high_value_repeat,No
8623-ULFNQ,792.5999999999999,26,Electronic check,1,insufficient_funds,200,high_value_repeat,Yes
8380-PEFPE,859.8000000000001,1,Electronic check,1,network_error,1883,new_customer,No
5687-DKDTV,244.20000000000002,4,Mailed check,1,insufficient_funds,347,occasional,No
1568-LJSZU,1106.4,68,Credit card (automatic),2,insufficient_funds,549,high_value_repeat,No
7530-HDYDS,1011.0,38,Credit card (automatic),1,insufficient_funds,393,high_value_repeat,Yes
7789-HKSBS,1262.4,42,Bank transfer (automatic),1,insufficient_funds,372,high_value_repeat,Yes
7416-CKTEP,235.20000000000002,57,Bank transfer (automatic),0,insufficient_funds,212,high_value_repeat,Yes
2586-CWXVV,364.79999999999995,54,Electronic check,1,network_error,3128,high_value_repeat,Yes
3096-IZETN,937.1999999999999,12,Bank transfer (automatic),0,card_expired,302,occasional,No
2348-KCJLT,738.0,44,Mailed check,1,bank_decline,384,high_value_repeat,Yes
8401-EMUWF,832.8000000000001,42,Bank transfer (automatic),1,insufficient_funds,622,high_value_repeat,No
4193-IBKSW,297.0,72,Bank transfer (automatic),1,card_expired,476,high_value_repeat,Yes
5377-NDTOU,1092.6,71,Mailed check,0,card_expired,155,high_value_repeat,No
5922-ABDVO,1075.8000000000002,19,Mailed check,0,bank_decline,134,occasional,Yes
2474-LCNUE,883.8000000000001,23,Credit card (automatic),1,insufficient_funds,390,occasional,Yes
0839-QNXME,232.79999999999998,30,Credit card (automatic),0,card_expired,218,high_value_repeat,No
3506-OVLKD,314.4,35,Bank transfer (automatic),0,bank_decline,497,high_value_repeat,No
9172-ANCRX,1184.4,10,Electronic check,0,insufficient_funds,406,occasional,Yes
6650-VJONK,526.2,1,Bank transfer (automatic),3,bank_decline,424,new_customer,Yes
2178-PMGCJ,836.4000000000001,22,Mailed check,1,insufficient_funds,293,occasional,Yes
7492-TAFJD,462.59999999999997,7,Mailed check,0,network_error,3893,occasional,No
2773-MADBQ,637.2,36,Mailed check,0,bank_decline,826,high_value_repeat,No
6016-LVTJQ,247.79999999999998,34,Mailed check,0,network_error,2277,high_value_repeat,Yes
7860-KSUGX,773.4000000000001,72,Credit card (automatic),2,insufficient_funds,452,high_value_repeat,No
8966-KZXXA,301.20000000000005,36,Credit card (automatic),1,insufficient_funds,414,high_value_repeat,Yes
6910-HADCM,916.1999999999999,1,Electronic check,0,bank_decline,361,new_customer,No
4816-LXZYW,949.8000000000001,23,Electronic check,0,card_expired,275,occasional,No
9606-PBKBQ,1020.0,32,Electronic check,0,insufficient_funds,237,high_value_repeat,Yes
5149-QYTTU,1141.8000000000002,71,Credit card (automatic),1,network_error,1591,high_value_repeat,Yes
2070-XYMFH,952.1999999999999,23,Mailed check,2,card_expired,460,occasional,No
2085-BOJKI,1159.8000000000002,17,Bank transfer (automatic),0,insufficient_funds,322,occasional,Yes
0817-HSUSE,906.0,1,Electronic check,0,insufficient_funds,50,new_customer,Yes
5442-PPTJY,236.39999999999998,12,Mailed check,0,insufficient_funds,466,occasional,No
1927-QEWMY,246.0,72,Credit card (automatic),3,card_expired,394,high_value_repeat,No
1663-MHLHE,230.39999999999998,1,Mailed check,0,card_expired,602,new_customer,No
5663-QBGIS,1180.1999999999998,72,Bank transfer (automatic),2,card_expired,455,high_value_repeat,No
4450-MDZFX,892.1999999999999,60,Bank transfer (automatic),1,bank_decline,178,high_value_repeat,No
6701-DHKWQ,616.2,61,Credit card (automatic),0,bank_decline,65,high_value_repeat,No
7554-AKDQF,547.8,6,Mailed check,0,card_expired,292,occasional,No
3536-IQCTX,1023.5999999999999,32,Electronic check,0,insufficient_funds,306,high_value_repeat,Yes
4911-BANWH,1038.6,31,Credit card (automatic),1,network_error,3254,high_value_repeat,Yes
8496-EJAUI,886.1999999999999,19,Credit card (automatic),2,insufficient_funds,398,occasional,Yes
0794-YVSGE,243.60000000000002,72,Bank transfer (automatic),1,card_expired,570,high_value_repeat,No
5423-BHIXO,650.4000000000001,32,Electronic check,1,card_expired,201,high_value_repeat,No
6908-VVYHM,1087.8000000000002,65,Electronic check,0,insufficient_funds,544,high_value_repeat,Yes
2959-EEXWB,610.8,45,Bank transfer (automatic),3,bank_decline,508,high_value_repeat,Yes
1839-UMACK,300.6,42,Electronic check,2,insufficient_funds,97,high_value_repeat,No
3030-YDNRM,898.1999999999999,8,Electronic check,0,network_error,3558,occasional,Yes
7321-KKSDU,246.0,32,Mailed check,3,insufficient_funds,414,high_value_repeat,No
3402-XRIUO,762.5999999999999,22,Mailed check,1,bank_decline,458,occasional,No
3132-TVFDZ,538.2,57,Electronic check,1,insufficient_funds,270,high_value_repeat,No
8286-AFUYI,575.4000000000001,1,Electronic check,1,insufficient_funds,591,new_customer,Yes
8080-DDEMJ,541.2,1,Electronic check,2,insufficient_funds,222,new_customer,No
8356-WUAOJ,540.0,1,Electronic check,1,insufficient_funds,524,new_customer,Yes
6365-MTGZX,1152.0,24,Electronic check,0,insufficient_funds,523,occasional,Yes
1349-WXNGG,240.60000000000002,1,Bank transfer (automatic),0,card_expired,253,new_customer,No
8058-DMYRU,1080.6,54,Electronic check,3,insufficient_funds,697,high_value_repeat,Yes
9350-ZXYJC,303.6,4,Credit card (automatic),0,insufficient_funds,434,occasional,Yes
6990-YNRIO,1303.8000000000002,65,Bank transfer (automatic),0,insufficient_funds,498,high_value_repeat,Yes
8958-JPTRR,291.6,56,Electronic check,0,bank_decline,170,high_value_repeat,Yes
6959-GQEGV,911.4000000000001,45,Electronic check,0,network_error,4194,high_value_repeat,Yes
3173-WSSUE,236.39999999999998,71,Credit card (automatic),1,network_error,1520,high_value_repeat,Yes
1265-HVPZB,796.8000000000001,59,Credit card (automatic),3,network_error,3319,high_value_repeat,Yes
4115-UMJFQ,429.0,69,Bank transfer (automatic),0,insufficient_funds,250,high_value_repeat,No
7369-TRPFD,225.60000000000002,19,Mailed check,0,insufficient_funds,307,occasional,Yes
1098-KFQEC,232.79999999999998,55,Credit card (automatic),0,insufficient_funds,518,high_value_repeat,Yes
7190-XHTWJ,231.60000000000002,38,Mailed check,2,bank_decline,554,high_value_repeat,Yes
0621-TWIEM,546.5999999999999,10,Electronic check,1,bank_decline,209,occasional,No
3537-RYBHH,809.4000000000001,47,Credit card (automatic),0,card_expired,563,high_value_repeat,No
2485-ITVKB,421.20000000000005,2,Electronic check,2,insufficient_funds,556,new_customer,No
3669-OYSJI,554.4000000000001,1,Credit card (automatic),2,insufficient_funds,259,new_customer,Yes
1612-EOHDH,541.8,1,Electronic check,2,insufficient_funds,639,new_customer,Yes
6702-OHFWR,519.5999999999999,1,Electronic check,3,card_expired,181,new_customer,No
5296-BFCYD,241.20000000000002,46,Mailed check,0,insufficient_funds,306,high_value_repeat,Yes
4510-PYUSH,685.8,38,Credit card (automatic),2,bank_decline,471,high_value_repeat,Yes
9359-JANWS,706.8,65,Credit card (automatic),1,insufficient_funds,271,high_value_repeat,No
7517-SAWMO,878.4000000000001,19,Electronic check,2,bank_decline,439,occasional,Yes
4143-HHPMK,1024.1999999999998,52,Electronic check,1,network_error,2692,high_value_repeat,No
3279-DYZQM,233.39999999999998,71,Mailed check,2,network_error,2350,high_value_repeat,Yes
7054-LGEQW,551.4000000000001,1,Mailed check,1,card_expired,524,new_customer,No
0523-VNGTF,606.0,52,Electronic check,0,card_expired,365,high_value_repeat,No
9575-IWCAZ,301.20000000000005,6,Mailed check,1,card_expired,434,occasional,No
7105-MXJLL,728.4000000000001,26,Mailed check,3,card_expired,571,high_value_repeat,Yes
7064-FRRSW,1188.0,48,Electronic check,3,card_expired,518,high_value_repeat,No
7940-UQQUG,1252.8000000000002,64,Bank transfer (automatic),0,bank_decline,517,high_value_repeat,Yes
0923-PNFUB,1005.0,3,Electronic check,0,network_error,1580,new_customer,Yes
3961-SXAXY,528.5999999999999,1,Bank transfer (automatic),0,network_error,2919,new_customer,Yes
7010-BRBUU,289.20000000000005,72,Credit card (automatic),1,bank_decline,268,high_value_repeat,Yes
3566-HJGPK,546.5999999999999,1,Mailed check,2,insufficient_funds,207,new_customer,No
3062-ICYZQ,1125.6,51,Electronic check,0,insufficient_funds,389,high_value_repeat,No
9938-PRCVK,236.39999999999998,41,Bank transfer (automatic),1,card_expired,264,high_value_repeat,No
0973-KYVNF,847.8000000000001,72,Credit card (automatic),2,card_expired,518,high_value_repeat,No
5129-HHMZC,1037.4,43,Credit card (automatic),1,bank_decline,522,high_value_repeat,Yes
9637-CDTKZ,1369.1999999999998,72,Credit card (automatic),1,insufficient_funds,114,high_value_repeat,No
3946-JEWRQ,1142.4,47,Credit card (automatic),1,card_expired,275,high_value_repeat,No
7873-CVMAW,1062.6,72,Credit card (automatic),1,card_expired,181,high_value_repeat,No
0463-WZZKO,249.0,3,Credit card (automatic),0,insufficient_funds,330,new_customer,Yes
3494-JCHRQ,840.5999999999999,1,Electronic check,1,card_expired,468,new_customer,No
6474-FVJLC,1032.0,2,Electronic check,1,bank_decline,363,new_customer,Yes
4524-QCSSM,535.8,26,Bank transfer (automatic),2,insufficient_funds,311,high_value_repeat,Yes
5832-EXGTT,722.4000000000001,29,Mailed check,1,card_expired,595,high_value_repeat,No
8840-DQLGN,1206.0,35,Bank transfer (automatic),2,card_expired,54,high_value_repeat,No
2039-JONDJ,665.4000000000001,27,Bank transfer (automatic),0,insufficient_funds,585,high_value_repeat,Yes
7217-JYHOQ,843.5999999999999,24,Credit card (automatic),1,insufficient_funds,318,occasional,Yes
6695-FRVEC,724.8,67,Bank transfer (automatic),0,bank_decline,388,high_value_repeat,No
4547-LYTDD,871.8000000000001,16,Electronic check,0,insufficient_funds,320,occasional,Yes
9894-QMIMJ,669.5999999999999,23,Bank transfer (automatic),1,insufficient_funds,631,occasional,No
8069-YQQAJ,373.20000000000005,14,Mailed check,3,insufficient_funds,215,occasional,Yes
6770-XUAGN,252.0,1,Electronic check,0,network_error,2509,new_customer,Yes
4193-ORFCL,541.2,1,Mailed check,0,card_expired,479,new_customer,No
1636-NTNCO,611.4000000000001,4,Credit card (automatic),2,card_expired,158,occasional,No
3466-WAESX,829.1999999999999,16,Electronic check,0,insufficient_funds,262,occasional,Yes
9281-PKKZE,527.4000000000001,46,Electronic check,1,bank_decline,377,high_value_repeat,No
3638-VBZTA,1038.0,68,Bank transfer (automatic),1,insufficient_funds,267,high_value_repeat,Yes
7459-IMVYU,839.4000000000001,38,Electronic check,1,insufficient_funds,277,high_value_repeat,No
7776-QWNFX,604.8,30,Bank transfer (automatic),0,card_expired,347,high_value_repeat,No
6689-TCZHQ,947.4000000000001,5,Electronic check,0,insufficient_funds,497,occasional,Yes
8563-OYMQY,1091.4,17,Credit card (automatic),2,bank_decline,348,occasional,No
0754-EEBDC,238.79999999999998,4,Mailed check,1,bank_decline,561,occasional,No
5777-ZPQNC,241.79999999999998,12,Electronic check,0,insufficient_funds,250,occasional,Yes
1951-IEYXM,1087.1999999999998,72,Credit card (automatic),2,bank_decline,212,high_value_repeat,No
3318-NMQXL,1104.0,3,Electronic check,0,network_error,4041,new_customer,No
3143-ILDAL,1133.4,56,Electronic check,1,bank_decline,301,high_value_repeat,Yes
1022-RKXDR,298.20000000000005,41,Mailed check,0,insufficient_funds,203,high_value_repeat,Yes
2361-FJWNO,432.0,40,Credit card (automatic),3,card_expired,138,high_value_repeat,No
2272-UOINI,942.0,7,Electronic check,0,insufficient_funds,561,occasional,Yes
8232-UTFOZ,239.39999999999998,69,Credit card (automatic),0,bank_decline,348,high_value_repeat,Yes
3750-YHRYO,247.79999999999998,7,Mailed check,0,insufficient_funds,361,occasional,Yes
6637-KYRCV,366.0,5,Electronic check,0,card_expired,376,occasional,No
5668-MEISB,1273.1999999999998,72,Credit card (automatic),2,insufficient_funds,551,high_value_repeat,No
0129-QMPDR,246.0,44,Bank transfer (automatic),3,insufficient_funds,373,high_value_repeat,No
7188-CBBBA,1146.0,65,Electronic check,0,card_expired,751,high_value_repeat,No
5356-CSVSQ,775.1999999999999,3,Electronic check,0,bank_decline,420,new_customer,Yes
3221-CJMSG,613.2,24,Credit card (automatic),1,card_expired,559,occasional,No
4720-VSTSI,1017.5999999999999,44,Bank transfer (automatic),2,bank_decline,520,high_value_repeat,No
3219-JQRSL,1069.1999999999998,72,Credit card (automatic),1,insufficient_funds,394,high_value_repeat,No
2801-NISEI,659.4000000000001,24,Electronic check,0,card_expired,311,occasional,No
3946-MHCZW,610.8,1,Mailed check,0,card_expired,449,new_customer,No
4623-ZKHLY,245.39999999999998,22,Bank transfer (automatic),1,insufficient_funds,476,occasional,Yes
6732-VAILE,1031.4,70,Credit card (automatic),0,card_expired,314,high_value_repeat,No
8201-AAXCB,724.2,25,Electronic check,1,network_error,2633,high_value_repeat,Yes
7696-CFTAT,237.60000000000002,37,Bank transfer (automatic),0,card_expired,585,high_value_repeat,Yes
1845-CSBRZ,1024.1999999999998,22,Bank transfer (automatic),2,network_error,4155,occasional,No
2123-VSCOT,865.1999999999999,59,Bank transfer (automatic),0,card_expired,528,high_value_repeat,No
6651-AZVTJ,1197.6,49,Electronic check,1,insufficient_funds,679,high_value_repeat,No
4566-GOLUK,1288.1999999999998,47,Bank transfer (automatic),1,insufficient_funds,305,high_value_repeat,Yes
2484-DGXPZ,234.60000000000002,31,Mailed check,1,card_expired,505,high_value_repeat,Yes
2018-QKYGT,972.5999999999999,1,Electronic check,0,insufficient_funds,600,new_customer,Yes
2792-VPPET,246.0,3,Electronic check,1,insufficient_funds,265,new_customer,No
7409-JURKQ,1341.6,53,Bank transfer (automatic),1,insufficient_funds,327,high_value_repeat,Yes
3247-MHJKM,242.39999999999998,1,Mailed check,1,card_expired,660,new_customer,No
1964-SVLEA,236.39999999999998,20,Mailed check,1,insufficient_funds,253,occasional,No
4587-NUKOX,949.1999999999999,3,Electronic check,1,network_error,1427,new_customer,Yes
7297-DVYGA,238.20000000000002,51,Bank transfer (automatic),2,card_expired,629,high_value_repeat,No
2239-CGBUZ,726.0,51,Bank transfer (automatic),0,insufficient_funds,579,high_value_repeat,Yes
0854-UYHZD,234.60000000000002,13,Mailed check,2,network_error,2845,occasional,Yes
7243-LCGGZ,250.79999999999998,1,Mailed check,1,card_expired,393,new_customer,No
8267-KFGYD,252.60000000000002,1,Mailed check,0,card_expired,334,new_customer,No
4890-VMUAV,858.0,63,Electronic check,0,card_expired,442,high_value_repeat,No
9261-WDCAF,655.8,3,Mailed check,0,insufficient_funds,636,new_customer,No
3764-MNMOI,230.39999999999998,46,Credit card (automatic),2,network_error,2690,high_value_repeat,Yes
7442-YGZFK,597.5999999999999,1,Credit card (automatic),1,insufficient_funds,725,new_customer,Yes
0420-BWTPW,306.0,8,Mailed check,2,bank_decline,265,occasional,No
8229-BUJHX,246.0,71,Bank transfer (automatic),1,bank_decline,397,high_value_repeat,No
7449-HVPIV,1084.8000000000002,55,Credit card (automatic),0,card_expired,344,high_value_repeat,No
5504-WSIUR,1083.0,70,Bank transfer (automatic),0,insufficient_funds,237,high_value_repeat,No
8183-ONMXC,969.0,2,Electronic check,0,insufficient_funds,377,new_customer,No
8466-PZBLH,1255.1999999999998,67,Bank transfer (automatic),0,insufficient_funds,462,high_value_repeat,Yes
9614-RMGHA,1102.1999999999998,65,Bank transfer (automatic),0,card_expired,478,high_value_repeat,No
8735-IJJEG,602.4000000000001,14,Credit card (automatic),0,insufficient_funds,725,occasional,Yes
0564-MUUQK,1146.0,20,Bank transfer (automatic),1,card_expired,469,occasional,No
5054-IEXZT,904.1999999999999,1,Electronic check,1,insufficient_funds,572,new_customer,No
5834-ASPWA,905.4000000000001,1,Electronic check,3,bank_decline,409,new_customer,No
0701-RFGFI,1144.8000000000002,49,Bank transfer (automatic),3,insufficient_funds,651,high_value_repeat,No
0019-EFAEP,1215.6,72,Bank transfer (automatic),1,bank_decline,759,high_value_repeat,Yes
5619-PTMIK,637.2,46,Electronic check,0,bank_decline,479,high_value_repeat,Yes
3737-XBQDD,1018.1999999999999,24,Bank transfer (automatic),1,card_expired,251,occasional,No
5882-CMAZQ,411.0,5,Electronic check,2,network_error,2060,occasional,Yes
5846-QFDFI,1063.1999999999998,33,Credit card (automatic),0,insufficient_funds,442,high_value_repeat,Yes
4445-KWOKW,721.8,42,Bank transfer (automatic),0,card_expired,468,high_value_repeat,No
3511-APPBJ,1199.4,23,Credit card (automatic),2,insufficient_funds,504,occasional,Yes
7967-HYCDE,848.4000000000001,8,Bank transfer (automatic),0,insufficient_funds,469,occasional,Yes
2430-RRYUW,657.5999999999999,66,Mailed check,1,card_expired,401,high_value_repeat,No
3948-XHGNA,594.5999999999999,24,Bank transfer (automatic),1,card_expired,304,occasional,No
3723-BFBGR,657.5999999999999,24,Credit card (automatic),0,card_expired,460,occasional,No
0565-IYCGT,943.1999999999999,69,Credit card (automatic),0,insufficient_funds,678,high_value_repeat,Yes
5447-WZAFP,1203.6,53,Mailed check,0,insufficient_funds,552,high_value_repeat,No
5110-CHOPY,643.2,60,Electronic check,0,insufficient_funds,480,high_value_repeat,Yes
5445-UTODQ,973.1999999999999,7,Electronic check,0,insufficient_funds,554,occasional,No
4425-OWHWB,232.20000000000002,20,Credit card (automatic),2,insufficient_funds,344,occasional,Yes
7892-QVYKW,1027.1999999999998,23,Electronic check,0,insufficient_funds,323,occasional,Yes
9675-ICXCT,969.5999999999999,72,Electronic check,1,insufficient_funds,287,high_value_repeat,Yes
1024-VRZHF,899.4000000000001,11,Electronic check,0,bank_decline,381,occasional,Yes
4703-MQYKT,235.20000000000002,21,Mailed check,3,insufficient_funds,336,occasional,No
9497-QCMMS,1122.6,1,Electronic check,0,network_error,3466,new_customer,Yes
5692-ICXLW,1088.4,31,Electronic check,0,insufficient_funds,328,high_value_repeat,Yes
0602-DDUML,837.0,57,Mailed check,2,bank_decline,279,high_value_repeat,No
2208-MPXIO,240.0,45,Bank transfer (automatic),2,card_expired,691,high_value_repeat,No
1960-UYCNN,1143.0,10,Electronic check,0,insufficient_funds,332,occasional,Yes
0348-SDKOL,1225.1999999999998,58,Credit card (automatic),2,card_expired,423,high_value_repeat,No
3190-FZATL,239.39999999999998,14,Mailed check,1,insufficient_funds,467,occasional,No
7336-RLLRH,970.1999999999999,27,Mailed check,1,card_expired,229,high_value_repeat,No
4373-MAVJG,1090.8000000000002,14,Bank transfer (automatic),0,insufficient_funds,585,occasional,Yes
8901-HJXTF,350.4,12,Mailed check,0,bank_decline,495,occasional,Yes
7710-JSYOA,1119.6,69,Bank transfer (automatic),1,insufficient_funds,633,high_value_repeat,No
5419-KLXBN,1069.8000000000002,25,Bank transfer (automatic),1,insufficient_funds,298,high_value_repeat,Yes
3424-NMNBO,1306.1999999999998,58,Electronic check,0,network_error,2579,high_value_repeat,Yes
9885-MFVSU,556.2,35,Credit card (automatic),1,insufficient_funds,405,high_value_repeat,Yes
4514-GFCFI,1017.0,16,Electronic check,2,bank_decline,439,occasional,No
0607-MVMGC,945.0,45,Credit card (automatic),0,card_expired,181,high_value_repeat,No
3365-SAIGS,1002.5999999999999,17,Electronic check,1,network_error,2588,occasional,Yes
9828-AOQLM,548.4000000000001,1,Electronic check,0,insufficient_funds,186,new_customer,Yes
8022-BECSI,235.20000000000002,22,Mailed check,2,bank_decline,453,occasional,No
8000-REIQB,839.4000000000001,1,Electronic check,1,network_error,797,new_customer,No
9993-LHIEB,814.1999999999999,67,Mailed check,3,insufficient_funds,122,high_value_repeat,No
0266-CLZKZ,1267.8000000000002,67,Bank transfer (automatic),0,insufficient_funds,522,high_value_repeat,No
7615-ESMYF,535.2,2,Electronic check,0,insufficient_funds,317,new_customer,Yes
3858-VOBET,899.4000000000001,23,Electronic check,0,bank_decline,251,occasional,No
7020-OZKXZ,906.0,9,Credit card (automatic),0,insufficient_funds,590,occasional,No
3977-QCRSL,241.79999999999998,5,Mailed check,0,card_expired,449,occasional,No
0017-DINOC,542.4000000000001,54,Credit card (automatic),3,insufficient_funds,530,high_value_repeat,No
1447-PJGGA,1143.0,57,Electronic check,0,insufficient_funds,375,high_value_repeat,Yes
8565-CLBZW,1078.1999999999998,24,Mailed check,0,card_expired,801,occasional,No
9139-WQQDY,1205.4,49,Mailed check,2,bank_decline,309,high_value_repeat,No
0224-HJAPT,565.8,5,Electronic check,0,card_expired,661,occasional,No
8086-OVPWV,962.4000000000001,2,Electronic check,2,bank_decline,390,new_customer,Yes
9430-FRQOC,1045.1999999999998,4,Mailed check,0,card_expired,151,occasional,No
7639-OPLNG,951.0,70,Bank transfer (automatic),1,insufficient_funds,472,high_value_repeat,Yes
3074-GQWYX,910.8000000000001,5,Bank transfer (automatic),0,insufficient_funds,447,occasional,Yes
1492-QGCLU,1028.4,53,Electronic check,0,card_expired,242,high_value_repeat,No
6845-RGTYS,1185.0,47,Electronic check,3,bank_decline,261,high_value_repeat,No
7328-OWMOM,241.20000000000002,31,Credit card (automatic),0,bank_decline,396,high_value_repeat,No
4418-LZMSV,741.5999999999999,13,Bank transfer (automatic),1,insufficient_funds,452,occasional,Yes
5155-AZQPB,598.8,28,Mailed check,0,insufficient_funds,50,high_value_repeat,No
8861-HGGKB,1037.4,10,Electronic check,0,insufficient_funds,557,occasional,Yes
1087-GRUYI,244.79999999999998,38,Bank transfer (automatic),2,bank_decline,325,high_value_repeat,Yes
7065-YUNRY,543.5999999999999,1,Mailed check,0,bank_decline,200,new_customer,No
7694-VLBWQ,1249.1999999999998,67,Electronic check,1,network_error,3252,high_value_repeat,No
2546-KZAAT,904.8000000000001,52,Mailed check,3,insufficient_funds,396,high_value_repeat,Yes
0181-RITDD,1297.8000000000002,62,Mailed check,1,card_expired,582,high_value_repeat,No
5989-PGKJB,1035.0,16,Electronic check,3,card_expired,465,occasional,No
4795-KTRTH,972.0,5,Electronic check,0,insufficient_funds,399,occasional,Yes
8272-ONJLV,1148.4,12,Electronic check,0,card_expired,377,occasional,No
1488-PBLJN,1402.1999999999998,72,Bank transfer (automatic),0,insufficient_funds,472,high_value_repeat,Yes
0308-GIQJT,1269.0,71,Bank transfer (automatic),1,insufficient_funds,337,high_value_repeat,Yes
3778-FOAQW,241.79999999999998,24,Mailed check,3,bank_decline,272,occasional,No
4452-ROHMO,235.20000000000002,15,Mailed check,0,network_error,2987,occasional,Yes
6481-OGDOO,1087.1999999999998,67,Credit card (automatic),1,insufficient_funds,378,high_value_repeat,No
3090-LETTY,731.4000000000001,2,Bank transfer (automatic),0,card_expired,405,new_customer,Yes
5349-AZPEW,300.6,5,Mailed check,1,insufficient_funds,563,occasional,Yes
3753-TSEMP,1057.8000000000002,15,Electronic check,1,network_error,2408,occasional,Yes
8305-VHZBZ,242.39999999999998,1,Mailed check,3,network_error,2512,new_customer,Yes
9720-JJJOR,723.5999999999999,41,Bank transfer (automatic),1,network_error,2020,high_value_repeat,Yes
8100-HZZLJ,767.4000000000001,43,Electronic check,0,network_error,2844,high_value_repeat,Yes
8775-ERLNB,891.5999999999999,1,Electronic check,0,insufficient_funds,452,new_customer,No
8309-IEYJD,847.1999999999999,1,Mailed check,0,insufficient_funds,535,new_customer,No
9172-JITSM,1089.6,26,Electronic check,0,card_expired,313,high_value_repeat,No
6298-QDFNH,952.1999999999999,22,Electronic check,0,insufficient_funds,331,occasional,No
7398-HPYZQ,1086.6,71,Bank transfer (automatic),2,network_error,3133,high_value_repeat,No
3546-GHEAE,233.39999999999998,7,Mailed check,1,insufficient_funds,437,occasional,Yes
7361-YPXFS,773.4000000000001,28,Bank transfer (automatic),1,insufficient_funds,264,high_value_repeat,Yes
6557-BZXLQ,835.8000000000001,16,Electronic check,0,insufficient_funds,595,occasional,Yes
2550-QHZGP,234.0,7,Mailed check,2,bank_decline,145,occasional,Yes
7519-JTWQH,1326.0,69,Bank transfer (automatic),1,insufficient_funds,517,high_value_repeat,No
2538-OIMXF,296.4,1,Mailed check,0,card_expired,210,new_customer,No
8543-MSDMF,928.8000000000001,3,Electronic check,1,insufficient_funds,682,new_customer,No
9961-JBNMK,1161.6,21,Bank transfer (automatic),1,insufficient_funds,168,occasional,Yes
1170-SASML,1024.8000000000002,69,Bank transfer (automatic),0,card_expired,572,high_value_repeat,No
4872-JCVCA,571.2,71,Bank transfer (automatic),1,network_error,2434,high_value_repeat,Yes
5346-BZCHP,232.79999999999998,69,Mailed check,1,card_expired,345,high_value_repeat,No
2038-LLMLM,1246.1999999999998,48,Electronic check,0,bank_decline,427,high_value_repeat,Yes
6173-ITPWD,1000.1999999999999,47,Bank transfer (automatic),3,insufficient_funds,494,high_value_repeat,No
9734-UYXQI,592.8,2,Electronic check,2,insufficient_funds,264,new_customer,Yes
1216-BGTSP,1301.4,45,Credit card (automatic),1,bank_decline,277,high_value_repeat,No
4138-NAXED,972.0,51,Bank transfer (automatic),1,insufficient_funds,497,high_value_repeat,No
2189-UXTKY,950.4000000000001,22,Electronic check,0,card_expired,143,occasional,No
0744-BIKKF,1039.8000000000002,72,Bank transfer (automatic),1,network_error,2032,high_value_repeat,Yes
7483-IQWIB,1115.4,37,Electronic check,1,insufficient_funds,856,high_value_repeat,Yes
5248-KWLAR,1084.1999999999998,71,Electronic check,0,network_error,1725,high_value_repeat,Yes
4958-GZWIY,584.4000000000001,7,Electronic check,1,insufficient_funds,572,occasional,No
7996-MHXLW,301.79999999999995,66,Credit card (automatic),2,insufficient_funds,312,high_value_repeat,Yes
7833-PKIHD,916.8000000000001,51,Bank transfer (automatic),1,insufficient_funds,476,high_value_repeat,Yes
7061-OVMIM,234.60000000000002,30,Bank transfer (automatic),0,bank_decline,498,high_value_repeat,Yes
5153-RTHKF,1024.1999999999998,34,Electronic check,2,insufficient_funds,569,high_value_repeat,No
1852-QSWCD,297.6,64,Mailed check,0,network_error,2339,high_value_repeat,Yes
4832-VRBMR,1237.8000000000002,65,Bank transfer (automatic),0,bank_decline,698,high_value_repeat,No
9079-LWTFD,1209.0,47,Mailed check,0,card_expired,311,high_value_repeat,No
6356-ELRKD,1147.1999999999998,1,Electronic check,0,card_expired,435,new_customer,No
8624-GIOUT,717.0,49,Credit card (automatic),2,card_expired,436,high_value_repeat,No
3392-EHMNK,1129.1999999999998,67,Credit card (automatic),1,insufficient_funds,231,high_value_repeat,Yes
5986-WWXDV,232.20000000000002,39,Bank transfer (automatic),0,card_expired,357,high_value_repeat,No
3061-BCKYI,238.79999999999998,14,Mailed check,2,card_expired,424,occasional,No
6179-GJPSO,1297.8000000000002,43,Credit card (automatic),2,bank_decline,335,high_value_repeat,Yes
7901-TBKJX,1212.6,56,Electronic check,2,bank_decline,766,high_value_repeat,No
7228-PAQPD,709.2,14,Credit card (automatic),0,bank_decline,274,occasional,Yes
3177-LASXD,856.1999999999999,1,Electronic check,1,bank_decline,576,new_customer,Yes
7746-QYVCO,670.2,16,Mailed check,3,card_expired,528,occasional,No
5804-HYIEZ,1272.6,70,Electronic check,2,network_error,2488,high_value_repeat,Yes
9919-FZDED,1009.1999999999999,72,Credit card (automatic),0,bank_decline,270,high_value_repeat,No
5934-TSSAU,903.5999999999999,23,Credit card (automatic),0,insufficient_funds,284,occasional,Yes
3486-KHMLI,296.4,21,Mailed check,1,bank_decline,322,occasional,No
4897-QSUYC,241.79999999999998,1,Mailed check,3,insufficient_funds,132,new_customer,Yes
1084-UQCHV,837.0,1,Bank transfer (automatic),1,card_expired,249,new_customer,No
8290-YWKHZ,1118.4,32,Electronic check,1,network_error,1314,high_value_repeat,Yes
2955-BJZHG,970.1999999999999,17,Electronic check,0,bank_decline,601,occasional,Yes
3806-DXQOM,403.79999999999995,4,Electronic check,1,insufficient_funds,492,occasional,Yes
6784-XYJAE,669.5999999999999,36,Electronic check,2,network_error,3128,high_value_repeat,Yes
3933-DQPWX,476.40000000000003,50,Credit card (automatic),0,card_expired,488,high_value_repeat,No
6661-EIPZC,354.0,48,Credit card (automatic),2,insufficient_funds,425,high_value_repeat,No
8957-THMOA,241.79999999999998,50,Credit card (automatic),3,network_error,3668,high_value_repeat,Yes
2251-PYLPB,954.5999999999999,72,Credit card (automatic),0,card_expired,308,high_value_repeat,No
5555-RNPGT,297.6,10,Credit card (automatic),1,network_error,2585,occasional,Yes
1057-FOGLZ,235.79999999999998,18,Mailed check,0,insufficient_funds,512,occasional,No
9300-RENDD,959.4000000000001,1,Electronic check,2,card_expired,201,new_customer,No
0761-AETCS,231.60000000000002,1,Electronic check,1,card_expired,864,new_customer,No
8087-LGYHQ,1128.6,9,Electronic check,1,insufficient_funds,404,occasional,Yes
4137-BTIKL,1089.0,2,Mailed check,2,insufficient_funds,421,new_customer,No
2190-BCXEC,946.1999999999999,40,Credit card (automatic),0,bank_decline,588,high_value_repeat,Yes
6227-FBDXH,1194.0,69,Bank transfer (automatic),3,card_expired,537,high_value_repeat,No
2153-MREFK,1190.4,37,Electronic check,1,network_error,2530,high_value_repeat,Yes
2911-WDXMV,966.5999999999999,18,Credit card (automatic),0,insufficient_funds,419,occasional,Yes
7206-PQBBZ,842.4000000000001,11,Electronic check,1,insufficient_funds,174,occasional,No
3106-ULWFW,1022.4000000000001,8,Credit card (automatic),2,insufficient_funds,316,occasional,No
0925-VYDLG,903.0,3,Electronic check,0,insufficient_funds,477,new_customer,No
4547-FZJWE,713.4000000000001,55,Credit card (automatic),2,card_expired,466,high_value_repeat,No
7422-WNBTY,1120.1999999999998,33,Electronic check,3,card_expired,583,high_value_repeat,No
0842-IWYCP,539.4000000000001,46,Bank transfer (automatic),0,card_expired,381,high_value_repeat,No
3521-HTQTV,313.20000000000005,34,Bank transfer (automatic),3,insufficient_funds,191,high_value_repeat,No
3744-ZBHON,242.39999999999998,3,Electronic check,0,card_expired,558,new_customer,Yes
3373-DIUUN,255.0,30,Mailed check,0,insufficient_funds,615,high_value_repeat,Yes
8383-SGHJU,712.8,33,Electronic check,0,insufficient_funds,534,high_value_repeat,No
7607-QKKTJ,1140.0,45,Credit card (automatic),2,bank_decline,375,high_value_repeat,No
7707-PYBBH,742.8,40,Mailed check,1,card_expired,556,high_value_repeat,No
8984-HPEMB,1423.8000000000002,71,Electronic check,0,network_error,5243,high_value_repeat,Yes
4349-GFQHK,652.2,1,Electronic check,0,insufficient_funds,417,new_customer,Yes
4139-DETXS,773.4000000000001,72,Bank transfer (automatic),1,bank_decline,203,high_value_repeat,Yes
9779-DPNEJ,961.8000000000001,22,Electronic check,0,card_expired,312,occasional,No
9805-FILKB,242.39999999999998,46,Bank transfer (automatic),2,network_error,3000,high_value_repeat,Yes
5793-YOLJN,252.0,55,Mailed check,2,insufficient_funds,159,high_value_repeat,No
0673-IGUQO,245.39999999999998,1,Mailed check,1,bank_decline,425,new_customer,Yes
4123-FCVCB,910.1999999999999,12,Mailed check,3,bank_decline,457,occasional,No
8819-IMISP,965.4000000000001,31,Electronic check,0,bank_decline,630,high_value_repeat,No
7802-EFKNY,299.4,5,Electronic check,3,insufficient_funds,596,occasional,No
8311-UEUAB,906.0,67,Electronic check,1,insufficient_funds,529,high_value_repeat,Yes
5858-EAFCZ,533.4000000000001,1,Mailed check,1,insufficient_funds,75,new_customer,Yes
8035-BUYVG,508.20000000000005,40,Electronic check,0,insufficient_funds,538,high_value_repeat,Yes
1163-ONYEY,894.5999999999999,41,Credit card (automatic),2,bank_decline,505,high_value_repeat,Yes
9787-XVQIU,903.5999999999999,1,Electronic check,0,insufficient_funds,438,new_customer,Yes
8945-MUQUF,1137.6,51,Electronic check,0,insufficient_funds,140,high_value_repeat,Yes
5656-MJEFC,577.8,42,Credit card (automatic),0,insufficient_funds,283,high_value_repeat,No
6082-OQFBA,235.79999999999998,23,Mailed check,1,insufficient_funds,224,occasional,Yes
8051-HJRLT,846.5999999999999,1,Electronic check,1,insufficient_funds,97,new_customer,Yes
8974-OVACP,241.79999999999998,1,Mailed check,1,network_error,2497,new_customer,No
4010-YLMVT,1279.1999999999998,56,Credit card (automatic),2,card_expired,280,high_value_repeat,No
1379-FRVEB,1092.0,15,Electronic check,0,insufficient_funds,793,occasional,Yes
8612-GXIDD,304.79999999999995,12,Bank transfer (automatic),1,insufficient_funds,374,occasional,No
6288-CHQJB,839.4000000000001,54,Bank transfer (automatic),0,insufficient_funds,594,high_value_repeat,Yes
8160-HOWOX,802.1999999999999,7,Electronic check,2,insufficient_funds,164,occasional,No
3023-GFLBR,1033.8000000000002,33,Credit card (automatic),2,network_error,2075,high_value_repeat,Yes
6648-INWPS,241.79999999999998,16,Electronic check,1,network_error,2577,occasional,Yes
4223-BKEOR,778.1999999999999,21,Mailed check,1,network_error,1773,occasional,Yes
4079-VTGLK,898.1999999999999,30,Electronic check,0,network_error,2162,high_value_repeat,Yes
1763-WQFUK,606.0,3,Mailed check,1,insufficient_funds,367,new_customer,No
1391-UBDAR,874.8000000000001,11,Electronic check,2,bank_decline,364,occasional,Yes
8894-JVDCV,1380.6,62,Credit card (automatic),1,bank_decline,678,high_value_repeat,Yes
2023-VQFDL,228.0,18,Electronic check,0,bank_decline,456,occasional,Yes
1345-GKDZZ,234.60000000000002,6,Mailed check,1,insufficient_funds,471,occasional,No
2014-MKGMH,1213.1999999999998,46,Electronic check,2,bank_decline,480,high_value_repeat,Yes
5628-FCGYG,1009.1999999999999,21,Electronic check,0,bank_decline,491,occasional,No
2560-WBWXF,289.79999999999995,68,Bank transfer (automatic),0,bank_decline,387,high_value_repeat,No
0248-IPDFW,601.2,1,Electronic check,1,insufficient_funds,351,new_customer,Yes
7978-DKUQH,895.1999999999999,25,Electronic check,2,network_error,2633,high_value_repeat,Yes
4335-UPJSI,237.0,24,Mailed check,0,bank_decline,573,occasional,No
0524-IAVZO,1020.0,30,Electronic check,0,network_error,3400,high_value_repeat,No
2737-YNGYW,966.5999999999999,2,Electronic check,0,card_expired,363,new_customer,No
1784-EZDKJ,1281.6,51,Bank transfer (automatic),0,bank_decline,515,high_value_repeat,Yes
9297-FVVDH,1014.0,57,Electronic check,1,insufficient_funds,370,high_value_repeat,Yes
8007-YYPWD,300.6,15,Bank transfer (automatic),1,card_expired,405,occasional,No
7101-HRBLJ,1004.4000000000001,72,Bank transfer (automatic),1,card_expired,328,high_value_repeat,No
5159-YFPKQ,909.5999999999999,2,Electronic check,1,bank_decline,372,new_customer,No
6635-CPNUN,1159.1999999999998,28,Credit card (automatic),0,insufficient_funds,601,high_value_repeat,Yes
4021-RQSNY,1182.0,29,Electronic check,2,card_expired,413,high_value_repeat,No
5453-YBTWV,1213.1999999999998,70,Credit card (automatic),1,network_error,2608,high_value_repeat,Yes
5039-LZRQT,242.39999999999998,13,Mailed check,3,network_error,1342,occasional,No
2931-VUVJN,1128.6,59,Electronic check,1,card_expired,353,high_value_repeat,No
9061-TIHDA,1143.0,13,Electronic check,0,bank_decline,363,occasional,No
8699-ASUFO,892.8000000000001,7,Mailed check,1,bank_decline,275,occasional,Yes
6418-PIQSP,972.0,62,Mailed check,0,insufficient_funds,403,high_value_repeat,No
8220-OCUFY,723.0,21,Electronic check,1,insufficient_funds,335,occasional,No
3995-WFCSM,730.2,2,Electronic check,0,insufficient_funds,411,new_customer,No
1895-QTKDO,527.4000000000001,1,Credit card (automatic),0,insufficient_funds,418,new_customer,Yes
2038-OEQZH,1032.6,4,Electronic check,2,card_expired,256,occasional,No
1178-PZGAB,243.0,19,Credit card (automatic),0,bank_decline,340,occasional,No
7927-AUXBZ,1021.8000000000001,30,Electronic check,2,bank_decline,411,high_value_repeat,Yes
2626-VEEWG,232.79999999999998,67,Credit card (automatic),0,insufficient_funds,577,high_value_repeat,Yes
2878-RMWXY,1231.8000000000002,72,Credit card (automatic),1,insufficient_funds,438,high_value_repeat,No
1657-DYMBM,238.79999999999998,53,Credit card (automatic),1,card_expired,300,high_value_repeat,No
7311-MQJCH,234.60000000000002,5,Electronic check,1,card_expired,459,occasional,Yes
7375-WMVMT,1146.0,71,Credit card (automatic),0,insufficient_funds,656,high_value_repeat,Yes
1136-XGEQU,1009.8000000000001,50,Credit card (automatic),0,bank_decline,537,high_value_repeat,Yes
2530-FMFXO,1238.4,56,Electronic check,0,bank_decline,482,high_value_repeat,Yes
6844-DZKRF,602.4000000000001,2,Credit card (automatic),0,insufficient_funds,508,new_customer,Yes
4695-WJZUE,1062.6,2,Electronic check,1,bank_decline,615,new_customer,Yes
7619-ODSGN,657.0,24,Electronic check,3,insufficient_funds,561,occasional,No
5970-GHJAW,239.39999999999998,46,Credit card (automatic),2,network_error,2953,high_value_repeat,Yes
8879-XUAHX,1395.0,71,Electronic check,2,card_expired,560,high_value_repeat,No
3689-MOZGR,374.4,29,Electronic check,2,insufficient_funds,237,high_value_repeat,No
4195-PNGZS,293.4,69,Bank transfer (automatic),1,bank_decline,174,high_value_repeat,No
5003-XZWWO,1010.4000000000001,71,Credit card (automatic),0,card_expired,423,high_value_repeat,No
3988-RQIXO,1095.6,1,Electronic check,3,network_error,2554,new_customer,Yes
7622-FWGEW,1027.8000000000002,56,Bank transfer (automatic),1,insufficient_funds,318,high_value_repeat,Yes
6922-NCEDI,254.39999999999998,56,Mailed check,1,insufficient_funds,523,high_value_repeat,Yes
2514-GINMM,954.0,1,Electronic check,0,insufficient_funds,120,new_customer,Yes
9891-NQDBD,306.6,28,Mailed check,0,card_expired,319,high_value_repeat,No
6131-IUNXN,242.39999999999998,19,Mailed check,1,network_error,2112,occasional,Yes
8548-AWOFC,766.2,66,Electronic check,2,insufficient_funds,154,high_value_repeat,Yes
9798-DRYDS,743.4000000000001,17,Mailed check,1,network_error,3695,occasional,Yes
8532-UEFWH,309.0,52,Mailed check,0,network_error,1412,high_value_repeat,Yes
6296-DDOOR,698.4000000000001,19,Electronic check,3,network_error,2029,occasional,Yes
7951-VRDVK,1030.1999999999998,36,Bank transfer (automatic),0,card_expired,536,high_value_repeat,No
5931-FLJJF,841.1999999999999,7,Mailed check,0,bank_decline,496,occasional,Yes
4815-YOSUK,1258.8000000000002,72,Credit card (automatic),0,card_expired,233,high_value_repeat,No
2659-VXMWZ,1335.6,67,Electronic check,1,card_expired,502,high_value_repeat,Yes
0380-NEAVX,1198.1999999999998,34,Electronic check,3,insufficient_funds,443,high_value_repeat,Yes
3207-OYBWH,1143.0,57,Bank transfer (automatic),0,insufficient_funds,749,high_value_repeat,No
4285-GYRQC,1035.0,7,Electronic check,2,insufficient_funds,460,occasional,No
7216-EWTRS,1209.6,1,Electronic check,0,card_expired,378,new_customer,No
4365-MSDYN,234.60000000000002,8,Bank transfer (automatic),3,insufficient_funds,271,occasional,No
7036-TYDEC,1248.0,69,Electronic check,2,insufficient_funds,288,high_value_repeat,No
5802-ADBRC,1252.8000000000002,50,Mailed check,2,network_error,1839,high_value_repeat,Yes
8076-FEZKJ,234.0,10,Mailed check,0,insufficient_funds,605,occasional,Yes
5197-YPYBZ,303.0,12,Credit card (automatic),3,insufficient_funds,402,occasional,No
8337-MSSXB,1035.6,14,Electronic check,1,insufficient_funds,484,occasional,No
4312-GVYNH,598.2,70,Bank transfer (automatic),0,network_error,3711,high_value_repeat,Yes
8495-LJDFO,1307.4,64,Bank transfer (automatic),2,insufficient_funds,50,high_value_repeat,No
0839-JTCUD,1078.8000000000002,66,Credit card (automatic),0,card_expired,591,high_value_repeat,No
5494-WOZRZ,984.0,71,Credit card (automatic),2,card_expired,408,high_value_repeat,No
1302-UHBDD,1079.4,20,Electronic check,0,network_error,2848,occasional,Yes
2234-EOFPT,952.1999999999999,72,Bank transfer (automatic),1,card_expired,275,high_value_repeat,No
8619-IJNDK,768.5999999999999,71,Credit card (automatic),1,bank_decline,286,high_value_repeat,No
8378-LKJAF,1213.8000000000002,38,Credit card (automatic),0,insufficient_funds,473,high_value_repeat,Yes
8182-BJDSI,1079.4,28,Electronic check,0,insufficient_funds,757,high_value_repeat,No
2528-HFYZX,917.4000000000001,17,Electronic check,0,insufficient_funds,550,occasional,No
1153-GNOLC,469.20000000000005,33,Electronic check,1,insufficient_funds,589,high_value_repeat,Yes
3298-QEICA,415.20000000000005,23,Mailed check,0,insufficient_funds,371,occasional,No
0788-DXBFY,234.60000000000002,58,Electronic check,1,insufficient_funds,309,high_value_repeat,No
3597-YASZG,1253.4,70,Bank transfer (automatic),0,card_expired,282,high_value_repeat,No
3496-LFSZU,846.0,4,Electronic check,0,network_error,2109,occasional,Yes
5242-UOWHD,244.20000000000002,45,Mailed check,1,insufficient_funds,92,high_value_repeat,Yes
2482-CZGBB,840.0,10,Electronic check,0,network_error,1920,occasional,Yes
6479-SZPLM,233.39999999999998,36,Credit card (automatic),3,insufficient_funds,315,high_value_repeat,Yes
8097-VBQTZ,838.8000000000001,54,Mailed check,2,insufficient_funds,373,high_value_repeat,No
4500-HKANN,716.4000000000001,23,Mailed check,1,card_expired,419,occasional,No
9917-KWRBE,940.1999999999999,41,Credit card (automatic),1,insufficient_funds,454,high_value_repeat,Yes
3420-ZDBMA,857.4000000000001,5,Mailed check,2,insufficient_funds,397,occasional,No
2212-LYASK,550.2,27,Credit card (automatic),0,insufficient_funds,312,high_value_repeat,Yes
1393-IMKZG,1150.1999999999998,1,Electronic check,0,bank_decline,105,new_customer,No
8069-RHUXK,428.40000000000003,67,Credit card (automatic),0,network_error,2039,high_value_repeat,Yes
3398-GCPMU,1074.6,72,Credit card (automatic),2,insufficient_funds,254,high_value_repeat,Yes
2908-WGAXL,299.4,56,Credit card (automatic),0,bank_decline,469,high_value_repeat,Yes
3378-AJRAO,298.20000000000005,44,Electronic check,1,network_error,3227,high_value_repeat,Yes
1013-QCWAM,1209.6,66,Electronic check,3,card_expired,540,high_value_repeat,No
0866-QLSIR,772.8000000000001,34,Mailed check,2,bank_decline,513,high_value_repeat,Yes
6050-FFXES,1264.1999999999998,69,Bank transfer (automatic),1,insufficient_funds,379,high_value_repeat,No
7181-BQYBV,1229.4,1,Electronic check,0,insufficient_funds,321,new_customer,Yes
0362-RAOQO,235.79999999999998,40,Credit card (automatic),2,card_expired,287,high_value_repeat,No
9554-DFKIC,653.4000000000001,30,Bank transfer (automatic),1,card_expired,173,high_value_repeat,No
5527-ACHSO,846.0,11,Mailed check,0,card_expired,548,occasional,No
0829-DDVLK,241.20000000000002,15,Credit card (automatic),0,card_expired,373,occasional,No
1399-UBQIU,832.1999999999999,11,Electronic check,3,bank_decline,213,occasional,No
1813-JLKWR,237.60000000000002,64,Bank transfer (automatic),1,bank_decline,276,high_value_repeat,No
0336-PIKEI,892.8000000000001,72,Bank transfer (automatic),2,bank_decline,269,high_value_repeat,No
7322-OCWHC,1116.6,72,Bank transfer (automatic),2,bank_decline,406,high_value_repeat,Yes
9537-VHDTA,614.4000000000001,1,Mailed check,1,bank_decline,560,new_customer,No
4957-TIALW,787.1999999999999,15,Credit card (automatic),1,insufficient_funds,347,occasional,Yes
2054-PJOCK,966.5999999999999,60,Credit card (automatic),0,insufficient_funds,62,high_value_repeat,No
9150-HEPMB,632.4000000000001,56,Mailed check,0,card_expired,371,high_value_repeat,No
9030-QGZNL,250.20000000000002,8,Mailed check,0,bank_decline,376,occasional,Yes
6204-IEUXJ,961.1999999999999,3,Credit card (automatic),2,card_expired,366,new_customer,No
3126-WQMGH,625.8,49,Credit card (automatic),1,network_error,1998,high_value_repeat,Yes
4529-CKBCL,962.4000000000001,2,Electronic check,2,insufficient_funds,432,new_customer,Yes
2506-CLAKW,1177.8000000000002,6,Bank transfer (automatic),0,insufficient_funds,409,occasional,Yes
7176-WRTNX,1379.4,70,Bank transfer (automatic),1,network_error,2480,high_value_repeat,Yes
1583-IHQZE,1355.4,12,Mailed check,1,insufficient_funds,461,occasional,No
5732-IKGQH,1253.4,52,Bank transfer (automatic),1,insufficient_funds,335,high_value_repeat,No
9239-GZHZE,1363.8000000000002,72,Credit card (automatic),1,insufficient_funds,327,high_value_repeat,No
7205-BAIAD,247.20000000000002,40,Bank transfer (automatic),0,insufficient_funds,607,high_value_repeat,Yes
0151-ONTOV,850.8000000000001,1,Mailed check,1,network_error,2947,new_customer,Yes
4140-MUHUG,1042.1999999999998,3,Electronic check,0,insufficient_funds,524,new_customer,Yes
0093-EXYQL,1098.6,40,Electronic check,0,card_expired,583,high_value_repeat,No
8064-RAVOH,598.2,1,Electronic check,1,insufficient_funds,478,new_customer,Yes
0219-QAERP,237.60000000000002,30,Credit card (automatic),1,bank_decline,539,high_value_repeat,Yes
0320-JDNQG,1198.1999999999998,23,Electronic check,3,insufficient_funds,163,occasional,No
7180-PISOG,894.0,1,Electronic check,1,card_expired,430,new_customer,No
9168-INPSZ,1249.8000000000002,44,Electronic check,1,network_error,2353,high_value_repeat,Yes
3571-RFHAR,1309.8000000000002,65,Electronic check,1,insufficient_funds,651,high_value_repeat,No
0015-UOCOJ,578.4000000000001,7,Electronic check,1,bank_decline,539,occasional,No
5334-AFQJB,301.20000000000005,72,Credit card (automatic),0,card_expired,305,high_value_repeat,No
2754-SDJRD,1201.8000000000002,8,Credit card (automatic),0,insufficient_funds,455,occasional,No
9578-VRMNM,782.4000000000001,16,Credit card (automatic),0,insufficient_funds,425,occasional,Yes
1587-FKLZB,1194.0,66,Credit card (automatic),1,bank_decline,468,high_value_repeat,No
6140-QNRQQ,858.5999999999999,1,Mailed check,0,network_error,1684,new_customer,No
8963-JLGJT,670.8,3,Mailed check,0,insufficient_funds,454,new_customer,Yes
4307-KTUMW,1126.8000000000002,53,Electronic check,0,insufficient_funds,365,high_value_repeat,No
1465-LNTLJ,772.8000000000001,8,Credit card (automatic),3,bank_decline,442,occasional,Yes
5440-FLBQG,1300.8000000000002,69,Bank transfer (automatic),0,network_error,1920,high_value_repeat,Yes
2135-DQWAQ,1023.5999999999999,5,Mailed check,1,network_error,2031,occasional,Yes
4056-QHXHZ,1289.4,72,Mailed check,0,insufficient_funds,576,high_value_repeat,No
7470-MCQTK,585.0,13,Bank transfer (automatic),1,network_error,1658,occasional,No
7488-MXJIV,1027.8000000000002,4,Electronic check,0,insufficient_funds,253,occasional,No
7401-JIXNM,1095.6,54,Credit card (automatic),0,insufficient_funds,392,high_value_repeat,Yes
9339-FIIJL,1031.4,72,Bank transfer (automatic),1,card_expired,284,high_value_repeat,No
2027-FECZV,1280.4,12,Electronic check,0,bank_decline,267,occasional,Yes
2672-DZUOY,301.79999999999995,1,Electronic check,0,insufficient_funds,415,new_customer,No
4706-DGAHW,542.4000000000001,1,Electronic check,0,card_expired,174,new_customer,No
3870-MQAMG,1324.1999999999998,54,Electronic check,0,network_error,1693,high_value_repeat,Yes
6670-MFRPK,950.4000000000001,69,Credit card (automatic),0,card_expired,708,high_value_repeat,No
6177-PEVRA,666.0,48,Credit card (automatic),0,bank_decline,468,high_value_repeat,Yes
4800-CZMPC,1239.0,48,Credit card (automatic),2,network_error,1902,high_value_repeat,Yes
4813-HQMGZ,1083.0,8,Electronic check,1,insufficient_funds,462,occasional,Yes
7579-KKLOE,1095.0,71,Mailed check,1,bank_decline,485,high_value_repeat,No
7377-DMMRI,573.5999999999999,2,Electronic check,0,network_error,3295,new_customer,No
8402-EIVQS,1210.8000000000002,67,Credit card (automatic),3,bank_decline,380,high_value_repeat,Yes
4947-DSMXK,1172.4,34,Bank transfer (automatic),0,network_error,3281,high_value_repeat,Yes
7245-NIIWQ,838.1999999999999,3,Electronic check,0,bank_decline,94,new_customer,Yes
0002-ORFBO,787.1999999999999,9,Mailed check,1,insufficient_funds,241,occasional,No
3324-OIRTO,1255.8000000000002,71,Bank transfer (automatic),0,insufficient_funds,424,high_value_repeat,Yes
5414-OFQCB,1085.4,57,Credit card (automatic),0,bank_decline,449,high_value_repeat,Yes
4967-WPNCF,764.4000000000001,72,Bank transfer (automatic),1,insufficient_funds,263,high_value_repeat,No
8552-OBVRU,1254.0,48,Electronic check,2,insufficient_funds,438,high_value_repeat,No
8499-BRXTD,241.20000000000002,18,Mailed check,1,network_error,2000,occasional,No
9154-QDGTH,1251.6,43,Credit card (automatic),1,bank_decline,358,high_value_repeat,No
8197-BFWVU,1119.0,72,Bank transfer (automatic),3,insufficient_funds,553,high_value_repeat,No
2577-GVSIL,881.4000000000001,35,Bank transfer (automatic),0,bank_decline,536,high_value_repeat,No
9367-OIUXP,248.39999999999998,4,Mailed check,0,network_error,1702,occasional,Yes
6770-UAYGJ,303.0,49,Mailed check,0,card_expired,241,high_value_repeat,No
6463-HHXJR,1206.0,71,Bank transfer (automatic),0,bank_decline,338,high_value_repeat,No
7928-VJYAB,1087.1999999999998,11,Electronic check,0,insufficient_funds,395,occasional,Yes
1187-WILMM,1072.8000000000002,63,Credit card (automatic),3,insufficient_funds,301,high_value_repeat,Yes
9776-OJUZI,1145.4,65,Bank transfer (automatic),1,insufficient_funds,556,high_value_repeat,No
1306-RPWXZ,245.39999999999998,49,Credit card (automatic),1,card_expired,452,high_value_repeat,No
8949-JTMAY,1183.1999999999998,29,Credit card (automatic),0,card_expired,460,high_value_repeat,No
2774-LVQUS,996.5999999999999,15,Electronic check,2,bank_decline,210,occasional,Yes
3097-PYWXL,239.39999999999998,4,Electronic check,3,network_error,3433,occasional,Yes
2266-SJNAT,1309.8000000000002,72,Credit card (automatic),2,card_expired,50,high_value_repeat,No
0869-PAPRP,1028.4,26,Credit card (automatic),0,network_error,3167,high_value_repeat,Yes
4238-JSSWH,1224.6,35,Bank transfer (automatic),1,insufficient_funds,540,high_value_repeat,No
2972-YDYUW,1136.4,57,Electronic check,0,insufficient_funds,335,high_value_repeat,Yes
1104-FEJAM,772.8000000000001,28,Electronic check,0,bank_decline,590,high_value_repeat,Yes
2809-ILCYT,321.6,25,Mailed check,0,insufficient_funds,390,high_value_repeat,No
5499-ECUTN,792.5999999999999,47,Credit card (automatic),1,insufficient_funds,409,high_value_repeat,No
4981-FLTMF,782.4000000000001,57,Bank transfer (automatic),1,network_error,2771,high_value_repeat,No
9121-PHQSR,1020.5999999999999,16,Credit card (automatic),0,insufficient_funds,877,occasional,No
3113-IWHLC,669.5999999999999,5,Mailed check,0,bank_decline,601,occasional,No
3211-ILJTT,844.8000000000001,17,Bank transfer (automatic),1,insufficient_funds,505,occasional,No
4612-THJBS,1257.0,56,Bank transfer (automatic),0,insufficient_funds,263,high_value_repeat,Yes
4277-BWBML,239.39999999999998,72,Bank transfer (automatic),0,insufficient_funds,421,high_value_repeat,No
4094-NSEDU,1131.0,21,Electronic check,0,card_expired,278,occasional,No
0234-TEVTT,540.0,48,Credit card (automatic),2,insufficient_funds,523,high_value_repeat,Yes
4304-TSPVK,1378.8000000000002,68,Bank transfer (automatic),0,card_expired,421,high_value_repeat,Yes
1552-AAGRX,1276.8000000000002,30,Bank transfer (automatic),0,bank_decline,231,high_value_repeat,Yes
2637-FKFSY,553.2,3,Mailed check,0,bank_decline,412,new_customer,No
9796-MVYXX,476.40000000000003,14,Mailed check,3,insufficient_funds,272,occasional,No
7874-ECPQJ,240.60000000000002,4,Bank transfer (automatic),1,card_expired,422,occasional,Yes
0020-INWCK,1149.0,71,Credit card (automatic),1,card_expired,271,high_value_repeat,No
7089-RKVSZ,292.79999999999995,8,Mailed check,0,bank_decline,404,occasional,Yes
2683-JXWQQ,403.20000000000005,61,Bank transfer (automatic),1,bank_decline,512,high_value_repeat,No
9548-ZMVTX,1085.4,72,Bank transfer (automatic),0,insufficient_funds,392,high_value_repeat,Yes
8739-XNIKG,1008.0,5,Electronic check,1,network_error,2187,occasional,Yes
9755-JHNMN,808.8000000000001,49,Bank transfer (automatic),3,insufficient_funds,430,high_value_repeat,No
3981-QSVQI,236.39999999999998,8,Bank transfer (automatic),1,insufficient_funds,504,occasional,Yes
2789-HQBOU,964.1999999999999,3,Electronic check,2,insufficient_funds,233,new_customer,No
9424-CMPOG,235.20000000000002,9,Mailed check,1,card_expired,439,occasional,No
5067-WJEUN,650.4000000000001,67,Bank transfer (automatic),0,card_expired,597,high_value_repeat,No
3450-WXOAT,542.4000000000001,46,Credit card (automatic),3,insufficient_funds,486,high_value_repeat,No
9251-WNSOD,901.1999999999999,67,Mailed check,0,network_error,2546,high_value_repeat,Yes
6974-DAFLI,236.39999999999998,55,Electronic check,1,insufficient_funds,495,high_value_repeat,No
2616-UUTFK,873.0,33,Bank transfer (automatic),0,card_expired,467,high_value_repeat,No
7064-JHXCE,240.60000000000002,62,Credit card (automatic),0,insufficient_funds,513,high_value_repeat,No
5103-MHMHY,551.4000000000001,1,Mailed check,0,insufficient_funds,96,new_customer,No
7989-AWGEH,470.40000000000003,49,Electronic check,0,insufficient_funds,166,high_value_repeat,Yes
4373-VVHQL,537.0,1,Electronic check,1,insufficient_funds,550,new_customer,No
4559-UWIHT,991.8000000000001,14,Electronic check,1,card_expired,174,occasional,No
7268-IGMFD,1126.8000000000002,18,Bank transfer (automatic),0,insufficient_funds,460,occasional,No
1846-XWOQN,841.8000000000001,1,Electronic check,0,card_expired,347,new_customer,No
0235-KGSLC,1026.6,1,Credit card (automatic),1,insufficient_funds,250,new_customer,No
6650-BWFRT,1405.8000000000002,72,Credit card (automatic),0,network_error,2779,high_value_repeat,Yes
9570-KYEUA,1191.0,64,Credit card (automatic),1,network_error,2660,high_value_repeat,Yes
6993-YGFJV,1350.6,69,Bank transfer (automatic),1,insufficient_funds,716,high_value_repeat,No
2712-SYWAY,308.4,1,Electronic check,2,card_expired,306,new_customer,No
0730-BGQGF,1083.6,71,Credit card (automatic),1,insufficient_funds,616,high_value_repeat,Yes
5498-IBWPI,592.8,66,Credit card (automatic),0,card_expired,452,high_value_repeat,No
9101-NTIXF,232.79999999999998,2,Mailed check,1,insufficient_funds,300,new_customer,No
0013-SMEOE,1316.4,71,Bank transfer (automatic),0,card_expired,519,high_value_repeat,No
9314-QDMDW,735.0,11,Electronic check,0,card_expired,484,occasional,No
9308-ANMVE,663.5999999999999,47,Electronic check,2,bank_decline,405,high_value_repeat,Yes
2884-GBPFB,843.5999999999999,35,Electronic check,0,card_expired,439,high_value_repeat,No
3757-NJYBX,1276.1999999999998,32,Bank transfer (automatic),2,card_expired,310,high_value_repeat,No
3413-DHLPB,1245.0,60,Bank transfer (automatic),2,insufficient_funds,276,high_value_repeat,Yes
7649-PHJVR,234.0,11,Mailed check,2,bank_decline,513,occasional,No
6114-TCFID,474.0,29,Credit card (automatic),3,network_error,2320,high_value_repeat,Yes
3787-TRIAL,312.6,21,Electronic check,0,insufficient_funds,387,occasional,No
2573-GYRUU,1092.6,48,Credit card (automatic),0,bank_decline,441,high_value_repeat,Yes
5156-UMKOW,355.79999999999995,3,Mailed check,1,insufficient_funds,439,new_customer,No
1247-QBVSH,602.4000000000001,43,Mailed check,0,bank_decline,185,high_value_repeat,No
6734-GMPVK,1263.6,5,Electronic check,1,bank_decline,592,occasional,Yes
9822-OAOVB,665.4000000000001,1,Electronic check,1,insufficient_funds,418,new_customer,Yes
6161-ERDGD,1025.4,71,Electronic check,1,network_error,2337,high_value_repeat,Yes
1226-JZNKR,237.60000000000002,8,Electronic check,0,insufficient_funds,464,occasional,Yes
7318-EIVKO,711.0,8,Electronic check,0,insufficient_funds,435,occasional,No
3771-PZOBW,1088.4,20,Credit card (automatic),0,insufficient_funds,515,occasional,Yes
5136-KCKGI,1244.4,33,Mailed check,0,network_error,2930,high_value_repeat,Yes
8231-BSWXX,948.5999999999999,71,Credit card (automatic),2,insufficient_funds,507,high_value_repeat,Yes
6486-LHTMA,1088.4,31,Electronic check,0,insufficient_funds,602,high_value_repeat,Yes
4083-BFNYK,1140.0,38,Credit card (automatic),0,network_error,3206,high_value_repeat,Yes
3722-WPXTK,1060.1999999999998,1,Electronic check,0,insufficient_funds,375,new_customer,No
7389-KBFIT,363.0,2,Mailed check,1,insufficient_funds,231,new_customer,Yes
7176-WIONM,598.2,12,Bank transfer (automatic),1,insufficient_funds,650,occasional,No
5141-ZUVBH,1116.0,9,Bank transfer (automatic),0,insufficient_funds,364,occasional,Yes
1089-HDMKP,654.5999999999999,11,Electronic check,0,card_expired,329,occasional,No
7623-HKYRK,236.39999999999998,6,Mailed check,0,insufficient_funds,139,occasional,Yes
0310-SUCIN,1017.5999999999999,71,Bank transfer (automatic),0,bank_decline,450,high_value_repeat,No
5197-PYEPU,1133.4,42,Credit card (automatic),1,network_error,2619,high_value_repeat,Yes
2929-ERCFZ,1130.4,8,Electronic check,1,insufficient_funds,172,occasional,Yes
7548-SEPYI,1155.0,5,Electronic check,0,insufficient_funds,467,occasional,No
8835-VSDSE,848.4000000000001,2,Electronic check,0,insufficient_funds,325,new_customer,Yes
6619-RPLQZ,250.20000000000002,45,Mailed check,3,card_expired,803,high_value_repeat,Yes
3275-RHRNE,720.0,28,Credit card (automatic),1,insufficient_funds,314,high_value_repeat,Yes
3503-TYDAY,965.4000000000001,43,Electronic check,1,insufficient_funds,334,high_value_repeat,No
6901-GOGZG,1019.4000000000001,60,Electronic check,0,bank_decline,268,high_value_repeat,Yes
1623-NLDOT,402.59999999999997,42,Mailed check,1,insufficient_funds,591,high_value_repeat,No
7021-XSNYE,595.8,7,Credit card (automatic),0,insufficient_funds,344,occasional,No
9621-OUPYD,242.39999999999998,25,Bank transfer (automatic),1,bank_decline,291,high_value_repeat,No
9898-KZQDZ,1134.6,40,Credit card (automatic),3,network_error,3065,high_value_repeat,Yes
8982-NHAVY,1206.0,27,Bank transfer (automatic),0,insufficient_funds,192,high_value_repeat,No
4307-KWMXE,429.0,10,Electronic check,0,network_error,3000,occasional,Yes
0141-YEAYS,1037.4,27,Bank transfer (automatic),0,insufficient_funds,667,high_value_repeat,Yes
2450-ZKEED,645.5999999999999,11,Bank transfer (automatic),0,network_error,2953,occasional,Yes
3694-DELSO,462.59999999999997,4,Credit card (automatic),0,card_expired,495,occasional,No
3893-JRNFS,478.79999999999995,68,Bank transfer (automatic),0,bank_decline,530,high_value_repeat,Yes
9603-OAIHC,840.5999999999999,1,Electronic check,2,bank_decline,656,new_customer,Yes
1133-KXCGE,241.20000000000002,18,Mailed check,1,bank_decline,581,occasional,No
5236-PERKL,1355.4,57,Bank transfer (automatic),0,bank_decline,465,high_value_repeat,Yes
0142-GVYSN,243.60000000000002,26,Electronic check,3,card_expired,535,high_value_repeat,No
1049-FYSYG,427.79999999999995,17,Credit card (automatic),0,insufficient_funds,267,occasional,Yes
7854-FOKSF,430.79999999999995,1,Electronic check,3,card_expired,516,new_customer,No
2519-FAKOD,1191.0,38,Bank transfer (automatic),0,network_error,1695,high_value_repeat,Yes
8406-LNMHF,995.4000000000001,59,Credit card (automatic),2,bank_decline,344,high_value_repeat,Yes
1821-BUCWY,667.8,30,Mailed check,1,insufficient_funds,50,high_value_repeat,No
8263-JQAIK,293.4,2,Mailed check,2,bank_decline,460,new_customer,No
0023-UYUPN,302.4,50,Electronic check,3,bank_decline,303,high_value_repeat,Yes
8314-DPQHL,609.5999999999999,9,Mailed check,0,bank_decline,566,occasional,No
1465-WCZVT,235.79999999999998,3,Mailed check,3,bank_decline,458,new_customer,No
9481-SFCQY,717.5999999999999,14,Credit card (automatic),0,insufficient_funds,568,occasional,Yes
6360-SVNWV,882.5999999999999,31,Credit card (automatic),0,insufficient_funds,237,high_value_repeat,Yes
0567-GGCAC,736.8,7,Electronic check,0,insufficient_funds,555,occasional,Yes
7089-IVVAZ,1240.1999999999998,8,Bank transfer (automatic),1,insufficient_funds,715,occasional,No
8884-MRNSU,238.79999999999998,17,Bank transfer (automatic),0,card_expired,514,occasional,No
2171-UDMFD,233.39999999999998,32,Credit card (automatic),1,bank_decline,518,high_value_repeat,Yes
9050-IKDZA,978.0,2,Mailed check,1,bank_decline,425,new_customer,No
2205-YMZZJ,1017.5999999999999,7,Electronic check,2,card_expired,321,occasional,No
9802-CAQUT,1314.6,72,Credit card (automatic),2,insufficient_funds,514,high_value_repeat,No
1254-IZEYF,1199.4,31,Electronic check,0,insufficient_funds,174,high_value_repeat,Yes
0187-WZNAB,892.8000000000001,27,Mailed check,0,insufficient_funds,337,high_value_repeat,Yes
9492-TOKRI,1080.0,18,Credit card (automatic),0,insufficient_funds,134,occasional,Yes
1475-VWVDO,898.8000000000001,7,Electronic check,0,card_expired,294,occasional,No
9221-OTIVJ,1258.1999999999998,14,Electronic check,0,insufficient_funds,496,occasional,Yes
1357-MVDOZ,715.8,11,Bank transfer (automatic),0,insufficient_funds,475,occasional,No
7602-MVRMB,1325.4,72,Bank transfer (automatic),0,insufficient_funds,407,high_value_repeat,Yes
3325-FUYCG,1273.1999999999998,28,Electronic check,3,card_expired,425,high_value_repeat,No
5908-QMGOE,890.4000000000001,15,Credit card (automatic),1,card_expired,117,occasional,No
1197-BVMVG,893.4000000000001,4,Electronic check,0,card_expired,344,occasional,No
5406-KGRMX,294.6,71,Electronic check,1,insufficient_funds,297,high_value_repeat,No
8481-YYXWG,1072.1999999999998,5,Electronic check,0,bank_decline,301,occasional,No
5968-HYJRZ,294.6,47,Mailed check,0,insufficient_funds,489,high_value_repeat,Yes
5198-EFNBM,1087.8000000000002,57,Electronic check,1,card_expired,270,high_value_repeat,No
7516-GMHUV,1260.6,50,Credit card (automatic),1,network_error,2016,high_value_repeat,Yes
7140-ADSMJ,245.39999999999998,8,Credit card (automatic),0,card_expired,86,occasional,No
2230-XTUWL,234.60000000000002,48,Mailed check,3,bank_decline,355,high_value_repeat,Yes
7706-YLMQA,236.39999999999998,70,Bank transfer (automatic),2,insufficient_funds,236,high_value_repeat,No
2585-KTFRE,845.4000000000001,1,Bank transfer (automatic),1,card_expired,411,new_customer,No
7994-UYIVZ,1027.8000000000002,8,Bank transfer (automatic),1,insufficient_funds,257,occasional,No
2609-IAICY,925.8000000000001,1,Electronic check,1,card_expired,415,new_customer,No
1740-CSDJP,423.0,1,Bank transfer (automatic),0,insufficient_funds,378,new_customer,Yes
7717-BICXI,246.60000000000002,60,Mailed check,0,insufficient_funds,650,high_value_repeat,No
6559-RAKOZ,1175.4,49,Electronic check,0,card_expired,474,high_value_repeat,No
2636-OHFMN,582.5999999999999,4,Electronic check,1,card_expired,124,occasional,No
4716-MRVEN,240.0,29,Mailed check,1,insufficient_funds,210,high_value_repeat,No
2143-LJULT,303.0,67,Credit card (automatic),0,network_error,2544,high_value_repeat,Yes
1323-OOEPC,1180.8000000000002,53,Credit card (automatic),3,card_expired,260,high_value_repeat,No
3200-MNQTF,850.8000000000001,67,Credit card (automatic),3,insufficient_funds,50,high_value_repeat,No
6164-HXUGH,238.20000000000002,6,Mailed check,1,card_expired,602,occasional,No
5630-IXDXV,1276.1999999999998,47,Electronic check,1,network_error,3076,high_value_repeat,Yes
0320-DWVTU,1194.0,53,Mailed check,2,card_expired,478,high_value_repeat,Yes
9135-MGVPY,1016.4000000000001,69,Mailed check,0,insufficient_funds,308,high_value_repeat,Yes
1212-GLHMD,1032.6,3,Mailed check,2,insufficient_funds,464,new_customer,Yes
7878-JGDKK,534.5999999999999,4,Mailed check,0,card_expired,294,occasional,No
1088-AUUZZ,910.1999999999999,56,Credit card (automatic),2,bank_decline,430,high_value_repeat,Yes
0397-GZBBC,1126.1999999999998,59,Bank transfer (automatic),0,network_error,1763,high_value_repeat,Yes
6614-YWYSC,300.0,61,Bank transfer (automatic),2,insufficient_funds,627,high_value_repeat,No
9588-OZDMQ,540.0,2,Electronic check,3,card_expired,164,new_customer,No
7641-EUYET,1208.4,46,Electronic check,0,bank_decline,584,high_value_repeat,No
6476-EPYZR,246.0,12,Mailed check,1,insufficient_funds,405,occasional,No
9921-ZVRHG,965.4000000000001,14,Electronic check,3,bank_decline,326,occasional,No
1174-FGIFN,1085.4,28,Electronic check,1,bank_decline,425,high_value_repeat,Yes
6620-HVDUJ,725.4000000000001,24,Bank transfer (automatic),2,insufficient_funds,510,occasional,Yes
4701-MLJPN,663.0,31,Electronic check,1,bank_decline,605,high_value_repeat,Yes
1032-MAELW,941.4000000000001,68,Electronic check,0,insufficient_funds,446,high_value_repeat,Yes
7641-TQFHN,1206.6,39,Mailed check,0,bank_decline,266,high_value_repeat,Yes
1552-TKMXS,244.20000000000002,42,Credit card (automatic),0,insufficient_funds,408,high_value_repeat,Yes
9206-GVPEQ,653.4000000000001,13,Electronic check,2,insufficient_funds,672,occasional,No
8622-ZLFKO,1089.0,6,Electronic check,0,card_expired,602,occasional,No
1596-BBVTG,904.1999999999999,35,Credit card (automatic),1,network_error,3227,high_value_repeat,Yes
6188-UXBBR,243.0,38,Credit card (automatic),1,insufficient_funds,519,high_value_repeat,No
2333-KWEWW,240.60000000000002,18,Credit card (automatic),1,card_expired,504,occasional,No
5702-SKUOB,235.20000000000002,4,Mailed check,2,insufficient_funds,573,occasional,No
1134-YWTYF,645.5999999999999,27,Electronic check,3,insufficient_funds,331,high_value_repeat,No
6061-GWWAV,842.4000000000001,41,Mailed check,0,insufficient_funds,196,high_value_repeat,No
0679-TDGAK,906.0,50,Electronic check,2,card_expired,410,high_value_repeat,No
6585-WCEWR,244.20000000000002,72,Electronic check,2,insufficient_funds,277,high_value_repeat,Yes
9067-YGSCA,312.6,70,Credit card (automatic),1,insufficient_funds,241,high_value_repeat,Yes
9067-SQTNS,247.20000000000002,44,Bank transfer (automatic),3,insufficient_funds,291,high_value_repeat,No
8433-WXGNA,908.4000000000001,2,Electronic check,0,insufficient_funds,772,new_customer,No
1776-SPBWV,241.20000000000002,34,Bank transfer (automatic),0,card_expired,420,high_value_repeat,No
8735-SDUFN,291.6,72,Bank transfer (automatic),2,bank_decline,454,high_value_repeat,No
9668-PUGNU,294.0,71,Electronic check,0,insufficient_funds,216,high_value_repeat,Yes
9405-GPBBG,1326.0,64,Credit card (automatic),2,bank_decline,123,high_value_repeat,No
1926-QUZNN,303.0,72,Bank transfer (automatic),2,network_error,1844,high_value_repeat,Yes
3707-GNWHM,891.0,1,Mailed check,0,card_expired,615,new_customer,No
7016-NVRIC,1081.1999999999998,29,Bank transfer (automatic),2,card_expired,450,high_value_repeat,No
5829-NVSQN,825.0,23,Bank transfer (automatic),0,bank_decline,489,occasional,Yes
9565-AXSMR,230.39999999999998,52,Mailed check,1,insufficient_funds,510,high_value_repeat,Yes
8922-LIEGH,1076.4,25,Electronic check,1,card_expired,311,high_value_repeat,No
8869-LIHMK,1381.1999999999998,64,Bank transfer (automatic),3,network_error,3610,high_value_repeat,Yes
8245-UMPYT,1156.8000000000002,16,Electronic check,0,card_expired,305,occasional,No
5186-SAMNZ,834.0,1,Bank transfer (automatic),1,bank_decline,610,new_customer,Yes
0447-RXSGD,1195.8000000000002,24,Bank transfer (automatic),1,insufficient_funds,466,occasional,No
4927-WWOOZ,1097.4,2,Electronic check,1,network_error,1068,new_customer,Yes
5788-YPOEG,1017.0,34,Mailed check,1,card_expired,287,high_value_repeat,No
5373-SFODM,1023.0,36,Credit card (automatic),0,insufficient_funds,132,high_value_repeat,Yes
0661-KBKPA,945.0,53,Mailed check,0,insufficient_funds,574,high_value_repeat,No
9081-WWXKP,243.0,47,Credit card (automatic),0,card_expired,396,high_value_repeat,No
0784-ZQJZX,238.79999999999998,72,Credit card (automatic),2,bank_decline,65,high_value_repeat,Yes
3133-PZNSR,1173.0,72,Credit card (automatic),0,card_expired,456,high_value_repeat,No
5766-ZJYBB,232.79999999999998,1,Mailed check,0,bank_decline,319,new_customer,Yes
8931-GJJIQ,999.5999999999999,9,Electronic check,3,insufficient_funds,177,occasional,Yes
4277-PVRAN,961.1999999999999,8,Bank transfer (automatic),0,insufficient_funds,651,occasional,Yes
0022-TCJCI,752.4000000000001,45,Credit card (automatic),3,insufficient_funds,416,high_value_repeat,No
0722-SVSFK,1204.8000000000002,7,Electronic check,1,insufficient_funds,355,occasional,Yes
3612-YVGSJ,293.4,71,Credit card (automatic),2,insufficient_funds,340,high_value_repeat,Yes
9825-YCXWZ,1213.1999999999998,41,Bank transfer (automatic),0,insufficient_funds,173,high_value_repeat,Yes
5397-NSKQG,610.8,67,Credit card (automatic),0,network_error,1456,high_value_repeat,Yes
8565-HBFNN,1286.4,69,Credit card (automatic),1,network_error,3527,high_value_repeat,Yes
2000-DHJUY,1106.4,70,Bank transfer (automatic),2,insufficient_funds,328,high_value_repeat,No
0203-HHYIJ,303.6,25,Bank transfer (automatic),1,insufficient_funds,403,high_value_repeat,Yes
8670-ERCJH,1360.8000000000002,72,Bank transfer (automatic),0,insufficient_funds,93,high_value_repeat,Yes
7758-UJWYS,486.59999999999997,34,Electronic check,2,card_expired,202,high_value_repeat,No
2050-ONYDQ,312.0,65,Credit card (automatic),2,insufficient_funds,491,high_value_repeat,Yes
7055-JCGNI,1343.4,70,Credit card (automatic),1,insufficient_funds,456,high_value_repeat,No
0739-UUAJR,645.5999999999999,72,Credit card (automatic),2,bank_decline,663,high_value_repeat,Yes
4826-DXMUP,865.1999999999999,35,Mailed check,2,bank_decline,601,high_value_repeat,No
0952-KMEEH,1177.8000000000002,13,Mailed check,1,insufficient_funds,365,occasional,No
7285-KLOTR,946.1999999999999,12,Electronic check,0,insufficient_funds,470,occasional,Yes
0654-PQKDW,849.0,62,Bank transfer (automatic),1,insufficient_funds,352,high_value_repeat,Yes
7175-NTIXE,913.8000000000001,25,Credit card (automatic),0,network_error,4143,high_value_repeat,Yes
7963-SHNDT,469.20000000000005,52,Mailed check,0,card_expired,572,high_value_repeat,No
9796-BPKIW,839.4000000000001,8,Credit card (automatic),0,insufficient_funds,425,occasional,Yes
0188-GWFLE,240.60000000000002,2,Mailed check,0,network_error,2660,new_customer,No
8129-GMVGI,240.60000000000002,56,Mailed check,0,insufficient_funds,616,high_value_repeat,No
2882-DDZPG,233.39999999999998,12,Bank transfer (automatic),0,insufficient_funds,486,occasional,No
3547-LQRIK,322.79999999999995,47,Electronic check,2,insufficient_funds,633,high_value_repeat,Yes
9137-NOQKA,230.39999999999998,2,Electronic check,3,card_expired,70,new_customer,No
5843-TTHGI,600.0,18,Mailed check,0,insufficient_funds,469,occasional,Yes
1849-RJYIG,720.0,8,Electronic check,3,insufficient_funds,322,occasional,No
8868-GAGIO,1014.5999999999999,45,Mailed check,1,insufficient_funds,663,high_value_repeat,Yes
4061-UKJWL,545.4000000000001,3,Mailed check,0,insufficient_funds,631,new_customer,Yes
5380-XPJNZ,240.60000000000002,38,Mailed check,0,network_error,2526,high_value_repeat,Yes
8263-QMNTJ,1386.6,72,Electronic check,1,insufficient_funds,630,high_value_repeat,No
8178-EYZUO,1124.4,46,Electronic check,2,insufficient_funds,667,high_value_repeat,No
3230-JCNZS,1188.0,71,Credit card (automatic),1,network_error,2559,high_value_repeat,Yes
0277-ORXQS,606.5999999999999,66,Bank transfer (automatic),0,network_error,4477,high_value_repeat,No
5130-IEKQT,1271.4,25,Mailed check,0,bank_decline,395,high_value_repeat,Yes
3230-WYKIR,984.0,18,Credit card (automatic),0,card_expired,367,occasional,No
7996-BPXHY,300.0,13,Bank transfer (automatic),0,insufficient_funds,529,occasional,No
3227-WLKLI,1098.6,65,Bank transfer (automatic),0,network_error,2216,high_value_repeat,Yes
0407-BDJKB,1149.0,60,Electronic check,0,network_error,2568,high_value_repeat,No
2266-FUBDZ,232.20000000000002,15,Mailed check,2,insufficient_funds,611,occasional,No
8237-ULIXL,298.20000000000005,72,Credit card (automatic),3,bank_decline,402,high_value_repeat,No
9600-UDOPK,1128.6,30,Credit card (automatic),0,insufficient_funds,145,high_value_repeat,No
8216-AZUUZ,1204.8000000000002,42,Electronic check,3,bank_decline,455,high_value_repeat,Yes
9153-BTBVV,300.0,71,Bank transfer (automatic),0,bank_decline,295,high_value_repeat,Yes
4074-SJFFA,657.0,1,Mailed check,1,network_error,3192,new_customer,Yes
3269-ATYWD,1147.8000000000002,39,Bank transfer (automatic),0,bank_decline,504,high_value_repeat,Yes
5186-PEIZU,231.0,35,Bank transfer (automatic),1,network_error,3677,high_value_repeat,Yes
1074-AMIOH,1299.0,53,Bank transfer (automatic),3,insufficient_funds,536,high_value_repeat,No
4910-GMJOT,1135.1999999999998,1,Electronic check,1,insufficient_funds,563,new_customer,Yes
0354-WYROK,1186.8000000000002,31,Electronic check,0,insufficient_funds,299,high_value_repeat,No
4361-FEBGN,241.79999999999998,48,Credit card (automatic),1,insufficient_funds,520,high_value_repeat,No
7748-UMTRK,1215.6,30,Electronic check,0,network_error,4074,high_value_repeat,Yes
0380-ZCSBI,240.0,10,Credit card (automatic),2,insufficient_funds,296,occasional,No
7145-FEJWU,1263.6,12,Electronic check,1,insufficient_funds,669,occasional,Yes
6463-MVYRY,838.1999999999999,57,Bank transfer (automatic),0,card_expired,317,high_value_repeat,No
3969-JQABI,783.0,58,Credit card (automatic),1,bank_decline,272,high_value_repeat,Yes
9624-EGDEQ,237.60000000000002,37,Mailed check,1,insufficient_funds,444,high_value_repeat,Yes
1051-EQPZR,235.20000000000002,44,Mailed check,0,insufficient_funds,507,high_value_repeat,Yes
5849-ASHZJ,240.60000000000002,27,Credit card (automatic),1,insufficient_funds,536,high_value_repeat,Yes
5780-INQIK,592.8,8,Electronic check,0,network_error,1730,occasional,Yes
7576-OYWBN,912.5999999999999,3,Electronic check,1,insufficient_funds,465,new_customer,No
4526-ZJJTM,1060.8000000000002,25,Bank transfer (automatic),2,network_error,1951,high_value_repeat,Yes
8384-FZBJK,1207.1999999999998,57,Electronic check,2,insufficient_funds,176,high_value_repeat,Yes
3750-RNQKR,233.39999999999998,12,Mailed check,1,insufficient_funds,260,occasional,No
0962-CQPWQ,243.60000000000002,62,Bank transfer (automatic),1,bank_decline,287,high_value_repeat,No
3096-YXENJ,1291.8000000000002,65,Bank transfer (automatic),0,insufficient_funds,478,high_value_repeat,Yes
1265-BCFEO,965.4000000000001,71,Bank transfer (automatic),2,insufficient_funds,572,high_value_repeat,Yes
5837-LXSDN,706.2,21,Credit card (automatic),0,insufficient_funds,179,occasional,Yes
5945-AZYHT,1315.1999999999998,71,Electronic check,1,card_expired,452,high_value_repeat,No
8325-QRPZR,901.8000000000001,7,Electronic check,0,card_expired,223,occasional,No
6384-VMJHP,876.0,72,Credit card (automatic),0,insufficient_funds,494,high_value_repeat,Yes
2262-SLNVK,841.1999999999999,1,Electronic check,1,insufficient_funds,306,new_customer,No
7730-CLDSV,1183.8000000000002,72,Bank transfer (automatic),0,insufficient_funds,242,high_value_repeat,Yes
1135-HIORI,1337.4,64,Electronic check,1,network_error,3139,high_value_repeat,Yes
0164-APGRB,1378.8000000000002,72,Electronic check,0,network_error,2030,high_value_repeat,Yes
6481-ESCNL,1206.6,29,Bank transfer (automatic),0,card_expired,352,high_value_repeat,No
1790-NESIO,244.79999999999998,13,Mailed check,1,card_expired,67,occasional,No
1550-EENBN,1252.1999999999998,31,Electronic check,0,insufficient_funds,541,high_value_repeat,No
5539-TMZLF,837.0,1,Electronic check,0,insufficient_funds,523,new_customer,Yes
4323-SADQS,414.0,7,Electronic check,1,insufficient_funds,400,occasional,Yes
4446-BZKHU,1266.6,61,Electronic check,0,insufficient_funds,170,high_value_repeat,Yes
5202-IVJNU,361.20000000000005,39,Credit card (automatic),2,insufficient_funds,581,high_value_repeat,No
5976-JCJRH,843.5999999999999,10,Electronic check,0,card_expired,300,occasional,No
8198-RKSZG,965.4000000000001,14,Credit card (automatic),0,card_expired,331,occasional,No
0137-OCGAB,962.4000000000001,1,Mailed check,1,bank_decline,746,new_customer,No
3351-NQLDI,1132.1999999999998,67,Credit card (automatic),0,insufficient_funds,294,high_value_repeat,No
9297-EONCV,1096.1999999999998,72,Bank transfer (automatic),0,card_expired,511,high_value_repeat,Yes
7593-JNWRU,535.2,6,Bank transfer (automatic),0,bank_decline,484,occasional,No
4588-YBNIB,235.20000000000002,1,Mailed check,0,card_expired,458,new_customer,No
1069-QJOEE,238.79999999999998,25,Electronic check,2,insufficient_funds,442,high_value_repeat,Yes
3336-JORSO,1325.4,33,Electronic check,0,insufficient_funds,456,high_value_repeat,Yes
7799-DSEWS,820.1999999999999,18,Electronic check,2,insufficient_funds,440,occasional,No
8766-PAFNE,949.1999999999999,71,Credit card (automatic),2,insufficient_funds,392,high_value_repeat,Yes
5315-CKEQK,612.0,28,Electronic check,0,network_error,3709,high_value_repeat,Yes
3130-ICDUP,966.5999999999999,2,Credit card (automatic),3,insufficient_funds,203,new_customer,No
0820-FNRNX,800.4000000000001,17,Mailed check,0,insufficient_funds,553,occasional,Yes
0880-FVFWF,1036.8000000000002,56,Electronic check,3,network_error,3157,high_value_repeat,Yes
4611-ANLQC,600.5999999999999,60,Electronic check,0,network_error,3058,high_value_repeat,Yes
4213-HKBJO,308.4,33,Credit card (automatic),1,card_expired,567,high_value_repeat,No
2792-LSHWX,1000.8000000000001,1,Mailed check,1,network_error,2425,new_customer,Yes
5028-GZLDO,848.4000000000001,2,Credit card (automatic),0,insufficient_funds,119,new_customer,No
0014-BMAQU,1015.8000000000001,63,Credit card (automatic),1,insufficient_funds,389,high_value_repeat,Yes
6861-XWTWQ,1191.0,7,Electronic check,1,insufficient_funds,251,occasional,Yes
9018-PCIOK,777.0,55,Mailed check,0,card_expired,290,high_value_repeat,No
4837-QUSFT,1201.8000000000002,65,Bank transfer (automatic),0,bank_decline,213,high_value_repeat,No
6877-TJMBR,1017.5999999999999,1,Electronic check,1,insufficient_funds,328,new_customer,Yes
9953-ZMKSM,303.0,63,Mailed check,1,card_expired,310,high_value_repeat,No
0907-HQNTS,1356.0,70,Credit card (automatic),3,insufficient_funds,50,high_value_repeat,Yes
7665-NKLAV,487.79999999999995,36,Credit card (automatic),2,card_expired,505,high_value_repeat,No
6769-DCQLI,1260.0,52,Bank transfer (automatic),3,insufficient_funds,733,high_value_repeat,No
2433-KMEAS,653.4000000000001,22,Electronic check,1,insufficient_funds,490,occasional,Yes
4391-LNRXK,1139.4,22,Bank transfer (automatic),0,bank_decline,369,occasional,Yes
8250-ZNGGW,718.8,5,Credit card (automatic),0,card_expired,391,occasional,No
2195-ZRVAX,1023.5999999999999,47,Electronic check,2,card_expired,336,high_value_repeat,No
3550-SAHFP,1000.1999999999999,33,Electronic check,1,insufficient_funds,413,high_value_repeat,No
2011-TRQYE,402.0,18,Credit card (automatic),0,insufficient_funds,394,occasional,Yes
8562-GHPPI,237.60000000000002,1,Credit card (automatic),0,insufficient_funds,273,new_customer,Yes
5893-PYOLZ,981.5999999999999,56,Credit card (automatic),3,bank_decline,652,high_value_repeat,Yes
4986-MXSFP,240.0,2,Mailed check,1,bank_decline,176,new_customer,No
6131-FOYAS,715.2,35,Electronic check,0,insufficient_funds,507,high_value_repeat,Yes
3027-YNWZU,300.0,64,Credit card (automatic),1,insufficient_funds,384,high_value_repeat,Yes
5609-IMCGG,1012.1999999999999,15,Credit card (automatic),0,bank_decline,685,occasional,No
4873-ILOLJ,1084.1999999999998,24,Electronic check,0,insufficient_funds,451,occasional,Yes
4727-MCYZG,666.5999999999999,1,Mailed check,0,card_expired,346,new_customer,No
9481-WHGWY,904.1999999999999,70,Credit card (automatic),0,insufficient_funds,362,high_value_repeat,No
2725-KXXWT,1089.0,1,Electronic check,2,network_error,2531,new_customer,Yes
9565-DJPIB,1075.1999999999998,4,Mailed check,0,card_expired,228,occasional,No
4328-VUFWD,711.5999999999999,39,Electronic check,2,bank_decline,284,high_value_repeat,Yes
3301-LSLWQ,793.1999999999999,29,Electronic check,2,network_error,1072,high_value_repeat,Yes
7473-ZBDSN,225.60000000000002,14,Mailed check,0,insufficient_funds,261,occasional,Yes
3166-PNEOF,1037.4,61,Credit card (automatic),1,network_error,2575,high_value_repeat,Yes
5639-NTUPK,625.2,13,Credit card (automatic),1,bank_decline,445,occasional,Yes
8780-YRMTT,568.8,66,Mailed check,2,insufficient_funds,103,high_value_repeat,No
8348-HFYIV,591.0,2,Electronic check,0,insufficient_funds,379,new_customer,No
5140-FOMCQ,1309.8000000000002,59,Credit card (automatic),1,insufficient_funds,484,high_value_repeat,Yes
6242-SGYTS,1139.4,62,Credit card (automatic),1,card_expired,375,high_value_repeat,No
8166-ORCHU,1122.6,33,Electronic check,0,insufficient_funds,304,high_value_repeat,Yes
8414-OOEEL,954.0,66,Credit card (automatic),0,card_expired,338,high_value_repeat,No
8454-AATJP,1380.6,72,Credit card (automatic),1,insufficient_funds,318,high_value_repeat,Yes
6849-WLEYG,237.0,1,Mailed check,1,bank_decline,304,new_customer,No
4659-NZRUF,1141.8000000000002,19,Electronic check,0,insufficient_funds,426,occasional,Yes
4531-AUZNK,1141.8000000000002,51,Mailed check,1,insufficient_funds,746,high_value_repeat,No
4191-XOVOM,1264.8000000000002,63,Electronic check,0,card_expired,288,high_value_repeat,No
2150-OEGBV,241.20000000000002,27,Bank transfer (automatic),1,card_expired,352,high_value_repeat,No
8429-XIBUM,1216.1999999999998,22,Bank transfer (automatic),0,insufficient_funds,392,occasional,Yes
1855-CFULU,240.60000000000002,4,Mailed check,2,insufficient_funds,296,occasional,No
4878-BUNFV,248.39999999999998,42,Mailed check,0,insufficient_funds,564,high_value_repeat,Yes
1872-EBWSC,244.20000000000002,29,Mailed check,0,network_error,603,high_value_repeat,Yes
2608-BHKFN,840.5999999999999,4,Credit card (automatic),0,network_error,2075,occasional,Yes
7026-YMSBE,236.39999999999998,30,Mailed check,0,card_expired,522,high_value_repeat,No
7341-LXCAF,895.8000000000001,4,Electronic check,1,network_error,2264,occasional,Yes
6997-UVGOX,1025.4,71,Bank transfer (automatic),0,network_error,1843,high_value_repeat,Yes
9674-EHPPG,484.79999999999995,46,Credit card (automatic),2,insufficient_funds,466,high_value_repeat,No
9462-MJUAW,604.8,4,Mailed check,0,bank_decline,535,occasional,Yes
8128-YVJRG,955.8000000000001,7,Mailed check,0,bank_decline,431,occasional,Yes
5440-VHLUL,1262.4,69,Bank transfer (automatic),0,insufficient_funds,279,high_value_repeat,Yes
5781-BKHOP,1207.8000000000002,72,Bank transfer (automatic),0,insufficient_funds,468,high_value_repeat,No
4283-FUTGF,958.1999999999999,19,Electronic check,0,insufficient_funds,339,occasional,Yes
5213-TWWJU,1092.0,28,Electronic check,0,insufficient_funds,511,high_value_repeat,Yes
1569-TTNYJ,945.0,5,Electronic check,1,network_error,3686,occasional,No
8628-MFKAX,1401.0,72,Credit card (automatic),0,card_expired,50,high_value_repeat,Yes
2397-BRLOM,965.4000000000001,8,Credit card (automatic),1,network_error,2588,occasional,No
7629-WIXZF,709.2,7,Electronic check,1,network_error,1111,occasional,Yes
5445-GLVOT,597.5999999999999,22,Electronic check,0,card_expired,766,occasional,No
3976-HXHCE,231.60000000000002,72,Bank transfer (automatic),1,network_error,2125,high_value_repeat,Yes
2466-NEJOJ,235.79999999999998,8,Credit card (automatic),3,insufficient_funds,511,occasional,No
0254-KCJGT,976.8000000000001,52,Credit card (automatic),1,insufficient_funds,394,high_value_repeat,Yes
5472-CVMDX,466.79999999999995,68,Mailed check,1,card_expired,279,high_value_repeat,Yes
6461-SZMCV,1055.4,71,Bank transfer (automatic),0,insufficient_funds,261,high_value_repeat,No
8150-QUDFX,238.20000000000002,2,Mailed check,2,insufficient_funds,637,new_customer,Yes
9508-ILZDG,1156.1999999999998,34,Electronic check,2,bank_decline,543,high_value_repeat,No
2346-DJQTB,289.79999999999995,35,Electronic check,1,network_error,4054,high_value_repeat,Yes
1697-LYYYX,229.20000000000002,61,Credit card (automatic),3,insufficient_funds,408,high_value_repeat,No
1942-OQFRW,528.0,1,Electronic check,0,network_error,2730,new_customer,No
4749-VFKVB,601.2,1,Mailed check,0,network_error,2286,new_customer,Yes
9640-ZSLDC,727.2,53,Credit card (automatic),2,insufficient_funds,356,high_value_repeat,No
4231-LZUYM,307.79999999999995,72,Bank transfer (automatic),2,insufficient_funds,243,high_value_repeat,No
7598-UAASY,916.8000000000001,2,Electronic check,0,bank_decline,412,new_customer,Yes
7938-OUHIO,1184.4,3,Electronic check,0,insufficient_funds,281,new_customer,No
8510-AWCXC,1209.6,13,Electronic check,0,insufficient_funds,466,occasional,Yes
6128-AQBMT,647.4000000000001,41,Electronic check,0,card_expired,425,high_value_repeat,No
3594-BDSOA,244.79999999999998,24,Credit card (automatic),2,network_error,2730,occasional,Yes
0431-APWVY,1081.1999999999998,28,Bank transfer (automatic),1,insufficient_funds,651,high_value_repeat,Yes
5133-VRSAB,352.20000000000005,8,Mailed check,0,insufficient_funds,394,occasional,Yes
5996-DAOQL,245.39999999999998,1,Mailed check,0,insufficient_funds,513,new_customer,No
6838-YAUVY,1141.1999999999998,54,Bank transfer (automatic),0,bank_decline,707,high_value_repeat,No
0484-JPBRU,303.0,41,Bank transfer (automatic),0,insufficient_funds,595,high_value_repeat,Yes
7883-ROJOC,538.8,19,Mailed check,1,card_expired,572,occasional,No
0244-LGNFY,1111.8000000000002,72,Bank transfer (automatic),3,bank_decline,353,high_value_repeat,No
7274-CGTOD,524.4000000000001,62,Bank transfer (automatic),2,insufficient_funds,434,high_value_repeat,No
4295-YURET,871.1999999999999,56,Credit card (automatic),0,bank_decline,202,high_value_repeat,Yes
3426-NIYYL,618.5999999999999,15,Electronic check,2,bank_decline,474,occasional,No
8225-BTJAU,951.0,10,Electronic check,2,bank_decline,441,occasional,Yes
4635-EJYPD,227.39999999999998,32,Mailed check,2,insufficient_funds,403,high_value_repeat,No
1866-ZSLJM,246.0,21,Credit card (automatic),1,card_expired,554,occasional,No
4636-TVXVG,239.39999999999998,62,Bank transfer (automatic),0,network_error,1533,high_value_repeat,Yes
4236-UJPWO,294.0,2,Electronic check,0,bank_decline,645,new_customer,No
9392-XBGTD,247.20000000000002,27,Mailed check,0,insufficient_funds,535,high_value_repeat,Yes
3387-VATUS,1138.1999999999998,5,Bank transfer (automatic),0,network_error,2443,occasional,Yes
6402-SSEJG,732.5999999999999,25,Electronic check,0,insufficient_funds,377,high_value_repeat,No
1143-NMNQJ,1028.4,2,Electronic check,1,insufficient_funds,472,new_customer,Yes
1169-SAOCL,1279.8000000000002,49,Bank transfer (automatic),1,insufficient_funds,628,high_value_repeat,No
1110-KYLGQ,1299.0,63,Credit card (automatic),1,network_error,2581,high_value_repeat,Yes
9929-PLVPA,244.79999999999998,4,Credit card (automatic),0,card_expired,421,occasional,No
3518-PZXZQ,663.5999999999999,1,Mailed check,3,card_expired,402,new_customer,No
2371-JUNGC,243.0,11,Mailed check,3,bank_decline,667,occasional,Yes
7693-QPEFS,875.4000000000001,52,Bank transfer (automatic),2,insufficient_funds,344,high_value_repeat,No
0924-BJCRC,1073.4,60,Electronic check,3,card_expired,395,high_value_repeat,No
5074-FBGHB,1255.8000000000002,64,Credit card (automatic),1,insufficient_funds,619,high_value_repeat,Yes
2351-BKRZW,902.4000000000001,43,Bank transfer (automatic),3,insufficient_funds,422,high_value_repeat,No
4455-BFSPD,1213.8000000000002,61,Bank transfer (automatic),0,network_error,3409,high_value_repeat,Yes
0415-MOSGF,532.8,1,Mailed check,0,bank_decline,263,new_customer,Yes
1724-BQUHA,1074.0,5,Electronic check,0,card_expired,369,occasional,No
3948-KXDUF,825.0,66,Bank transfer (automatic),0,network_error,3687,high_value_repeat,Yes
2323-ARSVR,1332.6,67,Electronic check,0,insufficient_funds,298,high_value_repeat,Yes
0815-MFZGM,1188.0,42,Credit card (automatic),1,insufficient_funds,377,high_value_repeat,Yes
4826-XTSOH,1032.6,1,Electronic check,2,card_expired,438,new_customer,No
5480-XTFFL,252.0,31,Mailed check,1,insufficient_funds,251,high_value_repeat,No
8295-FHIVV,232.79999999999998,7,Mailed check,0,insufficient_funds,337,occasional,Yes
2495-INZWQ,534.5999999999999,4,Electronic check,2,card_expired,416,occasional,No
9086-YJYXS,926.4000000000001,34,Bank transfer (automatic),1,insufficient_funds,407,high_value_repeat,Yes
1179-INLAT,233.39999999999998,3,Mailed check,0,insufficient_funds,592,new_customer,No
7909-FIOIY,298.20000000000005,19,Mailed check,1,card_expired,631,occasional,No
4139-SUGLD,424.79999999999995,31,Bank transfer (automatic),0,card_expired,271,high_value_repeat,No
6857-VWJDT,1147.8000000000002,1,Mailed check,0,bank_decline,416,new_customer,Yes
6351-SCJKT,496.20000000000005,3,Mailed check,3,card_expired,501,new_customer,No
5468-BPMMO,235.20000000000002,46,Electronic check,0,insufficient_funds,627,high_value_repeat,Yes
5624-BQSSA,251.39999999999998,1,Mailed check,1,bank_decline,507,new_customer,No
0197-PNKNK,1013.4000000000001,69,Bank transfer (automatic),2,network_error,2732,high_value_repeat,Yes
2439-QKJUL,243.0,5,Mailed check,1,insufficient_funds,499,occasional,No
1194-SPVSP,235.79999999999998,1,Bank transfer (automatic),0,insufficient_funds,501,new_customer,No
9534-NSXEM,247.79999999999998,26,Credit card (automatic),0,network_error,1757,high_value_repeat,Yes
2408-WITXK,416.40000000000003,10,Electronic check,0,card_expired,428,occasional,Yes
8929-KSWIH,1191.6,25,Bank transfer (automatic),1,network_error,3667,high_value_repeat,No
2250-IVBWA,972.5999999999999,64,Electronic check,0,network_error,2334,high_value_repeat,Yes
1810-MVMAI,811.1999999999999,30,Electronic check,0,card_expired,419,high_value_repeat,No
9506-UXUSK,841.8000000000001,13,Electronic check,3,bank_decline,363,occasional,Yes
1229-RCALF,1380.0,64,Electronic check,1,card_expired,52,high_value_repeat,No
3572-UOLYZ,1017.5999999999999,46,Bank transfer (automatic),0,insufficient_funds,403,high_value_repeat,No
1429-UYJSV,236.39999999999998,12,Mailed check,1,bank_decline,445,occasional,Yes
5577-OTWWW,237.0,15,Bank transfer (automatic),1,insufficient_funds,323,occasional,Yes
6100-QQHEB,1110.6,17,Electronic check,0,network_error,1576,occasional,Yes
6366-XIVKZ,757.8,13,Mailed check,0,bank_decline,267,occasional,Yes
3470-OBUET,888.0,67,Credit card (automatic),2,network_error,3111,high_value_repeat,No
2770-NSVDG,349.20000000000005,24,Electronic check,1,card_expired,695,occasional,No
9375-MHRRS,600.5999999999999,6,Mailed check,1,card_expired,607,occasional,No
2634-HCZGT,720.5999999999999,53,Electronic check,0,insufficient_funds,198,high_value_repeat,Yes
7503-QQRVF,891.5999999999999,16,Credit card (automatic),0,insufficient_funds,528,occasional,No
4860-YZGZM,240.0,10,Electronic check,0,card_expired,300,occasional,No
6599-GZWCM,895.8000000000001,13,Mailed check,0,network_error,2034,occasional,Yes
2691-NZETQ,1024.1999999999998,9,Electronic check,0,network_error,2130,occasional,Yes
4404-HIBDJ,891.5999999999999,25,Mailed check,0,insufficient_funds,505,high_value_repeat,Yes
5533-NHFRF,532.8,7,Electronic check,2,card_expired,543,occasional,No
7037-MTYVW,1024.8000000000002,38,Bank transfer (automatic),3,network_error,2421,high_value_repeat,Yes
4760-THGOT,1129.1999999999998,43,Electronic check,2,card_expired,387,high_value_repeat,No
7295-JOMMD,1177.1999999999998,4,Bank transfer (automatic),2,card_expired,469,occasional,No
4016-BJKTZ,1306.8000000000002,25,Electronic check,0,network_error,2954,high_value_repeat,Yes
6584-VQMYT,674.4000000000001,27,Mailed check,3,network_error,3440,high_value_repeat,No
9838-BFCQT,313.20000000000005,72,Mailed check,0,insufficient_funds,207,high_value_repeat,No
2790-XUYMV,1025.4,71,Credit card (automatic),3,bank_decline,403,high_value_repeat,No
0581-MDMPW,1067.4,24,Credit card (automatic),3,insufficient_funds,239,occasional,Yes
5013-SBUIH,1315.8000000000002,50,Electronic check,1,bank_decline,392,high_value_repeat,No
1023-BQXZE,892.1999999999999,57,Bank transfer (automatic),3,insufficient_funds,366,high_value_repeat,No
9163-GHAYE,586.2,15,Electronic check,1,insufficient_funds,392,occasional,No
3904-UKFRE,961.1999999999999,4,Electronic check,0,bank_decline,280,occasional,No
5353-WILCI,672.5999999999999,28,Electronic check,0,insufficient_funds,176,high_value_repeat,Yes
0709-TVGUR,894.5999999999999,9,Electronic check,1,network_error,824,occasional,Yes
0058-EVZWM,1077.6,55,Bank transfer (automatic),0,bank_decline,380,high_value_repeat,No
6023-YEBUP,1211.4,3,Electronic check,1,bank_decline,335,new_customer,Yes
7209-JCUDS,1138.8000000000002,10,Electronic check,3,bank_decline,298,occasional,Yes
7009-PCARS,229.20000000000002,55,Bank transfer (automatic),0,insufficient_funds,598,high_value_repeat,Yes
0519-DRGTI,244.20000000000002,20,Mailed check,2,network_error,1812,occasional,Yes
1017-FBQMM,1272.6,62,Credit card (automatic),3,insufficient_funds,612,high_value_repeat,No
3001-CBHLQ,1258.8000000000002,32,Electronic check,3,insufficient_funds,643,high_value_repeat,Yes
1985-MBRYP,235.79999999999998,43,Bank transfer (automatic),3,bank_decline,107,high_value_repeat,Yes
6158-DWPZT,289.20000000000005,9,Bank transfer (automatic),1,insufficient_funds,413,occasional,No
9372-TXXPS,718.2,60,Bank transfer (automatic),3,card_expired,340,high_value_repeat,No
3259-QMXUN,1033.1999999999998,58,Electronic check,2,card_expired,50,high_value_repeat,No
1015-JPFYW,233.39999999999998,7,Mailed check,0,card_expired,183,occasional,No
6645-MXQJT,1165.1999999999998,2,Electronic check,1,bank_decline,516,new_customer,Yes
4360-QRAVE,439.79999999999995,37,Electronic check,1,insufficient_funds,702,high_value_repeat,No
8433-WPJTV,1246.8000000000002,65,Bank transfer (automatic),0,card_expired,535,high_value_repeat,No
5804-JMYIO,237.0,39,Mailed check,1,bank_decline,448,high_value_repeat,No
3763-GCZHZ,1248.6,66,Electronic check,1,card_expired,396,high_value_repeat,Yes
6484-LATFU,294.6,68,Mailed check,0,insufficient_funds,652,high_value_repeat,Yes
7599-NTMDP,584.4000000000001,62,Bank transfer (automatic),1,card_expired,722,high_value_repeat,No
0772-GYEQQ,1060.1999999999998,3,Mailed check,2,insufficient_funds,311,new_customer,Yes
0536-ACXIP,1314.6,72,Electronic check,1,insufficient_funds,100,high_value_repeat,No
0936-NQLJU,247.79999999999998,41,Credit card (automatic),0,bank_decline,85,high_value_repeat,Yes
4831-EOBFE,1135.8000000000002,29,Credit card (automatic),0,card_expired,598,high_value_repeat,No
1575-KRZZE,662.4000000000001,4,Electronic check,0,bank_decline,392,occasional,Yes
3251-YMVWZ,288.6,53,Bank transfer (automatic),3,bank_decline,427,high_value_repeat,No
4102-OQUPX,892.8000000000001,1,Electronic check,0,network_error,1067,new_customer,Yes
9170-GYZJC,958.8000000000001,41,Credit card (automatic),1,insufficient_funds,287,high_value_repeat,Yes
4884-LEVMQ,245.39999999999998,39,Bank transfer (automatic),0,insufficient_funds,355,high_value_repeat,Yes
8857-CUPFQ,231.0,63,Mailed check,0,insufficient_funds,431,high_value_repeat,Yes
7610-TVOPG,316.20000000000005,15,Electronic check,2,bank_decline,340,occasional,Yes
3638-DIMPH,525.5999999999999,13,Electronic check,1,insufficient_funds,244,occasional,Yes
1845-ZLLIG,601.8,1,Mailed check,0,insufficient_funds,282,new_customer,Yes
8559-WNQZS,245.39999999999998,1,Mailed check,0,card_expired,581,new_customer,No
3999-QGRJH,836.4000000000001,8,Electronic check,0,insufficient_funds,436,occasional,No
1699-UOTXU,736.8,60,Electronic check,1,insufficient_funds,491,high_value_repeat,No
2454-RPBRZ,1177.1999999999998,12,Electronic check,1,card_expired,265,occasional,No
0635-WKOLD,849.0,40,Credit card (automatic),0,insufficient_funds,50,high_value_repeat,No
5993-JSUWV,733.8,66,Bank transfer (automatic),0,insufficient_funds,321,high_value_repeat,Yes
4518-FZBSX,243.0,42,Mailed check,0,insufficient_funds,270,high_value_repeat,Yes
5387-ASZNZ,766.2,66,Credit card (automatic),3,network_error,2779,high_value_repeat,No
6988-CJEYV,1184.4,49,Electronic check,3,card_expired,892,high_value_repeat,No
2002-MZHWP,246.0,1,Mailed check,0,insufficient_funds,504,new_customer,Yes
3097-FQTVJ,240.0,41,Mailed check,2,card_expired,810,high_value_repeat,No
5465-BUBFA,231.60000000000002,41,Bank transfer (automatic),0,insufficient_funds,485,high_value_repeat,Yes
7299-GNVPL,1012.8000000000001,23,Mailed check,0,bank_decline,305,occasional,Yes
9743-DQKQW,301.20000000000005,3,Electronic check,2,insufficient_funds,452,new_customer,No
1215-VFYVK,579.0,4,Mailed check,3,network_error,3924,occasional,Yes
9371-BITHB,238.20000000000002,52,Mailed check,3,bank_decline,674,high_value_repeat,No
2265-CYWIV,1195.1999999999998,4,Electronic check,1,bank_decline,313,occasional,Yes
9093-FPDLG,1130.4,11,Electronic check,0,insufficient_funds,437,occasional,Yes
0541-FITGH,745.8,2,Mailed check,2,insufficient_funds,185,new_customer,Yes
6985-HAYWX,951.5999999999999,26,Bank transfer (automatic),0,network_error,3159,high_value_repeat,Yes
7508-KBIMB,675.0,24,Credit card (automatic),1,insufficient_funds,633,occasional,No
6838-HVLXG,243.60000000000002,12,Mailed check,0,bank_decline,405,occasional,Yes
2277-DJJDL,1188.0,60,Electronic check,1,network_error,1966,high_value_repeat,Yes
1897-OKVMW,1087.1999999999998,64,Mailed check,0,network_error,2788,high_value_repeat,Yes
5485-ITNPC,1030.8000000000002,66,Bank transfer (automatic),0,insufficient_funds,462,high_value_repeat,Yes
0233-FTHAV,950.4000000000001,60,Bank transfer (automatic),3,network_error,2564,high_value_repeat,Yes
4644-PIZRT,844.1999999999999,17,Bank transfer (automatic),0,network_error,2642,occasional,Yes
8922-NPKBJ,232.20000000000002,42,Mailed check,1,bank_decline,373,high_value_repeat,Yes
2740-TVLFN,601.8,1,Electronic check,0,insufficient_funds,549,new_customer,No
7771-CFQRQ,765.5999999999999,47,Bank transfer (automatic),0,insufficient_funds,510,high_value_repeat,No
9512-PHSMG,246.60000000000002,10,Mailed check,0,insufficient_funds,252,occasional,No
6963-EZQEE,1062.6,70,Credit card (automatic),0,insufficient_funds,248,high_value_repeat,No
2452-KDRRH,1216.8000000000002,67,Credit card (automatic),2,card_expired,361,high_value_repeat,No
2004-OCQXK,983.4000000000001,1,Electronic check,0,bank_decline,510,new_customer,No
5027-QPKTE,832.1999999999999,7,Electronic check,3,insufficient_funds,422,occasional,Yes
4146-SVFUD,535.2,1,Mailed check,1,bank_decline,303,new_customer,Yes
1564-HJUVY,765.0,4,Bank transfer (automatic),0,insufficient_funds,439,occasional,No
3617-XLSGQ,1311.0,66,Bank transfer (automatic),1,insufficient_funds,350,high_value_repeat,No
7517-LDMPS,1015.1999999999999,12,Electronic check,1,insufficient_funds,532,occasional,Yes
7244-KXYZN,245.39999999999998,24,Credit card (automatic),2,insufficient_funds,449,occasional,Yes
5226-NOZFC,1029.0,26,Electronic check,0,bank_decline,352,high_value_repeat,Yes
2672-HUYVI,1093.1999999999998,6,Electronic check,0,insufficient_funds,434,occasional,Yes
1400-WIVLL,1295.4,57,Electronic check,2,card_expired,597,high_value_repeat,No
7508-MYBOG,1033.1999999999998,14,Electronic check,3,card_expired,314,occasional,No
8148-NLEGT,275.4,42,Electronic check,2,bank_decline,460,high_value_repeat,No
0148-DCDOS,1136.4,25,Bank transfer (automatic),0,insufficient_funds,389,high_value_repeat,No
8347-GDTMP,233.39999999999998,64,Credit card (automatic),2,insufficient_funds,464,high_value_repeat,No
9992-RRAMN,1021.1999999999999,22,Electronic check,1,insufficient_funds,301,occasional,No
6746-WAUWT,236.39999999999998,19,Credit card (automatic),1,insufficient_funds,416,occasional,Yes
0310-MVLET,1189.8000000000002,61,Electronic check,0,insufficient_funds,566,high_value_repeat,Yes
0428-IKYCP,1044.0,22,Bank transfer (automatic),1,bank_decline,259,occasional,Yes
4550-VBOFE,1235.4,70,Electronic check,0,card_expired,200,high_value_repeat,No
2187-PKZAY,959.4000000000001,12,Bank transfer (automatic),0,card_expired,206,occasional,No
4003-OCTMP,768.0,31,Electronic check,2,card_expired,224,high_value_repeat,No
6652-YFFJO,778.8000000000001,11,Electronic check,0,insufficient_funds,489,occasional,Yes
7225-IILWY,309.0,68,Mailed check,0,insufficient_funds,189,high_value_repeat,No
5248-RPYWW,1081.8000000000002,72,Bank transfer (automatic),0,bank_decline,355,high_value_repeat,Yes
7923-IYJWY,1393.1999999999998,67,Credit card (automatic),3,bank_decline,492,high_value_repeat,No
3170-GWYKC,1259.4,60,Bank transfer (automatic),1,bank_decline,462,high_value_repeat,Yes
5696-QURRL,540.5999999999999,1,Mailed check,0,bank_decline,342,new_customer,Yes
7409-KIUTL,852.0,1,Electronic check,2,insufficient_funds,428,new_customer,No
9830-ECLEN,600.0,58,Mailed check,2,insufficient_funds,416,high_value_repeat,No
1732-VHUBQ,846.5999999999999,47,Bank transfer (automatic),0,insufficient_funds,366,high_value_repeat,Yes
0495-RVCBF,956.4000000000001,1,Electronic check,1,insufficient_funds,368,new_customer,No
2668-TZSPS,245.39999999999998,1,Mailed check,2,insufficient_funds,735,new_customer,No
7854-EDSSA,708.0,22,Electronic check,1,card_expired,521,occasional,No
8869-TORSS,724.2,48,Credit card (automatic),0,network_error,4484,high_value_repeat,Yes
7446-SFAOA,238.20000000000002,37,Bank transfer (automatic),2,bank_decline,325,high_value_repeat,Yes
9522-ZSINC,239.39999999999998,13,Electronic check,1,network_error,2432,occasional,Yes
8234-GSZYK,317.4,43,Bank transfer (automatic),0,bank_decline,200,high_value_repeat,No
6505-OZNPG,760.8,6,Mailed check,0,insufficient_funds,278,occasional,No
6164-HAQTX,647.4000000000001,71,Bank transfer (automatic),0,insufficient_funds,685,high_value_repeat,No
0679-IDSTG,831.0,1,Electronic check,0,network_error,2082,new_customer,Yes
7765-LWVVH,1141.1999999999998,72,Electronic check,2,insufficient_funds,687,high_value_repeat,Yes
1658-TJVOA,889.1999999999999,6,Electronic check,0,insufficient_funds,213,occasional,No
0953-LGOVU,426.0,12,Mailed check,0,insufficient_funds,241,occasional,Yes
2115-BFTIW,851.4000000000001,25,Mailed check,1,insufficient_funds,348,high_value_repeat,No
4692-NNQRU,950.4000000000001,21,Electronic check,0,card_expired,390,occasional,No
7742-MYPGI,585.5999999999999,6,Mailed check,3,insufficient_funds,538,occasional,No
0611-DFXKO,1068.0,20,Mailed check,0,card_expired,467,occasional,No
7780-OTDSO,1192.8000000000002,18,Electronic check,0,network_error,2166,occasional,Yes
9619-GSATL,665.4000000000001,43,Electronic check,0,insufficient_funds,380,high_value_repeat,Yes
5622-UEJFI,304.79999999999995,35,Credit card (automatic),0,insufficient_funds,352,high_value_repeat,No
9747-DDZOS,882.0,1,Bank transfer (automatic),0,insufficient_funds,262,new_customer,No
0674-DGMAQ,1122.0,32,Electronic check,1,insufficient_funds,266,high_value_repeat,No
6203-HBZPA,766.8,52,Credit card (automatic),3,network_error,3322,high_value_repeat,Yes
0484-FFVBJ,778.1999999999999,32,Bank transfer (automatic),0,network_error,1037,high_value_repeat,Yes
0301-FIDRB,765.5999999999999,72,Bank transfer (automatic),1,network_error,3793,high_value_repeat,Yes
4139-JPIAM,533.4000000000001,51,Credit card (automatic),1,insufficient_funds,348,high_value_repeat,Yes
2181-TIDSV,239.39999999999998,68,Bank transfer (automatic),2,card_expired,284,high_value_repeat,No
2761-XECQW,520.2,8,Mailed check,0,card_expired,510,occasional,No
1936-CZAKF,595.8,49,Credit card (automatic),0,card_expired,622,high_value_repeat,No
9453-PATOS,1021.1999999999999,72,Mailed check,0,card_expired,567,high_value_repeat,Yes
0564-JJHGS,1146.0,9,Electronic check,1,card_expired,475,occasional,No
3348-CFRNX,1108.1999999999998,28,Mailed check,2,card_expired,563,high_value_repeat,Yes
4402-FTBXC,1077.6,54,Mailed check,0,network_error,1126,high_value_repeat,Yes
1428-GTBJJ,894.5999999999999,11,Electronic check,0,insufficient_funds,321,occasional,Yes
2931-XIQBR,1236.6,50,Mailed check,3,network_error,1771,high_value_repeat,Yes
0106-UGRDO,1392.0,69,Electronic check,2,insufficient_funds,583,high_value_repeat,Yes
5542-TBBWB,838.8000000000001,1,Electronic check,3,insufficient_funds,342,new_customer,No
1930-QPBVZ,1141.1999999999998,68,Bank transfer (automatic),2,bank_decline,526,high_value_repeat,No
2606-PKWJB,483.0,40,Mailed check,0,bank_decline,480,high_value_repeat,Yes
5322-ZSMZY,309.0,31,Mailed check,1,insufficient_funds,270,high_value_repeat,Yes
8059-UDZFY,1264.1999999999998,33,Bank transfer (automatic),1,insufficient_funds,311,high_value_repeat,No
7740-BTPUX,1363.1999999999998,55,Electronic check,0,insufficient_funds,594,high_value_repeat,Yes
5220-AGAAX,288.0,68,Bank transfer (automatic),1,card_expired,283,high_value_repeat,No
0208-BPQEJ,232.79999999999998,12,Bank transfer (automatic),1,bank_decline,418,occasional,No
9435-JMLSX,1033.1999999999998,71,Bank transfer (automatic),0,bank_decline,282,high_value_repeat,No
3352-ALMCK,1231.8000000000002,40,Mailed check,2,card_expired,352,high_value_repeat,Yes
5312-IRCFR,1114.1999999999998,64,Electronic check,1,insufficient_funds,393,high_value_repeat,Yes
5294-IMHHT,1173.0,53,Bank transfer (automatic),3,card_expired,282,high_value_repeat,No
8802-UNOJF,1005.5999999999999,12,Mailed check,0,insufficient_funds,255,occasional,Yes
6313-GIDIT,653.4000000000001,53,Electronic check,0,bank_decline,442,high_value_repeat,Yes
6176-YJWAS,1175.4,72,Credit card (automatic),1,bank_decline,273,high_value_repeat,Yes
5310-NOOVA,239.39999999999998,46,Electronic check,0,card_expired,278,high_value_repeat,No
4526-EXKKN,295.20000000000005,40,Mailed check,1,insufficient_funds,259,high_value_repeat,No
5311-IHLEI,611.4000000000001,12,Bank transfer (automatic),2,insufficient_funds,388,occasional,No
3987-KQDDU,907.1999999999999,9,Electronic check,0,insufficient_funds,541,occasional,No
3404-JNXAX,969.0,51,Electronic check,1,bank_decline,625,high_value_repeat,Yes
5131-PONJI,1084.8000000000002,49,Credit card (automatic),1,card_expired,291,high_value_repeat,Yes
2845-AFFTX,1197.6,41,Electronic check,0,insufficient_funds,722,high_value_repeat,Yes
3489-VSFRD,723.0,56,Credit card (automatic),3,card_expired,249,high_value_repeat,No
3345-JHUEO,242.39999999999998,4,Electronic check,2,bank_decline,562,occasional,Yes
5815-HGGHV,769.8000000000001,20,Mailed check,1,insufficient_funds,291,occasional,Yes
5260-UMPWX,243.0,26,Credit card (automatic),1,bank_decline,269,high_value_repeat,Yes
2249-YPRNG,1270.1999999999998,20,Bank transfer (automatic),1,bank_decline,288,occasional,Yes
7410-YTJIK,905.4000000000001,7,Mailed check,3,bank_decline,392,occasional,Yes
4626-GYCZP,1126.1999999999998,7,Electronic check,1,insufficient_funds,486,occasional,Yes
5649-RXQTV,1188.0,51,Electronic check,1,insufficient_funds,500,high_value_repeat,Yes
2674-MIAHT,963.5999999999999,4,Mailed check,2,insufficient_funds,258,occasional,No
2576-HXMPA,234.60000000000002,1,Credit card (automatic),0,insufficient_funds,251,new_customer,Yes
7587-AOVVU,1209.0,27,Electronic check,2,insufficient_funds,262,high_value_repeat,No
5590-BYNII,1209.0,22,Electronic check,0,card_expired,383,occasional,No
6898-MDLZW,645.0,12,Mailed check,0,card_expired,368,occasional,No
3237-AJGEH,372.0,3,Mailed check,0,bank_decline,257,new_customer,Yes
4707-YNOQA,307.20000000000005,34,Credit card (automatic),3,insufficient_funds,440,high_value_repeat,No
9357-UJRUN,700.2,24,Electronic check,2,card_expired,739,occasional,Yes
1591-NFNLQ,960.0,51,Credit card (automatic),1,network_error,2096,high_value_repeat,Yes
8648-PFRMP,556.2,14,Electronic check,1,network_error,2153,occasional,Yes
7663-CUXZB,1365.0,59,Electronic check,1,bank_decline,483,high_value_repeat,Yes
0258-NOKBL,1084.8000000000002,3,Electronic check,3,network_error,2052,new_customer,Yes
1163-VIPRI,1311.6,65,Electronic check,1,bank_decline,500,high_value_repeat,Yes
2815-CPTUL,843.0,5,Mailed check,0,insufficient_funds,292,occasional,Yes
9348-ROUAI,1083.6,59,Credit card (automatic),0,card_expired,674,high_value_repeat,No
9443-JUBUO,783.0,72,Credit card (automatic),2,insufficient_funds,451,high_value_repeat,No
0596-BQCEQ,1201.8000000000002,62,Electronic check,1,insufficient_funds,306,high_value_repeat,Yes
1481-ZUWZA,1134.0,28,Credit card (automatic),0,insufficient_funds,311,high_value_repeat,Yes
3043-TYBNO,727.8,3,Mailed check,0,insufficient_funds,322,new_customer,No
4830-FAXFM,289.20000000000005,19,Credit card (automatic),2,insufficient_funds,605,occasional,No
5906-BFOZT,234.0,1,Mailed check,0,insufficient_funds,209,new_customer,No
2960-NKRSO,1031.4,24,Electronic check,1,insufficient_funds,299,occasional,No
8996-ZROXE,642.0,57,Electronic check,3,bank_decline,315,high_value_repeat,No
5598-IKHQQ,305.4,72,Credit card (automatic),0,insufficient_funds,397,high_value_repeat,No
0397-ZXWQF,246.0,67,Bank transfer (automatic),0,network_error,2283,high_value_repeat,Yes
5266-PFRQK,250.20000000000002,52,Credit card (automatic),1,insufficient_funds,176,high_value_repeat,No
4674-HGNUA,1078.8000000000002,71,Credit card (automatic),2,bank_decline,340,high_value_repeat,No
6765-MBQNU,312.0,26,Mailed check,1,bank_decline,385,high_value_repeat,No
9786-IJYDL,1358.4,35,Mailed check,3,network_error,1997,high_value_repeat,No
1303-SRDOK,828.5999999999999,55,Credit card (automatic),0,network_error,3049,high_value_repeat,Yes
3769-MHZNV,241.20000000000002,33,Mailed check,1,insufficient_funds,537,high_value_repeat,Yes
6295-OSINB,1315.8000000000002,72,Electronic check,1,bank_decline,388,high_value_repeat,No
3308-MHOOC,230.39999999999998,1,Mailed check,2,bank_decline,434,new_customer,Yes
2309-OSFEU,406.79999999999995,10,Mailed check,0,bank_decline,75,occasional,No
2207-QPJED,1080.0,37,Electronic check,2,network_error,2163,high_value_repeat,Yes
4177-JPDFU,408.0,12,Mailed check,1,insufficient_funds,550,occasional,No
2239-CFOUJ,244.79999999999998,1,Mailed check,0,bank_decline,336,new_customer,No
8046-DNVTL,463.20000000000005,62,Credit card (automatic),0,insufficient_funds,289,high_value_repeat,Yes
2209-XADXF,303.0,1,Bank transfer (automatic),2,card_expired,741,new_customer,Yes
6620-JDYNW,727.2,18,Mailed check,0,insufficient_funds,672,occasional,Yes
1891-FZYSA,1079.4,69,Electronic check,0,bank_decline,470,high_value_repeat,No
4770-UEZOX,897.0,2,Electronic check,0,insufficient_funds,570,new_customer,No
1038-RQOST,247.20000000000002,19,Mailed check,2,insufficient_funds,66,occasional,Yes
7613-LLQFO,1013.4000000000001,12,Electronic check,1,card_expired,281,occasional,No
4568-TTZRT,244.79999999999998,9,Mailed check,2,network_error,2124,occasional,No
9513-DXHDA,980.4000000000001,27,Electronic check,0,card_expired,364,high_value_repeat,No
2640-PMGFL,954.0,27,Electronic check,1,insufficient_funds,326,high_value_repeat,Yes
3801-HMYNL,1069.8000000000002,1,Mailed check,1,insufficient_funds,50,new_customer,Yes
0516-QREYC,243.60000000000002,24,Mailed check,2,network_error,2808,occasional,Yes
9685-WKZGT,899.4000000000001,14,Electronic check,3,bank_decline,481,occasional,No
6022-UGGSO,892.8000000000001,32,Electronic check,0,bank_decline,640,high_value_repeat,No
8084-OIVBS,240.0,11,Mailed check,1,card_expired,281,occasional,No
8896-BQTTI,300.0,1,Mailed check,0,bank_decline,269,new_customer,No
3865-QBWSJ,965.4000000000001,38,Mailed check,1,insufficient_funds,50,high_value_repeat,Yes
3352-RICWQ,237.0,9,Mailed check,0,card_expired,355,occasional,No
2160-GPFXD,787.8000000000001,54,Credit card (automatic),0,card_expired,535,high_value_repeat,No
2065-MMKGR,852.0,29,Credit card (automatic),0,insufficient_funds,308,high_value_repeat,Yes
5857-TYBCJ,1070.4,44,Electronic check,1,network_error,4214,high_value_repeat,Yes
1498-NHTLT,1041.0,59,Electronic check,0,card_expired,361,high_value_repeat,No
4484-CGXFK,663.5999999999999,3,Electronic check,1,insufficient_funds,422,new_customer,Yes
1402-PTHGN,738.0,18,Mailed check,0,insufficient_funds,195,occasional,Yes
4176-RELJR,301.20000000000005,67,Credit card (automatic),0,insufficient_funds,443,high_value_repeat,Yes
6214-EDAKZ,661.8,22,Electronic check,2,card_expired,103,occasional,No
5199-FPUSP,408.59999999999997,33,Credit card (automatic),0,insufficient_funds,504,high_value_repeat,Yes
6377-KSLXC,239.39999999999998,5,Mailed check,0,insufficient_funds,508,occasional,Yes
1796-JANOW,239.39999999999998,2,Mailed check,1,network_error,3587,new_customer,Yes
0238-WHBIQ,1076.4,72,Credit card (automatic),0,network_error,1684,high_value_repeat,Yes
8735-NBLWT,244.79999999999998,9,Mailed check,0,network_error,2628,occasional,No
6651-RLGGM,315.6,67,Mailed check,0,card_expired,484,high_value_repeat,No
6127-ISGTU,1019.4000000000001,16,Electronic check,3,bank_decline,466,occasional,Yes
1614-JBEBI,248.39999999999998,8,Mailed check,1,bank_decline,270,occasional,No
8740-XLHDR,519.0,5,Mailed check,1,bank_decline,50,occasional,Yes
1208-DNHLN,580.2,23,Credit card (automatic),1,card_expired,452,occasional,No
1761-AEZZR,954.5999999999999,1,Electronic check,0,insufficient_funds,377,new_customer,Yes
3923-CSIHK,852.5999999999999,50,Electronic check,0,bank_decline,314,high_value_repeat,Yes
5696-EXCYS,233.39999999999998,17,Credit card (automatic),2,insufficient_funds,514,occasional,Yes
5795-KTGUD,1329.6,68,Bank transfer (automatic),0,insufficient_funds,393,high_value_repeat,Yes
7120-RFMVS,1014.0,1,Electronic check,0,insufficient_funds,202,new_customer,Yes
7924-GJZFI,831.5999999999999,25,Electronic check,0,insufficient_funds,110,high_value_repeat,Yes
4702-HDRKD,592.2,67,Bank transfer (automatic),0,bank_decline,230,high_value_repeat,No
8512-WIWYV,244.20000000000002,32,Credit card (automatic),3,card_expired,758,high_value_repeat,No
5897-ZYEKH,1267.1999999999998,67,Electronic check,0,card_expired,508,high_value_repeat,No
5456-ITGIC,773.4000000000001,72,Credit card (automatic),1,network_error,2650,high_value_repeat,Yes
7317-GGVPB,1303.1999999999998,71,Credit card (automatic),0,card_expired,372,high_value_repeat,No
1406-PUQVY,598.8,1,Electronic check,3,insufficient_funds,362,new_customer,Yes
1322-AGOQM,363.6,46,Bank transfer (automatic),0,card_expired,575,high_value_repeat,No
3677-IYRBF,364.79999999999995,2,Electronic check,0,network_error,2107,new_customer,Yes
5692-FPTAH,544.8,1,Mailed check,1,insufficient_funds,486,new_customer,Yes
9114-AAFQH,787.8000000000001,48,Electronic check,1,network_error,2221,high_value_repeat,Yes
8715-KKTFG,1239.6,61,Bank transfer (automatic),0,insufficient_funds,691,high_value_repeat,No
1550-LOAHA,1009.8000000000001,32,Bank transfer (automatic),0,insufficient_funds,511,high_value_repeat,Yes
1728-BQDMA,533.4000000000001,2,Electronic check,0,insufficient_funds,586,new_customer,Yes
0268-QKIWO,237.0,3,Electronic check,0,insufficient_funds,312,new_customer,Yes
0876-WDUUZ,1024.8000000000002,5,Credit card (automatic),0,bank_decline,558,occasional,No
5117-ZSMHQ,1078.8000000000002,71,Bank transfer (automatic),1,bank_decline,353,high_value_repeat,No
5151-HQRDG,660.5999999999999,37,Mailed check,0,insufficient_funds,416,high_value_repeat,No
0960-HUWBM,1249.1999999999998,65,Bank transfer (automatic),0,card_expired,645,high_value_repeat,Yes
6465-GSRCL,1279.1999999999998,67,Bank transfer (automatic),1,network_error,1665,high_value_repeat,Yes
0617-FHSGK,902.4000000000001,49,Credit card (automatic),3,insufficient_funds,430,high_value_repeat,Yes
0263-FJTQO,846.0,50,Credit card (automatic),1,insufficient_funds,465,high_value_repeat,No
7319-ZNRTR,235.20000000000002,25,Electronic check,0,bank_decline,478,high_value_repeat,No
2858-MOFSQ,670.2,17,Mailed check,0,card_expired,332,occasional,No
7503-EPSZW,288.6,64,Mailed check,3,bank_decline,712,high_value_repeat,Yes
7089-XXAYG,457.20000000000005,25,Credit card (automatic),0,insufficient_funds,205,high_value_repeat,Yes
8118-LSUEL,1276.8000000000002,23,Electronic check,0,network_error,3667,occasional,Yes
8070-AAWZP,411.0,24,Mailed check,1,insufficient_funds,582,occasional,Yes
1666-JXLKU,1200.6,37,Electronic check,1,insufficient_funds,685,high_value_repeat,Yes
7855-DIWPO,823.8000000000001,21,Electronic check,1,card_expired,161,occasional,No
5133-POWUA,549.5999999999999,1,Mailed check,0,insufficient_funds,269,new_customer,Yes
5652-MSDEY,909.0,10,Mailed check,0,insufficient_funds,623,occasional,Yes
7005-CCBKV,1012.8000000000001,6,Electronic check,3,insufficient_funds,118,occasional,Yes
1810-BOHSY,1156.8000000000002,51,Credit card (automatic),0,insufficient_funds,159,high_value_repeat,Yes
1784-BXEFA,246.60000000000002,10,Mailed check,1,network_error,2109,occasional,Yes
7351-MHQVU,611.4000000000001,6,Credit card (automatic),1,card_expired,428,occasional,No
9224-VTYID,1086.0,47,Mailed check,1,insufficient_funds,638,high_value_repeat,Yes
9500-IWPXQ,952.8000000000001,61,Electronic check,0,insufficient_funds,372,high_value_repeat,No
5762-TJXGK,705.0,52,Bank transfer (automatic),0,insufficient_funds,308,high_value_repeat,Yes
4504-YOULA,713.4000000000001,35,Credit card (automatic),1,card_expired,446,high_value_repeat,No
5569-IDSEY,1268.4,71,Bank transfer (automatic),2,insufficient_funds,470,high_value_repeat,Yes
4250-FDVOU,675.0,6,Electronic check,3,network_error,2852,occasional,Yes
7284-ZZLOH,639.5999999999999,45,Credit card (automatic),0,insufficient_funds,373,high_value_repeat,Yes
5277-ZLOOR,1026.6,2,Electronic check,0,insufficient_funds,106,new_customer,Yes
2141-RRYGO,823.8000000000001,4,Bank transfer (automatic),3,bank_decline,262,occasional,Yes
1777-JYQPJ,291.6,2,Mailed check,1,network_error,3636,new_customer,No
6376-GAHQE,934.1999999999999,4,Electronic check,2,insufficient_funds,428,occasional,Yes
3401-URHDA,718.8,51,Credit card (automatic),0,bank_decline,351,high_value_repeat,Yes
1599-EAHXY,287.4,60,Credit card (automatic),1,card_expired,567,high_value_repeat,No
8631-XVRZL,241.79999999999998,9,Mailed check,1,bank_decline,230,occasional,Yes
5052-PNLOS,1264.1999999999998,3,Bank transfer (automatic),1,card_expired,366,new_customer,No
3853-LYGAM,1147.8000000000002,17,Bank transfer (automatic),0,network_error,2610,occasional,Yes
6979-ZNSFF,1044.6,8,Electronic check,0,bank_decline,333,occasional,No
5751-USDBL,972.0,46,Mailed check,1,insufficient_funds,415,high_value_repeat,Yes
5680-LQOGP,989.4000000000001,68,Credit card (automatic),0,card_expired,371,high_value_repeat,No
2386-LAHRK,642.0,1,Mailed check,1,card_expired,190,new_customer,No
8189-DUKMV,246.0,4,Bank transfer (automatic),3,insufficient_funds,427,occasional,Yes
6032-IGALN,301.20000000000005,1,Mailed check,0,insufficient_funds,200,new_customer,Yes
9931-DCEZH,652.8,28,Credit card (automatic),2,insufficient_funds,424,high_value_repeat,No
1898-JSNDC,703.2,39,Credit card (automatic),0,card_expired,606,high_value_repeat,No
0315-LVCRK,1017.5999999999999,11,Electronic check,1,card_expired,357,occasional,No
3911-RSNHI,736.8,71,Credit card (automatic),3,card_expired,224,high_value_repeat,No
2410-CIYFZ,244.79999999999998,2,Mailed check,0,insufficient_funds,380,new_customer,Yes
4248-HCETZ,955.8000000000001,30,Mailed check,0,card_expired,275,high_value_repeat,No
5505-OVWQW,241.79999999999998,17,Mailed check,0,bank_decline,489,occasional,Yes
7271-AJDTL,1133.4,55,Credit card (automatic),0,insufficient_funds,377,high_value_repeat,Yes
1867-TJHTS,957.5999999999999,58,Bank transfer (automatic),1,card_expired,656,high_value_repeat,No
0516-WJVXC,650.4000000000001,5,Electronic check,3,network_error,3430,occasional,No
9174-FKWZE,233.39999999999998,1,Electronic check,0,network_error,2377,new_customer,Yes
6860-YRJZP,888.5999999999999,9,Electronic check,0,card_expired,507,occasional,No
4429-WYGFR,589.8,26,Bank transfer (automatic),0,bank_decline,341,high_value_repeat,No
2817-LVCPP,232.79999999999998,50,Credit card (automatic),1,insufficient_funds,405,high_value_repeat,No
5038-ETMLM,1363.8000000000002,72,Bank transfer (automatic),0,bank_decline,345,high_value_repeat,No
5056-FIMPT,1272.0,43,Credit card (automatic),1,insufficient_funds,514,high_value_repeat,Yes
4521-WFJAI,311.4,56,Bank transfer (automatic),1,insufficient_funds,614,high_value_repeat,No
6569-KTMDU,229.20000000000002,1,Mailed check,1,insufficient_funds,519,new_customer,No
8809-RIHDD,1240.8000000000002,72,Electronic check,0,network_error,3237,high_value_repeat,Yes
8809-XKHMD,1206.6,72,Bank transfer (automatic),1,insufficient_funds,538,high_value_repeat,No
0396-YCHWO,1144.8000000000002,36,Electronic check,0,insufficient_funds,482,high_value_repeat,Yes
0867-LDTTC,901.8000000000001,5,Bank transfer (automatic),0,insufficient_funds,229,occasional,Yes
4822-NGOCH,1013.4000000000001,13,Electronic check,2,bank_decline,655,occasional,No
9391-DXGGG,1069.8000000000002,44,Credit card (automatic),1,bank_decline,670,high_value_repeat,No
9844-FELAJ,1294.8000000000002,70,Electronic check,0,card_expired,364,high_value_repeat,No
2122-SZZZD,234.0,44,Credit card (automatic),0,card_expired,344,high_value_repeat,No
5307-DZCVC,1031.4,32,Credit card (automatic),0,card_expired,491,high_value_repeat,No
3148-AOIQT,299.4,69,Credit card (automatic),0,insufficient_funds,482,high_value_repeat,Yes
8679-JOEVF,712.8,16,Electronic check,0,bank_decline,369,occasional,No
8395-ETZKQ,234.0,68,Bank transfer (automatic),0,insufficient_funds,212,high_value_repeat,Yes
6692-YQHXC,839.4000000000001,16,Credit card (automatic),1,insufficient_funds,445,occasional,No
3889-VWBID,994.1999999999999,68,Bank transfer (automatic),1,insufficient_funds,482,high_value_repeat,No
5222-JCXZT,228.0,4,Mailed check,1,card_expired,508,occasional,No
9754-CLVZW,466.20000000000005,26,Credit card (automatic),1,card_expired,452,high_value_repeat,No
1432-FPAXX,367.20000000000005,29,Electronic check,0,card_expired,359,high_value_repeat,Yes
2739-CCZMB,244.20000000000002,5,Credit card (automatic),3,insufficient_funds,549,occasional,No
7080-TNUWP,1140.0,70,Bank transfer (automatic),2,card_expired,409,high_value_repeat,No
0496-AHOOK,892.8000000000001,24,Bank transfer (automatic),2,insufficient_funds,330,occasional,No
8336-TAVKX,941.4000000000001,72,Bank transfer (automatic),2,insufficient_funds,372,high_value_repeat,Yes
2468-SJFLM,891.5999999999999,1,Mailed check,3,insufficient_funds,138,new_customer,No
3181-VTHOE,612.5999999999999,70,Bank transfer (automatic),1,network_error,2354,high_value_repeat,Yes
7168-HDQHG,230.39999999999998,36,Bank transfer (automatic),0,insufficient_funds,503,high_value_repeat,No
4803-AXVYP,1194.6,38,Electronic check,1,card_expired,450,high_value_repeat,No
3884-HCSWG,840.0,17,Electronic check,1,network_error,3716,occasional,Yes
4567-AKPIA,1309.1999999999998,41,Bank transfer (automatic),1,network_error,2289,high_value_repeat,Yes
5077-DXTCG,543.5999999999999,1,Electronic check,1,card_expired,473,new_customer,No
1142-WACZW,358.20000000000005,2,Bank transfer (automatic),0,insufficient_funds,518,new_customer,Yes
7901-HXJVA,917.4000000000001,14,Electronic check,0,insufficient_funds,751,occasional,No
5649-ANRML,1141.1999999999998,2,Credit card (automatic),3,card_expired,421,new_customer,No
4892-VLANZ,237.60000000000002,1,Mailed check,1,card_expired,243,new_customer,No
5924-IFQTT,873.5999999999999,13,Electronic check,1,bank_decline,527,occasional,Yes
7968-QUXNS,227.39999999999998,6,Mailed check,0,bank_decline,679,occasional,No
2919-HBCJO,919.8000000000001,4,Bank transfer (automatic),0,insufficient_funds,351,occasional,Yes
4236-XPXAV,1189.8000000000002,5,Mailed check,2,insufficient_funds,526,occasional,No
8903-WMRNW,1221.0,15,Electronic check,1,card_expired,584,occasional,No
2452-SNHFZ,905.4000000000001,47,Credit card (automatic),2,insufficient_funds,552,high_value_repeat,No
3629-WEAAM,769.1999999999999,8,Mailed check,1,insufficient_funds,418,occasional,No
6029-CSMJE,307.79999999999995,17,Mailed check,1,bank_decline,295,occasional,Yes
7993-NQLJE,901.1999999999999,15,Mailed check,0,insufficient_funds,387,occasional,No
9909-DFRJA,1150.1999999999998,26,Bank transfer (automatic),1,bank_decline,468,high_value_repeat,Yes
9099-FTUHS,652.8,23,Electronic check,0,network_error,3226,occasional,No
0581-BXBUB,873.0,4,Electronic check,0,network_error,2767,occasional,Yes
4962-CHQPW,238.20000000000002,29,Mailed check,1,insufficient_funds,343,high_value_repeat,No
9467-ROOLM,228.60000000000002,25,Mailed check,3,insufficient_funds,483,high_value_repeat,Yes
3030-YZADT,539.4000000000001,9,Mailed check,0,card_expired,529,occasional,No
7410-KTVFV,594.5999999999999,18,Mailed check,2,insufficient_funds,456,occasional,Yes
5150-ITWWB,1138.1999999999998,3,Electronic check,0,insufficient_funds,274,new_customer,Yes
2253-KPMNB,555.0,69,Bank transfer (automatic),0,insufficient_funds,372,high_value_repeat,No
1345-ZUKID,232.20000000000002,14,Mailed check,0,insufficient_funds,542,occasional,No
6429-SHBCB,835.1999999999999,19,Mailed check,0,insufficient_funds,192,occasional,Yes
9281-OFDMF,1088.4,39,Electronic check,1,network_error,825,high_value_repeat,Yes
2603-HVKCG,1216.8000000000002,31,Electronic check,0,insufficient_funds,626,high_value_repeat,Yes
1834-WULEG,243.0,24,Mailed check,1,insufficient_funds,476,occasional,No
9097-ZUBYC,585.5999999999999,14,Bank transfer (automatic),3,card_expired,491,occasional,No
5148-ORICT,892.1999999999999,64,Mailed check,0,bank_decline,238,high_value_repeat,No
4893-GYUJU,232.20000000000002,50,Mailed check,2,insufficient_funds,510,high_value_repeat,Yes
4578-PHJYZ,825.0,52,Electronic check,0,insufficient_funds,441,high_value_repeat,Yes
7272-QDCKA,1202.4,28,Electronic check,1,card_expired,162,high_value_repeat,No
8908-SLFCJ,250.20000000000002,21,Credit card (automatic),0,bank_decline,613,occasional,Yes
8393-DLHGA,1150.8000000000002,25,Electronic check,0,network_error,2626,high_value_repeat,Yes
9766-HGEDE,232.20000000000002,17,Mailed check,0,card_expired,340,occasional,No
6968-MHOMU,540.0,58,Credit card (automatic),0,insufficient_funds,343,high_value_repeat,No
7395-IGJOS,978.0,17,Bank transfer (automatic),0,card_expired,97,occasional,No
5044-XDPYX,306.0,51,Mailed check,1,insufficient_funds,489,high_value_repeat,Yes
1814-WFGVS,586.8,72,Mailed check,2,network_error,2709,high_value_repeat,Yes
2834-SPCJV,1009.1999999999999,52,Electronic check,2,network_error,2344,high_value_repeat,Yes
3721-WKIIL,235.20000000000002,27,Mailed check,1,bank_decline,591,high_value_repeat,Yes
6734-CKRSM,240.0,3,Mailed check,0,insufficient_funds,192,new_customer,Yes
1265-ZFOSD,975.5999999999999,64,Mailed check,0,insufficient_funds,310,high_value_repeat,Yes
6568-POCUI,1142.4,45,Credit card (automatic),0,card_expired,272,high_value_repeat,No
7890-VYYWG,437.40000000000003,3,Mailed check,0,network_error,2276,new_customer,No
5197-LQXXH,999.5999999999999,71,Credit card (automatic),1,network_error,2553,high_value_repeat,Yes
9907-SWKKF,300.6,1,Mailed check,1,insufficient_funds,464,new_customer,Yes
3457-PQBYH,243.60000000000002,58,Credit card (automatic),0,insufficient_funds,347,high_value_repeat,Yes
7682-AZNDK,1078.1999999999998,34,Electronic check,0,card_expired,268,high_value_repeat,No
0587-DMGBH,598.2,8,Electronic check,2,insufficient_funds,652,occasional,No
5384-ZTTWP,237.60000000000002,15,Mailed check,2,bank_decline,761,occasional,Yes
3745-HRPHI,655.8,66,Bank transfer (automatic),0,card_expired,421,high_value_repeat,No
7636-OWBPG,352.20000000000005,12,Credit card (automatic),3,network_error,1894,occasional,No
1231-YNDEK,229.79999999999998,58,Bank transfer (automatic),3,card_expired,621,high_value_repeat,No
1407-DIGZV,229.20000000000002,3,Mailed check,0,network_error,1342,new_customer,Yes
6397-JNZZG,666.5999999999999,43,Credit card (automatic),0,insufficient_funds,349,high_value_repeat,No
0570-BFQHT,966.5999999999999,9,Electronic check,1,bank_decline,295,occasional,Yes
4393-OBCRR,243.0,3,Mailed check,3,insufficient_funds,226,new_customer,No
3523-QRQLL,834.0,22,Bank transfer (automatic),2,card_expired,357,occasional,No
8564-LDKFL,1272.0,40,Bank transfer (automatic),0,insufficient_funds,270,high_value_repeat,Yes
3696-DFHHB,306.0,68,Bank transfer (automatic),0,card_expired,401,high_value_repeat,No
0895-DQHEW,1251.6,54,Electronic check,1,insufficient_funds,404,high_value_repeat,Yes
4717-GHADL,955.1999999999999,50,Mailed check,1,insufficient_funds,306,high_value_repeat,No
5501-TVMGM,663.0,1,Electronic check,0,bank_decline,344,new_customer,Yes
5879-HMFFH,1056.6,72,Bank transfer (automatic),2,insufficient_funds,365,high_value_repeat,No
6772-WFQRD,244.79999999999998,40,Bank transfer (automatic),1,network_error,3147,high_value_repeat,Yes
3810-DVDQQ,1411.1999999999998,72,Bank transfer (automatic),2,bank_decline,377,high_value_repeat,Yes
6972-SNKKW,240.0,6,Mailed check,2,insufficient_funds,523,occasional,No
3694-GLTJM,235.79999999999998,5,Credit card (automatic),1,network_error,2968,occasional,Yes
8550-XSXUQ,846.5999999999999,48,Credit card (automatic),0,insufficient_funds,485,high_value_repeat,Yes
8149-RSOUN,1126.1999999999998,1,Electronic check,1,insufficient_funds,608,new_customer,No
9055-MOJJJ,789.5999999999999,64,Mailed check,0,insufficient_funds,232,high_value_repeat,Yes
4359-INNWN,240.60000000000002,17,Credit card (automatic),1,bank_decline,329,occasional,Yes
0585-EGDDA,960.0,40,Electronic check,0,insufficient_funds,664,high_value_repeat,Yes
4032-RMHCI,424.79999999999995,41,Credit card (automatic),1,card_expired,361,high_value_repeat,No
0549-CYCQN,955.1999999999999,51,Bank transfer (automatic),0,card_expired,50,high_value_repeat,No
3481-JHUZH,963.0,41,Electronic check,0,bank_decline,369,high_value_repeat,No
7250-EQKIY,605.4000000000001,1,Mailed check,0,insufficient_funds,420,new_customer,Yes
3594-IVHJZ,245.39999999999998,2,Mailed check,0,network_error,406,new_customer,Yes
6869-FGJJC,955.1999999999999,68,Credit card (automatic),1,network_error,3567,high_value_repeat,Yes
3896-ZVNET,296.4,24,Mailed check,1,network_error,1929,occasional,Yes
8205-VSLRB,927.5999999999999,70,Credit card (automatic),1,bank_decline,449,high_value_repeat,Yes
5960-MVTUK,357.0,3,Electronic check,0,bank_decline,366,new_customer,No
6817-WTYHE,538.8,2,Bank transfer (automatic),0,insufficient_funds,206,new_customer,Yes
3082-VQXNH,357.6,3,Credit card (automatic),0,card_expired,239,new_customer,No
4013-UBXWQ,895.8000000000001,7,Electronic check,0,insufficient_funds,259,occasional,Yes
4931-TRZWN,863.4000000000001,13,Electronic check,2,insufficient_funds,562,occasional,No
0750-EKNGL,249.0,7,Mailed check,0,card_expired,377,occasional,No
7669-LCRSD,675.5999999999999,12,Mailed check,0,insufficient_funds,321,occasional,Yes
3567-PQTSO,1263.0,53,Electronic check,0,insufficient_funds,259,high_value_repeat,No
5519-NPHVG,1130.4,12,Electronic check,0,bank_decline,579,occasional,No
8043-PNYSD,234.60000000000002,63,Mailed check,1,insufficient_funds,619,high_value_repeat,No
9938-EKRGF,1013.4000000000001,15,Mailed check,1,bank_decline,577,occasional,Yes
2703-AMTUL,643.8,36,Mailed check,0,card_expired,473,high_value_repeat,No
0928-JMXNP,358.79999999999995,4,Electronic check,0,card_expired,443,occasional,No
8173-RXAYP,236.39999999999998,24,Mailed check,0,bank_decline,217,occasional,Yes
4825-XJGDM,524.4000000000001,61,Credit card (automatic),0,insufficient_funds,363,high_value_repeat,Yes
5402-HTOTQ,663.5999999999999,16,Electronic check,0,insufficient_funds,297,occasional,Yes
6734-JDTTV,238.20000000000002,65,Credit card (automatic),3,insufficient_funds,126,high_value_repeat,No
7850-THJMU,235.79999999999998,26,Credit card (automatic),1,insufficient_funds,558,high_value_repeat,No
3890-RTCMS,593.4000000000001,16,Mailed check,1,bank_decline,295,occasional,Yes
8849-GYOKR,1278.6,54,Bank transfer (automatic),0,bank_decline,579,high_value_repeat,Yes
3148-BLQJT,241.20000000000002,1,Mailed check,0,insufficient_funds,532,new_customer,Yes
3717-FDJFU,245.39999999999998,5,Mailed check,1,insufficient_funds,483,occasional,Yes
3665-JATSN,476.40000000000003,19,Electronic check,1,insufficient_funds,491,occasional,Yes
7966-YOTQW,654.0,10,Credit card (automatic),1,insufficient_funds,307,occasional,No
0461-CVKMU,1005.5999999999999,23,Electronic check,0,card_expired,678,occasional,No
8806-EAGWC,661.8,3,Mailed check,1,insufficient_funds,406,new_customer,Yes
8853-TZDGH,1339.1999999999998,72,Bank transfer (automatic),0,card_expired,445,high_value_repeat,Yes
7779-LGOVN,1039.8000000000002,10,Electronic check,2,insufficient_funds,302,occasional,No
4324-BZCKL,666.5999999999999,10,Mailed check,1,insufficient_funds,260,occasional,No
6924-TDGMT,246.60000000000002,11,Mailed check,1,network_error,2881,occasional,No
9710-ZUSHQ,1281.0,37,Bank transfer (automatic),0,card_expired,432,high_value_repeat,No
1536-YHDOE,745.2,17,Mailed check,1,bank_decline,281,occasional,No
8123-QBNAZ,1254.0,36,Credit card (automatic),0,bank_decline,184,high_value_repeat,No
3629-ZNKXA,1221.6,17,Electronic check,0,insufficient_funds,209,occasional,Yes
4827-LTQRJ,1327.1999999999998,66,Credit card (automatic),0,insufficient_funds,579,high_value_repeat,No
7711-YIJWC,1018.8000000000001,61,Bank transfer (automatic),1,bank_decline,308,high_value_repeat,No
5482-VXSXJ,1118.4,22,Mailed check,0,bank_decline,349,occasional,Yes
7365-BVCJH,292.79999999999995,1,Electronic check,0,bank_decline,617,new_customer,Yes
9620-ENEJV,846.5999999999999,6,Credit card (automatic),2,insufficient_funds,231,occasional,Yes
4183-WCSEP,941.4000000000001,31,Electronic check,0,bank_decline,290,high_value_repeat,Yes
2378-YIZKA,1020.0,68,Credit card (automatic),1,insufficient_funds,284,high_value_repeat,No
5498-TXHLF,1049.4,34,Electronic check,0,network_error,3794,high_value_repeat,No
0689-DSXGL,1029.6,52,Bank transfer (automatic),0,bank_decline,699,high_value_repeat,Yes
6818-DJXAA,1093.1999999999998,10,Electronic check,2,insufficient_funds,512,occasional,No
9722-UJOJR,849.0,29,Electronic check,0,bank_decline,517,high_value_repeat,No
0464-WJTKO,241.20000000000002,72,Bank transfer (automatic),1,insufficient_funds,312,high_value_repeat,Yes
8902-ZEOVF,240.60000000000002,47,Mailed check,1,bank_decline,692,high_value_repeat,No
6778-EICRF,897.5999999999999,24,Mailed check,1,insufficient_funds,440,occasional,No
2662-NNTDK,297.6,65,Credit card (automatic),1,bank_decline,527,high_value_repeat,Yes
4132-KALRO,1210.1999999999998,4,Mailed check,0,insufficient_funds,384,occasional,Yes
3902-FOIGH,1216.1999999999998,12,Electronic check,0,network_error,2285,occasional,Yes
6772-KSATR,980.4000000000001,1,Electronic check,1,card_expired,649,new_customer,No
7112-OPOTK,819.0,33,Electronic check,1,card_expired,480,high_value_repeat,No
2874-YXVVA,1261.1999999999998,34,Electronic check,2,insufficient_funds,617,high_value_repeat,No
1245-HARPS,244.79999999999998,14,Mailed check,2,network_error,2704,occasional,Yes
4210-QFJMF,949.8000000000001,4,Electronic check,2,insufficient_funds,272,occasional,No
4323-ELYYB,240.0,13,Mailed check,1,card_expired,312,occasional,No
4293-ETKAP,952.8000000000001,65,Bank transfer (automatic),0,insufficient_funds,415,high_value_repeat,Yes
6064-PUPMC,686.4000000000001,23,Credit card (automatic),2,bank_decline,306,occasional,No
6504-VBLFL,703.2,55,Electronic check,1,insufficient_funds,233,high_value_repeat,No
6322-PJJDJ,1137.6,49,Electronic check,0,insufficient_funds,580,high_value_repeat,Yes
0330-BGYZE,1230.0,60,Bank transfer (automatic),2,insufficient_funds,318,high_value_repeat,Yes
1085-LDWAM,244.20000000000002,69,Credit card (automatic),2,insufficient_funds,420,high_value_repeat,No
7586-ZATGZ,1018.8000000000001,40,Electronic check,1,insufficient_funds,444,high_value_repeat,Yes
7197-VOJMM,830.4000000000001,67,Credit card (automatic),0,card_expired,311,high_value_repeat,No
3318-OSATS,1145.4,35,Electronic check,0,bank_decline,617,high_value_repeat,Yes
5828-AVIPD,1211.4,19,Electronic check,2,network_error,1606,occasional,Yes
1843-TLSGD,250.20000000000002,13,Mailed check,3,card_expired,439,occasional,No
9626-VFRGG,1062.0,41,Bank transfer (automatic),0,insufficient_funds,436,high_value_repeat,Yes
7075-BNDVQ,420.0,4,Mailed check,0,network_error,2456,occasional,Yes
9143-CANJF,661.8,24,Electronic check,2,insufficient_funds,205,occasional,No
7284-BUYEC,611.4000000000001,5,Credit card (automatic),0,network_error,3196,occasional,No
2041-JIJCI,768.0,5,Electronic check,1,insufficient_funds,511,occasional,Yes
1086-LXKFY,829.1999999999999,1,Mailed check,3,insufficient_funds,298,new_customer,No
4900-MSOMT,962.4000000000001,72,Bank transfer (automatic),0,insufficient_funds,506,high_value_repeat,No
2229-VWQJH,591.5999999999999,24,Credit card (automatic),1,bank_decline,456,occasional,No
9194-GFVOI,1012.1999999999999,42,Credit card (automatic),0,insufficient_funds,207,high_value_repeat,Yes
1336-EZFZY,240.60000000000002,4,Mailed check,0,card_expired,271,occasional,No
4282-MSACW,1406.4,68,Credit card (automatic),2,insufficient_funds,570,high_value_repeat,Yes
1403-LKLIK,241.20000000000002,33,Mailed check,0,network_error,2747,high_value_repeat,Yes
2636-ALXXZ,835.1999999999999,1,Electronic check,3,bank_decline,315,new_customer,Yes
7774-OJSXI,1241.4,31,Electronic check,1,insufficient_funds,271,high_value_repeat,No
7786-WBJYI,935.4000000000001,4,Bank transfer (automatic),0,card_expired,322,occasional,No
0136-IFMYD,1319.4,69,Electronic check,0,bank_decline,333,high_value_repeat,No
5144-TVGLP,1137.0,38,Electronic check,0,card_expired,273,high_value_repeat,No
9643-AVVWI,960.0,3,Electronic check,0,card_expired,138,new_customer,No
0253-ZTEOB,955.8000000000001,48,Electronic check,0,card_expired,571,high_value_repeat,No
2706-QZIHY,302.4,15,Mailed check,0,network_error,3276,occasional,Yes
6061-PQHMK,238.79999999999998,25,Credit card (automatic),1,insufficient_funds,209,high_value_repeat,Yes
9885-CSMWE,941.4000000000001,1,Electronic check,1,bank_decline,420,new_customer,Yes
6137-MFAJN,537.5999999999999,48,Electronic check,1,insufficient_funds,264,high_value_repeat,Yes
9122-UMROB,243.60000000000002,1,Mailed check,1,insufficient_funds,360,new_customer,No
4232-JGKIY,230.39999999999998,1,Electronic check,0,network_error,2224,new_customer,Yes
2402-TAIRZ,960.5999999999999,37,Electronic check,0,insufficient_funds,335,high_value_repeat,Yes
9659-ZTWSM,1288.1999999999998,66,Bank transfer (automatic),1,insufficient_funds,700,high_value_repeat,Yes
9139-TWBAS,574.2,26,Bank transfer (automatic),1,card_expired,333,high_value_repeat,No
6685-GBWJZ,849.5999999999999,63,Credit card (automatic),0,bank_decline,278,high_value_repeat,Yes
5016-ETTFF,354.0,10,Mailed check,2,bank_decline,285,occasional,No
3866-MDTUB,849.0,2,Electronic check,2,bank_decline,556,new_customer,No
2195-VVRJF,709.2,18,Credit card (automatic),1,bank_decline,152,occasional,No
3913-RDSJZ,306.6,64,Mailed check,0,insufficient_funds,285,high_value_repeat,No
8058-JMEQO,1013.4000000000001,9,Electronic check,2,insufficient_funds,617,occasional,No
4203-QGNZA,243.0,28,Mailed check,1,bank_decline,436,high_value_repeat,No
5043-TRZWM,906.5999999999999,1,Electronic check,2,insufficient_funds,428,new_customer,No
0697-ZMSWS,1027.8000000000002,4,Electronic check,2,card_expired,719,occasional,Yes
7657-DYEPJ,841.8000000000001,38,Credit card (automatic),2,card_expired,436,high_value_repeat,No
9494-BDNNC,1143.6,66,Electronic check,1,insufficient_funds,293,high_value_repeat,Yes
1640-PLFMP,843.0,1,Electronic check,0,bank_decline,357,new_customer,Yes
5366-OBVMR,603.5999999999999,18,Mailed check,1,card_expired,229,occasional,No
8276-MQBYC,1173.6,51,Electronic check,1,card_expired,588,high_value_repeat,Yes
7644-OMVMY,238.20000000000002,0,Mailed check,1,bank_decline,486,new_customer,No
7593-XFKDI,555.5999999999999,1,Mailed check,0,card_expired,568,new_customer,No
4573-JKNAE,232.20000000000002,12,Bank transfer (automatic),0,insufficient_funds,581,occasional,No
0337-CNPZE,1275.6,41,Electronic check,2,card_expired,337,high_value_repeat,No
9817-APLHW,300.0,12,Electronic check,1,bank_decline,258,occasional,Yes
8380-MQINP,243.60000000000002,55,Mailed check,3,network_error,2458,high_value_repeat,Yes
0840-DFEZH,904.1999999999999,7,Electronic check,2,network_error,1801,occasional,Yes
1513-XNPPH,1072.8000000000002,12,Electronic check,1,network_error,2631,occasional,No
8690-ZVLCL,1056.0,68,Credit card (automatic),1,insufficient_funds,569,high_value_repeat,Yes
6015-VVHHE,997.8000000000001,5,Credit card (automatic),2,bank_decline,374,occasional,Yes
1125-SNVCK,525.5999999999999,49,Mailed check,1,bank_decline,422,high_value_repeat,No
0384-LPITE,744.5999999999999,40,Credit card (automatic),1,insufficient_funds,385,high_value_repeat,Yes
4616-EWBNJ,241.20000000000002,16,Bank transfer (automatic),0,insufficient_funds,520,occasional,Yes
6347-DCUIK,889.8000000000001,10,Mailed check,1,bank_decline,299,occasional,Yes
1335-HQMKX,1216.1999999999998,72,Electronic check,1,bank_decline,70,high_value_repeat,Yes
2545-EBUPK,1008.5999999999999,2,Electronic check,0,bank_decline,470,new_customer,Yes
6923-AQONU,250.79999999999998,23,Mailed check,0,bank_decline,548,occasional,Yes
2172-EJXVF,1270.8000000000002,71,Electronic check,0,card_expired,466,high_value_repeat,No
0897-FEGMU,1194.0,11,Electronic check,0,card_expired,303,occasional,No
7663-RGWBC,529.8,1,Mailed check,0,card_expired,229,new_customer,No
1120-BMWUB,646.8,16,Mailed check,0,insufficient_funds,474,occasional,Yes
9124-LHCJQ,1025.4,1,Mailed check,3,network_error,2613,new_customer,Yes
4536-PLEQY,1020.5999999999999,12,Credit card (automatic),1,card_expired,381,occasional,No
7029-IJEJK,529.2,54,Bank transfer (automatic),0,card_expired,673,high_value_repeat,No
8871-JLMHM,1082.4,68,Credit card (automatic),0,card_expired,257,high_value_repeat,Yes
2235-ZGKPT,610.2,4,Mailed check,1,card_expired,666,occasional,No
3891-PUQOD,710.4000000000001,1,Electronic check,0,insufficient_funds,404,new_customer,No
5447-VYTKW,641.4000000000001,27,Mailed check,2,insufficient_funds,124,high_value_repeat,No
3623-FQBOX,239.39999999999998,21,Mailed check,1,insufficient_funds,373,occasional,No
0689-NKYLF,998.4000000000001,13,Electronic check,2,insufficient_funds,543,occasional,No
8659-HDIYE,895.8000000000001,64,Credit card (automatic),0,bank_decline,345,high_value_repeat,Yes
3658-KIBGF,658.8,1,Electronic check,1,insufficient_funds,178,new_customer,Yes
3474-BAFSJ,690.0,57,Bank transfer (automatic),0,insufficient_funds,375,high_value_repeat,No
5519-YLDGW,1246.8000000000002,21,Electronic check,3,card_expired,271,occasional,No
3865-ZFZIB,235.79999999999998,19,Mailed check,1,card_expired,473,occasional,No
1855-AGAWH,1125.6,31,Electronic check,0,insufficient_funds,516,high_value_repeat,No
7109-CQYUZ,1071.0,52,Mailed check,0,network_error,1654,high_value_repeat,Yes
1370-GGAWX,1129.8000000000002,46,Electronic check,0,network_error,1935,high_value_repeat,Yes
4680-KUTAJ,667.2,11,Electronic check,1,insufficient_funds,513,occasional,No
5307-UVGNB,584.4000000000001,53,Bank transfer (automatic),0,insufficient_funds,271,high_value_repeat,Yes
4946-EDSEW,231.0,11,Mailed check,1,bank_decline,237,occasional,Yes
2883-ILGWO,1258.8000000000002,57,Bank transfer (automatic),0,bank_decline,223,high_value_repeat,Yes
2516-VQRRV,905.4000000000001,2,Mailed check,1,network_error,2781,new_customer,Yes
7580-UGXNC,658.2,2,Mailed check,2,insufficient_funds,446,new_customer,No
3642-BYHDO,238.79999999999998,71,Bank transfer (automatic),2,insufficient_funds,297,high_value_repeat,Yes
9629-NHXFW,232.79999999999998,1,Mailed check,2,card_expired,400,new_customer,No
2696-RZVZW,300.6,68,Credit card (automatic),0,insufficient_funds,629,high_value_repeat,Yes
5766-FTRTS,1013.4000000000001,72,Mailed check,0,insufficient_funds,253,high_value_repeat,Yes
0396-HUJBP,231.60000000000002,2,Mailed check,1,card_expired,107,new_customer,No
5178-LMXOP,1141.1999999999998,1,Electronic check,0,insufficient_funds,468,new_customer,Yes
8879-ZKJOF,958.1999999999999,41,Bank transfer (automatic),0,network_error,2411,high_value_repeat,No
6285-FTQBF,306.6,72,Credit card (automatic),0,bank_decline,293,high_value_repeat,Yes
8185-UPYBR,906.0,6,Electronic check,0,insufficient_funds,497,occasional,Yes
4585-HETAI,885.0,4,Electronic check,0,bank_decline,525,occasional,No
7526-BEZQB,1152.6,12,Electronic check,2,insufficient_funds,68,occasional,No
1474-JUWSM,820.8000000000001,58,Electronic check,0,bank_decline,302,high_value_repeat,Yes
3530-CRZSB,247.79999999999998,7,Mailed check,1,insufficient_funds,747,occasional,No
8498-XXGWA,661.8,65,Mailed check,0,insufficient_funds,487,high_value_repeat,No
9617-INGJY,847.1999999999999,1,Mailed check,1,card_expired,501,new_customer,No
0621-TSSMU,239.39999999999998,56,Credit card (automatic),0,card_expired,575,high_value_repeat,No
7234-KMNRQ,228.0,4,Mailed check,2,bank_decline,402,occasional,No
7636-PEPNS,529.2,58,Mailed check,2,insufficient_funds,519,high_value_repeat,No
4683-WYDOU,1291.1999999999998,62,Bank transfer (automatic),0,insufficient_funds,507,high_value_repeat,No
9052-DHNKM,738.5999999999999,26,Electronic check,3,card_expired,480,high_value_repeat,No
6794-HKIAJ,1088.4,62,Bank transfer (automatic),3,card_expired,351,high_value_repeat,No
5578-NKCXI,1191.0,58,Credit card (automatic),2,insufficient_funds,425,high_value_repeat,Yes
1642-HMARX,1100.4,68,Electronic check,2,network_error,2029,high_value_repeat,Yes
3096-WPXBT,1208.4,61,Credit card (automatic),0,network_error,2510,high_value_repeat,Yes
8434-PNQZX,941.4000000000001,42,Credit card (automatic),1,bank_decline,224,high_value_repeat,Yes
5950-AAAGJ,1011.5999999999999,18,Bank transfer (automatic),0,bank_decline,281,occasional,No
4299-OPXEJ,234.60000000000002,56,Bank transfer (automatic),0,insufficient_funds,357,high_value_repeat,Yes
4951-UKAAQ,1067.4,4,Electronic check,3,network_error,1745,occasional,Yes
9618-LFJRU,245.39999999999998,4,Credit card (automatic),0,insufficient_funds,324,occasional,No
6693-DJWTY,667.2,35,Credit card (automatic),1,network_error,2368,high_value_repeat,Yes
0744-GKNGE,1041.6,64,Bank transfer (automatic),2,card_expired,460,high_value_repeat,No
6447-EGDIV,251.39999999999998,31,Mailed check,2,bank_decline,542,high_value_repeat,Yes
1167-OYZJF,240.60000000000002,67,Bank transfer (automatic),3,network_error,2128,high_value_repeat,Yes
2108-YKQTY,608.4000000000001,4,Credit card (automatic),0,bank_decline,600,occasional,No
4806-DXQCE,1363.8000000000002,70,Electronic check,0,bank_decline,540,high_value_repeat,No
4918-QLLIW,640.8,3,Credit card (automatic),0,bank_decline,475,new_customer,Yes
7056-IMHCC,1222.8000000000002,53,Electronic check,0,bank_decline,423,high_value_repeat,Yes
4854-SSLTN,714.0,2,Mailed check,0,card_expired,447,new_customer,No
5294-DMSFH,1053.6,29,Credit card (automatic),0,insufficient_funds,578,high_value_repeat,No
4837-PZTIC,502.79999999999995,47,Mailed check,2,insufficient_funds,583,high_value_repeat,Yes
1625-JAIIY,996.0,68,Electronic check,1,insufficient_funds,600,high_value_repeat,No
0603-OLQDC,838.1999999999999,12,Mailed check,0,card_expired,406,occasional,No
3272-VUHPV,675.5999999999999,8,Bank transfer (automatic),1,card_expired,483,occasional,No
4176-FXYBO,1314.6,54,Electronic check,0,card_expired,601,high_value_repeat,No
1063-DHQJF,1105.8000000000002,69,Mailed check,0,bank_decline,306,high_value_repeat,Yes
8663-UPDGF,834.0,26,Bank transfer (automatic),2,bank_decline,352,high_value_repeat,Yes
6719-FGEDO,1164.0,72,Bank transfer (automatic),1,insufficient_funds,402,high_value_repeat,Yes
1837-YQUCE,700.2,70,Bank transfer (automatic),2,insufficient_funds,534,high_value_repeat,Yes
2947-DOMLJ,607.2,1,Mailed check,0,insufficient_funds,537,new_customer,Yes
4112-LUEIZ,1074.0,10,Electronic check,2,insufficient_funds,365,occasional,Yes
0369-ZGOVK,844.8000000000001,28,Bank transfer (automatic),1,network_error,1293,high_value_repeat,Yes
4510-HIMLV,837.5999999999999,1,Electronic check,1,card_expired,436,new_customer,No
9919-KNPOO,1131.6,21,Electronic check,1,card_expired,262,occasional,No
8749-JMNKX,1125.6,51,Bank transfer (automatic),2,bank_decline,176,high_value_repeat,Yes
7872-BAAZR,234.60000000000002,53,Bank transfer (automatic),1,bank_decline,210,high_value_repeat,No
9391-LMANN,1151.4,53,Electronic check,1,insufficient_funds,448,high_value_repeat,No
2430-USGXP,1212.6,24,Electronic check,3,network_error,3588,occasional,No
8174-TBVCF,1137.6,70,Credit card (automatic),2,insufficient_funds,405,high_value_repeat,No
1698-XFZCI,1293.0,61,Electronic check,0,insufficient_funds,431,high_value_repeat,Yes
1877-HKBQX,655.2,11,Mailed check,1,insufficient_funds,577,occasional,Yes
4450-DLLMH,855.5999999999999,2,Credit card (automatic),0,card_expired,168,new_customer,No
0428-AXXLJ,234.0,25,Bank transfer (automatic),0,insufficient_funds,478,high_value_repeat,Yes
2746-DIJLO,675.5999999999999,41,Credit card (automatic),1,insufficient_funds,398,high_value_repeat,Yes
5955-ERIHD,1136.4,18,Electronic check,3,network_error,2952,occasional,Yes
0917-EZOLA,1249.8000000000002,72,Bank transfer (automatic),3,network_error,2113,high_value_repeat,Yes
3508-VLHCZ,1086.6,71,Credit card (automatic),0,insufficient_funds,277,high_value_repeat,No
4086-ATNFV,729.5999999999999,34,Mailed check,1,insufficient_funds,421,high_value_repeat,No
0468-YRPXN,1185.6,29,Credit card (automatic),0,bank_decline,647,high_value_repeat,Yes
5996-NRVXR,1177.8000000000002,40,Credit card (automatic),3,insufficient_funds,529,high_value_repeat,No
3739-YBWAB,424.20000000000005,36,Mailed check,3,bank_decline,323,high_value_repeat,Yes
7047-FWEYA,1237.8000000000002,46,Electronic check,1,card_expired,198,high_value_repeat,No
2000-MPKCA,1293.0,58,Electronic check,2,insufficient_funds,147,high_value_repeat,No
9762-YAQAA,976.8000000000001,39,Credit card (automatic),1,insufficient_funds,597,high_value_repeat,No
5949-EBSQK,737.4000000000001,4,Credit card (automatic),1,insufficient_funds,256,occasional,Yes
5473-KHBPS,1148.4,52,Credit card (automatic),0,insufficient_funds,351,high_value_repeat,Yes
0100-DUVFC,1257.6,70,Electronic check,1,insufficient_funds,598,high_value_repeat,Yes
5397-TUPSH,851.4000000000001,65,Bank transfer (automatic),1,card_expired,157,high_value_repeat,No
8950-MTZNV,539.4000000000001,1,Mailed check,1,insufficient_funds,623,new_customer,Yes
0326-VDYXE,1171.8000000000002,70,Electronic check,0,card_expired,361,high_value_repeat,No
6773-LQTVT,427.79999999999995,29,Mailed check,3,card_expired,227,high_value_repeat,No
7274-RTAPZ,1086.6,1,Electronic check,0,insufficient_funds,362,new_customer,No
0436-TWFFZ,1023.0,67,Mailed check,1,insufficient_funds,291,high_value_repeat,No
8566-YPRGL,234.0,1,Mailed check,1,insufficient_funds,466,new_customer,Yes
0311-UNPFF,1065.6,26,Bank transfer (automatic),1,insufficient_funds,302,high_value_repeat,Yes
6609-MXJHJ,301.20000000000005,30,Mailed check,1,network_error,970,high_value_repeat,Yes
2669-OIDSD,1200.6,48,Credit card (automatic),0,insufficient_funds,366,high_value_repeat,No
8400-WZICQ,668.4000000000001,55,Electronic check,0,network_error,1414,high_value_repeat,Yes
3834-XUIFC,1022.4000000000001,7,Mailed check,1,insufficient_funds,430,occasional,No
9576-SYUHJ,1093.8000000000002,37,Electronic check,1,card_expired,221,high_value_repeat,No
0410-IPFTY,1006.1999999999999,31,Bank transfer (automatic),0,card_expired,326,high_value_repeat,No
2831-EBWRN,550.8,4,Electronic check,1,network_error,2646,occasional,Yes
9430-NKQLY,301.20000000000005,72,Credit card (automatic),1,insufficient_funds,368,high_value_repeat,Yes
8414-MYSHR,1096.8000000000002,5,Electronic check,1,insufficient_funds,437,occasional,Yes
0247-SLUJI,236.39999999999998,1,Mailed check,2,card_expired,502,new_customer,No
9402-ORRAH,1098.0,15,Electronic check,0,insufficient_funds,226,occasional,Yes
6483-OATDN,615.5999999999999,8,Credit card (automatic),0,insufficient_funds,390,occasional,No
1293-HHSHJ,253.20000000000002,35,Mailed check,2,card_expired,50,high_value_repeat,No
4840-ORQXB,1257.0,56,Electronic check,1,card_expired,437,high_value_repeat,Yes
7599-FKVXZ,1273.8000000000002,42,Bank transfer (automatic),1,card_expired,354,high_value_repeat,No
3982-DQLUS,1029.0,65,Electronic check,2,card_expired,252,high_value_repeat,No
8610-ZIKJJ,243.60000000000002,2,Mailed check,2,network_error,2752,new_customer,Yes
3756-VNWDH,1209.0,65,Electronic check,3,network_error,3438,high_value_repeat,Yes
7801-KICAO,889.8000000000001,18,Electronic check,1,card_expired,328,occasional,No
7673-LPRNY,942.5999999999999,23,Electronic check,1,network_error,1744,occasional,Yes
8229-TNIQA,543.5999999999999,4,Mailed check,0,bank_decline,424,occasional,No
6060-QBMGV,238.20000000000002,70,Credit card (automatic),0,insufficient_funds,199,high_value_repeat,No
7339-POGZN,608.4000000000001,4,Electronic check,1,insufficient_funds,300,occasional,Yes
2828-SLQPF,540.0,19,Bank transfer (automatic),0,network_error,3477,occasional,Yes
4465-VDKIQ,933.5999999999999,18,Electronic check,3,card_expired,409,occasional,No
2921-XWDJH,1001.4000000000001,38,Electronic check,1,insufficient_funds,118,high_value_repeat,Yes
6221-AVQYL,879.0,2,Credit card (automatic),1,bank_decline,130,new_customer,No
2558-BUOZZ,1137.6,47,Bank transfer (automatic),0,insufficient_funds,424,high_value_repeat,No
9257-AZMTZ,241.20000000000002,52,Bank transfer (automatic),0,network_error,3189,high_value_repeat,Yes
0003-MKNFE,718.8,9,Mailed check,0,network_error,1205,occasional,No
0975-UYDTX,1081.1999999999998,26,Credit card (automatic),0,bank_decline,467,high_value_repeat,Yes
7743-EXURX,612.5999999999999,8,Electronic check,0,insufficient_funds,599,occasional,No
4682-BLBUC,851.4000000000001,44,Electronic check,1,card_expired,683,high_value_repeat,No
0975-VOOVL,350.4,3,Mailed check,2,insufficient_funds,449,new_customer,No
5968-VXZLG,559.2,2,Bank transfer (automatic),2,insufficient_funds,476,new_customer,No
5569-KGJHX,1024.1999999999998,9,Bank transfer (automatic),1,insufficient_funds,80,occasional,No
4988-IQIGL,904.1999999999999,1,Electronic check,0,card_expired,714,new_customer,No
5201-FRKKS,891.5999999999999,25,Bank transfer (automatic),2,card_expired,313,high_value_repeat,No
9799-CAYJJ,831.5999999999999,2,Electronic check,2,insufficient_funds,259,new_customer,Yes
7730-IUTDZ,902.4000000000001,43,Electronic check,0,card_expired,361,high_value_repeat,No
0426-TIRNE,250.79999999999998,1,Mailed check,1,network_error,3709,new_customer,Yes
5443-SCMKX,1131.6,58,Electronic check,0,network_error,4266,high_value_repeat,Yes
8295-KMENE,917.4000000000001,59,Mailed check,2,bank_decline,418,high_value_repeat,No
6738-ISCBM,648.0,44,Electronic check,3,insufficient_funds,549,high_value_repeat,No
9821-BESNZ,1251.0,66,Electronic check,0,bank_decline,406,high_value_repeat,Yes
3678-MNGZX,239.39999999999998,68,Bank transfer (automatic),2,bank_decline,244,high_value_repeat,No
1335-NTIUC,299.4,9,Electronic check,1,insufficient_funds,621,occasional,Yes
2916-BQZLN,1017.0,19,Electronic check,3,insufficient_funds,306,occasional,No
4558-CGYCZ,237.0,4,Mailed check,1,insufficient_funds,630,occasional,No
2368-GAKKQ,1363.8000000000002,70,Bank transfer (automatic),2,insufficient_funds,594,high_value_repeat,Yes
8710-YGLWG,538.8,1,Mailed check,0,card_expired,492,new_customer,No
3199-XGZCY,903.0,8,Electronic check,0,card_expired,674,occasional,No
3785-KTYSH,295.20000000000005,53,Mailed check,0,network_error,4285,high_value_repeat,Yes
6814-ZPWFQ,300.0,51,Bank transfer (automatic),3,card_expired,373,high_value_repeat,No
4063-EIKNQ,251.39999999999998,11,Bank transfer (automatic),2,insufficient_funds,278,occasional,No
6993-YCOBK,1327.1999999999998,60,Electronic check,2,bank_decline,120,high_value_repeat,No
5206-HPJKM,666.0,17,Credit card (automatic),3,insufficient_funds,736,occasional,No
7587-RZNME,519.5999999999999,3,Electronic check,0,bank_decline,334,new_customer,No
0748-RDGGM,1314.0,70,Bank transfer (automatic),0,insufficient_funds,570,high_value_repeat,No
8393-JMVMB,233.39999999999998,1,Mailed check,0,bank_decline,288,new_customer,No
5019-GQVCR,1018.1999999999999,43,Electronic check,0,insufficient_funds,630,high_value_repeat,Yes
6036-TTFYU,235.20000000000002,16,Mailed check,0,insufficient_funds,294,occasional,Yes
2550-AEVRU,641.4000000000001,57,Electronic check,1,insufficient_funds,221,high_value_repeat,Yes
0969-RGKCU,237.60000000000002,37,Credit card (automatic),0,network_error,2333,high_value_repeat,Yes
0378-CJKPV,1345.1999999999998,72,Credit card (automatic),0,bank_decline,320,high_value_repeat,No
4706-AXVKM,1017.5999999999999,11,Credit card (automatic),0,insufficient_funds,489,occasional,No
5889-JTMUL,1140.6,50,Electronic check,0,bank_decline,392,high_value_repeat,Yes
9026-RNUJS,604.2,5,Electronic check,3,card_expired,494,occasional,No
3746-EUBYR,895.1999999999999,1,Bank transfer (automatic),2,card_expired,356,new_customer,No
2332-EFBJY,236.39999999999998,16,Mailed check,3,bank_decline,300,occasional,Yes
2880-FPNAE,890.4000000000001,2,Electronic check,0,insufficient_funds,312,new_customer,Yes
1703-MGIAB,828.0,17,Mailed check,0,insufficient_funds,706,occasional,No
4311-QTTAI,232.20000000000002,16,Credit card (automatic),2,bank_decline,433,occasional,Yes
9474-PHLYD,713.4000000000001,15,Electronic check,0,bank_decline,102,occasional,No
4318-RAJVY,237.60000000000002,10,Mailed check,0,bank_decline,321,occasional,No
2165-VOEGB,1262.4,46,Bank transfer (automatic),0,bank_decline,414,high_value_repeat,No
3612-YUNGG,1310.4,64,Credit card (automatic),0,insufficient_funds,676,high_value_repeat,Yes
2254-DLXRI,949.8000000000001,1,Mailed check,0,bank_decline,554,new_customer,No
5062-CJJKH,643.8,25,Mailed check,0,insufficient_funds,261,high_value_repeat,Yes
9028-LIHRP,1202.4,71,Credit card (automatic),1,bank_decline,762,high_value_repeat,Yes
2219-MVUSO,541.8,8,Mailed check,0,card_expired,395,occasional,No
1053-MXTTK,1303.8000000000002,72,Bank transfer (automatic),0,card_expired,586,high_value_repeat,No
1530-ZTDOZ,487.79999999999995,49,Bank transfer (automatic),2,card_expired,226,high_value_repeat,No
1301-LOPVR,664.2,29,Credit card (automatic),0,insufficient_funds,50,high_value_repeat,Yes
0853-TWRVK,1267.1999999999998,72,Bank transfer (automatic),0,insufficient_funds,188,high_value_repeat,Yes
8914-RBTSB,1125.6,31,Electronic check,2,bank_decline,50,high_value_repeat,Yes
6212-ATMLK,1148.4,50,Electronic check,0,bank_decline,716,high_value_repeat,Yes
8200-LGKSR,998.4000000000001,71,Electronic check,0,insufficient_funds,432,high_value_repeat,Yes
1568-BEKZM,1080.6,70,Credit card (automatic),1,network_error,1760,high_value_repeat,Yes
0670-ANMUU,1171.8000000000002,71,Credit card (automatic),0,card_expired,467,high_value_repeat,No
6897-RWMUB,816.5999999999999,61,Bank transfer (automatic),1,insufficient_funds,428,high_value_repeat,No
0963-ZBDRN,1154.4,32,Electronic check,2,insufficient_funds,493,high_value_repeat,No
7594-RQHXR,955.1999999999999,1,Electronic check,0,bank_decline,581,new_customer,Yes
6999-CHVCF,1225.1999999999998,68,Bank transfer (automatic),1,network_error,2268,high_value_repeat,Yes
6134-KWTBV,280.79999999999995,62,Bank transfer (automatic),1,card_expired,268,high_value_repeat,No
1077-HUUJM,852.5999999999999,7,Electronic check,0,card_expired,524,occasional,No
6331-EWIEB,1023.0,20,Electronic check,1,insufficient_funds,520,occasional,No
0895-LNKRC,233.39999999999998,6,Mailed check,0,card_expired,415,occasional,No
2045-BMBTJ,713.4000000000001,33,Bank transfer (automatic),1,insufficient_funds,726,high_value_repeat,No
8417-GSODA,1106.4,28,Bank transfer (automatic),0,insufficient_funds,334,high_value_repeat,Yes
5171-EPLKN,238.20000000000002,27,Credit card (automatic),1,network_error,1780,high_value_repeat,Yes
4452-QIIEB,526.8,7,Mailed check,0,bank_decline,462,occasional,No
5998-VVEJY,966.0,26,Electronic check,2,insufficient_funds,298,high_value_repeat,No
1624-NALOJ,1077.6,5,Electronic check,0,insufficient_funds,474,occasional,Yes
6741-EGCBI,1086.0,30,Credit card (automatic),0,card_expired,275,high_value_repeat,No
7820-ZYGNY,1085.4,63,Credit card (automatic),1,bank_decline,339,high_value_repeat,No
4317-VTEOA,609.0,1,Electronic check,1,network_error,4012,new_customer,Yes
9677-AVKED,1015.1999999999999,53,Electronic check,1,bank_decline,339,high_value_repeat,Yes
1670-SVOWZ,1075.8000000000002,14,Credit card (automatic),1,card_expired,280,occasional,No
2227-JRSJX,1189.8000000000002,21,Bank transfer (automatic),2,network_error,3436,occasional,Yes
9847-HNVGP,239.39999999999998,17,Mailed check,2,insufficient_funds,242,occasional,Yes
6696-YDAYZ,246.0,16,Mailed check,0,insufficient_funds,296,occasional,No
8980-WQFWL,745.2,35,Electronic check,1,insufficient_funds,486,high_value_repeat,No
1730-ZMAME,954.0,32,Electronic check,2,card_expired,540,high_value_repeat,No
6506-EYCNH,234.60000000000002,28,Bank transfer (automatic),3,bank_decline,583,high_value_repeat,Yes
4634-JLRJT,244.20000000000002,1,Mailed check,2,bank_decline,287,new_customer,No
9501-UKKNL,620.4000000000001,59,Electronic check,0,insufficient_funds,489,high_value_repeat,Yes
2560-QTSBS,279.6,72,Bank transfer (automatic),0,insufficient_funds,330,high_value_repeat,Yes
7541-YLXCL,784.8000000000001,36,Mailed check,1,insufficient_funds,309,high_value_repeat,No
4795-WRNVT,781.1999999999999,40,Mailed check,1,insufficient_funds,580,high_value_repeat,Yes
6080-TCMYC,974.4000000000001,40,Electronic check,1,card_expired,317,high_value_repeat,No
0260-ZDLGK,874.8000000000001,9,Mailed check,1,bank_decline,441,occasional,No
7860-UXCRM,894.0,63,Credit card (automatic),2,bank_decline,423,high_value_repeat,No
6357-JJPQT,966.0,3,Electronic check,0,network_error,1643,new_customer,Yes
2292-XQWSV,723.5999999999999,40,Mailed check,2,bank_decline,544,high_value_repeat,Yes
9552-TGUZV,900.0,8,Mailed check,0,card_expired,484,occasional,Yes
5913-INRQV,1081.8000000000002,34,Mailed check,0,insufficient_funds,102,high_value_repeat,Yes
8722-NGNBH,480.0,5,Mailed check,1,card_expired,441,occasional,No
6210-KBBPI,1193.4,9,Credit card (automatic),2,card_expired,284,occasional,No
9643-YBLUR,828.5999999999999,9,Credit card (automatic),0,network_error,3377,occasional,No
8734-FNWVH,716.4000000000001,31,Bank transfer (automatic),0,insufficient_funds,183,high_value_repeat,Yes
9447-YPTBX,238.20000000000002,50,Bank transfer (automatic),3,insufficient_funds,346,high_value_repeat,No
0133-BMFZO,1035.0,2,Electronic check,0,insufficient_funds,454,new_customer,Yes
6128-CZOMY,547.8,1,Electronic check,1,bank_decline,408,new_customer,No
9540-JYROE,841.1999999999999,8,Mailed check,1,insufficient_funds,514,occasional,Yes
9026-LHEVG,489.0,9,Electronic check,1,network_error,1285,occasional,Yes
2260-USTRB,842.4000000000001,2,Bank transfer (automatic),1,network_error,3821,new_customer,Yes
3656-TKRVZ,664.2,3,Electronic check,0,insufficient_funds,478,new_customer,Yes
7011-CVEUC,1148.4,25,Credit card (automatic),1,card_expired,603,high_value_repeat,No
6185-TASNN,555.5999999999999,1,Electronic check,0,bank_decline,531,new_customer,No
7925-PNRGI,975.5999999999999,45,Mailed check,1,card_expired,398,high_value_repeat,No
8623-TMRBY,1010.4000000000001,51,Electronic check,0,bank_decline,207,high_value_repeat,No
1552-CZCLL,240.0,55,Credit card (automatic),1,insufficient_funds,315,high_value_repeat,Yes
3038-PQIUY,793.8000000000001,38,Bank transfer (automatic),0,insufficient_funds,638,high_value_repeat,Yes
1501-SGHBW,550.2,2,Mailed check,0,bank_decline,607,new_customer,No
9313-CDOGY,235.20000000000002,38,Electronic check,0,bank_decline,307,high_value_repeat,No
8148-BPLZQ,597.5999999999999,34,Electronic check,0,bank_decline,50,high_value_repeat,Yes
2623-DRYAM,1221.0,70,Electronic check,2,network_error,2329,high_value_repeat,Yes
9987-LUTYD,661.8,13,Mailed check,0,bank_decline,356,occasional,Yes
3208-YPIOE,903.0,39,Electronic check,3,bank_decline,362,high_value_repeat,Yes
4488-KQFDT,1247.4,61,Electronic check,3,bank_decline,479,high_value_repeat,Yes
2612-RANWT,1201.8000000000002,12,Bank transfer (automatic),1,card_expired,531,occasional,No
5693-PIPCS,1195.8000000000002,41,Credit card (automatic),0,insufficient_funds,548,high_value_repeat,Yes
0491-KAPQG,884.4000000000001,21,Electronic check,0,bank_decline,466,occasional,Yes
1925-LFCZZ,600.5999999999999,55,Bank transfer (automatic),2,insufficient_funds,129,high_value_repeat,No
8039-EQPIM,723.0,69,Bank transfer (automatic),0,card_expired,348,high_value_repeat,No
6900-PXRMS,1269.0,26,Electronic check,0,insufficient_funds,745,high_value_repeat,Yes
8707-RMEZH,1047.6,69,Credit card (automatic),1,card_expired,456,high_value_repeat,No
3346-BRMIS,580.2,18,Electronic check,2,card_expired,455,occasional,No
3209-ZPKFI,651.0,47,Electronic check,2,insufficient_funds,453,high_value_repeat,Yes
6479-VDGRK,1023.5999999999999,72,Bank transfer (automatic),0,bank_decline,462,high_value_repeat,Yes
9373-WSLOY,600.0,33,Electronic check,1,insufficient_funds,50,high_value_repeat,Yes
2933-FILNV,292.79999999999995,2,Mailed check,0,card_expired,364,new_customer,No
3569-JFODW,1091.4,72,Credit card (automatic),0,insufficient_funds,394,high_value_repeat,Yes
9819-FBNSV,867.0,37,Bank transfer (automatic),2,insufficient_funds,592,high_value_repeat,No
9544-PYPSJ,1153.1999999999998,62,Credit card (automatic),0,insufficient_funds,407,high_value_repeat,Yes
1591-XWLGB,238.20000000000002,71,Credit card (automatic),0,network_error,1182,high_value_repeat,No
0396-UKGAI,663.5999999999999,23,Bank transfer (automatic),0,insufficient_funds,464,occasional,Yes
3243-ZHOHY,241.20000000000002,16,Mailed check,2,bank_decline,279,occasional,Yes
5186-EJEGL,834.0,9,Mailed check,2,insufficient_funds,217,occasional,Yes
7527-QNRUS,301.79999999999995,17,Mailed check,1,insufficient_funds,274,occasional,No
9986-BONCE,251.39999999999998,4,Bank transfer (automatic),2,insufficient_funds,481,occasional,Yes
2722-JMONI,594.5999999999999,1,Electronic check,0,insufficient_funds,588,new_customer,Yes
2203-GHNWN,955.8000000000001,24,Mailed check,1,network_error,2886,occasional,Yes
3878-AVSOQ,855.0,1,Electronic check,0,bank_decline,494,new_customer,No
3258-SYSWS,1365.6,72,Bank transfer (automatic),0,card_expired,470,high_value_repeat,No
5296-PSYVW,294.6,72,Electronic check,1,insufficient_funds,415,high_value_repeat,No
6319-QSUSR,236.39999999999998,11,Credit card (automatic),3,insufficient_funds,504,occasional,Yes
4083-EUGRJ,243.0,9,Mailed check,0,card_expired,50,occasional,No
7579-OOPEC,601.8,2,Credit card (automatic),0,bank_decline,416,new_customer,No
0512-FLFDW,1206.0,60,Credit card (automatic),0,insufficient_funds,243,high_value_repeat,Yes
1771-OADNZ,1150.8000000000002,29,Electronic check,0,network_error,3430,high_value_repeat,Yes
0487-CRLZF,893.4000000000001,49,Bank transfer (automatic),3,insufficient_funds,377,high_value_repeat,No
2107-FBPTK,1249.1999999999998,30,Electronic check,1,insufficient_funds,404,high_value_repeat,No
9451-WLYRI,228.60000000000002,53,Credit card (automatic),1,card_expired,174,high_value_repeat,No
8219-VYBVI,300.0,39,Mailed check,2,insufficient_funds,552,high_value_repeat,No
1991-VOPLL,228.60000000000002,9,Mailed check,0,network_error,3001,occasional,Yes
9738-QLWTP,982.8000000000001,39,Electronic check,1,insufficient_funds,483,high_value_repeat,Yes
1016-DJTSV,836.4000000000001,8,Electronic check,0,network_error,1849,occasional,No
9419-IPPBE,1081.8000000000002,51,Electronic check,1,insufficient_funds,283,high_value_repeat,No
0174-QRVVY,304.20000000000005,71,Credit card (automatic),3,bank_decline,433,high_value_repeat,No
5699-BNCAS,295.79999999999995,71,Mailed check,2,insufficient_funds,295,high_value_repeat,No
2900-PHPLN,234.60000000000002,70,Credit card (automatic),0,bank_decline,465,high_value_repeat,No
0612-RTZZA,303.0,1,Electronic check,2,bank_decline,75,new_customer,Yes
8106-GWQOK,720.0,38,Bank transfer (automatic),0,bank_decline,326,high_value_repeat,No
8751-EDEKA,1078.8000000000002,28,Credit card (automatic),0,card_expired,669,high_value_repeat,No
6878-GGDWG,232.79999999999998,32,Bank transfer (automatic),0,network_error,2851,high_value_repeat,Yes
4039-PIMHX,597.5999999999999,49,Mailed check,0,insufficient_funds,425,high_value_repeat,Yes
8450-LUGUK,289.20000000000005,37,Bank transfer (automatic),1,insufficient_funds,697,high_value_repeat,No
3604-WLABM,651.0,10,Electronic check,1,insufficient_funds,50,occasional,Yes
0795-GMVQO,1318.8000000000002,67,Credit card (automatic),3,insufficient_funds,277,high_value_repeat,No
2259-OUUSZ,426.0,7,Credit card (automatic),1,bank_decline,339,occasional,Yes
1142-IHLOO,1050.6,51,Credit card (automatic),1,insufficient_funds,528,high_value_repeat,No
6410-LEFEN,541.8,9,Electronic check,0,card_expired,531,occasional,No
4633-MKHYU,1060.8000000000002,9,Mailed check,0,card_expired,270,occasional,No
6257-RJOHI,609.5999999999999,4,Mailed check,1,card_expired,549,occasional,No
1545-JFUML,1188.0,71,Electronic check,0,network_error,2177,high_value_repeat,Yes
3194-ORPIK,1012.8000000000001,50,Bank transfer (automatic),2,insufficient_funds,581,high_value_repeat,Yes
7826-VVKWT,1158.6,24,Electronic check,0,card_expired,245,occasional,No
1353-GHZOS,717.0,22,Bank transfer (automatic),0,insufficient_funds,381,occasional,No
2587-EKXTS,1338.0,44,Electronic check,0,bank_decline,326,high_value_repeat,Yes
5442-BXVND,291.0,33,Bank transfer (automatic),0,network_error,3344,high_value_repeat,Yes
8816-VXNZD,901.1999999999999,1,Electronic check,0,bank_decline,321,new_customer,No
9378-FXTIZ,841.8000000000001,54,Credit card (automatic),1,insufficient_funds,393,high_value_repeat,No
1723-HKXJQ,1221.0,42,Electronic check,0,insufficient_funds,476,high_value_repeat,Yes
7825-GKXMW,549.5999999999999,1,Electronic check,1,insufficient_funds,481,new_customer,No
9753-OYLBX,246.0,1,Mailed check,0,insufficient_funds,533,new_customer,Yes
2364-UFROM,844.8000000000001,30,Electronic check,0,insufficient_funds,431,high_value_repeat,No
6656-JWRQX,366.6,1,Mailed check,0,network_error,2165,new_customer,No
6473-ULUHT,1018.8000000000001,16,Electronic check,2,insufficient_funds,347,occasional,Yes
1240-KNSEZ,241.20000000000002,1,Mailed check,0,card_expired,403,new_customer,No
0836-SEYLU,487.79999999999995,9,Mailed check,2,bank_decline,437,occasional,Yes
4433-JCGCG,1212.0,46,Electronic check,0,network_error,2382,high_value_repeat,Yes
3716-BDVDB,829.1999999999999,1,Electronic check,2,insufficient_funds,402,new_customer,No
7688-AWMDX,654.0,71,Bank transfer (automatic),0,insufficient_funds,172,high_value_repeat,Yes
2842-BCQGE,904.1999999999999,43,Credit card (automatic),1,card_expired,500,high_value_repeat,No
7244-QWYHG,533.4000000000001,50,Bank transfer (automatic),1,insufficient_funds,427,high_value_repeat,No
5899-MQZZL,900.0,13,Mailed check,3,card_expired,550,occasional,No
6849-OYAMU,1200.0,19,Bank transfer (automatic),0,insufficient_funds,400,occasional,No
5312-UXESG,1176.6,41,Bank transfer (automatic),0,bank_decline,139,high_value_repeat,Yes
9488-HGMJH,853.8000000000001,1,Electronic check,0,network_error,2213,new_customer,Yes
6038-GCYEC,649.8,24,Credit card (automatic),2,card_expired,370,occasional,No
2150-WLKUW,766.8,40,Bank transfer (automatic),1,insufficient_funds,511,high_value_repeat,No
7159-FVYPK,829.8000000000001,3,Bank transfer (automatic),2,insufficient_funds,89,new_customer,No
7032-LMBHI,775.8000000000001,37,Bank transfer (automatic),0,network_error,2532,high_value_repeat,Yes
1150-WFARN,1305.0,67,Credit card (automatic),0,card_expired,477,high_value_repeat,No
6088-BXMRG,1186.1999999999998,32,Electronic check,0,insufficient_funds,300,high_value_repeat,Yes
3144-AUDBS,589.8,6,Electronic check,3,insufficient_funds,411,occasional,No
4821-SJHJV,1075.1999999999998,32,Electronic check,1,insufficient_funds,305,high_value_repeat,Yes
7346-MEDWM,999.0,59,Electronic check,3,network_error,1916,high_value_repeat,Yes
1137-DGOWI,843.0,30,Bank transfer (automatic),0,insufficient_funds,338,high_value_repeat,Yes
5616-PRTNT,232.79999999999998,20,Electronic check,1,card_expired,293,occasional,No
3812-LRZIR,294.0,27,Electronic check,1,card_expired,502,high_value_repeat,No
4818-QIUFN,949.8000000000001,20,Electronic check,0,card_expired,289,occasional,No
9483-GCPWE,241.20000000000002,9,Mailed check,2,bank_decline,264,occasional,Yes
4227-OJHAL,876.0,68,Credit card (automatic),3,bank_decline,665,high_value_repeat,No
9220-CXRSC,736.8,69,Credit card (automatic),2,card_expired,544,high_value_repeat,No
4993-JCRGJ,1011.5999999999999,26,Mailed check,1,insufficient_funds,120,high_value_repeat,Yes
9537-JALFH,238.79999999999998,69,Bank transfer (automatic),0,insufficient_funds,285,high_value_repeat,Yes
6698-OXETB,244.79999999999998,11,Mailed check,0,card_expired,436,occasional,No
2103-ZRXFN,609.0,1,Mailed check,3,card_expired,448,new_customer,No
3724-BSCVH,245.39999999999998,10,Mailed check,0,network_error,1307,occasional,Yes
4877-TSOFF,909.0,55,Bank transfer (automatic),1,insufficient_funds,573,high_value_repeat,Yes
9209-NWPGU,784.8000000000001,44,Electronic check,1,card_expired,523,high_value_repeat,No
6961-VCPMC,964.8000000000001,46,Electronic check,1,insufficient_funds,472,high_value_repeat,Yes
7306-YDSOI,717.0,69,Bank transfer (automatic),3,network_error,3585,high_value_repeat,Yes
5288-AHOUP,942.0,11,Electronic check,0,insufficient_funds,467,occasional,No
6688-UZPWD,1224.0,11,Electronic check,0,network_error,2858,occasional,No
0655-YDGFJ,587.4000000000001,29,Bank transfer (automatic),0,insufficient_funds,633,high_value_repeat,Yes
8468-EHYJA,1195.8000000000002,57,Electronic check,0,insufficient_funds,565,high_value_repeat,No
6823-SIDFQ,219.0,28,Credit card (automatic),0,network_error,1826,high_value_repeat,No
1097-FSPVW,654.5999999999999,42,Credit card (automatic),0,insufficient_funds,494,high_value_repeat,Yes
2839-RFSQE,247.79999999999998,2,Mailed check,2,network_error,1968,new_customer,Yes
8328-SKJNO,487.79999999999995,23,Bank transfer (automatic),3,card_expired,475,occasional,No
7010-ZMVBF,245.39999999999998,18,Mailed check,0,card_expired,471,occasional,No
5201-CBWYG,297.6,62,Bank transfer (automatic),0,insufficient_funds,192,high_value_repeat,Yes
0968-GSIKN,849.5999999999999,1,Mailed check,3,card_expired,381,new_customer,No
1965-DDBWU,1068.6,16,Credit card (automatic),0,card_expired,439,occasional,No
9057-SIHCH,1159.1999999999998,3,Electronic check,0,card_expired,334,new_customer,Yes
6352-GIGGQ,1065.6,67,Bank transfer (automatic),0,network_error,2751,high_value_repeat,Yes
3635-QQRQD,240.60000000000002,62,Credit card (automatic),1,insufficient_funds,520,high_value_repeat,Yes
6771-XWBDM,1254.0,57,Credit card (automatic),0,insufficient_funds,395,high_value_repeat,Yes
2897-DOVND,837.5999999999999,2,Electronic check,3,insufficient_funds,433,new_customer,Yes
3082-YVEKW,925.8000000000001,23,Bank transfer (automatic),0,insufficient_funds,607,occasional,Yes
0191-EQUUH,420.59999999999997,25,Bank transfer (automatic),1,insufficient_funds,470,high_value_repeat,No
7134-HBPBS,1297.1999999999998,72,Bank transfer (automatic),0,network_error,2660,high_value_repeat,Yes
3489-HHPFY,1008.5999999999999,2,Electronic check,1,network_error,1733,new_customer,Yes
2926-JEJJC,242.39999999999998,8,Bank transfer (automatic),1,insufficient_funds,500,occasional,No
8601-QACRS,607.2,5,Mailed check,2,bank_decline,449,occasional,Yes
4950-BDEUX,590.4000000000001,35,Electronic check,2,card_expired,592,high_value_repeat,No
5789-LDFXO,295.20000000000005,24,Electronic check,1,bank_decline,407,occasional,Yes
0508-OOLTO,859.8000000000001,2,Electronic check,3,network_error,1046,new_customer,Yes
2984-TBYKU,1258.8000000000002,72,Credit card (automatic),2,network_error,1139,high_value_repeat,Yes
9822-WMWVG,1278.0,41,Electronic check,2,insufficient_funds,510,high_value_repeat,No
2391-SOORI,592.2,4,Electronic check,0,insufficient_funds,314,occasional,Yes
9040-KZVWO,906.0,26,Bank transfer (automatic),0,insufficient_funds,465,high_value_repeat,No
2645-QTLMB,1131.0,7,Electronic check,0,network_error,2591,occasional,No
4806-HIPDW,827.4000000000001,1,Electronic check,1,insufficient_funds,374,new_customer,Yes
1548-ARAGG,702.0,4,Mailed check,0,network_error,2422,occasional,Yes
6339-RZCBJ,946.8000000000001,48,Credit card (automatic),0,insufficient_funds,270,high_value_repeat,No
4424-TKOPW,1126.1999999999998,2,Electronic check,2,bank_decline,397,new_customer,Yes
4415-WNGVR,950.4000000000001,12,Electronic check,2,insufficient_funds,312,occasional,Yes
2522-AHJXR,1313.4,60,Bank transfer (automatic),3,insufficient_funds,344,high_value_repeat,No
0412-UCCNP,710.4000000000001,55,Electronic check,0,insufficient_funds,351,high_value_repeat,No
1816-FLZDK,349.79999999999995,1,Mailed check,1,insufficient_funds,365,new_customer,No
7096-UCLNH,240.60000000000002,1,Mailed check,0,insufficient_funds,538,new_customer,Yes
8443-ZRDBZ,912.5999999999999,4,Electronic check,0,network_error,2396,occasional,Yes
9136-ALYBR,293.4,1,Mailed check,0,insufficient_funds,553,new_customer,No
4615-PIVVU,798.0,42,Credit card (automatic),0,insufficient_funds,630,high_value_repeat,Yes
8885-QSQBX,594.5999999999999,1,Bank transfer (automatic),0,bank_decline,528,new_customer,No
7479-NITWS,1072.1999999999998,7,Credit card (automatic),2,insufficient_funds,480,occasional,Yes
8617-ENBDS,883.1999999999999,3,Credit card (automatic),0,bank_decline,449,new_customer,No
9385-NXKDA,991.8000000000001,72,Credit card (automatic),1,bank_decline,529,high_value_repeat,No
0430-IHCDJ,588.0,15,Electronic check,1,insufficient_funds,413,occasional,Yes
2959-MJHIC,964.1999999999999,4,Electronic check,0,insufficient_funds,547,occasional,Yes
6674-KVJHG,302.4,11,Electronic check,1,insufficient_funds,492,occasional,Yes
1814-DKOLC,305.4,5,Mailed check,0,network_error,2212,occasional,Yes
4201-JMNGR,669.5999999999999,1,Electronic check,1,card_expired,534,new_customer,No
9351-HXDMR,1330.8000000000002,72,Credit card (automatic),0,card_expired,413,high_value_repeat,No
3537-HPKQT,933.0,55,Credit card (automatic),0,network_error,2415,high_value_repeat,Yes
2129-ALKBS,314.4,40,Electronic check,0,insufficient_funds,328,high_value_repeat,Yes
5821-MMEIL,238.79999999999998,57,Bank transfer (automatic),1,bank_decline,424,high_value_repeat,No
5960-WPXQM,948.5999999999999,1,Electronic check,3,network_error,3297,new_customer,Yes
0684-AOSIH,1140.0,1,Electronic check,0,card_expired,533,new_customer,No
8260-NGFNY,302.4,1,Mailed check,1,bank_decline,453,new_customer,No
1309-XGFSN,970.1999999999999,52,Electronic check,1,network_error,2979,high_value_repeat,Yes
1866-RZZQS,1180.8000000000002,41,Electronic check,3,insufficient_funds,590,high_value_repeat,No
6968-URWQU,676.2,43,Mailed check,2,insufficient_funds,377,high_value_repeat,Yes
4742-TXUEX,231.60000000000002,47,Bank transfer (automatic),1,card_expired,232,high_value_repeat,Yes
9631-XEYKE,604.8,3,Bank transfer (automatic),1,insufficient_funds,595,new_customer,No
8631-NBHFZ,952.8000000000001,66,Credit card (automatic),2,bank_decline,320,high_value_repeat,No
1335-MXCSE,663.0,55,Credit card (automatic),0,insufficient_funds,296,high_value_repeat,Yes
8873-TMKGR,229.20000000000002,29,Mailed check,0,network_error,1063,high_value_repeat,Yes
8800-JOOCF,1008.5999999999999,12,Electronic check,0,card_expired,485,occasional,No
1469-LBJQJ,1262.4,66,Electronic check,2,insufficient_funds,156,high_value_repeat,No
4958-XCBDQ,1216.8000000000002,35,Electronic check,2,bank_decline,287,high_value_repeat,Yes
8337-UPOAQ,1077.6,10,Electronic check,0,bank_decline,488,occasional,Yes
0064-YIJGF,909.0,27,Bank transfer (automatic),1,card_expired,508,high_value_repeat,No
2386-OWURY,1143.6,58,Electronic check,1,insufficient_funds,302,high_value_repeat,No
1725-IQNIY,1317.0,54,Bank transfer (automatic),0,insufficient_funds,379,high_value_repeat,Yes
0310-VQXAM,238.20000000000002,9,Mailed check,3,insufficient_funds,269,occasional,No
6598-RFFVI,231.60000000000002,2,Credit card (automatic),0,insufficient_funds,317,new_customer,Yes
3453-RTHJQ,829.1999999999999,6,Electronic check,0,card_expired,439,occasional,No
6712-OAWRH,1095.0,26,Electronic check,1,bank_decline,324,high_value_repeat,No
6278-FEPBZ,243.0,9,Mailed check,1,card_expired,363,occasional,No
4280-DLSHD,657.0,8,Mailed check,0,bank_decline,180,occasional,Yes
1508-DFXCU,977.4000000000001,12,Electronic check,1,network_error,3406,occasional,Yes
8614-VGMMV,589.2,15,Electronic check,1,card_expired,476,occasional,No
7868-BGSZA,962.4000000000001,43,Electronic check,0,bank_decline,518,high_value_repeat,Yes
2800-QQUSO,1203.6,42,Electronic check,0,card_expired,593,high_value_repeat,No
2930-UOTMB,783.0,31,Credit card (automatic),1,bank_decline,276,high_value_repeat,No
7973-DZRKH,1091.4,66,Credit card (automatic),0,insufficient_funds,346,high_value_repeat,Yes
5914-DVBWJ,1025.4,18,Electronic check,3,insufficient_funds,115,occasional,No
7698-YFGEZ,240.0,1,Mailed check,2,bank_decline,871,new_customer,No
2533-QVMSK,1129.1999999999998,61,Electronic check,3,card_expired,377,high_value_repeat,No
9773-PEQBZ,958.1999999999999,10,Electronic check,0,bank_decline,555,occasional,Yes
8644-XLFBW,859.8000000000001,1,Electronic check,3,bank_decline,214,new_customer,No
0650-BWOZN,882.5999999999999,18,Electronic check,0,insufficient_funds,549,occasional,Yes
8625-AZYZY,1255.8000000000002,24,Electronic check,0,card_expired,678,occasional,No
7785-RDVIG,231.60000000000002,3,Mailed check,0,insufficient_funds,390,new_customer,Yes
9602-WCXPI,241.79999999999998,50,Credit card (automatic),0,card_expired,248,high_value_repeat,Yes
2903-YYTBW,534.5999999999999,1,Electronic check,1,network_error,2388,new_customer,Yes
3620-MWJNE,653.4000000000001,2,Mailed check,1,insufficient_funds,65,new_customer,No
8573-JGCZW,235.79999999999998,17,Bank transfer (automatic),0,card_expired,394,occasional,No
6837-HAEVO,1260.0,69,Electronic check,1,network_error,3156,high_value_repeat,Yes
6701-YVNQG,1064.4,72,Credit card (automatic),0,insufficient_funds,394,high_value_repeat,No
9306-CPCBC,891.0,3,Electronic check,1,bank_decline,357,new_customer,Yes
4304-XUMGI,901.8000000000001,50,Bank transfer (automatic),0,card_expired,479,high_value_repeat,No
9504-YAZWB,243.0,53,Mailed check,2,bank_decline,490,high_value_repeat,Yes
8819-ZBYNA,1309.1999999999998,58,Credit card (automatic),2,insufficient_funds,151,high_value_repeat,Yes
6174-NRBTZ,369.0,46,Bank transfer (automatic),1,insufficient_funds,413,high_value_repeat,No
9481-IEBZY,1354.8000000000002,72,Credit card (automatic),0,card_expired,765,high_value_repeat,No
1833-VGRUM,890.4000000000001,1,Electronic check,0,insufficient_funds,199,new_customer,Yes
6137-NICCO,1128.6,6,Mailed check,2,bank_decline,387,occasional,No
9065-ZCPQX,946.1999999999999,72,Bank transfer (automatic),0,insufficient_funds,691,high_value_repeat,No
6402-EJMWF,663.5999999999999,4,Mailed check,0,network_error,3383,occasional,No
3620-EHIMZ,232.20000000000002,52,Mailed check,0,card_expired,322,high_value_repeat,No
3213-VVOLG,304.20000000000005,0,Mailed check,1,insufficient_funds,430,new_customer,No
6870-ECSHE,245.39999999999998,2,Mailed check,1,insufficient_funds,399,new_customer,No
8747-UDCOI,232.20000000000002,65,Bank transfer (automatic),2,card_expired,287,high_value_repeat,No
8374-XGEJJ,1212.0,43,Electronic check,0,card_expired,388,high_value_repeat,No
2656-TABEH,1202.4,4,Electronic check,0,insufficient_funds,358,occasional,Yes
6946-LMSQS,1068.6,25,Electronic check,2,bank_decline,416,high_value_repeat,Yes
4626-OZDTJ,943.8000000000001,51,Credit card (automatic),2,insufficient_funds,287,high_value_repeat,No
9169-BSVIN,897.0,12,Bank transfer (automatic),0,insufficient_funds,208,occasional,No
2325-ZUSFD,841.1999999999999,57,Bank transfer (automatic),1,card_expired,393,high_value_repeat,No
8194-PEEBY,238.79999999999998,24,Mailed check,0,insufficient_funds,657,occasional,Yes
6872-HXFNF,700.2,64,Bank transfer (automatic),3,bank_decline,412,high_value_repeat,Yes
3932-CMDTD,1267.8000000000002,4,Electronic check,0,insufficient_funds,350,occasional,Yes
7714-YXSMB,1206.0,26,Bank transfer (automatic),3,insufficient_funds,513,high_value_repeat,No
8387-UGUSU,240.60000000000002,15,Mailed check,1,insufficient_funds,376,occasional,Yes
1080-BWSYE,307.79999999999995,64,Credit card (automatic),1,card_expired,680,high_value_repeat,No
4039-HEUNW,1158.0,36,Electronic check,0,card_expired,399,high_value_repeat,No
1194-HVAIF,1140.0,27,Credit card (automatic),1,network_error,3060,high_value_repeat,Yes
0812-WUPTB,850.1999999999999,1,Mailed check,0,insufficient_funds,286,new_customer,No
3594-UVONA,1031.4,35,Credit card (automatic),0,insufficient_funds,475,high_value_repeat,No
0004-TLHLJ,886.8000000000001,4,Electronic check,1,bank_decline,441,occasional,Yes
1767-TGTKO,545.4000000000001,8,Electronic check,3,insufficient_funds,391,occasional,No
8439-LTUGF,240.0,10,Credit card (automatic),1,bank_decline,324,occasional,Yes
8805-JNRAZ,590.4000000000001,2,Mailed check,1,insufficient_funds,304,new_customer,Yes
5089-IFSDP,1313.4,58,Bank transfer (automatic),0,bank_decline,442,high_value_repeat,No
6418-HNFED,999.0,51,Credit card (automatic),0,insufficient_funds,494,high_value_repeat,No
0206-OYVOC,231.0,46,Mailed check,0,card_expired,380,high_value_repeat,No
7291-CDTMJ,235.79999999999998,1,Bank transfer (automatic),1,insufficient_funds,443,new_customer,Yes
7128-GGCNO,873.5999999999999,46,Bank transfer (automatic),3,insufficient_funds,394,high_value_repeat,No
0237-YFUTL,1315.8000000000002,50,Bank transfer (automatic),1,insufficient_funds,414,high_value_repeat,Yes
7691-KGKGP,780.0,53,Credit card (automatic),0,insufficient_funds,369,high_value_repeat,Yes
6710-HSJRD,1369.1999999999998,61,Electronic check,0,insufficient_funds,402,high_value_repeat,Yes
3675-EQOZA,247.79999999999998,5,Bank transfer (automatic),1,card_expired,804,occasional,No
0840-DCNZE,1043.4,47,Bank transfer (automatic),0,card_expired,446,high_value_repeat,No
1732-FEKLD,1137.0,54,Bank transfer (automatic),2,network_error,3016,high_value_repeat,Yes
9862-KJTYK,304.20000000000005,19,Credit card (automatic),2,network_error,2850,occasional,Yes
0479-HMSWA,1265.4,26,Electronic check,1,card_expired,360,high_value_repeat,Yes
5854-KSRBJ,304.79999999999995,70,Mailed check,0,insufficient_funds,594,high_value_repeat,Yes
0365-BZUWY,1230.6,17,Electronic check,0,card_expired,356,occasional,No
4817-VYYWS,1202.4,30,Electronic check,0,insufficient_funds,558,high_value_repeat,Yes
5701-SVCWR,288.0,1,Mailed check,0,bank_decline,349,new_customer,No
3129-AAQOU,307.20000000000005,19,Mailed check,0,insufficient_funds,256,occasional,Yes
4922-CVPDX,882.0,26,Credit card (automatic),1,insufficient_funds,454,high_value_repeat,Yes
1396-QWFBJ,888.5999999999999,21,Bank transfer (automatic),1,network_error,1616,occasional,Yes
1357-BIJKI,1179.0,50,Electronic check,0,insufficient_funds,480,high_value_repeat,No
1099-BTKWT,652.8,68,Electronic check,0,bank_decline,220,high_value_repeat,Yes
5299-SJCZT,1218.6,3,Bank transfer (automatic),0,bank_decline,352,new_customer,No
2018-PZKMU,1237.1999999999998,9,Electronic check,0,insufficient_funds,185,occasional,Yes
7340-KEFQE,410.40000000000003,51,Bank transfer (automatic),2,insufficient_funds,823,high_value_repeat,Yes
4570-QHXHL,525.0,9,Electronic check,0,card_expired,151,occasional,No
2403-BCASL,1343.4,41,Electronic check,0,card_expired,401,high_value_repeat,No
7392-YYPYJ,1207.8000000000002,22,Electronic check,0,insufficient_funds,571,occasional,Yes
2898-LSJGD,671.4000000000001,21,Electronic check,2,network_error,3329,occasional,Yes
2223-GDSHL,1392.6,71,Bank transfer (automatic),1,card_expired,527,high_value_repeat,No
7359-PTSXY,549.0,1,Electronic check,0,insufficient_funds,352,new_customer,Yes
9470-RTWDV,984.0,26,Credit card (automatic),1,insufficient_funds,602,high_value_repeat,No
2176-OSJUV,781.8000000000001,71,Bank transfer (automatic),1,network_error,3230,high_value_repeat,No
9348-YVOMK,537.5999999999999,4,Credit card (automatic),3,insufficient_funds,431,occasional,Yes
8104-OSKWT,957.5999999999999,12,Electronic check,0,bank_decline,436,occasional,Yes
4521-YEEHE,1066.1999999999998,18,Electronic check,2,insufficient_funds,354,occasional,No
4090-KPJIP,899.4000000000001,3,Electronic check,3,card_expired,263,new_customer,No
3786-WOVKF,1282.1999999999998,72,Bank transfer (automatic),3,bank_decline,585,high_value_repeat,No
4503-BDXBD,899.4000000000001,11,Electronic check,1,bank_decline,596,occasional,No
6086-ESGRL,961.8000000000001,1,Credit card (automatic),1,insufficient_funds,267,new_customer,No
2592-HODOV,231.60000000000002,13,Credit card (automatic),0,insufficient_funds,376,occasional,No
3886-CERTZ,1311.0,72,Electronic check,2,network_error,2385,high_value_repeat,Yes
7995-ZHHNZ,673.2,42,Credit card (automatic),1,insufficient_funds,395,high_value_repeat,No
3824-RHKVR,236.39999999999998,17,Credit card (automatic),1,insufficient_funds,409,occasional,Yes
5816-SCGFC,615.5999999999999,7,Mailed check,0,bank_decline,542,occasional,No
5989-AXPUC,1423.1999999999998,68,Mailed check,1,insufficient_funds,287,high_value_repeat,Yes
4979-HPRFL,289.79999999999995,56,Bank transfer (automatic),2,insufficient_funds,273,high_value_repeat,Yes
8590-OHDIW,243.60000000000002,38,Mailed check,0,insufficient_funds,585,high_value_repeat,Yes
8015-IHCGW,1386.0,72,Electronic check,2,card_expired,330,high_value_repeat,No
2332-TODQS,300.6,48,Credit card (automatic),1,network_error,1489,high_value_repeat,Yes
9278-VZKCD,1309.1999999999998,52,Electronic check,2,insufficient_funds,327,high_value_repeat,No
8008-OTEZX,235.79999999999998,35,Mailed check,0,insufficient_funds,350,high_value_repeat,Yes
2773-OVBPK,1335.6,67,Bank transfer (automatic),0,insufficient_funds,633,high_value_repeat,Yes
5999-LCXAO,358.79999999999995,1,Mailed check,3,network_error,3239,new_customer,Yes
5206-XZZQI,967.1999999999999,53,Mailed check,0,insufficient_funds,572,high_value_repeat,No
4803-LBYPN,249.60000000000002,34,Mailed check,2,bank_decline,522,high_value_repeat,No
5759-RCVCB,422.40000000000003,3,Credit card (automatic),1,insufficient_funds,541,new_customer,Yes
6372-RFVNS,945.5999999999999,1,Electronic check,1,bank_decline,296,new_customer,No
2139-FQHLM,1079.4,19,Mailed check,0,insufficient_funds,370,occasional,No
8261-GWDBQ,1392.6,60,Bank transfer (automatic),1,network_error,1708,high_value_repeat,Yes
1093-YSWCA,234.60000000000002,11,Credit card (automatic),0,insufficient_funds,368,occasional,Yes
8938-UMKPI,1276.8000000000002,47,Electronic check,0,insufficient_funds,502,high_value_repeat,Yes
0991-BRRFB,592.8,18,Electronic check,0,bank_decline,420,occasional,No
3882-IYOIJ,1383.0,60,Credit card (automatic),0,bank_decline,596,high_value_repeat,Yes
8749-TZYEC,297.6,72,Credit card (automatic),3,insufficient_funds,228,high_value_repeat,Yes
1755-FZQEC,238.79999999999998,39,Mailed check,3,network_error,2900,high_value_repeat,No
3115-JPJDD,975.0,59,Credit card (automatic),0,card_expired,212,high_value_repeat,Yes
5600-KTXFM,839.4000000000001,2,Mailed check,1,bank_decline,414,new_customer,No
3871-IKPYH,829.1999999999999,1,Electronic check,0,insufficient_funds,511,new_customer,Yes
6319-IEJWJ,1082.4,20,Electronic check,1,card_expired,367,occasional,No
9025-AOMKI,1122.6,6,Bank transfer (automatic),2,card_expired,482,occasional,No
6339-TBELP,1036.8000000000002,71,Credit card (automatic),3,insufficient_funds,256,high_value_repeat,No
7964-YESJC,795.5999999999999,24,Mailed check,0,bank_decline,150,occasional,No
6173-GOLSU,1135.8000000000002,67,Credit card (automatic),2,insufficient_funds,483,high_value_repeat,No
5275-SQEIZ,970.1999999999999,1,Mailed check,0,insufficient_funds,661,new_customer,No
7716-YTYHG,984.5999999999999,48,Mailed check,3,card_expired,250,high_value_repeat,No
9938-ZREHM,865.1999999999999,37,Mailed check,0,network_error,3477,high_value_repeat,Yes
7950-XWOVN,416.40000000000003,11,Mailed check,1,insufficient_funds,406,occasional,Yes
4390-KYULV,246.60000000000002,3,Credit card (automatic),1,insufficient_funds,199,new_customer,No
4647-MUZON,1151.4,18,Credit card (automatic),1,bank_decline,230,occasional,No
9702-AIUJO,537.5999999999999,50,Bank transfer (automatic),0,insufficient_funds,402,high_value_repeat,Yes
8849-PRIQJ,1312.8000000000002,67,Electronic check,3,network_error,2176,high_value_repeat,Yes
8851-RAGOV,852.5999999999999,25,Mailed check,0,network_error,1449,high_value_repeat,No
1304-NECVQ,942.5999999999999,2,Electronic check,1,insufficient_funds,145,new_customer,Yes
5396-IZEPB,236.39999999999998,9,Credit card (automatic),0,bank_decline,272,occasional,No
1729-VLAZJ,483.0,10,Mailed check,0,network_error,2655,occasional,Yes
8285-ABVLB,238.20000000000002,70,Credit card (automatic),1,card_expired,399,high_value_repeat,No
0701-TJSEF,819.0,9,Bank transfer (automatic),0,card_expired,324,occasional,No
5712-VBOXD,241.79999999999998,4,Credit card (automatic),0,network_error,2661,occasional,Yes
6629-LADHQ,611.4000000000001,2,Mailed check,0,card_expired,556,new_customer,Yes
8945-GRKHX,943.8000000000001,1,Electronic check,0,bank_decline,459,new_customer,No
1559-DTODC,301.79999999999995,19,Bank transfer (automatic),2,insufficient_funds,381,occasional,No
4797-MIWUM,243.0,7,Bank transfer (automatic),2,insufficient_funds,539,occasional,Yes
6959-UWKHF,514.8,1,Electronic check,0,insufficient_funds,256,new_customer,No
8720-RQSBJ,528.0,1,Electronic check,0,insufficient_funds,366,new_customer,Yes
4537-CIBHB,243.0,9,Mailed check,0,insufficient_funds,369,occasional,No
3815-SLMEF,411.0,3,Mailed check,0,bank_decline,214,new_customer,Yes
5154-VEKBL,702.0,9,Mailed check,1,network_error,2164,occasional,Yes
4324-AHJKS,669.5999999999999,5,Credit card (automatic),1,network_error,840,occasional,Yes
4355-CVPVS,1066.8000000000002,56,Bank transfer (automatic),0,card_expired,686,high_value_repeat,No
4495-LHSSK,691.8,18,Mailed check,0,bank_decline,259,occasional,Yes
5655-JSMZM,1154.4,49,Electronic check,0,card_expired,637,high_value_repeat,No
5915-ANOEI,949.8000000000001,70,Mailed check,2,bank_decline,405,high_value_repeat,Yes
9861-PDSZP,1296.6,72,Credit card (automatic),3,insufficient_funds,484,high_value_repeat,No
4505-EXZHB,892.8000000000001,6,Electronic check,0,bank_decline,326,occasional,No
7225-CBZPL,1137.6,17,Electronic check,0,network_error,2666,occasional,Yes
6704-UTUKK,550.8,29,Electronic check,2,insufficient_funds,497,high_value_repeat,Yes
4587-VVTOX,1263.6,6,Electronic check,3,card_expired,499,occasional,No
2019-HDCZY,1231.1999999999998,63,Electronic check,0,card_expired,516,high_value_repeat,No
4652-NNHNY,886.1999999999999,16,Bank transfer (automatic),0,insufficient_funds,344,occasional,No
8788-DOXSU,736.2,59,Bank transfer (automatic),0,card_expired,327,high_value_repeat,No
7404-JLKQG,690.5999999999999,3,Electronic check,1,insufficient_funds,160,new_customer,Yes
7421-ZLUPA,351.0,8,Mailed check,0,insufficient_funds,478,occasional,Yes
8972-HJWNV,1014.5999999999999,7,Electronic check,0,bank_decline,562,occasional,No
3274-NSDWE,235.20000000000002,68,Credit card (automatic),1,card_expired,642,high_value_repeat,No
2632-IVXVF,1341.0,68,Credit card (automatic),0,bank_decline,445,high_value_repeat,No
3692-JHONH,1278.0,52,Electronic check,2,network_error,1886,high_value_repeat,Yes
8915-NNTRC,1292.4,72,Credit card (automatic),0,insufficient_funds,145,high_value_repeat,Yes
5914-GXMDA,231.60000000000002,32,Mailed check,0,card_expired,556,high_value_repeat,Yes
7463-IFMQU,240.60000000000002,72,Bank transfer (automatic),1,network_error,1062,high_value_repeat,Yes
2920-RNCEZ,839.4000000000001,1,Credit card (automatic),0,bank_decline,348,new_customer,Yes
2541-YGPKE,764.4000000000001,42,Credit card (automatic),3,insufficient_funds,366,high_value_repeat,Yes
8515-OCTJS,297.0,25,Credit card (automatic),1,bank_decline,389,high_value_repeat,Yes
5382-TEMLV,610.8,45,Bank transfer (automatic),0,bank_decline,405,high_value_repeat,Yes
3441-CGZJH,724.8,43,Credit card (automatic),1,network_error,2610,high_value_repeat,Yes
9592-ERDKV,951.0,37,Mailed check,0,bank_decline,50,high_value_repeat,Yes
2860-RANUS,1029.6,20,Credit card (automatic),3,insufficient_funds,402,occasional,No
5261-QSHQM,293.4,4,Electronic check,0,bank_decline,65,occasional,Yes
4778-IZARL,1321.1999999999998,63,Credit card (automatic),1,network_error,3085,high_value_repeat,Yes
0432-CAJZV,1088.4,3,Mailed check,0,insufficient_funds,316,new_customer,Yes
7008-LZVOZ,303.6,66,Credit card (automatic),0,bank_decline,76,high_value_repeat,Yes
8868-WOZGU,1268.4,28,Electronic check,2,card_expired,277,high_value_repeat,No
1200-TUZHR,1022.4000000000001,8,Electronic check,2,card_expired,314,occasional,No
9365-CSLBQ,292.20000000000005,71,Mailed check,0,card_expired,578,high_value_repeat,No
1334-FJSVR,291.0,1,Electronic check,0,insufficient_funds,429,new_customer,Yes
5884-FBCTL,301.20000000000005,72,Bank transfer (automatic),2,card_expired,451,high_value_repeat,No
7130-CTCUS,654.5999999999999,16,Bank transfer (automatic),3,bank_decline,577,occasional,Yes
6242-FEGFD,1159.1999999999998,66,Mailed check,0,insufficient_funds,385,high_value_repeat,Yes
7625-XCQRH,918.0,11,Electronic check,1,insufficient_funds,513,occasional,No
6194-HBGQN,973.8000000000001,51,Credit card (automatic),0,insufficient_funds,502,high_value_repeat,Yes
7634-WSWDB,462.0,8,Electronic check,2,insufficient_funds,207,occasional,No
6986-IXNDM,1114.8000000000002,14,Electronic check,0,network_error,3678,occasional,Yes
1731-TVIUK,1122.0,4,Electronic check,0,network_error,1363,occasional,Yes
2987-BJXIK,1016.4000000000001,70,Mailed check,2,bank_decline,537,high_value_repeat,Yes
9769-TSBZE,792.0,70,Electronic check,0,card_expired,172,high_value_repeat,No
0406-BPDVR,1218.0,54,Credit card (automatic),1,insufficient_funds,490,high_value_repeat,No
0618-XWMSS,898.8000000000001,28,Bank transfer (automatic),0,bank_decline,679,high_value_repeat,No
1395-WSWXR,249.0,24,Mailed check,0,network_error,2329,occasional,Yes
6023-GSSXW,737.4000000000001,69,Credit card (automatic),0,card_expired,361,high_value_repeat,No
6752-APNJL,654.0,42,Mailed check,1,network_error,2988,high_value_repeat,Yes
5276-KQWHG,835.1999999999999,2,Electronic check,0,bank_decline,350,new_customer,Yes
0420-HLGXF,1197.0,39,Electronic check,1,network_error,3954,high_value_repeat,Yes
7446-KQISO,1317.0,45,Bank transfer (automatic),2,insufficient_funds,428,high_value_repeat,Yes
9823-EALYC,970.1999999999999,72,Bank transfer (automatic),2,network_error,2243,high_value_repeat,Yes
0582-AVCLN,243.60000000000002,38,Mailed check,0,insufficient_funds,318,high_value_repeat,No
5803-NQJZO,813.5999999999999,72,Bank transfer (automatic),0,insufficient_funds,260,high_value_repeat,No
2565-JSLRY,288.6,1,Mailed check,0,insufficient_funds,305,new_customer,No
2607-DHDAK,237.60000000000002,72,Credit card (automatic),0,insufficient_funds,347,high_value_repeat,No
1073-XXCZD,308.4,55,Bank transfer (automatic),0,insufficient_funds,326,high_value_repeat,No
0743-HRVFF,673.8,51,Electronic check,1,insufficient_funds,301,high_value_repeat,Yes
4006-HKYHO,1040.4,63,Bank transfer (automatic),0,network_error,4179,high_value_repeat,Yes
3727-JEZTU,244.79999999999998,1,Mailed check,0,bank_decline,245,new_customer,Yes
8143-ETQTI,235.79999999999998,23,Mailed check,0,bank_decline,421,occasional,Yes
6689-KXGBO,606.5999999999999,1,Electronic check,1,insufficient_funds,488,new_customer,No
9667-TKTVZ,652.2,2,Mailed check,0,card_expired,494,new_customer,No
3657-COGMW,1297.1999999999998,52,Credit card (automatic),1,bank_decline,391,high_value_repeat,Yes
8570-KLJYJ,653.4000000000001,36,Mailed check,0,insufficient_funds,363,high_value_repeat,Yes
7754-IXRMC,544.2,1,Mailed check,2,network_error,2861,new_customer,Yes
9473-CBZOP,708.0,28,Mailed check,2,network_error,2713,high_value_repeat,No
2969-WGHQO,833.4000000000001,7,Electronic check,0,insufficient_funds,361,occasional,Yes
6615-NGGZJ,1206.6,14,Electronic check,0,bank_decline,165,occasional,No
4334-HOWRP,779.4000000000001,72,Credit card (automatic),0,bank_decline,329,high_value_repeat,Yes
4255-DDUOU,246.0,1,Mailed check,0,insufficient_funds,228,new_customer,No
5863-OOKCL,226.20000000000002,10,Mailed check,1,insufficient_funds,299,occasional,No
1686-STUHN,237.60000000000002,42,Bank transfer (automatic),2,insufficient_funds,404,high_value_repeat,No
1329-VHWNP,300.6,7,Bank transfer (automatic),1,insufficient_funds,453,occasional,No
2984-MIIZL,897.5999999999999,4,Bank transfer (automatic),2,card_expired,667,occasional,No
0266-GMEAO,1371.6,72,Credit card (automatic),0,card_expired,319,high_value_repeat,No
5590-YRFJT,293.4,20,Electronic check,0,insufficient_funds,516,occasional,No
5574-NXZIU,1310.4,63,Credit card (automatic),1,bank_decline,445,high_value_repeat,No
0019-GFNTW,540.5999999999999,56,Bank transfer (automatic),0,insufficient_funds,594,high_value_repeat,Yes
4256-ZWTZI,612.0,5,Mailed check,1,insufficient_funds,486,occasional,No
8309-PPCED,1325.4,72,Bank transfer (automatic),0,insufficient_funds,248,high_value_repeat,No
4098-NAUKP,1015.8000000000001,68,Electronic check,0,card_expired,141,high_value_repeat,No
5196-WPYOW,720.5999999999999,67,Mailed check,3,insufficient_funds,446,high_value_repeat,No
4608-LCIMN,535.8,8,Bank transfer (automatic),0,insufficient_funds,320,occasional,Yes
1485-YDHMM,1119.0,52,Bank transfer (automatic),3,insufficient_funds,252,high_value_repeat,Yes
4054-CUMIA,243.0,18,Mailed check,3,bank_decline,209,occasional,Yes
0603-TPMIB,305.4,59,Mailed check,2,bank_decline,424,high_value_repeat,No
2525-GVKQU,247.20000000000002,60,Mailed check,1,insufficient_funds,626,high_value_repeat,Yes
8161-QYMTT,1129.1999999999998,7,Electronic check,1,insufficient_funds,338,occasional,Yes
9581-GVBXT,417.59999999999997,59,Mailed check,2,card_expired,488,high_value_repeat,No
5862-BRIXZ,729.0,46,Bank transfer (automatic),0,network_error,2418,high_value_repeat,Yes
5404-GGUKR,616.2,5,Electronic check,1,insufficient_funds,206,occasional,No
3308-JSGML,768.5999999999999,59,Credit card (automatic),1,bank_decline,510,high_value_repeat,No
2126-GSEGL,1017.5999999999999,70,Bank transfer (automatic),0,card_expired,235,high_value_repeat,No
3677-TNKIO,852.0,14,Credit card (automatic),0,card_expired,403,occasional,No
0440-QEXBZ,601.8,44,Mailed check,0,card_expired,348,high_value_repeat,No
2434-EEVDB,1135.1999999999998,64,Credit card (automatic),1,bank_decline,533,high_value_repeat,Yes
6762-QVYJO,717.0,58,Mailed check,2,network_error,1653,high_value_repeat,Yes
6199-IWKGC,1203.0,46,Electronic check,0,insufficient_funds,458,high_value_repeat,No
2675-DHUTR,1186.8000000000002,58,Electronic check,3,insufficient_funds,274,high_value_repeat,No
8152-VETUR,1172.4,72,Credit card (automatic),1,card_expired,323,high_value_repeat,No
9667-EQRXU,483.59999999999997,30,Electronic check,2,insufficient_funds,50,high_value_repeat,No
7446-YPODE,723.0,11,Bank transfer (automatic),1,network_error,4173,occasional,Yes
9522-BNTHX,675.0,34,Electronic check,2,bank_decline,482,high_value_repeat,No
4676-WLUHT,554.4000000000001,54,Bank transfer (automatic),0,network_error,1886,high_value_repeat,Yes
3329-WDIOK,607.2,3,Electronic check,2,bank_decline,231,new_customer,Yes
7980-MHFLQ,298.79999999999995,72,Mailed check,0,insufficient_funds,325,high_value_repeat,Yes
2873-ZLIWT,1018.1999999999999,40,Electronic check,2,bank_decline,507,high_value_repeat,Yes
3415-TAILE,788.4000000000001,2,Mailed check,3,network_error,986,new_customer,Yes
0757-WCUUZ,760.2,54,Credit card (automatic),0,insufficient_funds,378,high_value_repeat,No
1629-DQQVB,601.2,14,Bank transfer (automatic),0,network_error,3916,occasional,Yes
1915-IOFGU,846.0,1,Electronic check,2,insufficient_funds,229,new_customer,No
3045-XETSH,1138.1999999999998,10,Electronic check,0,network_error,2564,occasional,Yes
0374-AACSZ,601.8,1,Electronic check,2,card_expired,730,new_customer,No
7239-HZZCX,237.0,1,Mailed check,0,insufficient_funds,494,new_customer,Yes
4872-VXRIL,775.8000000000001,56,Bank transfer (automatic),0,network_error,2600,high_value_repeat,Yes
9140-CZQZZ,955.1999999999999,68,Bank transfer (automatic),3,card_expired,475,high_value_repeat,No
3423-HHXAO,234.0,14,Mailed check,1,insufficient_funds,339,occasional,Yes
9938-TKDGL,1194.6,68,Electronic check,2,insufficient_funds,594,high_value_repeat,No
0531-ZZJWQ,888.0,55,Electronic check,0,insufficient_funds,340,high_value_repeat,Yes
6537-QLGEX,466.79999999999995,16,Electronic check,1,card_expired,106,occasional,No
2688-BHGOG,954.5999999999999,9,Electronic check,1,bank_decline,341,occasional,No
7683-CBDKJ,785.4000000000001,14,Electronic check,1,bank_decline,254,occasional,Yes
0946-CLJTI,1184.4,58,Electronic check,1,card_expired,357,high_value_repeat,No
3160-TYXLT,555.5999999999999,53,Bank transfer (automatic),1,network_error,2292,high_value_repeat,Yes
1325-USMEC,1192.1999999999998,70,Credit card (automatic),0,insufficient_funds,579,high_value_repeat,Yes
0916-QOFDP,1149.6,14,Electronic check,0,network_error,3056,occasional,Yes
0628-CNQRM,810.0,22,Bank transfer (automatic),2,insufficient_funds,439,occasional,No
5606-AMZBO,937.8000000000001,10,Credit card (automatic),0,insufficient_funds,399,occasional,No
6199-IPCAO,313.20000000000005,29,Mailed check,1,card_expired,241,high_value_repeat,No
7665-TOALD,835.1999999999999,1,Electronic check,0,insufficient_funds,72,new_customer,Yes
0112-QWPNC,1012.1999999999999,49,Electronic check,1,network_error,2590,high_value_repeat,Yes
0324-BRPCJ,1202.4,68,Electronic check,1,bank_decline,519,high_value_repeat,Yes
2777-PHDEI,936.5999999999999,1,Electronic check,0,insufficient_funds,383,new_customer,Yes
5640-CAXOA,484.20000000000005,30,Credit card (automatic),0,insufficient_funds,319,high_value_repeat,Yes
2235-EZAIK,950.4000000000001,72,Credit card (automatic),0,bank_decline,469,high_value_repeat,Yes
3847-BAERP,250.79999999999998,10,Mailed check,1,network_error,2433,occasional,No
1196-AMORA,883.1999999999999,7,Electronic check,2,insufficient_funds,652,occasional,No
4282-YMKNA,897.0,9,Electronic check,0,insufficient_funds,584,occasional,No
1453-RZFON,598.8,1,Mailed check,1,network_error,3267,new_customer,No
8263-OKETD,826.8000000000001,20,Credit card (automatic),0,card_expired,513,occasional,No
0670-KDOMA,243.0,1,Mailed check,1,insufficient_funds,206,new_customer,Yes
2476-YGEFM,912.0,29,Credit card (automatic),3,insufficient_funds,499,high_value_repeat,No
8687-BAFGU,888.0,1,Electronic check,0,bank_decline,456,new_customer,No
0641-EVBOJ,987.5999999999999,3,Mailed check,1,network_error,2985,new_customer,Yes
0829-XXPLX,1072.8000000000002,20,Bank transfer (automatic),0,bank_decline,473,occasional,Yes
9974-JFBHQ,1189.8000000000002,64,Credit card (automatic),0,network_error,2862,high_value_repeat,Yes
5356-RHIPP,242.39999999999998,1,Mailed check,0,bank_decline,805,new_customer,Yes
6624-JDRDS,353.4,6,Bank transfer (automatic),0,insufficient_funds,388,occasional,Yes
0608-JDVEC,237.60000000000002,50,Electronic check,1,network_error,3249,high_value_repeat,Yes
9780-FKVVF,709.8,6,Bank transfer (automatic),0,insufficient_funds,329,occasional,No
1919-RTPQD,537.0,7,Electronic check,1,network_error,3132,occasional,Yes
5214-NLTIT,1089.6,72,Credit card (automatic),0,card_expired,540,high_value_repeat,No
3345-PBBFH,594.5999999999999,8,Bank transfer (automatic),0,insufficient_funds,454,occasional,Yes
5055-BRMNE,1280.4,67,Credit card (automatic),1,bank_decline,650,high_value_repeat,Yes
9189-JWSHV,1122.6,24,Electronic check,3,bank_decline,267,occasional,No
2190-PHBHR,1133.4,72,Credit card (automatic),0,insufficient_funds,326,high_value_repeat,Yes
2650-GYRYL,233.39999999999998,33,Bank transfer (automatic),2,card_expired,431,high_value_repeat,No
0746-JTRFU,300.6,2,Electronic check,1,insufficient_funds,532,new_customer,Yes
5208-FVQKB,815.4000000000001,70,Mailed check,1,insufficient_funds,426,high_value_repeat,No
7184-LRUUR,783.0,22,Bank transfer (automatic),1,bank_decline,592,occasional,Yes
6627-CFOSN,1193.4,59,Bank transfer (automatic),0,insufficient_funds,300,high_value_repeat,Yes
3982-JGSFD,244.20000000000002,36,Credit card (automatic),0,bank_decline,228,high_value_repeat,No
1574-DYCWE,239.39999999999998,51,Mailed check,1,insufficient_funds,446,high_value_repeat,Yes
7247-XOZPB,928.8000000000001,53,Bank transfer (automatic),0,network_error,2438,high_value_repeat,Yes
2466-FCCPT,236.39999999999998,20,Bank transfer (automatic),3,network_error,2934,occasional,Yes
6211-WWLTF,1196.4,63,Credit card (automatic),0,insufficient_funds,395,high_value_repeat,Yes
4826-TZEVA,897.5999999999999,40,Credit card (automatic),0,insufficient_funds,348,high_value_repeat,Yes
6016-NXBNJ,229.79999999999998,35,Mailed check,1,bank_decline,388,high_value_repeat,No
9138-EFSMO,947.4000000000001,26,Bank transfer (automatic),0,network_error,2523,high_value_repeat,No
0576-WNXXC,1146.6,27,Electronic check,1,insufficient_funds,354,high_value_repeat,Yes
4632-XJMEX,754.2,53,Credit card (automatic),1,card_expired,369,high_value_repeat,No
8910-LEDAG,858.5999999999999,34,Credit card (automatic),3,insufficient_funds,339,high_value_repeat,No
3452-GWUIN,1139.4,19,Electronic check,2,insufficient_funds,528,occasional,Yes
2716-GFZOR,1033.1999999999998,43,Credit card (automatic),1,card_expired,429,high_value_repeat,Yes
3724-UCSHY,234.60000000000002,6,Mailed check,1,insufficient_funds,738,occasional,Yes
8626-XHBIE,297.6,56,Mailed check,3,bank_decline,424,high_value_repeat,No
4628-CTTLA,471.59999999999997,57,Electronic check,0,network_error,2059,high_value_repeat,Yes
3192-LNKRK,1008.5999999999999,34,Mailed check,0,bank_decline,800,high_value_repeat,No
4439-YRNVD,435.0,10,Electronic check,0,network_error,2830,occasional,Yes
2876-VBBBL,243.0,1,Mailed check,0,bank_decline,548,new_customer,Yes
6834-NXDCA,286.79999999999995,13,Electronic check,1,card_expired,488,occasional,No
2208-UGTGR,1183.1999999999998,56,Electronic check,1,card_expired,493,high_value_repeat,No
3005-TYFRD,1243.8000000000002,55,Credit card (automatic),1,bank_decline,480,high_value_repeat,Yes
8670-MEFCP,1114.8000000000002,36,Credit card (automatic),0,card_expired,234,high_value_repeat,No
3079-BCHLN,238.79999999999998,47,Bank transfer (automatic),1,insufficient_funds,455,high_value_repeat,No
7777-UNYHB,241.20000000000002,12,Credit card (automatic),0,network_error,1440,occasional,Yes
5597-GLBUC,1025.4,1,Electronic check,1,bank_decline,373,new_customer,Yes
7278-CKDNC,966.0,24,Electronic check,1,network_error,1919,occasional,Yes
2748-MYRVK,1198.8000000000002,63,Bank transfer (automatic),0,card_expired,453,high_value_repeat,No
8450-UYIBU,478.20000000000005,35,Electronic check,0,network_error,2767,high_value_repeat,Yes
2969-VAPYH,726.0,67,Credit card (automatic),0,bank_decline,472,high_value_repeat,No
4822-YCXMX,1017.5999999999999,25,Electronic check,2,insufficient_funds,443,high_value_repeat,No
7181-OQCUT,1246.1999999999998,21,Mailed check,3,network_error,2014,occasional,Yes
8474-UMLNT,813.5999999999999,13,Bank transfer (automatic),1,insufficient_funds,360,occasional,Yes
9821-POOTN,902.4000000000001,35,Electronic check,0,card_expired,538,high_value_repeat,Yes
3836-FZSDJ,298.20000000000005,71,Bank transfer (automatic),0,card_expired,560,high_value_repeat,No
9142-XMYJH,232.20000000000002,29,Credit card (automatic),1,insufficient_funds,227,high_value_repeat,Yes
6559-ILWKJ,592.2,71,Electronic check,2,insufficient_funds,170,high_value_repeat,Yes
0187-QSXOE,1068.0,7,Electronic check,0,card_expired,290,occasional,No
7733-UDMTP,660.0,57,Electronic check,0,insufficient_funds,556,high_value_repeat,Yes
2649-HWLYB,913.8000000000001,65,Bank transfer (automatic),1,insufficient_funds,582,high_value_repeat,Yes
5214-CHIWJ,243.60000000000002,27,Mailed check,0,bank_decline,261,high_value_repeat,Yes
4229-CZMLL,898.8000000000001,6,Electronic check,0,insufficient_funds,446,occasional,Yes
6904-JLBGY,1408.1999999999998,72,Credit card (automatic),0,card_expired,675,high_value_repeat,No
2465-BLLEU,237.0,1,Mailed check,1,bank_decline,462,new_customer,Yes
1685-VAYJF,542.4000000000001,11,Credit card (automatic),2,insufficient_funds,613,occasional,No
8874-EJNSR,302.4,39,Mailed check,3,insufficient_funds,549,high_value_repeat,Yes
6917-YACBP,1077.0,59,Electronic check,1,card_expired,263,high_value_repeat,No
5049-MUBWG,900.0,26,Bank transfer (automatic),1,network_error,2348,high_value_repeat,No
4223-WOZCM,599.4000000000001,2,Mailed check,0,bank_decline,405,new_customer,Yes
0769-MURVM,788.4000000000001,72,Bank transfer (automatic),1,bank_decline,415,high_value_repeat,Yes
9253-VIFJQ,804.5999999999999,65,Credit card (automatic),0,network_error,3233,high_value_repeat,Yes
7030-FZTFM,1330.8000000000002,72,Credit card (automatic),1,insufficient_funds,461,high_value_repeat,Yes
9741-YLNTD,1055.4,6,Bank transfer (automatic),0,insufficient_funds,50,occasional,No
5917-RYRMG,237.60000000000002,32,Credit card (automatic),0,insufficient_funds,203,high_value_repeat,Yes
5120-ZBLAI,908.4000000000001,50,Bank transfer (automatic),0,insufficient_funds,71,high_value_repeat,Yes
1194-BHJYC,745.8,61,Mailed check,0,network_error,2640,high_value_repeat,Yes
3663-MITLP,1215.0,15,Electronic check,0,network_error,2692,occasional,No
0906-QVPMS,1381.8000000000002,72,Bank transfer (automatic),0,insufficient_funds,442,high_value_repeat,Yes
9025-ZRPVR,227.39999999999998,9,Mailed check,3,bank_decline,256,occasional,Yes
1905-OEILC,234.0,1,Mailed check,0,insufficient_funds,501,new_customer,Yes
7858-GTZSP,1038.6,12,Electronic check,1,insufficient_funds,507,occasional,Yes
3285-UCQVC,343.20000000000005,37,Credit card (automatic),2,network_error,1495,high_value_repeat,Yes
6248-BSHKG,244.79999999999998,61,Mailed check,3,insufficient_funds,180,high_value_repeat,Yes
4685-TFLLS,237.60000000000002,18,Bank transfer (automatic),1,insufficient_funds,399,occasional,No
3470-BTGQO,547.8,21,Mailed check,2,insufficient_funds,668,occasional,No
1209-VFFOC,676.8,68,Mailed check,0,insufficient_funds,654,high_value_repeat,Yes
8224-DWCKX,879.5999999999999,12,Credit card (automatic),0,network_error,2950,occasional,Yes
5482-PLVPE,292.20000000000005,2,Electronic check,0,bank_decline,290,new_customer,No
4553-DVPZG,1216.1999999999998,62,Electronic check,1,insufficient_funds,533,high_value_repeat,No
4902-OHLSK,1183.8000000000002,29,Electronic check,1,insufficient_funds,332,high_value_repeat,Yes
6917-IAYHD,403.20000000000005,1,Mailed check,0,network_error,1885,new_customer,Yes
0495-ZBNGW,958.8000000000001,5,Bank transfer (automatic),0,bank_decline,78,occasional,Yes
8620-RJPZN,248.39999999999998,1,Electronic check,1,insufficient_funds,415,new_customer,No
7572-KPVKK,1248.6,62,Electronic check,0,insufficient_funds,305,high_value_repeat,No
2642-MAWLJ,243.0,36,Bank transfer (automatic),1,network_error,2577,high_value_repeat,Yes
2357-COQEK,1239.6,28,Electronic check,1,card_expired,55,high_value_repeat,No
7103-ZGVNT,884.4000000000001,69,Credit card (automatic),1,insufficient_funds,425,high_value_repeat,Yes
3737-GCSPV,1154.4,11,Credit card (automatic),2,card_expired,50,occasional,No
2027-WKXMW,1305.0,63,Electronic check,2,insufficient_funds,563,high_value_repeat,No
7137-NAXML,241.79999999999998,23,Bank transfer (automatic),1,card_expired,478,occasional,No
2428-ZMCTB,237.0,10,Credit card (automatic),1,card_expired,358,occasional,No
2961-VNFKL,311.4,71,Credit card (automatic),1,bank_decline,484,high_value_repeat,No
1768-HNVGJ,840.5999999999999,45,Electronic check,0,card_expired,253,high_value_repeat,No
6963-KQYQB,288.6,70,Mailed check,0,insufficient_funds,410,high_value_repeat,No
5934-RMPOV,1017.0,22,Electronic check,0,insufficient_funds,519,occasional,Yes
1207-BLKSA,276.6,52,Mailed check,0,bank_decline,50,high_value_repeat,Yes
4088-YLDSU,1249.8000000000002,55,Electronic check,1,insufficient_funds,332,high_value_repeat,No
8316-BBQAY,719.4000000000001,65,Credit card (automatic),2,insufficient_funds,396,high_value_repeat,Yes
1166-PQLGG,234.60000000000002,72,Bank transfer (automatic),0,insufficient_funds,370,high_value_repeat,Yes
3146-JTQHR,235.20000000000002,10,Bank transfer (automatic),0,network_error,3665,occasional,No
4291-YZODP,240.60000000000002,7,Mailed check,3,card_expired,231,occasional,No
4395-PZMSN,1026.6,5,Electronic check,0,insufficient_funds,306,occasional,Yes
6427-FEFIG,943.1999999999999,24,Credit card (automatic),1,insufficient_funds,112,occasional,No
0017-IUDMW,1401.6,72,Credit card (automatic),1,bank_decline,626,high_value_repeat,No
8706-HRADD,522.5999999999999,21,Mailed check,1,card_expired,363,occasional,No
9955-QOPOY,729.5999999999999,69,Credit card (automatic),0,network_error,2149,high_value_repeat,Yes
4385-ZKVNW,658.8,44,Bank transfer (automatic),0,bank_decline,392,high_value_repeat,No
5446-DKWYW,782.4000000000001,61,Electronic check,0,bank_decline,495,high_value_repeat,No
2034-CGRHZ,1235.4,24,Credit card (automatic),1,insufficient_funds,452,occasional,No
5797-APWZC,1087.1999999999998,1,Electronic check,1,bank_decline,797,new_customer,No
3683-QKIUE,609.5999999999999,6,Bank transfer (automatic),0,insufficient_funds,468,occasional,Yes
4228-ZGYUW,1080.6,4,Electronic check,1,insufficient_funds,330,occasional,Yes
9031-ZVQPT,1298.4,72,Electronic check,2,bank_decline,315,high_value_repeat,No
2990-IAJSV,1104.0,72,Bank transfer (automatic),0,insufficient_funds,341,high_value_repeat,No
8107-KNCIM,901.1999999999999,14,Electronic check,1,insufficient_funds,174,occasional,Yes
9027-YFHQJ,300.6,7,Bank transfer (automatic),1,insufficient_funds,405,occasional,No
5176-LDKUH,901.8000000000001,48,Electronic check,0,card_expired,517,high_value_repeat,No
4644-OBGFZ,234.0,55,Mailed check,0,insufficient_funds,307,high_value_repeat,No
7926-IJOOU,231.60000000000002,1,Credit card (automatic),1,network_error,1854,new_customer,No
6480-YAGIY,1346.4,45,Credit card (automatic),2,bank_decline,627,high_value_repeat,No
4029-HPFVY,843.5999999999999,3,Mailed check,2,network_error,1358,new_customer,No
7602-DBTOU,235.20000000000002,71,Mailed check,1,insufficient_funds,89,high_value_repeat,No
5345-BMKWB,243.0,8,Mailed check,1,bank_decline,227,occasional,Yes
3519-ZKXGG,910.1999999999999,3,Electronic check,0,insufficient_funds,168,new_customer,Yes
5457-COLHT,967.8000000000001,69,Bank transfer (automatic),1,insufficient_funds,457,high_value_repeat,Yes
6416-TVAIH,822.0,1,Electronic check,1,insufficient_funds,345,new_customer,Yes
5451-YHYPW,1389.0,72,Credit card (automatic),0,card_expired,367,high_value_repeat,No
5108-ADXWO,882.0,11,Electronic check,1,insufficient_funds,572,occasional,No
7998-WNZEM,967.1999999999999,71,Bank transfer (automatic),1,insufficient_funds,296,high_value_repeat,No
3066-RRJIO,839.4000000000001,1,Mailed check,0,insufficient_funds,516,new_customer,Yes
4664-NJCMS,714.5999999999999,33,Bank transfer (automatic),3,insufficient_funds,626,high_value_repeat,No
0307-BCOPK,228.60000000000002,16,Mailed check,0,card_expired,331,occasional,No
7629-WFGLW,1147.8000000000002,56,Electronic check,0,bank_decline,510,high_value_repeat,Yes
2542-HYGIQ,239.39999999999998,1,Credit card (automatic),0,network_error,2306,new_customer,No
6715-OFDBP,840.5999999999999,5,Electronic check,2,insufficient_funds,538,occasional,Yes
5016-LIPDW,232.79999999999998,57,Mailed check,1,insufficient_funds,164,high_value_repeat,No
6481-LXPWL,433.20000000000005,56,Credit card (automatic),0,bank_decline,153,high_value_repeat,Yes
1567-DSCIC,1128.0,8,Electronic check,1,insufficient_funds,341,occasional,No
2150-UWTFY,733.8,22,Mailed check,0,bank_decline,266,occasional,No
6124-ACRHJ,237.0,1,Mailed check,2,insufficient_funds,322,new_customer,Yes
9362-MWODR,769.1999999999999,40,Credit card (automatic),1,bank_decline,367,high_value_repeat,No
9975-GPKZU,237.0,46,Credit card (automatic),0,insufficient_funds,508,high_value_repeat,Yes
9625-RZFUK,236.39999999999998,63,Mailed check,3,insufficient_funds,338,high_value_repeat,No
5153-LXKDT,1322.4,68,Electronic check,0,network_error,1840,high_value_repeat,No
5161-UBZXI,1276.1999999999998,69,Credit card (automatic),0,card_expired,347,high_value_repeat,No
1020-JPQOW,1086.6,56,Electronic check,1,insufficient_funds,284,high_value_repeat,Yes
7919-ZODZZ,790.8000000000001,10,Mailed check,3,card_expired,259,occasional,No
0565-JUPYD,1254.0,63,Credit card (automatic),0,network_error,1209,high_value_repeat,Yes
6867-ACCZI,630.0,24,Mailed check,0,insufficient_funds,410,occasional,Yes
5939-XAIXZ,673.2,19,Mailed check,0,insufficient_funds,314,occasional,Yes
9054-FOWNV,1065.0,22,Electronic check,1,card_expired,544,occasional,No
2683-BPJSO,1013.4000000000001,29,Electronic check,0,insufficient_funds,182,high_value_repeat,Yes
2157-MXBJS,903.5999999999999,13,Mailed check,1,network_error,2066,occasional,Yes
8207-VVMYB,312.0,70,Bank transfer (automatic),3,insufficient_funds,671,high_value_repeat,No
9732-EQMWY,1192.8000000000002,49,Electronic check,1,insufficient_funds,259,high_value_repeat,No
9360-AHGNL,1314.6,43,Mailed check,0,insufficient_funds,364,high_value_repeat,Yes
1087-UDSIH,235.20000000000002,3,Mailed check,0,card_expired,217,new_customer,No
5269-NRGDP,877.8000000000001,42,Electronic check,0,insufficient_funds,197,high_value_repeat,Yes
6195-MELTI,655.8,57,Mailed check,2,insufficient_funds,632,high_value_repeat,Yes
5485-WUYWF,796.8000000000001,2,Bank transfer (automatic),0,insufficient_funds,425,new_customer,Yes
2121-JAFOM,1386.6,72,Credit card (automatic),0,bank_decline,420,high_value_repeat,Yes
8818-DOPVL,1253.4,46,Electronic check,1,insufficient_funds,145,high_value_repeat,Yes
2632-UCGVD,1200.6,66,Credit card (automatic),0,network_error,2786,high_value_repeat,Yes
5445-PZWGX,1224.0,62,Electronic check,1,insufficient_funds,573,high_value_repeat,No
1227-UDMZR,1093.8000000000002,72,Bank transfer (automatic),0,insufficient_funds,572,high_value_repeat,No
5198-HQAEN,1076.4,35,Electronic check,2,card_expired,500,high_value_repeat,No
9170-CCKOU,1082.4,17,Credit card (automatic),3,card_expired,230,occasional,No
2167-FQSTQ,1108.8000000000002,72,Electronic check,1,bank_decline,446,high_value_repeat,No
2819-GWENI,238.79999999999998,28,Mailed check,3,bank_decline,500,high_value_repeat,Yes
1043-YCUTE,301.79999999999995,56,Credit card (automatic),0,network_error,1064,high_value_repeat,Yes
3814-MLAXC,958.1999999999999,31,Credit card (automatic),1,card_expired,231,high_value_repeat,No
3572-UUHRS,226.20000000000002,45,Bank transfer (automatic),1,card_expired,533,high_value_repeat,No
2692-PFYTJ,309.0,1,Mailed check,1,insufficient_funds,531,new_customer,Yes
1226-UDFZR,595.2,2,Mailed check,0,bank_decline,167,new_customer,Yes
5955-EPOAZ,251.39999999999998,6,Mailed check,0,card_expired,519,occasional,No
6821-JPCDC,1164.6,48,Electronic check,0,card_expired,414,high_value_repeat,No
8815-LMFLX,304.79999999999995,25,Bank transfer (automatic),0,insufficient_funds,517,high_value_repeat,No
9135-HSWOC,236.39999999999998,64,Bank transfer (automatic),0,insufficient_funds,304,high_value_repeat,Yes
8582-KRHPJ,420.0,50,Mailed check,1,bank_decline,496,high_value_repeat,No
5811-IWXYM,1215.0,52,Bank transfer (automatic),0,insufficient_funds,526,high_value_repeat,Yes
7044-YAACC,842.4000000000001,4,Electronic check,0,insufficient_funds,347,occasional,No
8189-XRIKE,1091.4,32,Electronic check,1,insufficient_funds,402,high_value_repeat,Yes
1506-YJTYT,886.1999999999999,45,Credit card (automatic),1,bank_decline,302,high_value_repeat,No
4123-DVHPH,1056.6,9,Electronic check,2,insufficient_funds,647,occasional,Yes
6425-YQLLO,1271.4,66,Credit card (automatic),1,bank_decline,381,high_value_repeat,Yes
5442-UTCVD,1102.1999999999998,3,Electronic check,0,insufficient_funds,261,new_customer,Yes
2228-BZDEE,241.20000000000002,54,Mailed check,2,bank_decline,292,high_value_repeat,Yes
7734-DBOAI,481.20000000000005,1,Electronic check,1,network_error,2601,new_customer,Yes
2789-CZANW,1323.6,64,Bank transfer (automatic),0,insufficient_funds,512,high_value_repeat,Yes
2091-RFFBA,886.8000000000001,31,Electronic check,1,card_expired,199,high_value_repeat,No
2114-MGINA,1077.6,14,Mailed check,3,insufficient_funds,677,occasional,No
7596-LDUXP,1021.8000000000001,12,Credit card (automatic),0,insufficient_funds,446,occasional,No
3740-RLMVT,731.4000000000001,67,Bank transfer (automatic),0,bank_decline,469,high_value_repeat,No
4489-SNOJF,867.0,35,Electronic check,0,insufficient_funds,385,high_value_repeat,Yes
2192-OZITF,882.5999999999999,45,Mailed check,0,insufficient_funds,402,high_value_repeat,Yes
5651-CPDND,552.0,10,Mailed check,0,insufficient_funds,377,occasional,No
2186-QZEYA,702.5999999999999,29,Bank transfer (automatic),1,insufficient_funds,552,high_value_repeat,Yes
1131-ALZWV,295.20000000000005,24,Bank transfer (automatic),0,bank_decline,398,occasional,No
7729-XBTWX,237.0,66,Mailed check,3,insufficient_funds,515,high_value_repeat,No
9134-WYRVP,1036.1999999999998,51,Mailed check,2,bank_decline,334,high_value_repeat,Yes
3284-SVCRO,306.0,45,Mailed check,1,bank_decline,429,high_value_repeat,Yes
9732-OUYRN,228.0,49,Credit card (automatic),2,insufficient_funds,279,high_value_repeat,No
0559-CKHUS,234.60000000000002,29,Mailed check,0,insufficient_funds,582,high_value_repeat,No
2931-SVLTV,1321.1999999999998,40,Credit card (automatic),1,bank_decline,274,high_value_repeat,No
6899-PPEEA,1158.6,37,Electronic check,1,insufficient_funds,351,high_value_repeat,No
7504-UWHNB,837.0,25,Electronic check,2,insufficient_funds,352,high_value_repeat,Yes
2582-FFFZR,607.2,22,Electronic check,2,insufficient_funds,346,occasional,No
8908-NMQTX,787.1999999999999,72,Bank transfer (automatic),0,card_expired,508,high_value_repeat,Yes
2187-LZGPL,481.20000000000005,7,Credit card (automatic),3,network_error,2246,occasional,No
1431-AIDJQ,985.1999999999999,33,Credit card (automatic),0,insufficient_funds,609,high_value_repeat,Yes
6288-LBEAR,949.1999999999999,23,Mailed check,2,insufficient_funds,277,occasional,No
4597-NUCQV,1215.0,24,Electronic check,3,bank_decline,425,occasional,No
9019-QVLZD,954.5999999999999,1,Electronic check,0,network_error,1879,new_customer,Yes
8413-YNHNV,1087.8000000000002,69,Mailed check,1,card_expired,463,high_value_repeat,No
5808-TOTXO,246.60000000000002,3,Credit card (automatic),0,network_error,2487,new_customer,Yes
4369-NYSCF,909.0,56,Bank transfer (automatic),0,insufficient_funds,376,high_value_repeat,Yes
6333-YDVLT,1320.0,65,Credit card (automatic),1,network_error,3450,high_value_repeat,No
5324-KTGCG,250.20000000000002,71,Electronic check,1,insufficient_funds,301,high_value_repeat,No
5599-HVLTW,964.1999999999999,14,Bank transfer (automatic),3,insufficient_funds,487,occasional,No
7394-LWLYN,841.8000000000001,2,Electronic check,1,network_error,1884,new_customer,Yes
3707-LRWZD,1008.5999999999999,32,Electronic check,1,insufficient_funds,416,high_value_repeat,Yes
6873-UDNLD,809.4000000000001,40,Electronic check,2,bank_decline,220,high_value_repeat,No
2700-LUEVA,249.0,1,Credit card (automatic),3,insufficient_funds,300,new_customer,Yes
1455-ESIQH,1069.1999999999998,1,Electronic check,0,bank_decline,387,new_customer,No
0958-YHXGP,838.8000000000001,7,Mailed check,3,bank_decline,672,occasional,No
1101-SSWAG,613.2,15,Electronic check,0,insufficient_funds,415,occasional,No
2979-SXESE,1132.8000000000002,17,Electronic check,2,network_error,3823,occasional,Yes
4013-TLDHQ,939.0,19,Electronic check,0,insufficient_funds,433,occasional,No
5743-KHMNA,306.6,71,Bank transfer (automatic),0,bank_decline,341,high_value_repeat,Yes
4194-FJARJ,720.0,54,Bank transfer (automatic),0,card_expired,630,high_value_repeat,No
5325-UWTWJ,1086.6,31,Credit card (automatic),1,network_error,2849,high_value_repeat,No
3969-GYXEL,916.8000000000001,11,Electronic check,0,card_expired,303,occasional,No
9208-OLGAQ,1019.4000000000001,18,Electronic check,0,insufficient_funds,470,occasional,Yes
3244-CQPHU,1321.1999999999998,72,Bank transfer (automatic),1,insufficient_funds,356,high_value_repeat,Yes
2674-MLXMN,1195.8000000000002,71,Credit card (automatic),3,insufficient_funds,101,high_value_repeat,No
9708-HPXWZ,544.8,5,Credit card (automatic),0,network_error,3248,occasional,Yes
6992-TKNYO,828.0,38,Credit card (automatic),0,card_expired,564,high_value_repeat,Yes
4468-YDOVK,583.8,5,Bank transfer (automatic),0,network_error,3970,occasional,Yes
3754-DXMRT,529.8,2,Electronic check,0,insufficient_funds,463,new_customer,Yes
5792-JALQC,718.2,52,Bank transfer (automatic),2,card_expired,362,high_value_repeat,No
7130-VTEWQ,909.0,8,Electronic check,2,insufficient_funds,525,occasional,Yes
2200-DSAAL,967.8000000000001,68,Electronic check,1,bank_decline,527,high_value_repeat,Yes
4302-ZYFEL,246.60000000000002,69,Credit card (automatic),0,bank_decline,645,high_value_repeat,No
9351-LZYGF,796.8000000000001,42,Credit card (automatic),2,insufficient_funds,393,high_value_repeat,Yes
4366-CTOUZ,1202.4,50,Mailed check,1,insufficient_funds,375,high_value_repeat,No
6121-VZNQB,229.20000000000002,1,Mailed check,2,insufficient_funds,292,new_customer,Yes
7903-CMPEY,963.5999999999999,1,Electronic check,1,network_error,2929,new_customer,Yes
1518-OMDIK,534.5999999999999,33,Credit card (automatic),2,card_expired,167,high_value_repeat,No
6671-NGWON,244.20000000000002,7,Mailed check,1,network_error,3120,occasional,Yes
0595-ITUDF,1101.6,64,Electronic check,0,insufficient_funds,488,high_value_repeat,Yes
6996-KNSML,898.8000000000001,1,Electronic check,3,network_error,2968,new_customer,No
1955-IBMMB,242.39999999999998,59,Bank transfer (automatic),1,network_error,2610,high_value_repeat,Yes
0096-BXERS,604.2,6,Electronic check,1,insufficient_funds,629,occasional,No
3806-YAZOV,225.60000000000002,3,Mailed check,0,card_expired,530,new_customer,No
7998-ZLXWN,245.39999999999998,15,Credit card (automatic),1,insufficient_funds,308,occasional,No
6253-WRFHY,777.0,13,Electronic check,1,card_expired,311,occasional,No
9133-AYJZG,1184.4,23,Credit card (automatic),0,bank_decline,268,occasional,Yes
2675-OTVVJ,1073.4,31,Electronic check,0,insufficient_funds,482,high_value_repeat,No
8680-CGLTP,705.0,29,Electronic check,1,bank_decline,249,high_value_repeat,Yes
8430-TWCBX,248.39999999999998,49,Credit card (automatic),2,card_expired,562,high_value_repeat,Yes
5018-GWURO,1027.1999999999998,56,Bank transfer (automatic),1,insufficient_funds,598,high_value_repeat,Yes
6741-QRLUP,963.5999999999999,63,Credit card (automatic),0,card_expired,268,high_value_repeat,No
4737-HOBAX,957.5999999999999,63,Credit card (automatic),1,card_expired,372,high_value_repeat,No
0537-QYZZN,958.1999999999999,24,Electronic check,0,insufficient_funds,402,occasional,No
3340-QBBFM,649.2,36,Credit card (automatic),0,insufficient_funds,532,high_value_repeat,Yes
1704-NRWYE,970.1999999999999,9,Electronic check,0,insufficient_funds,641,occasional,Yes
2592-SEIFQ,297.0,3,Electronic check,0,insufficient_funds,147,new_customer,No
8200-KLNYW,970.8000000000001,21,Mailed check,0,insufficient_funds,352,occasional,Yes
3372-CDXFJ,294.0,13,Bank transfer (automatic),0,insufficient_funds,360,occasional,Yes
4781-ZXYGU,241.79999999999998,1,Bank transfer (automatic),0,insufficient_funds,189,new_customer,Yes
7632-YUTXB,240.60000000000002,25,Mailed check,0,bank_decline,327,high_value_repeat,No
2718-YSKCS,235.20000000000002,71,Bank transfer (automatic),1,insufficient_funds,464,high_value_repeat,Yes
9896-UYMIE,1371.6,66,Bank transfer (automatic),1,network_error,2277,high_value_repeat,Yes
0853-NWIFK,1203.6,45,Electronic check,0,card_expired,168,high_value_repeat,No
8212-CRQXP,960.0,22,Credit card (automatic),2,network_error,4799,occasional,Yes
6980-CDGFC,250.20000000000002,67,Bank transfer (automatic),0,insufficient_funds,439,high_value_repeat,Yes
7691-XVTZH,1079.4,68,Bank transfer (automatic),1,bank_decline,416,high_value_repeat,Yes
2520-SGTTA,240.0,0,Mailed check,0,card_expired,235,new_customer,No
7481-ATQQS,1090.1999999999998,49,Credit card (automatic),0,bank_decline,439,high_value_repeat,No
2277-VWCNI,585.0,4,Mailed check,1,insufficient_funds,375,occasional,No
1088-CNNKB,960.0,63,Credit card (automatic),1,insufficient_funds,116,high_value_repeat,Yes
8642-GVWRF,956.4000000000001,2,Bank transfer (automatic),2,network_error,1643,new_customer,No
1930-BZLHI,244.20000000000002,21,Mailed check,1,insufficient_funds,519,occasional,No
3400-ESFUW,690.5999999999999,55,Bank transfer (automatic),3,card_expired,691,high_value_repeat,No
5868-YTYKS,243.0,1,Mailed check,0,insufficient_funds,455,new_customer,Yes
3525-DVKFN,232.79999999999998,17,Mailed check,0,card_expired,565,occasional,Yes
1482-OXZSY,1204.8000000000002,30,Bank transfer (automatic),0,bank_decline,376,high_value_repeat,No
0377-JBKKT,695.4000000000001,22,Mailed check,0,card_expired,387,occasional,No
5778-BVOFB,714.0,9,Bank transfer (automatic),1,bank_decline,563,occasional,Yes
3373-YZZYM,230.39999999999998,1,Mailed check,1,card_expired,649,new_customer,No
2057-ZBLPD,1038.0,21,Electronic check,0,card_expired,595,occasional,No
0228-MAUWC,714.5999999999999,19,Electronic check,3,bank_decline,240,occasional,Yes
5502-RLUYV,1247.4,69,Electronic check,2,bank_decline,389,high_value_repeat,Yes
0023-HGHWL,301.20000000000005,1,Electronic check,0,network_error,2722,new_customer,Yes
7663-YJHSN,1247.4,72,Bank transfer (automatic),0,insufficient_funds,361,high_value_repeat,Yes
4915-BFSXL,827.4000000000001,70,Credit card (automatic),0,card_expired,458,high_value_repeat,No
3086-RUCRN,1237.1999999999998,66,Bank transfer (automatic),0,insufficient_funds,523,high_value_repeat,Yes
5215-LNLDJ,296.4,7,Electronic check,0,insufficient_funds,550,occasional,Yes
7576-JMYWV,1322.4,46,Electronic check,1,card_expired,652,high_value_repeat,No
9039-RBEEE,587.4000000000001,39,Credit card (automatic),0,bank_decline,350,high_value_repeat,Yes
0257-KXZGU,749.4000000000001,32,Bank transfer (automatic),0,bank_decline,195,high_value_repeat,No
1307-ATKGB,1074.6,24,Electronic check,3,insufficient_funds,453,occasional,No
8417-FMLZI,1002.5999999999999,6,Credit card (automatic),1,insufficient_funds,682,occasional,No
3714-XPXBW,946.8000000000001,37,Credit card (automatic),3,bank_decline,328,high_value_repeat,Yes
1850-AKQEP,244.20000000000002,8,Mailed check,0,insufficient_funds,503,occasional,Yes
2824-DXNKN,857.4000000000001,72,Bank transfer (automatic),0,card_expired,504,high_value_repeat,No
5227-JSCFE,556.2,71,Credit card (automatic),1,insufficient_funds,428,high_value_repeat,No
0848-ZGQIJ,1135.8000000000002,16,Bank transfer (automatic),0,insufficient_funds,401,occasional,Yes
3621-CHYVB,598.8,57,Bank transfer (automatic),0,bank_decline,261,high_value_repeat,Yes
8042-RNLKO,305.4,66,Bank transfer (automatic),1,insufficient_funds,57,high_value_repeat,No
1792-UXAFY,1069.8000000000002,17,Electronic check,1,insufficient_funds,233,occasional,No
5372-FBKBN,249.0,21,Mailed check,0,insufficient_funds,341,occasional,No
0420-TXVSG,793.1999999999999,66,Credit card (automatic),1,bank_decline,564,high_value_repeat,Yes
6217-TOWGS,904.8000000000001,17,Bank transfer (automatic),0,bank_decline,384,occasional,No
0515-YPMCW,845.4000000000001,1,Mailed check,0,insufficient_funds,322,new_customer,Yes
0378-XSZPU,723.5999999999999,58,Credit card (automatic),0,insufficient_funds,266,high_value_repeat,Yes
1045-LTCYT,252.60000000000002,8,Credit card (automatic),0,card_expired,498,occasional,No
1544-JJMYL,832.1999999999999,27,Credit card (automatic),0,insufficient_funds,603,high_value_repeat,Yes
4636-JGAAI,1066.1999999999998,34,Mailed check,3,network_error,3350,high_value_repeat,Yes
6874-SGLHU,1164.0,30,Bank transfer (automatic),1,insufficient_funds,490,high_value_repeat,Yes
5951-AOFIH,796.8000000000001,33,Credit card (automatic),1,insufficient_funds,178,high_value_repeat,No
4729-XKASR,297.0,1,Electronic check,0,network_error,2218,new_customer,Yes
3059-NGMXB,830.4000000000001,14,Mailed check,0,insufficient_funds,692,occasional,Yes
8652-YHIYU,954.0,16,Credit card (automatic),0,bank_decline,568,occasional,Yes
5278-PNYOX,1207.8000000000002,49,Credit card (automatic),0,insufficient_funds,169,high_value_repeat,No
5449-FIBXJ,1239.6,19,Electronic check,0,insufficient_funds,391,occasional,Yes
3486-HOOGQ,956.4000000000001,70,Bank transfer (automatic),2,bank_decline,454,high_value_repeat,Yes
5061-PBXFW,736.8,32,Bank transfer (automatic),1,insufficient_funds,285,high_value_repeat,Yes
8630-FJLIB,837.5999999999999,18,Electronic check,1,network_error,652,occasional,No
3891-NLXJB,486.59999999999997,37,Mailed check,1,insufficient_funds,414,high_value_repeat,Yes
4749-OJKQU,907.8000000000001,4,Electronic check,3,card_expired,281,occasional,No
0577-WHMEV,1088.4,16,Electronic check,0,network_error,1872,occasional,Yes
5453-AXEPF,966.0,17,Bank transfer (automatic),0,insufficient_funds,346,occasional,No
3639-XJHKQ,727.2,19,Electronic check,0,bank_decline,379,occasional,Yes
3716-LRGXK,1213.8000000000002,60,Credit card (automatic),2,card_expired,398,high_value_repeat,No
2263-SFSQZ,299.4,51,Mailed check,3,insufficient_funds,267,high_value_repeat,Yes
9950-MTGYX,243.60000000000002,28,Credit card (automatic),0,card_expired,366,high_value_repeat,No
3397-AVTKU,720.0,43,Electronic check,2,card_expired,136,high_value_repeat,No
4825-FUREZ,243.0,42,Electronic check,2,insufficient_funds,446,high_value_repeat,No
9837-BMCLM,942.0,3,Electronic check,0,insufficient_funds,50,new_customer,Yes
2672-OJQZP,537.0,1,Mailed check,0,insufficient_funds,356,new_customer,Yes
0137-UDEUO,238.20000000000002,3,Mailed check,0,insufficient_funds,537,new_customer,Yes
3134-DSHVC,1176.0,63,Credit card (automatic),3,network_error,1652,high_value_repeat,Yes
6161-UUUTA,958.8000000000001,3,Electronic check,0,card_expired,507,new_customer,No
7821-DPRQE,1292.4,68,Electronic check,2,bank_decline,573,high_value_repeat,Yes
6543-XRMYR,1196.4,30,Electronic check,0,insufficient_funds,50,high_value_repeat,No
2001-EWBQU,1256.4,60,Electronic check,1,insufficient_funds,377,high_value_repeat,Yes
4925-LMHOK,703.2,15,Credit card (automatic),0,network_error,199,occasional,No
1608-GMEWB,1126.8000000000002,45,Bank transfer (automatic),1,card_expired,382,high_value_repeat,No
6695-AMZUF,1037.4,70,Credit card (automatic),2,card_expired,398,high_value_repeat,No
1455-UGQVH,1182.0,10,Electronic check,2,insufficient_funds,50,occasional,No
8410-BGQXN,232.79999999999998,4,Mailed check,2,insufficient_funds,688,occasional,No
8280-MQRQN,605.4000000000001,1,Mailed check,0,insufficient_funds,442,new_customer,No
1619-YWUBB,299.4,68,Credit card (automatic),1,bank_decline,272,high_value_repeat,Yes
7611-YKYTC,900.0,22,Bank transfer (automatic),0,insufficient_funds,619,occasional,Yes
2037-SGXHH,1135.8000000000002,38,Electronic check,0,bank_decline,130,high_value_repeat,Yes
3178-FESZO,1203.0,1,Credit card (automatic),1,network_error,1516,new_customer,Yes
0365-GXEZS,938.4000000000001,18,Electronic check,0,insufficient_funds,55,occasional,Yes
0082-OQIQY,1130.4,29,Electronic check,1,card_expired,670,high_value_repeat,No
6087-MVHJH,1061.4,16,Electronic check,3,bank_decline,449,occasional,No
4603-JANFB,838.1999999999999,1,Electronic check,0,bank_decline,498,new_customer,No
3018-TFTSU,980.4000000000001,12,Bank transfer (automatic),1,insufficient_funds,445,occasional,No
3606-SBKRY,600.5999999999999,31,Electronic check,0,insufficient_funds,486,high_value_repeat,Yes
4806-KEXQR,958.8000000000001,4,Electronic check,0,insufficient_funds,411,occasional,No
0667-NSRGI,834.5999999999999,48,Mailed check,0,insufficient_funds,440,high_value_repeat,Yes
7083-YNSKY,304.79999999999995,15,Credit card (automatic),3,card_expired,416,occasional,No
6893-ODYYE,1081.1999999999998,50,Credit card (automatic),2,bank_decline,308,high_value_repeat,Yes
8242-JSVBO,535.8,7,Bank transfer (automatic),3,insufficient_funds,393,occasional,No
2479-BRAMR,1005.0,41,Bank transfer (automatic),3,network_error,2718,high_value_repeat,Yes
9541-ZPSEA,964.1999999999999,68,Credit card (automatic),0,card_expired,416,high_value_repeat,No
2665-NPTGL,1177.1999999999998,26,Bank transfer (automatic),0,insufficient_funds,178,high_value_repeat,Yes
1139-WUOAH,640.2,57,Credit card (automatic),1,insufficient_funds,198,high_value_repeat,Yes
4693-VWVBO,234.60000000000002,3,Electronic check,1,network_error,3366,new_customer,Yes
7434-SHXLS,250.79999999999998,1,Mailed check,0,bank_decline,353,new_customer,No
6937-GCDGQ,587.4000000000001,19,Bank transfer (automatic),0,network_error,2967,occasional,No
0988-JRWWP,650.4000000000001,3,Electronic check,1,insufficient_funds,236,new_customer,Yes
5075-JSDKI,293.4,59,Electronic check,1,insufficient_funds,179,high_value_repeat,Yes
7908-QCBCA,832.8000000000001,1,Mailed check,0,insufficient_funds,273,new_customer,Yes
8644-XYTSV,481.79999999999995,42,Bank transfer (automatic),1,card_expired,366,high_value_repeat,No
6711-FLDFB,898.8000000000001,7,Electronic check,1,network_error,1967,occasional,Yes
3873-WOSBC,307.20000000000005,67,Credit card (automatic),1,insufficient_funds,594,high_value_repeat,No
7465-ZZRVX,844.1999999999999,1,Electronic check,0,bank_decline,426,new_customer,No
7975-JMZNT,1100.4,66,Bank transfer (automatic),1,card_expired,677,high_value_repeat,Yes
7251-XFOIL,1070.4,61,Mailed check,0,network_error,2823,high_value_repeat,Yes
4116-IQRFR,289.20000000000005,4,Credit card (automatic),0,bank_decline,50,occasional,Yes
3714-JTVOV,889.8000000000001,42,Credit card (automatic),2,insufficient_funds,558,high_value_repeat,No
8259-DZLIZ,646.2,64,Bank transfer (automatic),1,bank_decline,173,high_value_repeat,Yes
0442-ZXKVS,1387.1999999999998,54,Bank transfer (automatic),0,insufficient_funds,434,high_value_repeat,No
7853-WNZSY,237.0,1,Credit card (automatic),1,insufficient_funds,283,new_customer,Yes
3120-FAZKD,288.6,54,Bank transfer (automatic),1,bank_decline,721,high_value_repeat,Yes
8606-OEGQZ,303.6,18,Credit card (automatic),2,bank_decline,615,occasional,Yes
0225-ZORZP,1011.5999999999999,3,Electronic check,1,card_expired,288,new_customer,No
4702-IOQDC,841.1999999999999,1,Electronic check,1,card_expired,380,new_customer,No
9489-JMTTN,1077.0,72,Credit card (automatic),1,network_error,2695,high_value_repeat,Yes
0575-CUQOV,1175.4,60,Electronic check,0,bank_decline,529,high_value_repeat,No
0967-BMLBD,240.0,11,Mailed check,0,insufficient_funds,404,occasional,Yes
6178-KFNHS,939.5999999999999,12,Electronic check,0,bank_decline,246,occasional,No
2830-LEWOA,1246.8000000000002,61,Credit card (automatic),1,card_expired,292,high_value_repeat,No
5006-MXVRN,248.39999999999998,39,Credit card (automatic),1,card_expired,399,high_value_repeat,No
1264-BYWMS,1161.6,55,Electronic check,0,insufficient_funds,585,high_value_repeat,No
9658-WYUFB,1132.8000000000002,17,Electronic check,0,card_expired,464,occasional,No
8327-WKMIE,241.79999999999998,37,Credit card (automatic),1,bank_decline,283,high_value_repeat,No
6917-FIJHC,312.0,72,Mailed check,0,card_expired,497,high_value_repeat,No
5329-KRDTM,928.1999999999999,72,Credit card (automatic),1,bank_decline,341,high_value_repeat,Yes
7797-EJMDP,792.5999999999999,8,Bank transfer (automatic),0,insufficient_funds,533,occasional,Yes
3530-VWVGU,238.79999999999998,22,Mailed check,1,network_error,4521,occasional,Yes
2013-SGDXK,1011.5999999999999,1,Electronic check,3,bank_decline,346,new_customer,No
6368-NWMCE,817.8000000000001,38,Credit card (automatic),0,network_error,3141,high_value_repeat,Yes
3633-CDBUW,970.1999999999999,17,Electronic check,1,card_expired,288,occasional,No
0707-HOVVN,906.0,70,Bank transfer (automatic),0,card_expired,383,high_value_repeat,No
8580-QVLOC,1109.4,72,Credit card (automatic),1,bank_decline,404,high_value_repeat,Yes
3956-MGXOG,967.1999999999999,28,Electronic check,1,bank_decline,370,high_value_repeat,Yes
9274-UARKJ,998.4000000000001,15,Bank transfer (automatic),0,insufficient_funds,769,occasional,Yes
4077-HWUYD,1050.6,72,Bank transfer (automatic),1,bank_decline,354,high_value_repeat,Yes
2012-NWRPA,1194.6,11,Electronic check,2,insufficient_funds,488,occasional,No
8808-ELEHO,975.0,8,Electronic check,0,insufficient_funds,110,occasional,No
0103-CSITQ,1312.8000000000002,57,Bank transfer (automatic),0,bank_decline,464,high_value_repeat,Yes
3506-LCJDC,239.39999999999998,1,Bank transfer (automatic),2,insufficient_funds,571,new_customer,No
8671-KKKOS,546.5999999999999,46,Electronic check,1,bank_decline,320,high_value_repeat,No
7305-ZWMAJ,248.39999999999998,30,Credit card (automatic),2,insufficient_funds,50,high_value_repeat,Yes
9518-XXBXE,903.5999999999999,10,Electronic check,1,insufficient_funds,394,occasional,No
3934-HXCFZ,1191.0,23,Electronic check,2,card_expired,402,occasional,No
6578-KRMAW,1120.8000000000002,32,Credit card (automatic),0,insufficient_funds,508,high_value_repeat,No
4860-IJUDE,885.0,13,Credit card (automatic),1,network_error,4108,occasional,Yes
7666-WKRON,965.4000000000001,39,Electronic check,3,insufficient_funds,342,high_value_repeat,No
9688-YGXVR,1057.8000000000002,44,Credit card (automatic),1,insufficient_funds,271,high_value_repeat,Yes
0423-UDIJQ,590.4000000000001,9,Mailed check,0,insufficient_funds,224,occasional,Yes
1945-XISKS,235.79999999999998,67,Mailed check,0,insufficient_funds,429,high_value_repeat,Yes
4910-AQFFX,952.1999999999999,9,Bank transfer (automatic),0,network_error,2883,occasional,Yes
2154-KVJFF,957.0,15,Electronic check,0,insufficient_funds,318,occasional,Yes
5360-LJCNJ,1261.8000000000002,71,Bank transfer (automatic),0,card_expired,516,high_value_repeat,No
2607-FBDFF,588.0,1,Credit card (automatic),1,bank_decline,469,new_customer,No
9647-ERGBE,1200.6,30,Electronic check,1,network_error,2534,high_value_repeat,Yes
3428-XZMAZ,832.1999999999999,1,Electronic check,0,bank_decline,264,new_customer,Yes
1100-DDVRV,597.5999999999999,17,Mailed check,1,insufficient_funds,327,occasional,Yes
0378-TOVMS,1029.6,3,Electronic check,0,insufficient_funds,50,new_customer,Yes
4355-HBJHH,956.4000000000001,67,Electronic check,0,bank_decline,435,high_value_repeat,Yes
6728-WYQBC,251.39999999999998,1,Bank transfer (automatic),0,network_error,2521,new_customer,Yes
9058-CBREO,606.5999999999999,1,Mailed check,1,card_expired,428,new_customer,No
9029-FEGVJ,951.5999999999999,32,Mailed check,0,network_error,2903,high_value_repeat,Yes
7216-KAOID,234.0,41,Bank transfer (automatic),0,insufficient_funds,457,high_value_repeat,Yes
0318-QUUOB,966.5999999999999,1,Electronic check,0,insufficient_funds,383,new_customer,Yes
6145-NNPNO,529.8,1,Bank transfer (automatic),2,network_error,2538,new_customer,Yes
5520-FVEWJ,1014.0,12,Electronic check,0,network_error,1376,occasional,No
5339-TJFEK,1266.0,62,Electronic check,1,card_expired,312,high_value_repeat,No
5572-ZDXHY,1011.5999999999999,22,Mailed check,1,bank_decline,407,occasional,No
2074-GUHPQ,1112.4,17,Credit card (automatic),2,insufficient_funds,289,occasional,No
4625-XMOYM,315.0,72,Bank transfer (automatic),3,insufficient_funds,529,high_value_repeat,Yes
5827-MWCZK,1163.4,56,Credit card (automatic),0,bank_decline,301,high_value_repeat,Yes
1385-TQOZW,245.39999999999998,9,Credit card (automatic),0,network_error,2673,occasional,No
5914-XRFQB,1389.6,72,Bank transfer (automatic),2,card_expired,417,high_value_repeat,No
4329-YPDDQ,1298.4,20,Bank transfer (automatic),1,insufficient_funds,511,occasional,Yes
4804-NCPET,242.39999999999998,19,Mailed check,1,insufficient_funds,535,occasional,Yes
3750-CKVKH,813.0,2,Electronic check,1,network_error,3055,new_customer,Yes
5944-UGLLK,658.8,53,Credit card (automatic),1,insufficient_funds,84,high_value_repeat,Yes
8063-GBATB,1023.0,27,Electronic check,3,bank_decline,579,high_value_repeat,Yes
7787-BNTZM,241.79999999999998,6,Bank transfer (automatic),3,bank_decline,629,occasional,Yes
2252-ISRNH,1084.1999999999998,9,Electronic check,1,bank_decline,327,occasional,Yes
9415-TPKRV,669.0,8,Electronic check,0,insufficient_funds,435,occasional,Yes
5322-TEUJK,1375.1999999999998,71,Bank transfer (automatic),2,network_error,1787,high_value_repeat,Yes
4547-KQRTM,960.5999999999999,10,Bank transfer (automatic),0,insufficient_funds,107,occasional,No
4877-EVATK,240.0,1,Mailed check,0,insufficient_funds,289,new_customer,Yes
1866-DIOQZ,801.5999999999999,71,Bank transfer (automatic),2,insufficient_funds,318,high_value_repeat,Yes
8375-KVTHK,1203.6,68,Electronic check,0,insufficient_funds,346,high_value_repeat,Yes
2697-NQBPF,1264.1999999999998,34,Electronic check,0,bank_decline,256,high_value_repeat,No
3709-OIJEA,1022.4000000000001,26,Electronic check,0,insufficient_funds,289,high_value_repeat,Yes
7639-SUPCW,585.5999999999999,22,Credit card (automatic),2,insufficient_funds,398,occasional,Yes
1386-ZIKUV,227.39999999999998,7,Mailed check,1,bank_decline,284,occasional,Yes
0599-XNYDO,837.5999999999999,20,Bank transfer (automatic),1,insufficient_funds,481,occasional,Yes
6377-WHAOX,1273.8000000000002,60,Electronic check,0,network_error,3045,high_value_repeat,No
6855-VLGOS,246.60000000000002,72,Electronic check,2,insufficient_funds,757,high_value_repeat,No
8999-XXGNS,1269.0,72,Credit card (automatic),2,insufficient_funds,568,high_value_repeat,Yes
8746-OQQRW,303.0,4,Mailed check,0,bank_decline,436,occasional,No
3181-MIZBN,237.0,16,Electronic check,0,insufficient_funds,306,occasional,Yes
0471-ARVMX,1258.1999999999998,62,Electronic check,0,card_expired,444,high_value_repeat,No
7766-CLTIC,731.4000000000001,10,Mailed check,3,insufficient_funds,448,occasional,No
5650-YLIBA,973.8000000000001,31,Electronic check,1,insufficient_funds,323,high_value_repeat,No
0825-CPPQH,229.20000000000002,71,Credit card (automatic),3,insufficient_funds,517,high_value_repeat,Yes
9084-OAYKL,249.60000000000002,58,Mailed check,0,insufficient_funds,190,high_value_repeat,Yes
6122-LJADA,1081.8000000000002,70,Credit card (automatic),2,insufficient_funds,363,high_value_repeat,Yes
2400-XIWIO,1081.1999999999998,71,Electronic check,2,network_error,2944,high_value_repeat,Yes
7524-VRLPL,889.1999999999999,69,Credit card (automatic),1,card_expired,356,high_value_repeat,No
1069-XAIEM,1020.5999999999999,1,Electronic check,3,insufficient_funds,368,new_customer,No
7569-NMZYQ,1425.0,72,Bank transfer (automatic),0,insufficient_funds,379,high_value_repeat,No
5201-USSQZ,1030.8000000000002,26,Credit card (automatic),0,bank_decline,274,high_value_repeat,No
2105-PHWON,1140.0,33,Credit card (automatic),1,bank_decline,576,high_value_repeat,No
1494-EJZDW,241.79999999999998,10,Mailed check,1,network_error,1685,occasional,Yes
4884-TVUQF,1215.6,57,Credit card (automatic),1,bank_decline,447,high_value_repeat,Yes
8003-EWNDZ,254.39999999999998,10,Electronic check,0,insufficient_funds,462,occasional,Yes
1897-RCFUM,290.4,39,Mailed check,1,insufficient_funds,257,high_value_repeat,Yes
9256-JTBNZ,243.60000000000002,11,Bank transfer (automatic),0,card_expired,410,occasional,No
4658-HCOHW,1233.6,21,Electronic check,0,card_expired,263,occasional,No
2211-RMNHO,1023.5999999999999,68,Bank transfer (automatic),1,card_expired,608,high_value_repeat,No
2432-TFSMK,1075.1999999999998,18,Credit card (automatic),1,insufficient_funds,229,occasional,No
3440-JPSCL,1199.4,6,Mailed check,0,bank_decline,301,occasional,No
4929-ROART,675.0,18,Mailed check,0,bank_decline,216,occasional,Yes
1834-ABKHQ,611.4000000000001,52,Bank transfer (automatic),0,insufficient_funds,196,high_value_repeat,Yes
1741-WTPON,1390.1999999999998,56,Mailed check,0,network_error,3772,high_value_repeat,Yes
3932-IJWDZ,1243.8000000000002,45,Bank transfer (automatic),2,insufficient_funds,481,high_value_repeat,Yes
1240-HCBOH,313.20000000000005,67,Mailed check,3,insufficient_funds,421,high_value_repeat,Yes
3594-KADLU,421.20000000000005,3,Mailed check,0,insufficient_funds,301,new_customer,Yes
8065-BVEPF,1189.1999999999998,65,Bank transfer (automatic),2,insufficient_funds,536,high_value_repeat,No
3796-ENZGF,807.0,63,Mailed check,2,insufficient_funds,276,high_value_repeat,No
1734-ZMNTZ,300.0,11,Mailed check,2,bank_decline,519,occasional,No
2853-CWQFQ,714.5999999999999,1,Mailed check,0,insufficient_funds,269,new_customer,Yes
0813-TAXXS,933.5999999999999,55,Bank transfer (automatic),3,card_expired,303,high_value_repeat,No
2519-TWKFS,661.2,25,Mailed check,0,insufficient_funds,513,high_value_repeat,Yes
2889-FPWRM,1413.6,72,Bank transfer (automatic),0,insufficient_funds,529,high_value_repeat,No
0626-QXNGV,289.79999999999995,72,Credit card (automatic),0,bank_decline,489,high_value_repeat,No
6723-CEGQI,543.0,65,Mailed check,1,card_expired,242,high_value_repeat,Yes
6987-XQSJT,954.0,54,Electronic check,0,bank_decline,332,high_value_repeat,No
4732-RRJZC,243.0,7,Mailed check,0,bank_decline,423,occasional,Yes
9499-XPZXM,777.0,72,Bank transfer (automatic),0,insufficient_funds,272,high_value_repeat,No
4338-EYCER,655.2,21,Bank transfer (automatic),2,insufficient_funds,605,occasional,No
3007-FDPEA,248.39999999999998,2,Bank transfer (automatic),2,bank_decline,50,new_customer,Yes
6350-XFYGW,1137.0,4,Electronic check,0,bank_decline,283,occasional,No
4290-BSXUX,955.8000000000001,3,Bank transfer (automatic),2,card_expired,323,new_customer,No
8513-OLYGY,1389.6,72,Credit card (automatic),2,network_error,224,high_value_repeat,Yes
0311-QYWSS,593.4000000000001,6,Electronic check,2,network_error,1383,occasional,Yes
8705-DWKTI,1005.5999999999999,52,Credit card (automatic),0,insufficient_funds,493,high_value_repeat,Yes
8755-IWJHN,1144.1999999999998,69,Bank transfer (automatic),1,card_expired,404,high_value_repeat,Yes
0325-XBFAC,1136.4,8,Electronic check,3,bank_decline,635,occasional,No
4480-QQRHC,888.5999999999999,8,Bank transfer (automatic),1,network_error,3736,occasional,Yes
0929-PECLO,1075.1999999999998,63,Bank transfer (automatic),0,insufficient_funds,464,high_value_repeat,Yes
3680-CTHUH,1399.1999999999998,60,Credit card (automatic),1,insufficient_funds,446,high_value_repeat,Yes
1202-KKGFU,650.4000000000001,12,Bank transfer (automatic),1,insufficient_funds,409,occasional,No
6112-KTHFQ,231.60000000000002,13,Mailed check,1,insufficient_funds,50,occasional,Yes
1852-XEMDW,780.5999999999999,22,Mailed check,0,bank_decline,190,occasional,No
2462-XIIJB,1110.0,5,Electronic check,0,insufficient_funds,415,occasional,Yes
4760-XOHVN,233.39999999999998,1,Mailed check,2,insufficient_funds,492,new_customer,Yes
1820-DJFPH,288.6,72,Bank transfer (automatic),2,insufficient_funds,443,high_value_repeat,Yes
9426-SXNHE,225.0,2,Bank transfer (automatic),0,card_expired,266,new_customer,No
9068-FHQHD,241.79999999999998,40,Bank transfer (automatic),3,card_expired,540,high_value_repeat,No
1269-FOYWN,240.0,44,Bank transfer (automatic),0,insufficient_funds,622,high_value_repeat,Yes
9470-YFUYI,852.0,71,Bank transfer (automatic),1,insufficient_funds,540,high_value_repeat,Yes
7817-BOQPW,906.5999999999999,2,Electronic check,2,insufficient_funds,548,new_customer,No
7402-EYFXX,1123.1999999999998,26,Electronic check,2,card_expired,316,high_value_repeat,Yes
1853-UDXBW,840.0,1,Electronic check,3,insufficient_funds,561,new_customer,No
9895-VFOXH,292.79999999999995,1,Mailed check,0,bank_decline,421,new_customer,Yes
5458-CQJTA,897.5999999999999,65,Bank transfer (automatic),2,card_expired,476,high_value_repeat,Yes
1230-QAJDW,783.0,3,Mailed check,0,insufficient_funds,454,new_customer,Yes
5701-ZIKJE,606.5999999999999,13,Mailed check,1,network_error,2402,occasional,Yes
5219-YIPTK,1252.8000000000002,33,Electronic check,1,insufficient_funds,270,high_value_repeat,Yes
5032-MIYKT,848.4000000000001,1,Mailed check,1,network_error,2434,new_customer,No
7396-VJUZB,543.0,4,Mailed check,0,insufficient_funds,548,occasional,Yes
9717-QEBGU,843.5999999999999,2,Electronic check,2,card_expired,333,new_customer,No
5172-RKOCB,1307.4,72,Credit card (automatic),0,network_error,3214,high_value_repeat,Yes
6509-TSGWN,317.4,37,Mailed check,0,bank_decline,510,high_value_repeat,Yes
3540-RZJYU,1034.4,15,Electronic check,1,insufficient_funds,355,occasional,No
3178-CIFOT,235.79999999999998,23,Credit card (automatic),1,insufficient_funds,608,occasional,Yes
2091-MJTFX,614.4000000000001,30,Credit card (automatic),2,card_expired,346,high_value_repeat,No
4530-NDRKU,228.60000000000002,42,Electronic check,0,bank_decline,626,high_value_repeat,No
5985-TBABQ,897.0,32,Mailed check,0,bank_decline,465,high_value_repeat,No
9800-ONTFE,909.5999999999999,22,Bank transfer (automatic),2,insufficient_funds,397,occasional,No
6743-HHQPF,301.20000000000005,42,Credit card (automatic),1,insufficient_funds,266,high_value_repeat,No
8455-HIRAQ,533.4000000000001,8,Mailed check,0,card_expired,386,occasional,No
6616-AALSR,1251.6,65,Credit card (automatic),1,insufficient_funds,369,high_value_repeat,Yes
0883-EIBTI,234.0,2,Mailed check,1,insufficient_funds,211,new_customer,Yes
9415-ZNBSX,1068.0,70,Bank transfer (automatic),1,insufficient_funds,367,high_value_repeat,No
4018-KJYUY,241.79999999999998,22,Credit card (automatic),1,card_expired,279,occasional,No
0722-TROQR,898.8000000000001,4,Electronic check,2,bank_decline,487,occasional,No
7571-YXDAD,898.8000000000001,2,Credit card (automatic),2,bank_decline,595,new_customer,Yes
3884-UEBXB,433.79999999999995,67,Bank transfer (automatic),1,insufficient_funds,215,high_value_repeat,Yes
8780-RSYYU,230.39999999999998,25,Credit card (automatic),0,card_expired,656,high_value_repeat,No
5537-UXXVS,231.0,20,Bank transfer (automatic),2,bank_decline,380,occasional,No
1791-PQHBB,734.4000000000001,2,Credit card (automatic),1,insufficient_funds,253,new_customer,Yes
8701-DGLVH,245.39999999999998,51,Mailed check,1,network_error,3106,high_value_repeat,Yes
8741-LQOBK,420.59999999999997,46,Bank transfer (automatic),0,insufficient_funds,333,high_value_repeat,Yes
3393-FMZPV,1203.0,25,Electronic check,2,insufficient_funds,387,high_value_repeat,Yes
8082-GHXOP,528.0,13,Mailed check,1,insufficient_funds,339,occasional,No
6402-ZFPPI,1233.6,25,Mailed check,0,insufficient_funds,277,high_value_repeat,Yes
0980-FEXWF,604.2,26,Mailed check,0,network_error,3079,high_value_repeat,Yes
7486-KSRVI,1200.0,43,Electronic check,2,insufficient_funds,357,high_value_repeat,No
3011-WQKSZ,240.0,19,Electronic check,0,insufficient_funds,184,occasional,Yes
8443-WVPSS,1198.1999999999998,10,Electronic check,3,insufficient_funds,482,occasional,No
3006-XIMLN,1130.4,2,Bank transfer (automatic),1,bank_decline,219,new_customer,No
8218-FFJDS,1036.8000000000002,72,Bank transfer (automatic),1,card_expired,227,high_value_repeat,No
1986-PHGZF,700.8,18,Credit card (automatic),0,card_expired,578,occasional,No
9965-YOKZB,1006.1999999999999,9,Electronic check,0,card_expired,220,occasional,No
0504-HHAPI,1059.6,27,Credit card (automatic),3,insufficient_funds,52,high_value_repeat,Yes
9360-OMDZZ,1129.1999999999998,24,Electronic check,0,insufficient_funds,493,occasional,Yes
6305-YLBMM,1248.6,69,Bank transfer (automatic),2,network_error,2256,high_value_repeat,Yes
0345-XMMUG,1306.8000000000002,46,Credit card (automatic),0,insufficient_funds,367,high_value_repeat,Yes
8024-XNAFQ,1288.8000000000002,72,Bank transfer (automatic),0,insufficient_funds,352,high_value_repeat,Yes
3647-GMGDH,1136.4,22,Credit card (automatic),0,network_error,2685,occasional,No
2988-GBIVW,1090.1999999999998,70,Electronic check,1,insufficient_funds,287,high_value_repeat,Yes
2832-SCUCO,238.79999999999998,2,Electronic check,3,insufficient_funds,621,new_customer,No
7036-ZZKBD,796.8000000000001,31,Credit card (automatic),0,card_expired,178,high_value_repeat,No
3791-LGQCY,1207.8000000000002,56,Bank transfer (automatic),0,insufficient_funds,466,high_value_repeat,No
0265-PSUAE,1208.4,16,Bank transfer (automatic),0,network_error,3013,occasional,Yes
0463-TXOAK,307.20000000000005,52,Credit card (automatic),1,card_expired,286,high_value_repeat,Yes
0594-UFTUL,238.20000000000002,13,Mailed check,0,card_expired,246,occasional,No
9509-MPYOD,249.0,35,Mailed check,2,network_error,3313,high_value_repeat,Yes
9128-CPXKI,1149.6,59,Electronic check,1,insufficient_funds,251,high_value_repeat,No
0129-KPTWJ,1135.8000000000002,72,Electronic check,1,insufficient_funds,309,high_value_repeat,No
8166-ZZTFS,966.5999999999999,66,Bank transfer (automatic),0,insufficient_funds,533,high_value_repeat,Yes
5855-EIBDE,1279.8000000000002,49,Credit card (automatic),3,insufficient_funds,405,high_value_repeat,No
5365-LLFYV,550.2,2,Mailed check,0,bank_decline,130,new_customer,Yes
5956-YHHRX,1252.1999999999998,21,Electronic check,0,bank_decline,662,occasional,No
6008-NAIXK,665.4000000000001,54,Electronic check,1,insufficient_funds,320,high_value_repeat,No
2956-GGUCQ,946.1999999999999,24,Electronic check,1,insufficient_funds,339,occasional,Yes
1928-BXYIV,733.8,1,Electronic check,0,insufficient_funds,438,new_customer,Yes
5760-FXFVO,947.4000000000001,6,Electronic check,0,insufficient_funds,493,occasional,No
6595-COKXZ,533.4000000000001,1,Mailed check,2,insufficient_funds,694,new_customer,Yes
0961-ZWLVI,1310.4,49,Credit card (automatic),0,card_expired,150,high_value_repeat,Yes
5181-OABFK,735.5999999999999,56,Credit card (automatic),2,bank_decline,523,high_value_repeat,No
4007-NHVHI,1162.1999999999998,56,Electronic check,1,network_error,3094,high_value_repeat,Yes
7816-VGHTO,486.59999999999997,6,Mailed check,0,insufficient_funds,379,occasional,No
5871-DGTXZ,237.60000000000002,32,Mailed check,1,insufficient_funds,518,high_value_repeat,No
7550-WIQVA,1299.0,50,Electronic check,0,card_expired,540,high_value_repeat,No
7544-ZVIKX,1260.6,58,Bank transfer (automatic),2,bank_decline,192,high_value_repeat,No
0016-QLJIS,1085.4,65,Mailed check,1,bank_decline,662,high_value_repeat,Yes
7508-DQAKK,1036.8000000000002,64,Credit card (automatic),0,bank_decline,166,high_value_repeat,No
5176-OLSKT,802.8000000000001,66,Bank transfer (automatic),1,card_expired,229,high_value_repeat,No
9356-AXGMP,1328.4,38,Electronic check,3,network_error,2290,high_value_repeat,Yes
3556-BVQGL,240.0,20,Mailed check,0,insufficient_funds,688,occasional,Yes
0362-ZBZWJ,1018.8000000000001,36,Electronic check,3,card_expired,353,high_value_repeat,No
8979-CAMGB,1225.1999999999998,64,Electronic check,0,insufficient_funds,395,high_value_repeat,Yes
4211-MMAZN,243.0,1,Mailed check,0,insufficient_funds,614,new_customer,Yes
7581-EBBOU,841.8000000000001,60,Credit card (automatic),0,card_expired,354,high_value_repeat,No
4274-OWWYO,892.1999999999999,1,Electronic check,0,insufficient_funds,223,new_customer,Yes
5073-RZGBK,960.5999999999999,50,Bank transfer (automatic),0,insufficient_funds,337,high_value_repeat,Yes
1541-ETJZO,744.5999999999999,1,Mailed check,0,insufficient_funds,605,new_customer,No
2192-CKRLV,590.4000000000001,72,Electronic check,3,insufficient_funds,410,high_value_repeat,No
3154-HMWUU,246.0,60,Bank transfer (automatic),2,insufficient_funds,689,high_value_repeat,No
6119-SPUDB,459.0,46,Mailed check,1,insufficient_funds,510,high_value_repeat,Yes
6522-OIQSX,659.4000000000001,69,Credit card (automatic),0,insufficient_funds,303,high_value_repeat,No
7813-ZGGAW,1159.1999999999998,31,Bank transfer (automatic),0,insufficient_funds,407,high_value_repeat,Yes
8748-HFWBO,238.79999999999998,19,Mailed check,0,bank_decline,272,occasional,Yes
1052-QJIBV,238.79999999999998,71,Credit card (automatic),1,insufficient_funds,299,high_value_repeat,No
1319-YLZJG,1015.1999999999999,12,Electronic check,3,insufficient_funds,1071,occasional,No
4106-HADHQ,960.0,39,Credit card (automatic),0,card_expired,552,high_value_repeat,No
0723-FDLAY,1023.0,44,Bank transfer (automatic),0,bank_decline,529,high_value_repeat,No
3050-RLLXC,975.0,56,Credit card (automatic),1,network_error,2001,high_value_repeat,Yes
9298-WGMRW,1386.0,72,Bank transfer (automatic),0,insufficient_funds,635,high_value_repeat,No
2369-UAPKZ,1249.1999999999998,5,Mailed check,0,card_expired,564,occasional,No
3088-LHEFH,948.0,11,Bank transfer (automatic),1,network_error,4005,occasional,No
2778-OCLGR,469.20000000000005,24,Bank transfer (automatic),1,network_error,3966,occasional,Yes
6583-KQJLK,1135.8000000000002,15,Electronic check,0,network_error,1316,occasional,Yes
8544-JNBOX,249.60000000000002,72,Mailed check,0,bank_decline,233,high_value_repeat,Yes
6681-ZSEXG,714.0,56,Credit card (automatic),3,bank_decline,249,high_value_repeat,Yes
6139-ZZRBQ,240.60000000000002,64,Bank transfer (automatic),0,card_expired,258,high_value_repeat,Yes
6116-RFVHN,1205.4,34,Electronic check,0,insufficient_funds,448,high_value_repeat,Yes
0637-KVDLV,918.0,2,Electronic check,0,card_expired,314,new_customer,No
8884-FEEWR,247.20000000000002,35,Bank transfer (automatic),0,bank_decline,710,high_value_repeat,No
3125-RAHBV,243.60000000000002,22,Credit card (automatic),0,insufficient_funds,685,occasional,No
6633-MPWBS,590.4000000000001,5,Electronic check,2,bank_decline,399,occasional,No
0373-AIVNJ,474.59999999999997,9,Mailed check,0,insufficient_funds,693,occasional,Yes
8785-EPNCG,277.79999999999995,11,Credit card (automatic),0,card_expired,623,occasional,No
1682-VCOIO,245.39999999999998,23,Mailed check,1,bank_decline,332,occasional,No
5729-KLZAR,970.1999999999999,4,Electronic check,1,insufficient_funds,98,occasional,Yes
2072-ZVJJX,303.0,68,Bank transfer (automatic),2,card_expired,367,high_value_repeat,No
8849-AYPTR,1095.0,33,Electronic check,2,insufficient_funds,303,high_value_repeat,No
9518-IMLHK,869.4000000000001,31,Bank transfer (automatic),0,insufficient_funds,430,high_value_repeat,Yes
1582-RAFML,721.2,1,Mailed check,2,insufficient_funds,413,new_customer,No
3646-ITDGM,236.39999999999998,56,Bank transfer (automatic),1,insufficient_funds,409,high_value_repeat,Yes
8740-CRYFY,947.4000000000001,1,Electronic check,3,insufficient_funds,478,new_customer,No
3569-VLDHH,901.1999999999999,66,Electronic check,1,bank_decline,218,high_value_repeat,Yes
8224-KDLKN,300.0,72,Bank transfer (automatic),3,bank_decline,461,high_value_repeat,Yes
7594-LZNWR,829.8000000000001,34,Credit card (automatic),2,insufficient_funds,334,high_value_repeat,No
4001-TSBTV,1098.6,58,Electronic check,0,network_error,2659,high_value_repeat,Yes
2962-XPMCQ,541.8,2,Electronic check,1,insufficient_funds,543,new_customer,No
8727-XDPUD,429.59999999999997,37,Credit card (automatic),3,insufficient_funds,216,high_value_repeat,No
1043-UXOVO,1357.8000000000002,71,Credit card (automatic),2,insufficient_funds,357,high_value_repeat,No
1064-FBXNK,238.20000000000002,1,Credit card (automatic),0,bank_decline,382,new_customer,No
3996-ZNWYK,237.60000000000002,71,Credit card (automatic),1,bank_decline,322,high_value_repeat,No
2878-DHMIN,238.79999999999998,35,Electronic check,0,insufficient_funds,534,high_value_repeat,No
7762-ONLJY,236.39999999999998,6,Mailed check,0,insufficient_funds,291,occasional,No
1678-FYZOW,952.8000000000001,3,Electronic check,0,insufficient_funds,316,new_customer,No
5795-BKOYE,709.2,69,Bank transfer (automatic),0,card_expired,293,high_value_repeat,No
8627-EHGIP,647.4000000000001,44,Mailed check,2,card_expired,563,high_value_repeat,No
7402-PWYJJ,1093.8000000000002,53,Electronic check,0,insufficient_funds,326,high_value_repeat,Yes
5480-TBGPH,1191.6,24,Credit card (automatic),2,network_error,2868,occasional,No
0018-NYROU,827.4000000000001,5,Electronic check,0,insufficient_funds,696,occasional,No
7501-VTYLJ,618.5999999999999,2,Mailed check,0,bank_decline,388,new_customer,No
7608-RGIRO,292.79999999999995,62,Mailed check,0,network_error,3389,high_value_repeat,Yes
0480-BIXDE,1161.6,19,Electronic check,0,insufficient_funds,650,occasional,Yes
5895-QSXOD,840.5999999999999,9,Mailed check,0,network_error,3321,occasional,Yes
9814-AOUDH,234.0,53,Credit card (automatic),0,bank_decline,397,high_value_repeat,Yes
6175-IRFIT,945.0,5,Mailed check,1,insufficient_funds,496,occasional,Yes
8760-ZRHKE,830.4000000000001,71,Electronic check,0,insufficient_funds,206,high_value_repeat,No
1622-HSHSF,234.60000000000002,1,Mailed check,0,bank_decline,282,new_customer,Yes
8854-CCVSQ,967.8000000000001,18,Electronic check,0,insufficient_funds,309,occasional,Yes
6749-UTDVX,1243.8000000000002,72,Electronic check,2,insufficient_funds,736,high_value_repeat,Yes
5542-DHSXL,656.4000000000001,4,Mailed check,3,card_expired,278,occasional,No
9102-OXKFY,649.8,59,Credit card (automatic),1,bank_decline,275,high_value_repeat,No
0511-JTEOY,853.1999999999999,1,Mailed check,0,network_error,1664,new_customer,Yes
5216-WASFJ,1018.1999999999999,31,Electronic check,0,bank_decline,483,high_value_repeat,No
7808-DVWEP,240.0,3,Bank transfer (automatic),3,card_expired,421,new_customer,No
7067-KSAZT,1275.0,65,Electronic check,0,insufficient_funds,563,high_value_repeat,Yes
2284-VFLKH,1191.0,49,Credit card (automatic),0,card_expired,500,high_value_repeat,No
0366-NQSHS,232.20000000000002,2,Mailed check,0,network_error,1395,new_customer,Yes
6532-YLWSI,249.60000000000002,53,Bank transfer (automatic),0,insufficient_funds,278,high_value_repeat,Yes
3807-BPOMJ,1137.0,55,Electronic check,0,insufficient_funds,604,high_value_repeat,No
3892-NXAZG,1368.6,72,Credit card (automatic),2,insufficient_funds,369,high_value_repeat,No
4948-WBBKL,898.8000000000001,36,Bank transfer (automatic),0,card_expired,578,high_value_repeat,No
4182-BGSIQ,237.60000000000002,10,Bank transfer (automatic),1,bank_decline,377,occasional,Yes
9300-AGZNL,1128.0,1,Electronic check,0,network_error,1725,new_customer,Yes
0988-AADSA,970.1999999999999,72,Bank transfer (automatic),0,bank_decline,354,high_value_repeat,Yes
9972-NKTFD,655.8,28,Bank transfer (automatic),3,insufficient_funds,254,high_value_repeat,Yes
3717-LNXKW,1100.4,38,Bank transfer (automatic),0,bank_decline,315,high_value_repeat,Yes
5734-EJKXG,1423.1999999999998,61,Electronic check,2,bank_decline,430,high_value_repeat,No
2207-RYYRL,294.6,52,Mailed check,1,insufficient_funds,476,high_value_repeat,No
6729-FZWSY,233.39999999999998,67,Mailed check,0,bank_decline,161,high_value_repeat,Yes
9695-IDRZR,1393.8000000000002,34,Credit card (automatic),3,insufficient_funds,397,high_value_repeat,No
8144-DGHXP,967.1999999999999,54,Electronic check,0,bank_decline,312,high_value_repeat,Yes
7814-LEEVE,243.60000000000002,1,Bank transfer (automatic),2,bank_decline,302,new_customer,Yes
1112-CUNAO,1078.1999999999998,15,Electronic check,0,network_error,2606,occasional,Yes
5175-AOBHI,552.0,4,Mailed check,2,card_expired,317,occasional,No
5174-RNGBH,795.0,9,Mailed check,0,insufficient_funds,607,occasional,Yes
8631-WUXGY,1197.6,46,Electronic check,1,card_expired,578,high_value_repeat,No
7270-BDIOA,1080.0,22,Electronic check,2,insufficient_funds,577,occasional,No
9565-JSNFM,845.4000000000001,38,Bank transfer (automatic),3,network_error,2104,high_value_repeat,Yes
5906-DVAPM,900.0,55,Credit card (automatic),3,network_error,1730,high_value_repeat,Yes
6654-QGBZZ,238.79999999999998,1,Mailed check,2,bank_decline,412,new_customer,No
8348-JLBUG,963.5999999999999,64,Credit card (automatic),2,insufficient_funds,377,high_value_repeat,Yes
0607-DAAHE,237.0,53,Bank transfer (automatic),0,bank_decline,308,high_value_repeat,Yes
5641-DMBFJ,1011.5999999999999,58,Electronic check,0,bank_decline,223,high_value_repeat,Yes
9200-NLNPD,648.5999999999999,56,Bank transfer (automatic),0,network_error,2466,high_value_repeat,Yes
2664-XJZNO,1258.8000000000002,72,Credit card (automatic),0,insufficient_funds,339,high_value_repeat,Yes
9732-KPKBW,647.4000000000001,1,Electronic check,0,insufficient_funds,503,new_customer,No
3339-EAQNV,1167.0,72,Credit card (automatic),1,insufficient_funds,499,high_value_repeat,No
0921-OHLVP,996.5999999999999,22,Electronic check,0,card_expired,565,occasional,No
3389-YGYAI,1266.0,8,Electronic check,1,card_expired,211,occasional,No
9560-ARGQJ,972.0,16,Electronic check,0,bank_decline,460,occasional,No
8350-NYMVI,493.20000000000005,39,Bank transfer (automatic),0,insufficient_funds,290,high_value_repeat,No
1600-DILPE,540.0,12,Bank transfer (automatic),1,insufficient_funds,216,occasional,No
0536-ESJEP,894.5999999999999,54,Bank transfer (automatic),2,card_expired,335,high_value_repeat,No
4654-GGUII,482.40000000000003,18,Mailed check,1,bank_decline,560,occasional,No
6478-HRRCZ,846.0,32,Mailed check,1,bank_decline,344,high_value_repeat,No
8510-BBWMU,237.0,41,Mailed check,0,bank_decline,634,high_value_repeat,Yes
6857-TKDJV,295.79999999999995,67,Bank transfer (automatic),1,insufficient_funds,482,high_value_repeat,Yes
2360-RDGRO,1251.0,65,Electronic check,0,card_expired,340,high_value_repeat,No
0584-BJQGZ,940.1999999999999,25,Bank transfer (automatic),0,bank_decline,574,high_value_repeat,No
5134-IKDAY,837.5999999999999,1,Electronic check,0,card_expired,466,new_customer,No
1360-XFJMR,1316.4,67,Credit card (automatic),0,insufficient_funds,260,high_value_repeat,No
3070-DVEYC,885.0,7,Mailed check,0,insufficient_funds,678,occasional,Yes
5730-RIITO,401.40000000000003,43,Credit card (automatic),3,insufficient_funds,438,high_value_repeat,No
9058-MJLZC,1135.1999999999998,24,Electronic check,3,network_error,2515,occasional,Yes
5707-ORNDZ,654.5999999999999,9,Electronic check,0,insufficient_funds,271,occasional,No
0902-XKXPN,242.39999999999998,69,Bank transfer (automatic),0,insufficient_funds,576,high_value_repeat,Yes
5177-RVZNU,243.60000000000002,37,Bank transfer (automatic),0,insufficient_funds,477,high_value_repeat,Yes
0056-EPFBG,472.79999999999995,20,Credit card (automatic),0,card_expired,494,occasional,No
8993-IZEUX,829.8000000000001,7,Bank transfer (automatic),3,insufficient_funds,323,occasional,No
8696-JKZNU,915.0,37,Electronic check,0,network_error,3167,high_value_repeat,No
5380-AFSSK,1126.8000000000002,5,Mailed check,2,insufficient_funds,536,occasional,Yes
8190-ZTQFB,616.2,41,Electronic check,0,insufficient_funds,299,high_value_repeat,No
0931-MHTEM,1200.6,54,Credit card (automatic),3,card_expired,187,high_value_repeat,No
2055-PDADH,844.8000000000001,3,Electronic check,0,insufficient_funds,487,new_customer,Yes
7515-LODFU,243.60000000000002,69,Credit card (automatic),2,insufficient_funds,163,high_value_repeat,No
0440-UEDAI,1133.4,53,Credit card (automatic),0,insufficient_funds,422,high_value_repeat,Yes
1337-BOZWO,556.8,18,Credit card (automatic),1,bank_decline,332,occasional,Yes
0868-VJRDR,1248.6,64,Credit card (automatic),0,network_error,3474,high_value_repeat,Yes
8714-EUHJO,1093.8000000000002,31,Electronic check,0,insufficient_funds,341,high_value_repeat,No
6344-SFJVH,298.79999999999995,20,Credit card (automatic),3,insufficient_funds,566,occasional,No
3950-VPYJB,715.2,57,Mailed check,3,bank_decline,322,high_value_repeat,Yes
8041-TMEID,1302.0,63,Credit card (automatic),2,network_error,3299,high_value_repeat,No
7321-ZNSLA,486.59999999999997,13,Mailed check,1,insufficient_funds,709,occasional,No
6941-KXRRV,707.4000000000001,48,Bank transfer (automatic),2,network_error,1645,high_value_repeat,Yes
3721-CNEYS,851.4000000000001,2,Electronic check,0,network_error,2733,new_customer,Yes
8727-JQFHV,249.0,57,Mailed check,0,network_error,4699,high_value_repeat,Yes
9475-NNDGC,1357.8000000000002,71,Bank transfer (automatic),0,card_expired,409,high_value_repeat,No
1355-KUSBG,585.5999999999999,7,Electronic check,1,insufficient_funds,409,occasional,No
3688-FTHLT,756.5999999999999,16,Bank transfer (automatic),0,insufficient_funds,518,occasional,Yes
0899-LIIBW,1210.1999999999998,34,Electronic check,0,bank_decline,406,high_value_repeat,Yes
2568-OIADY,1194.0,37,Electronic check,1,card_expired,143,high_value_repeat,No
1384-RCUXW,966.5999999999999,16,Mailed check,2,insufficient_funds,569,occasional,Yes
5825-XJOCM,772.8000000000001,48,Bank transfer (automatic),0,bank_decline,99,high_value_repeat,No
6848-YLDFR,902.4000000000001,58,Credit card (automatic),0,bank_decline,337,high_value_repeat,Yes
8125-QPFJD,1018.8000000000001,72,Bank transfer (automatic),0,bank_decline,581,high_value_repeat,Yes
2320-YKQBO,231.60000000000002,7,Mailed check,0,bank_decline,346,occasional,Yes
1193-RTSLK,1006.8000000000001,38,Credit card (automatic),0,bank_decline,295,high_value_repeat,No
2302-ANTDP,1409.4,48,Electronic check,1,insufficient_funds,531,high_value_repeat,Yes
5923-GXUOC,1252.8000000000002,10,Electronic check,1,bank_decline,272,occasional,Yes
4973-RLZVI,895.8000000000001,30,Credit card (automatic),1,bank_decline,216,high_value_repeat,Yes
7869-ZYDST,708.5999999999999,31,Credit card (automatic),0,insufficient_funds,441,high_value_repeat,Yes
4501-UYKBC,829.1999999999999,46,Credit card (automatic),2,insufficient_funds,372,high_value_repeat,Yes
1215-EXRMO,246.60000000000002,50,Mailed check,0,bank_decline,213,high_value_repeat,No
2305-MRGLV,918.5999999999999,28,Bank transfer (automatic),1,insufficient_funds,495,high_value_repeat,Yes
8404-VIOMB,750.0,66,Bank transfer (automatic),2,bank_decline,469,high_value_repeat,No
5233-GEEAX,352.79999999999995,8,Electronic check,0,insufficient_funds,346,occasional,No
2359-KLTEK,1138.8000000000002,41,Bank transfer (automatic),0,insufficient_funds,356,high_value_repeat,Yes
5304-EFJLP,1339.8000000000002,72,Bank transfer (automatic),2,card_expired,470,high_value_repeat,No
2673-ZALNP,238.79999999999998,7,Mailed check,0,insufficient_funds,578,occasional,No
9184-GALIL,245.39999999999998,38,Mailed check,1,network_error,2273,high_value_repeat,No
4393-RYCRE,1272.6,44,Electronic check,0,card_expired,498,high_value_repeat,No
9746-MDMBK,1361.4,47,Bank transfer (automatic),1,insufficient_funds,484,high_value_repeat,No
3162-ZJZFU,1110.6,53,Electronic check,0,insufficient_funds,531,high_value_repeat,No
8404-GFGCZ,787.1999999999999,4,Electronic check,0,insufficient_funds,405,occasional,Yes
8875-AKBYH,1012.1999999999999,20,Electronic check,1,insufficient_funds,263,occasional,Yes
4432-ADRLB,535.8,2,Mailed check,0,network_error,2130,new_customer,No
0533-UCAAU,853.1999999999999,57,Credit card (automatic),0,insufficient_funds,451,high_value_repeat,Yes
1394-SUIUH,1021.8000000000001,44,Electronic check,0,insufficient_funds,672,high_value_repeat,Yes
3521-MNKLV,596.4000000000001,24,Mailed check,0,card_expired,327,occasional,No
2533-TIBIX,362.4,15,Bank transfer (automatic),0,insufficient_funds,520,occasional,Yes
8993-PHFWD,303.0,3,Electronic check,0,insufficient_funds,350,new_customer,Yes
1565-RHDJD,1008.5999999999999,4,Bank transfer (automatic),3,insufficient_funds,416,occasional,No
7137-RYLPP,1028.4,37,Electronic check,0,bank_decline,627,high_value_repeat,No
3765-JXVKY,896.4000000000001,1,Electronic check,1,bank_decline,514,new_customer,No
5092-STPKP,676.2,24,Credit card (automatic),0,bank_decline,213,occasional,Yes
7330-WZLNC,1089.6,5,Electronic check,0,insufficient_funds,314,occasional,No
0114-PEGZZ,1290.6,33,Electronic check,3,insufficient_funds,588,high_value_repeat,No
3359-DSRKA,238.20000000000002,58,Mailed check,0,card_expired,421,high_value_repeat,No
8639-NHQEI,1150.8000000000002,72,Bank transfer (automatic),3,network_error,1580,high_value_repeat,Yes
7161-DFHUF,286.20000000000005,71,Mailed check,0,bank_decline,277,high_value_repeat,Yes
3957-LXOLK,1273.8000000000002,28,Electronic check,1,insufficient_funds,505,high_value_repeat,No
3720-DBRWL,1006.1999999999999,51,Credit card (automatic),1,insufficient_funds,549,high_value_repeat,Yes
6635-MYYYZ,1024.1999999999998,30,Bank transfer (automatic),2,network_error,2514,high_value_repeat,Yes
8565-WUXZU,1017.5999999999999,72,Credit card (automatic),1,bank_decline,771,high_value_repeat,Yes
5281-BUZGT,1090.1999999999998,36,Electronic check,1,bank_decline,523,high_value_repeat,Yes
4994-OBRSZ,913.1999999999999,14,Bank transfer (automatic),0,network_error,2305,occasional,Yes
0562-FGDCR,894.5999999999999,72,Mailed check,0,bank_decline,277,high_value_repeat,No
2436-QBZFP,470.40000000000003,22,Electronic check,3,card_expired,253,occasional,No
3420-YJLQT,954.5999999999999,2,Electronic check,0,bank_decline,450,new_customer,No
6040-CGACY,235.20000000000002,15,Mailed check,0,bank_decline,326,occasional,No
6582-PLFUU,234.60000000000002,51,Credit card (automatic),2,bank_decline,651,high_value_repeat,Yes
8242-PDSGJ,469.79999999999995,70,Credit card (automatic),0,insufficient_funds,619,high_value_repeat,Yes
0264-CNITK,241.20000000000002,71,Bank transfer (automatic),3,insufficient_funds,494,high_value_repeat,No
0089-IIQKO,1199.4,39,Credit card (automatic),1,card_expired,223,high_value_repeat,No
7839-NUIAA,717.5999999999999,61,Electronic check,1,card_expired,299,high_value_repeat,No
6075-QMNRR,597.0,52,Bank transfer (automatic),2,bank_decline,588,high_value_repeat,Yes
5378-IKEEG,429.0,1,Electronic check,0,insufficient_funds,315,new_customer,Yes
5966-EMAZU,1302.0,64,Mailed check,0,insufficient_funds,568,high_value_repeat,Yes
0440-EKDCF,721.8,62,Credit card (automatic),1,network_error,2879,high_value_repeat,Yes
4774-HHGGS,228.60000000000002,30,Mailed check,0,insufficient_funds,407,high_value_repeat,No
2718-GAXQD,552.0,4,Electronic check,1,insufficient_funds,294,occasional,No
2055-BFOCC,1008.0,63,Bank transfer (automatic),3,insufficient_funds,385,high_value_repeat,No
8180-AKMJV,534.5999999999999,1,Credit card (automatic),0,card_expired,428,new_customer,No
4298-OYIFC,1241.4,15,Electronic check,0,insufficient_funds,554,occasional,No
5566-SOEZD,967.8000000000001,27,Credit card (automatic),3,bank_decline,267,high_value_repeat,No
9842-EFSYY,686.4000000000001,4,Mailed check,0,insufficient_funds,360,occasional,Yes
2272-WUSPA,1329.0,72,Electronic check,1,bank_decline,406,high_value_repeat,Yes
4584-LBNMK,296.4,45,Credit card (automatic),0,card_expired,499,high_value_repeat,No
3898-GUYTS,1164.6,45,Electronic check,3,insufficient_funds,263,high_value_repeat,No
0930-EHUZA,916.1999999999999,36,Mailed check,1,insufficient_funds,202,high_value_repeat,Yes
6413-XKKPU,1072.8000000000002,17,Electronic check,2,insufficient_funds,501,occasional,No
9975-SKRNR,226.79999999999998,1,Mailed check,2,card_expired,172,new_customer,No
3703-KBKZP,893.4000000000001,16,Bank transfer (automatic),0,insufficient_funds,592,occasional,Yes
1449-XQEMT,237.60000000000002,3,Mailed check,0,insufficient_funds,376,new_customer,Yes
2626-URJFX,610.8,4,Electronic check,2,card_expired,167,occasional,No
4973-MGTON,1012.8000000000001,71,Credit card (automatic),0,insufficient_funds,327,high_value_repeat,No
3682-YEUWS,292.79999999999995,10,Mailed check,2,insufficient_funds,456,occasional,No
1223-UNPKS,240.60000000000002,20,Mailed check,3,network_error,2073,occasional,Yes
2612-RRIDN,972.0,4,Electronic check,1,bank_decline,403,occasional,Yes
4735-ASGMA,1180.1999999999998,26,Electronic check,1,insufficient_funds,511,high_value_repeat,Yes
3446-QDSZF,666.0,4,Credit card (automatic),2,insufficient_funds,369,occasional,No
3669-LVWZB,612.0,5,Mailed check,2,bank_decline,259,occasional,Yes
6892-EZDTG,1099.8000000000002,4,Electronic check,0,insufficient_funds,355,occasional,Yes
5117-IFGPS,1011.5999999999999,29,Electronic check,0,bank_decline,612,high_value_repeat,No
7379-FNIUJ,1202.4,2,Electronic check,0,insufficient_funds,652,new_customer,Yes
1627-AFWVJ,232.79999999999998,29,Mailed check,1,bank_decline,97,high_value_repeat,No
9725-SCPZG,1090.1999999999998,1,Electronic check,1,insufficient_funds,563,new_customer,Yes
5884-GCYMI,832.8000000000001,1,Mailed check,1,bank_decline,437,new_customer,No
3217-FZDMN,1133.4,8,Credit card (automatic),0,insufficient_funds,538,occasional,Yes
4486-EFAEB,244.79999999999998,13,Electronic check,1,network_error,2059,occasional,Yes
0060-FUALY,1137.0,59,Electronic check,0,insufficient_funds,134,high_value_repeat,Yes
7853-GVUDZ,241.79999999999998,1,Credit card (automatic),1,insufficient_funds,487,new_customer,Yes
7480-QNVZJ,1148.4,50,Electronic check,1,network_error,1747,high_value_repeat,Yes
6954-OOYZZ,532.2,18,Bank transfer (automatic),0,card_expired,191,occasional,No
7088-FBAWU,894.5999999999999,17,Mailed check,0,bank_decline,202,occasional,Yes
8313-AFGBW,883.1999999999999,47,Electronic check,1,insufficient_funds,490,high_value_repeat,No
3943-KDREE,899.4000000000001,26,Bank transfer (automatic),1,bank_decline,420,high_value_repeat,Yes
9239-ZBZZV,575.4000000000001,6,Electronic check,0,insufficient_funds,517,occasional,Yes
3097-IDVPU,601.2,19,Credit card (automatic),3,bank_decline,500,occasional,Yes
4398-HSCJH,763.2,3,Electronic check,1,bank_decline,336,new_customer,No
2197-OMWGI,636.0,68,Electronic check,3,insufficient_funds,389,high_value_repeat,No
2303-PJYHN,238.20000000000002,2,Bank transfer (automatic),0,bank_decline,323,new_customer,Yes
9795-VOWON,292.20000000000005,7,Credit card (automatic),1,bank_decline,368,occasional,No
1237-WIYYZ,234.60000000000002,18,Mailed check,2,insufficient_funds,254,occasional,No
1987-AUELQ,300.6,71,Credit card (automatic),1,card_expired,458,high_value_repeat,Yes
7852-LECYP,1125.6,13,Credit card (automatic),1,insufficient_funds,561,occasional,No
4430-UZIPO,442.20000000000005,3,Mailed check,0,bank_decline,277,new_customer,Yes
4822-LPTYJ,1245.0,72,Bank transfer (automatic),0,insufficient_funds,592,high_value_repeat,Yes
8165-CBKXO,681.0,66,Credit card (automatic),0,insufficient_funds,417,high_value_repeat,Yes
6527-PZFPV,249.60000000000002,24,Credit card (automatic),0,insufficient_funds,436,occasional,Yes
4855-SNKMY,529.2,1,Electronic check,0,card_expired,145,new_customer,No
9593-CVZKR,293.4,56,Mailed check,0,bank_decline,128,high_value_repeat,Yes
8595-SIZNC,307.20000000000005,22,Bank transfer (automatic),3,bank_decline,421,occasional,Yes
8008-HAWED,609.0,14,Electronic check,0,insufficient_funds,518,occasional,Yes
7124-UGSUR,1252.8000000000002,61,Credit card (automatic),1,insufficient_funds,299,high_value_repeat,No
1862-SKORY,471.59999999999997,40,Electronic check,2,network_error,3836,high_value_repeat,Yes
5236-XMZJY,715.8,42,Bank transfer (automatic),1,card_expired,510,high_value_repeat,No
4827-DPADN,999.5999999999999,72,Bank transfer (automatic),0,insufficient_funds,263,high_value_repeat,No
2694-CIUMO,954.5999999999999,12,Credit card (automatic),1,insufficient_funds,404,occasional,No
5846-ABOBJ,293.4,71,Bank transfer (automatic),1,card_expired,771,high_value_repeat,No
1439-LCGVL,230.39999999999998,26,Mailed check,1,insufficient_funds,213,high_value_repeat,No
0909-SDHNU,357.6,7,Mailed check,2,network_error,2922,occasional,Yes
4647-XXZAM,546.0,6,Mailed check,3,card_expired,351,occasional,No
1502-XFCVR,1277.4,58,Electronic check,1,bank_decline,506,high_value_repeat,Yes
7740-KKCXF,360.6,51,Credit card (automatic),0,card_expired,590,high_value_repeat,Yes
5360-XGYAZ,787.8000000000001,72,Bank transfer (automatic),1,insufficient_funds,342,high_value_repeat,No
9692-TUSXH,1152.6,18,Electronic check,0,bank_decline,567,occasional,Yes
7912-SYRQT,901.1999999999999,7,Bank transfer (automatic),2,card_expired,733,occasional,No
3557-HTYWR,888.5999999999999,47,Mailed check,0,insufficient_funds,409,high_value_repeat,Yes
4816-JBHOV,536.4000000000001,2,Electronic check,0,card_expired,517,new_customer,No
8920-NAVAY,1329.0,62,Bank transfer (automatic),2,insufficient_funds,311,high_value_repeat,Yes
1699-TLDLZ,236.39999999999998,16,Mailed check,1,bank_decline,402,occasional,No
5600-PDUJF,594.0,6,Credit card (automatic),0,card_expired,373,occasional,No
8292-TYSPY,660.0,19,Credit card (automatic),1,network_error,3137,occasional,No
0567-XRHCU,527.4000000000001,69,Credit card (automatic),2,insufficient_funds,580,high_value_repeat,No
1867-BDVFH,892.1999999999999,11,Electronic check,0,insufficient_funds,383,occasional,No
2067-QYTCF,1333.8000000000002,64,Electronic check,2,bank_decline,630,high_value_repeat,Yes
2359-QWQUL,1256.4,39,Credit card (automatic),0,bank_decline,629,high_value_repeat,Yes
9103-TCIHJ,668.4000000000001,15,Mailed check,2,insufficient_funds,527,occasional,No
7407-SUJIZ,247.20000000000002,25,Mailed check,2,insufficient_funds,322,high_value_repeat,Yes
9150-KPBJQ,235.79999999999998,6,Credit card (automatic),0,insufficient_funds,308,occasional,Yes
0052-DCKON,1389.6,66,Bank transfer (automatic),0,network_error,1850,high_value_repeat,Yes
3654-ARMGP,1063.8000000000002,61,Credit card (automatic),0,network_error,3259,high_value_repeat,Yes
9699-UBQFS,1134.0,43,Electronic check,1,network_error,1530,high_value_repeat,Yes
9367-TCUYN,241.20000000000002,12,Mailed check,1,card_expired,501,occasional,No
1261-FWTTE,415.79999999999995,23,Bank transfer (automatic),1,bank_decline,237,occasional,Yes
3528-HFRIQ,627.5999999999999,71,Bank transfer (automatic),0,insufficient_funds,523,high_value_repeat,Yes
0708-SJDIS,780.0,34,Mailed check,0,insufficient_funds,402,high_value_repeat,Yes
4140-WJAWW,238.20000000000002,5,Credit card (automatic),0,card_expired,600,occasional,No
2073-QBVBI,425.40000000000003,41,Mailed check,0,bank_decline,571,high_value_repeat,No
6928-ONTRW,236.39999999999998,72,Credit card (automatic),1,network_error,3648,high_value_repeat,Yes
3320-VEOYC,1147.1999999999998,14,Electronic check,2,card_expired,619,occasional,No
5231-FIQPA,238.20000000000002,41,Mailed check,1,card_expired,421,high_value_repeat,No
6617-WLBQC,982.1999999999999,23,Credit card (automatic),0,bank_decline,226,occasional,Yes
2599-CIPQE,1311.6,71,Credit card (automatic),3,insufficient_funds,242,high_value_repeat,Yes
6653-CBBOM,843.5999999999999,1,Electronic check,1,insufficient_funds,86,new_customer,Yes
8774-GSBUN,304.79999999999995,72,Mailed check,3,bank_decline,237,high_value_repeat,No
7326-RIGQZ,837.5999999999999,6,Electronic check,1,bank_decline,410,occasional,Yes
1401-FTHFQ,240.0,23,Credit card (automatic),0,insufficient_funds,316,occasional,No
3247-ZVOUO,1026.6,10,Electronic check,0,card_expired,372,occasional,No
0254-FNMCI,1318.8000000000002,72,Electronic check,1,insufficient_funds,473,high_value_repeat,No
1848-LBZHY,603.5999999999999,7,Bank transfer (automatic),0,insufficient_funds,354,occasional,Yes
6101-IMRMM,1134.0,6,Mailed check,0,bank_decline,231,occasional,Yes
8118-TJAFG,1218.0,9,Electronic check,1,insufficient_funds,392,occasional,No
5429-LWCMV,1069.8000000000002,12,Electronic check,1,bank_decline,265,occasional,No
7298-IZWLY,232.79999999999998,1,Mailed check,1,insufficient_funds,359,new_customer,No
9758-MFWGD,358.79999999999995,48,Bank transfer (automatic),0,card_expired,601,high_value_repeat,No
3955-JBZZM,945.5999999999999,20,Electronic check,0,insufficient_funds,359,occasional,No
1268-ASBGA,1024.1999999999998,16,Credit card (automatic),1,network_error,3916,occasional,Yes
8943-URTMR,955.8000000000001,2,Mailed check,3,card_expired,614,new_customer,No
4815-TUMEQ,231.60000000000002,10,Mailed check,1,card_expired,313,occasional,No
4713-LZDRV,955.1999999999999,2,Electronic check,3,insufficient_funds,233,new_customer,No
9909-IDLEK,1161.6,20,Mailed check,2,insufficient_funds,392,occasional,Yes
4092-OFQZS,247.79999999999998,20,Mailed check,1,insufficient_funds,572,occasional,No
1561-BWHIN,237.60000000000002,19,Mailed check,0,insufficient_funds,326,occasional,Yes
4325-NFSKC,1087.1999999999998,19,Electronic check,1,card_expired,536,occasional,No
9927-DSWDF,1255.1999999999998,22,Electronic check,1,card_expired,581,occasional,No
9500-LTVBP,960.5999999999999,35,Credit card (automatic),1,card_expired,283,high_value_repeat,No
7252-NTGSS,541.8,1,Mailed check,1,card_expired,298,new_customer,No
8149-AIQCG,877.8000000000001,39,Credit card (automatic),1,insufficient_funds,506,high_value_repeat,No
1360-JYXKQ,1189.1999999999998,54,Electronic check,0,insufficient_funds,422,high_value_repeat,Yes
2955-PSXOE,242.39999999999998,1,Bank transfer (automatic),1,insufficient_funds,297,new_customer,Yes
7762-URZQH,1272.6,66,Credit card (automatic),0,bank_decline,347,high_value_repeat,No
0899-WZRSD,1264.1999999999998,56,Mailed check,2,card_expired,389,high_value_repeat,No
3255-GRXMG,547.8,18,Credit card (automatic),0,insufficient_funds,165,occasional,Yes
4828-FAZPK,959.4000000000001,16,Credit card (automatic),0,insufficient_funds,514,occasional,Yes
6094-ZIVKX,653.4000000000001,68,Credit card (automatic),0,bank_decline,328,high_value_repeat,Yes
6925-BAYGL,301.20000000000005,53,Credit card (automatic),1,network_error,273,high_value_repeat,Yes
3262-EIDHV,1016.4000000000001,72,Credit card (automatic),0,network_error,2480,high_value_repeat,Yes
7354-OIJLX,910.1999999999999,9,Electronic check,0,insufficient_funds,288,occasional,Yes
1376-HHBDV,585.5999999999999,30,Mailed check,1,insufficient_funds,653,high_value_repeat,No
6907-NZZIJ,1189.8000000000002,36,Electronic check,0,bank_decline,312,high_value_repeat,Yes
6133-OZILE,422.40000000000003,18,Electronic check,3,network_error,1621,occasional,No
4135-FRWKJ,915.0,55,Electronic check,3,insufficient_funds,476,high_value_repeat,No
2911-UREFD,670.8,39,Electronic check,1,bank_decline,300,high_value_repeat,Yes
3744-ZRRDZ,988.1999999999999,21,Electronic check,0,network_error,1876,occasional,No
5673-TIYIB,484.79999999999995,2,Credit card (automatic),1,insufficient_funds,476,new_customer,Yes
6551-ZCOTS,298.79999999999995,33,Bank transfer (automatic),0,insufficient_funds,243,high_value_repeat,Yes
7191-ADRGF,651.5999999999999,44,Bank transfer (automatic),1,insufficient_funds,181,high_value_repeat,Yes
5018-LXQQG,795.5999999999999,30,Bank transfer (automatic),0,insufficient_funds,658,high_value_repeat,No
6892-BOGQE,250.79999999999998,71,Bank transfer (automatic),3,network_error,2963,high_value_repeat,Yes
1602-IJQQE,904.1999999999999,4,Electronic check,0,insufficient_funds,360,occasional,Yes
4628-WQCQQ,1021.8000000000001,35,Electronic check,1,bank_decline,399,high_value_repeat,Yes
1746-TGTWV,904.1999999999999,1,Credit card (automatic),1,bank_decline,475,new_customer,No
5995-SNNEW,1253.4,23,Electronic check,1,insufficient_funds,546,occasional,Yes
8050-WYBND,593.4000000000001,22,Credit card (automatic),0,card_expired,286,occasional,No
2821-WARNZ,233.39999999999998,49,Credit card (automatic),3,bank_decline,454,high_value_repeat,Yes
4879-GZLFH,1105.8000000000002,42,Electronic check,1,network_error,2094,high_value_repeat,Yes
1644-IRKSF,1125.6,33,Electronic check,1,network_error,2348,high_value_repeat,Yes
8314-HTWVE,238.20000000000002,7,Mailed check,0,insufficient_funds,424,occasional,Yes
9402-ROUMJ,1203.0,67,Bank transfer (automatic),1,card_expired,398,high_value_repeat,No
2507-QZPQS,1148.4,15,Electronic check,0,card_expired,510,occasional,No
7159-NOKYQ,1117.8000000000002,67,Electronic check,0,bank_decline,473,high_value_repeat,No
5707-ZMDJP,836.4000000000001,53,Mailed check,0,insufficient_funds,173,high_value_repeat,No
8779-YIQQA,237.60000000000002,21,Mailed check,2,bank_decline,196,occasional,No
7136-IHZJA,856.1999999999999,40,Mailed check,0,insufficient_funds,344,high_value_repeat,Yes
8966-OIQHG,249.0,22,Bank transfer (automatic),0,bank_decline,674,occasional,Yes
7074-STDCN,487.20000000000005,39,Electronic check,1,network_error,1818,high_value_repeat,Yes
3705-PSNGL,244.79999999999998,45,Electronic check,2,card_expired,368,high_value_repeat,No
8739-QOTTN,244.20000000000002,2,Mailed check,0,card_expired,319,new_customer,No
1399-OUPJN,237.0,57,Bank transfer (automatic),1,insufficient_funds,316,high_value_repeat,Yes
0277-BKSQP,652.8,8,Electronic check,0,insufficient_funds,426,occasional,No
6502-HCJTI,1136.4,7,Credit card (automatic),0,insufficient_funds,610,occasional,No
2606-RMDHZ,366.0,6,Credit card (automatic),0,insufficient_funds,468,occasional,Yes
5774-XZTQC,245.39999999999998,7,Mailed check,2,insufficient_funds,279,occasional,Yes
2676-SSLTO,793.8000000000001,49,Bank transfer (automatic),0,network_error,4702,high_value_repeat,Yes
6266-QHOJZ,1078.1999999999998,65,Electronic check,0,card_expired,411,high_value_repeat,No
7269-JISCY,540.5999999999999,55,Bank transfer (automatic),0,insufficient_funds,313,high_value_repeat,No
0363-SVHYR,1042.1999999999998,71,Bank transfer (automatic),2,bank_decline,611,high_value_repeat,No
8547-NSBBO,1161.0,35,Mailed check,0,card_expired,329,high_value_repeat,No
8258-GSTJK,924.0,3,Electronic check,0,bank_decline,649,new_customer,Yes
6861-OKBCE,241.20000000000002,11,Credit card (automatic),0,network_error,1803,occasional,Yes
9940-RHLFB,903.5999999999999,1,Electronic check,0,insufficient_funds,614,new_customer,No
6591-QGOYB,1279.8000000000002,17,Bank transfer (automatic),1,card_expired,430,occasional,No
9070-BCKQP,1321.8000000000002,72,Credit card (automatic),1,card_expired,593,high_value_repeat,No
6421-SZVEM,994.1999999999999,28,Bank transfer (automatic),0,insufficient_funds,685,high_value_repeat,Yes
1328-EUZHC,241.20000000000002,18,Mailed check,0,insufficient_funds,230,occasional,Yes
2995-UPRYS,1190.4,40,Credit card (automatic),0,insufficient_funds,591,high_value_repeat,Yes
8878-RYUKI,713.4000000000001,52,Electronic check,0,insufficient_funds,188,high_value_repeat,No
9633-DENPU,703.2,47,Bank transfer (automatic),0,insufficient_funds,242,high_value_repeat,Yes
7811-JIVPF,596.4000000000001,23,Credit card (automatic),2,card_expired,279,occasional,No
7113-HIPFI,790.1999999999999,66,Mailed check,3,insufficient_funds,475,high_value_repeat,No
8541-QVFKM,882.0,8,Electronic check,3,network_error,2526,occasional,Yes
6686-YPGHK,1026.0,47,Mailed check,2,card_expired,374,high_value_repeat,No
1383-EZRWL,240.60000000000002,7,Mailed check,1,insufficient_funds,421,occasional,No
9258-CNWAC,1363.8000000000002,71,Credit card (automatic),1,insufficient_funds,488,high_value_repeat,No
5371-VYLSX,1000.8000000000001,50,Electronic check,0,insufficient_funds,500,high_value_repeat,Yes
6374-AFWOX,787.8000000000001,46,Mailed check,1,insufficient_funds,564,high_value_repeat,Yes
4759-TRPLW,844.8000000000001,1,Electronic check,1,insufficient_funds,673,new_customer,Yes
5317-FLPJF,736.2,66,Bank transfer (automatic),1,insufficient_funds,396,high_value_repeat,No
7621-VPNET,1030.8000000000002,42,Credit card (automatic),2,card_expired,321,high_value_repeat,No
6034-YMTOB,907.8000000000001,5,Mailed check,0,card_expired,492,occasional,No
8563-IIOXK,597.0,7,Electronic check,0,insufficient_funds,228,occasional,Yes
4903-CNOZC,850.8000000000001,29,Credit card (automatic),3,insufficient_funds,298,high_value_repeat,Yes
4353-HYOJD,598.2,27,Mailed check,0,card_expired,549,high_value_repeat,No
8020-BWHYL,903.5999999999999,15,Credit card (automatic),1,bank_decline,381,occasional,No
7267-FRMJW,241.20000000000002,25,Mailed check,3,network_error,1533,high_value_repeat,Yes
2982-VPSGI,1128.0,11,Electronic check,1,card_expired,176,occasional,No
4188-FRABG,1236.6,57,Electronic check,1,insufficient_funds,407,high_value_repeat,Yes
8199-ZLLSA,1420.1999999999998,67,Bank transfer (automatic),0,insufficient_funds,571,high_value_repeat,Yes
4128-ETESU,1196.4,47,Electronic check,0,bank_decline,569,high_value_repeat,Yes
0620-DLSLK,982.8000000000001,13,Mailed check,2,insufficient_funds,416,occasional,No
4625-EWPTF,365.4,8,Electronic check,1,bank_decline,701,occasional,Yes
5980-NOPLP,1153.1999999999998,44,Electronic check,1,network_error,2416,high_value_repeat,Yes
3850-OKINF,794.4000000000001,71,Electronic check,0,network_error,2389,high_value_repeat,Yes
6892-XPFPU,1251.0,24,Electronic check,0,insufficient_funds,50,occasional,Yes
8010-EZLOU,962.4000000000001,15,Electronic check,3,card_expired,332,occasional,No
1156-ZFYDO,237.0,1,Electronic check,0,card_expired,527,new_customer,No
3295-YVUSR,871.1999999999999,2,Mailed check,1,insufficient_funds,634,new_customer,Yes
8016-NCFVO,1398.0,55,Electronic check,0,insufficient_funds,275,high_value_repeat,Yes
4119-ZYPZY,1281.6,71,Electronic check,1,bank_decline,469,high_value_repeat,Yes
5549-ZGHFB,299.4,50,Mailed check,3,card_expired,557,high_value_repeat,No
7577-SWIFR,1071.0,1,Electronic check,1,insufficient_funds,401,new_customer,No
0303-WMMRN,231.0,5,Mailed check,0,insufficient_funds,57,occasional,Yes
6408-OTUBZ,1254.6,66,Bank transfer (automatic),1,network_error,2697,high_value_repeat,Yes
5204-HMGYF,1046.4,49,Mailed check,2,network_error,3109,high_value_repeat,Yes
1078-TDCRN,369.0,3,Electronic check,0,card_expired,257,new_customer,No
3727-OVPRY,308.4,66,Credit card (automatic),2,card_expired,361,high_value_repeat,No
3797-FKOGQ,1034.4,11,Electronic check,1,insufficient_funds,226,occasional,Yes
7622-NXQZR,361.20000000000005,28,Credit card (automatic),2,card_expired,50,high_value_repeat,No
6196-HBOBZ,1192.1999999999998,65,Electronic check,1,insufficient_funds,554,high_value_repeat,No
3970-XGJDU,230.39999999999998,62,Credit card (automatic),0,bank_decline,399,high_value_repeat,Yes
7017-VFULY,241.20000000000002,2,Bank transfer (automatic),0,card_expired,639,new_customer,No
5562-YJQGT,244.20000000000002,2,Credit card (automatic),0,insufficient_funds,528,new_customer,Yes
8807-OPMBM,307.79999999999995,55,Credit card (automatic),3,insufficient_funds,346,high_value_repeat,No
5439-WIKXB,1134.6,41,Electronic check,2,bank_decline,387,high_value_repeat,Yes
9874-QLCLH,1250.4,17,Electronic check,1,insufficient_funds,484,occasional,No
8294-UIMBA,1132.8000000000002,30,Bank transfer (automatic),0,insufficient_funds,545,high_value_repeat,Yes
8109-YUOHE,673.2,17,Mailed check,0,network_error,2758,occasional,Yes
5840-NVDCG,819.0,16,Bank transfer (automatic),2,insufficient_funds,565,occasional,Yes
8092-NLTGF,297.0,72,Bank transfer (automatic),1,network_error,2262,high_value_repeat,No
5928-QLDHB,915.0,9,Electronic check,0,insufficient_funds,250,occasional,No
9840-EFJQB,892.1999999999999,1,Electronic check,1,network_error,2448,new_customer,Yes
0696-UKTOX,649.8,23,Electronic check,0,insufficient_funds,430,occasional,Yes
4801-KFYKL,233.39999999999998,8,Bank transfer (automatic),0,insufficient_funds,219,occasional,Yes
3472-OAOOR,419.40000000000003,19,Mailed check,1,bank_decline,199,occasional,Yes
6135-OZQVA,643.8,7,Electronic check,0,card_expired,467,occasional,No
8062-YBDOE,835.8000000000001,1,Electronic check,3,insufficient_funds,339,new_customer,No
2252-JHJGE,1248.0,61,Electronic check,0,insufficient_funds,375,high_value_repeat,Yes
4188-PCPIG,844.1999999999999,57,Credit card (automatic),0,card_expired,346,high_value_repeat,No
6000-APYLU,969.5999999999999,9,Electronic check,0,card_expired,628,occasional,No
7105-BENQF,778.1999999999999,15,Mailed check,2,bank_decline,589,occasional,Yes
7721-DVEKZ,235.79999999999998,1,Mailed check,0,bank_decline,214,new_customer,No
3566-VVORZ,550.8,12,Bank transfer (automatic),1,card_expired,320,occasional,No
9507-HSMMZ,240.0,54,Mailed check,0,insufficient_funds,527,high_value_repeat,Yes
2480-SQIOB,537.5999999999999,4,Electronic check,0,card_expired,490,occasional,No
0947-IDHRQ,963.5999999999999,7,Mailed check,0,network_error,2466,occasional,Yes
7813-TKCVO,244.20000000000002,20,Mailed check,2,insufficient_funds,229,occasional,Yes
0128-MKWSG,549.5999999999999,26,Mailed check,2,insufficient_funds,297,high_value_repeat,No
3672-YITQD,1009.1999999999999,36,Electronic check,0,insufficient_funds,322,high_value_repeat,Yes
4350-ZTLPI,1307.4,53,Bank transfer (automatic),1,insufficient_funds,441,high_value_repeat,No
9048-JVYVF,832.1999999999999,3,Electronic check,3,insufficient_funds,655,new_customer,No
0361-HJRDX,772.1999999999999,68,Credit card (automatic),0,card_expired,296,high_value_repeat,No
5727-MYATE,1089.6,72,Credit card (automatic),2,network_error,1679,high_value_repeat,Yes
3823-KYNQY,299.4,12,Credit card (automatic),0,card_expired,383,occasional,No
8988-ECPJR,955.1999999999999,34,Mailed check,3,insufficient_funds,554,high_value_repeat,No
7570-WELNY,1016.4000000000001,68,Bank transfer (automatic),2,insufficient_funds,182,high_value_repeat,Yes
3021-VLNRJ,849.5999999999999,50,Credit card (automatic),3,card_expired,618,high_value_repeat,No
3776-EKTKM,437.40000000000003,1,Electronic check,1,insufficient_funds,374,new_customer,No
2080-CAZNM,1252.8000000000002,41,Electronic check,0,card_expired,289,high_value_repeat,No
1028-FFNJK,1218.0,30,Electronic check,3,bank_decline,159,high_value_repeat,No
6907-FLBER,651.5999999999999,1,Electronic check,0,insufficient_funds,505,new_customer,Yes
3001-UNBTL,1247.4,29,Electronic check,0,insufficient_funds,374,high_value_repeat,Yes
5982-PSMKW,1093.1999999999998,23,Credit card (automatic),1,card_expired,425,occasional,No
3507-GASNP,239.39999999999998,60,Mailed check,2,bank_decline,264,high_value_repeat,Yes
7096-ZNBZI,317.4,72,Credit card (automatic),3,network_error,2244,high_value_repeat,Yes
1902-XBTFB,1072.8000000000002,22,Electronic check,0,bank_decline,327,occasional,Yes
1676-MQAOA,901.1999999999999,72,Bank transfer (automatic),2,insufficient_funds,384,high_value_repeat,Yes
0786-IVLAW,1297.1999999999998,66,Bank transfer (automatic),1,bank_decline,299,high_value_repeat,Yes
7566-DSRLQ,1321.8000000000002,72,Electronic check,0,insufficient_funds,169,high_value_repeat,Yes
0643-OKLRP,964.1999999999999,47,Electronic check,0,insufficient_funds,809,high_value_repeat,Yes
7245-JMTTQ,1338.0,51,Electronic check,0,bank_decline,195,high_value_repeat,No
6050-IJRHS,1278.0,70,Electronic check,0,bank_decline,427,high_value_repeat,No
6202-JVYEU,238.79999999999998,9,Electronic check,3,insufficient_funds,134,occasional,Yes
8591-TKMZH,1333.1999999999998,59,Mailed check,1,insufficient_funds,100,high_value_repeat,No
0734-OXWBT,848.4000000000001,3,Mailed check,1,insufficient_funds,414,new_customer,Yes
4282-ACRXS,298.20000000000005,38,Electronic check,3,insufficient_funds,426,high_value_repeat,No
0365-TRTPY,1094.4,37,Bank transfer (automatic),0,insufficient_funds,589,high_value_repeat,Yes
7349-ALMUX,787.1999999999999,37,Bank transfer (automatic),2,bank_decline,459,high_value_repeat,No
9381-NDKME,487.79999999999995,24,Credit card (automatic),0,network_error,2380,occasional,Yes
6502-KUGLL,713.4000000000001,14,Bank transfer (automatic),2,network_error,1740,occasional,Yes
1841-YSJGV,1319.4,72,Credit card (automatic),0,network_error,3699,high_value_repeat,Yes
2794-XIMMO,725.4000000000001,53,Electronic check,3,card_expired,539,high_value_repeat,No
8382-SHQEH,1018.8000000000001,8,Electronic check,0,network_error,1502,occasional,Yes
3511-BFTJW,462.0,72,Credit card (automatic),0,card_expired,405,high_value_repeat,No
7668-XCFYV,1110.6,17,Electronic check,2,insufficient_funds,421,occasional,Yes
2983-ZANRP,882.5999999999999,2,Bank transfer (automatic),0,card_expired,348,new_customer,No
7845-URHJN,241.79999999999998,8,Bank transfer (automatic),1,card_expired,515,occasional,No
3034-ZBEQN,416.40000000000003,48,Mailed check,0,bank_decline,524,high_value_repeat,Yes
5018-HEKFO,294.0,10,Mailed check,1,bank_decline,371,occasional,Yes
2923-ARZLG,236.39999999999998,0,Mailed check,0,insufficient_funds,357,new_customer,No
3976-NLDEZ,247.20000000000002,1,Mailed check,0,network_error,3699,new_customer,No
2282-YGNOR,696.0,29,Credit card (automatic),0,insufficient_funds,539,high_value_repeat,Yes
5336-UFNZP,1289.4,65,Electronic check,1,network_error,2557,high_value_repeat,Yes
6854-EXGSF,786.0,8,Bank transfer (automatic),0,insufficient_funds,155,occasional,No
1241-EZFMJ,305.4,61,Bank transfer (automatic),0,insufficient_funds,451,high_value_repeat,No
9233-PSYHO,1201.8000000000002,45,Bank transfer (automatic),0,insufficient_funds,504,high_value_repeat,Yes
5376-PCKNB,1253.4,72,Credit card (automatic),0,card_expired,50,high_value_repeat,No
8044-BGWPI,253.79999999999998,12,Electronic check,1,insufficient_funds,437,occasional,No
4060-LDNLU,1154.4,7,Electronic check,2,bank_decline,337,occasional,Yes
3589-PPVKW,532.8,9,Mailed check,0,insufficient_funds,366,occasional,No
8327-LZKAS,1290.6,43,Electronic check,1,bank_decline,263,high_value_repeat,Yes
5887-IKKYO,1132.1999999999998,58,Bank transfer (automatic),1,network_error,2381,high_value_repeat,Yes
1075-BGWOH,1185.0,16,Electronic check,0,insufficient_funds,608,occasional,Yes
1755-RMCXH,243.60000000000002,2,Mailed check,1,insufficient_funds,333,new_customer,Yes
0302-JOIVN,1213.8000000000002,8,Electronic check,0,network_error,3272,occasional,Yes
3858-XHYJO,1269.0,40,Bank transfer (automatic),1,card_expired,279,high_value_repeat,No
4299-SIMNS,973.8000000000001,9,Electronic check,0,network_error,3107,occasional,No
7025-IWFHT,1074.6,41,Electronic check,1,insufficient_funds,400,high_value_repeat,Yes
6261-LHRTG,657.0,26,Credit card (automatic),1,card_expired,452,high_value_repeat,Yes
7841-FCRQD,645.0,33,Credit card (automatic),0,bank_decline,401,high_value_repeat,No
2056-EVGZL,1269.0,68,Credit card (automatic),0,insufficient_funds,496,high_value_repeat,Yes
8777-MBMTS,1270.1999999999998,65,Credit card (automatic),3,insufficient_funds,50,high_value_repeat,No
7753-USQYQ,770.4000000000001,55,Electronic check,0,insufficient_funds,187,high_value_repeat,Yes
5366-IJEQJ,1064.4,20,Electronic check,1,network_error,2833,occasional,Yes
7661-CPURM,1052.4,19,Credit card (automatic),3,network_error,865,occasional,Yes
6233-HXJMX,1071.6,45,Credit card (automatic),1,insufficient_funds,320,high_value_repeat,No
5902-WBLSE,241.79999999999998,70,Credit card (automatic),1,insufficient_funds,391,high_value_repeat,No
1981-INRFU,957.0,2,Electronic check,2,insufficient_funds,275,new_customer,No
4971-PUYQO,1134.6,27,Mailed check,2,insufficient_funds,296,high_value_repeat,Yes
3239-TPHPZ,240.60000000000002,12,Electronic check,1,insufficient_funds,440,occasional,Yes
5115-GZDEL,806.4000000000001,72,Credit card (automatic),1,bank_decline,551,high_value_repeat,No
3338-CVVEH,1134.6,12,Electronic check,0,card_expired,256,occasional,No
8485-GJCDN,828.5999999999999,5,Mailed check,3,insufficient_funds,313,occasional,No
2615-YVMYX,1290.0,71,Electronic check,1,bank_decline,290,high_value_repeat,Yes
2851-STERV,876.0,35,Electronic check,0,card_expired,50,high_value_repeat,No
4393-GEADV,1377.0,70,Credit card (automatic),2,card_expired,421,high_value_repeat,Yes
8486-AYEQH,912.5999999999999,31,Electronic check,1,insufficient_funds,540,high_value_repeat,No
1527-SXDPN,1155.0,52,Bank transfer (automatic),0,insufficient_funds,552,high_value_repeat,Yes
6029-WTIPC,1213.1999999999998,37,Electronic check,1,bank_decline,269,high_value_repeat,No
8634-CILSZ,1256.4,69,Bank transfer (automatic),0,card_expired,212,high_value_repeat,No
5419-JKZNQ,934.8000000000001,30,Mailed check,2,insufficient_funds,403,high_value_repeat,Yes
2495-KZNFB,1087.8000000000002,33,Electronic check,0,card_expired,524,high_value_repeat,No
1409-PHXTF,1325.4,54,Electronic check,2,bank_decline,423,high_value_repeat,No
4560-WQAQW,824.4000000000001,59,Bank transfer (automatic),1,insufficient_funds,443,high_value_repeat,Yes
9591-YVTEB,538.2,55,Electronic check,0,card_expired,571,high_value_repeat,No
9309-BZGNT,357.6,69,Credit card (automatic),3,bank_decline,289,high_value_repeat,No
4274-DRSQT,1066.8000000000002,66,Bank transfer (automatic),1,insufficient_funds,367,high_value_repeat,No
2027-DNKIV,705.0,37,Mailed check,0,network_error,3807,high_value_repeat,Yes
8075-GXIUB,238.20000000000002,9,Credit card (automatic),1,card_expired,370,occasional,No
2885-HIJDH,1042.8000000000002,69,Bank transfer (automatic),2,network_error,1486,high_value_repeat,Yes
5424-RLQLC,715.8,10,Mailed check,0,insufficient_funds,299,occasional,Yes
6682-QJDGB,663.0,40,Mailed check,0,insufficient_funds,259,high_value_repeat,Yes
6507-DTJZV,796.8000000000001,13,Credit card (automatic),0,network_error,2785,occasional,Yes
8780-IXSTS,1081.1999999999998,6,Electronic check,0,insufficient_funds,265,occasional,Yes
7673-BQGKU,241.79999999999998,69,Bank transfer (automatic),2,insufficient_funds,440,high_value_repeat,No
6723-WSNTY,1297.1999999999998,66,Credit card (automatic),1,insufficient_funds,289,high_value_repeat,No
9530-EHPOH,645.0,11,Electronic check,0,insufficient_funds,81,occasional,Yes
2725-IWWBA,682.8,46,Mailed check,0,bank_decline,445,high_value_repeat,No
0345-HKJVM,1071.6,6,Electronic check,0,insufficient_funds,422,occasional,Yes
1061-PNTHC,1315.1999999999998,56,Mailed check,3,bank_decline,477,high_value_repeat,Yes
0394-YONDK,301.79999999999995,70,Credit card (automatic),0,insufficient_funds,299,high_value_repeat,Yes
6574-MCOEH,949.8000000000001,33,Electronic check,3,card_expired,283,high_value_repeat,No
7399-QHBJS,801.0,72,Credit card (automatic),1,insufficient_funds,460,high_value_repeat,Yes
3049-SOLAY,1142.4,3,Electronic check,0,network_error,3715,new_customer,Yes
0997-YTLNY,585.5999999999999,19,Mailed check,2,network_error,2508,occasional,Yes
3317-HRTNN,548.4000000000001,5,Electronic check,1,insufficient_funds,463,occasional,Yes
9479-HYNYL,968.4000000000001,71,Credit card (automatic),1,bank_decline,351,high_value_repeat,Yes
3235-ETOOB,894.0,8,Electronic check,3,insufficient_funds,168,occasional,No
9708-KFDBY,246.60000000000002,1,Credit card (automatic),0,card_expired,545,new_customer,No
8058-INTPH,955.8000000000001,1,Electronic check,0,bank_decline,536,new_customer,Yes
3642-GKTCT,1381.1999999999998,61,Mailed check,1,bank_decline,506,high_value_repeat,Yes
0774-RMNUW,716.4000000000001,71,Bank transfer (automatic),0,bank_decline,372,high_value_repeat,No
1334-PDUKM,1037.4,68,Credit card (automatic),0,insufficient_funds,489,high_value_repeat,No
0756-MPZRL,404.40000000000003,46,Credit card (automatic),0,insufficient_funds,534,high_value_repeat,Yes
2242-MFOTG,961.1999999999999,33,Bank transfer (automatic),0,insufficient_funds,643,high_value_repeat,No
2927-CVULT,1248.6,53,Bank transfer (automatic),2,card_expired,548,high_value_repeat,No
2144-BFDSO,1305.0,50,Bank transfer (automatic),0,network_error,2551,high_value_repeat,Yes
8745-PVESG,493.20000000000005,57,Credit card (automatic),1,insufficient_funds,203,high_value_repeat,Yes
7647-GYYKX,244.20000000000002,54,Bank transfer (automatic),1,network_error,2624,high_value_repeat,No
5647-FXOTP,1270.8000000000002,60,Electronic check,0,insufficient_funds,438,high_value_repeat,Yes
5569-OUICF,1215.6,28,Credit card (automatic),0,insufficient_funds,506,high_value_repeat,Yes
8821-XNHVZ,960.5999999999999,1,Mailed check,2,network_error,3583,new_customer,Yes
2082-OJVTK,1070.4,29,Electronic check,0,card_expired,385,high_value_repeat,No
9700-ISPUP,786.0,10,Electronic check,2,bank_decline,715,occasional,Yes
9839-ETQOE,485.40000000000003,43,Electronic check,2,insufficient_funds,136,high_value_repeat,Yes
6078-VESFR,845.4000000000001,13,Bank transfer (automatic),0,network_error,2835,occasional,Yes
9027-TMATR,945.5999999999999,43,Electronic check,1,insufficient_funds,280,high_value_repeat,Yes
5940-NFXKV,1003.8000000000001,19,Electronic check,1,insufficient_funds,113,occasional,No
1941-HOSAM,1081.1999999999998,1,Electronic check,0,network_error,2338,new_customer,Yes
9110-HSGTV,989.4000000000001,69,Credit card (automatic),2,bank_decline,181,high_value_repeat,Yes
0704-VCUMB,243.0,61,Credit card (automatic),2,insufficient_funds,375,high_value_repeat,Yes
6171-ZTVYB,795.0,43,Bank transfer (automatic),0,insufficient_funds,405,high_value_repeat,Yes
8053-WWDRO,234.0,6,Bank transfer (automatic),1,card_expired,567,occasional,No
9564-KCLHR,615.0,1,Mailed check,3,insufficient_funds,173,new_customer,Yes
1935-IMVBB,1076.4,56,Mailed check,3,bank_decline,536,high_value_repeat,Yes
2535-PBCGC,774.5999999999999,70,Bank transfer (automatic),1,network_error,2578,high_value_repeat,Yes
2082-CEFLT,547.2,1,Electronic check,1,insufficient_funds,554,new_customer,No
1470-PSXNM,1123.8000000000002,49,Electronic check,0,card_expired,335,high_value_repeat,No
1213-NGCUN,595.8,6,Bank transfer (automatic),3,network_error,1434,occasional,Yes
2498-XLDZR,883.1999999999999,32,Mailed check,0,insufficient_funds,217,high_value_repeat,Yes
9866-OCCKE,1317.0,72,Mailed check,1,card_expired,206,high_value_repeat,No
5338-YHWYT,737.4000000000001,37,Credit card (automatic),0,insufficient_funds,471,high_value_repeat,No
7718-UPSKJ,1276.8000000000002,69,Credit card (automatic),0,card_expired,621,high_value_repeat,Yes
8731-WBBMB,982.8000000000001,26,Bank transfer (automatic),0,insufficient_funds,315,high_value_repeat,Yes
1448-CYWKC,1262.4,58,Credit card (automatic),3,bank_decline,494,high_value_repeat,No
7901-IIDQV,655.2,24,Bank transfer (automatic),0,insufficient_funds,171,occasional,No
2690-DVRVK,246.60000000000002,5,Electronic check,1,insufficient_funds,427,occasional,Yes
5688-KZTSN,240.0,15,Electronic check,0,bank_decline,500,occasional,No
1270-XKUCC,236.39999999999998,30,Mailed check,0,insufficient_funds,182,high_value_repeat,Yes
0334-ZFJSR,792.5999999999999,55,Credit card (automatic),0,insufficient_funds,369,high_value_repeat,Yes
2894-QOJRX,408.0,25,Bank transfer (automatic),1,insufficient_funds,507,high_value_repeat,Yes
5747-PMBSQ,1110.0,10,Mailed check,0,insufficient_funds,50,occasional,Yes
5583-EJXRD,648.5999999999999,44,Credit card (automatic),0,bank_decline,600,high_value_repeat,Yes
4565-EVZMJ,706.8,47,Mailed check,0,network_error,2782,high_value_repeat,Yes
3143-JQEGI,1060.1999999999998,13,Electronic check,0,insufficient_funds,507,occasional,Yes
6386-SZZKH,1295.4,49,Bank transfer (automatic),3,network_error,2169,high_value_repeat,Yes
3327-YBAKM,1162.8000000000002,64,Mailed check,3,card_expired,141,high_value_repeat,No
9441-QHEVC,229.20000000000002,1,Mailed check,0,bank_decline,480,new_customer,Yes
6705-LNMDD,600.0,20,Mailed check,1,insufficient_funds,387,occasional,Yes
2580-ASVVY,544.8,37,Electronic check,3,card_expired,404,high_value_repeat,No
3370-GQEAL,1025.4,30,Electronic check,0,card_expired,563,high_value_repeat,No
5032-USPKF,1009.1999999999999,38,Bank transfer (automatic),2,card_expired,514,high_value_repeat,No
2982-IHMFT,893.4000000000001,1,Mailed check,3,card_expired,688,new_customer,No
3521-SYVOR,777.0,37,Electronic check,0,insufficient_funds,423,high_value_repeat,Yes
4254-QPEDE,795.0,52,Credit card (automatic),0,network_error,1947,high_value_repeat,Yes
6283-GITPX,922.8000000000001,71,Credit card (automatic),3,card_expired,371,high_value_repeat,No
9526-JAWYF,1077.6,26,Electronic check,1,bank_decline,462,high_value_repeat,Yes
0771-CHWSK,895.1999999999999,66,Credit card (automatic),0,insufficient_funds,552,high_value_repeat,Yes
9788-HNGUT,1403.4,72,Credit card (automatic),0,network_error,1326,high_value_repeat,No
9495-REDIY,487.79999999999995,25,Credit card (automatic),0,bank_decline,401,high_value_repeat,No
5375-XLDOF,1372.1999999999998,69,Bank transfer (automatic),1,network_error,3787,high_value_repeat,No
1172-VIYBP,836.4000000000001,53,Bank transfer (automatic),1,bank_decline,363,high_value_repeat,Yes
5649-VUKMC,1146.0,12,Mailed check,3,bank_decline,539,occasional,Yes
6559-PDZLR,1183.8000000000002,26,Electronic check,0,insufficient_funds,473,high_value_repeat,Yes
8992-OBVDG,739.8,21,Mailed check,1,card_expired,543,occasional,No
4273-MBHYA,1072.1999999999998,1,Electronic check,1,insufficient_funds,278,new_customer,No
4724-WXVWF,1144.8000000000002,48,Electronic check,0,card_expired,279,high_value_repeat,No
5701-GUXDC,424.79999999999995,26,Credit card (automatic),0,insufficient_funds,403,high_value_repeat,Yes
1460-UZPRJ,239.39999999999998,60,Mailed check,3,network_error,1274,high_value_repeat,Yes
6082-GLJIX,231.0,18,Mailed check,2,card_expired,359,occasional,No
5143-EGQFK,355.79999999999995,10,Electronic check,1,insufficient_funds,437,occasional,Yes
4919-IKATY,1014.0,5,Electronic check,1,insufficient_funds,667,occasional,No
2495-TTHBQ,244.79999999999998,4,Mailed check,0,bank_decline,460,occasional,No
0485-ZBSLN,297.0,65,Credit card (automatic),1,insufficient_funds,493,high_value_repeat,Yes
3810-PJUHR,304.20000000000005,70,Mailed check,1,insufficient_funds,574,high_value_repeat,No
9050-QLROH,1088.4,18,Credit card (automatic),1,insufficient_funds,255,occasional,Yes
0847-HGRML,240.0,62,Bank transfer (automatic),3,bank_decline,375,high_value_repeat,Yes
8232-CTLKO,717.0,66,Electronic check,1,bank_decline,763,high_value_repeat,No
9227-YBAXE,990.0,65,Bank transfer (automatic),0,network_error,2436,high_value_repeat,Yes
6168-WFVVF,843.5999999999999,3,Electronic check,2,bank_decline,567,new_customer,Yes
9860-LISIZ,244.20000000000002,34,Mailed check,0,insufficient_funds,544,high_value_repeat,No
0112-QAWRZ,1089.6,16,Bank transfer (automatic),0,bank_decline,178,occasional,Yes
0877-SDMBN,1247.4,54,Bank transfer (automatic),0,insufficient_funds,446,high_value_repeat,Yes
2786-GCDPI,1259.4,50,Electronic check,0,insufficient_funds,422,high_value_repeat,Yes
4043-MKDTV,1263.0,71,Electronic check,2,insufficient_funds,449,high_value_repeat,Yes
8065-YKXKD,897.0,10,Electronic check,1,card_expired,286,occasional,No
9637-EIHEQ,609.5999999999999,1,Electronic check,2,network_error,1606,new_customer,Yes
9229-RQABD,285.0,18,Mailed check,1,insufficient_funds,328,occasional,Yes
8313-KTIHG,735.5999999999999,4,Electronic check,0,bank_decline,385,occasional,Yes
5320-BRKGK,909.5999999999999,58,Mailed check,2,insufficient_funds,577,high_value_repeat,No
6284-KMNUF,1176.0,56,Electronic check,0,insufficient_funds,672,high_value_repeat,Yes
9689-PTNPG,963.0,2,Electronic check,0,card_expired,609,new_customer,No
9465-RWMXL,946.8000000000001,32,Electronic check,1,network_error,3188,high_value_repeat,No
6229-UOLQL,624.0,56,Mailed check,0,bank_decline,249,high_value_repeat,No
2362-IBOOY,1017.0,36,Electronic check,0,card_expired,338,high_value_repeat,No
3137-LUPIX,772.8000000000001,4,Mailed check,1,card_expired,431,occasional,No
0843-WTBXE,1025.4,53,Bank transfer (automatic),1,insufficient_funds,305,high_value_repeat,No
6143-JQKEA,549.5999999999999,10,Credit card (automatic),0,card_expired,486,occasional,No
8676-OOQEJ,366.0,4,Electronic check,3,bank_decline,508,occasional,No
5515-IDEJJ,238.79999999999998,1,Mailed check,1,insufficient_funds,480,new_customer,Yes
9701-CDXHR,829.8000000000001,51,Mailed check,2,bank_decline,553,high_value_repeat,Yes
7450-NWRTR,1193.4,12,Electronic check,0,card_expired,264,occasional,No
8124-NZVGJ,591.0,6,Mailed check,1,insufficient_funds,539,occasional,No
2162-FRZAA,472.20000000000005,63,Bank transfer (automatic),2,bank_decline,295,high_value_repeat,No
5376-DEQCP,847.1999999999999,1,Electronic check,1,card_expired,258,new_customer,No
5118-MUEYH,1261.1999999999998,48,Credit card (automatic),1,insufficient_funds,479,high_value_repeat,Yes
9095-HFAFX,972.0,5,Credit card (automatic),0,insufficient_funds,582,occasional,No
5627-TVBPP,241.20000000000002,35,Credit card (automatic),0,insufficient_funds,473,high_value_repeat,Yes
2379-ENZGV,1018.1999999999999,6,Electronic check,1,bank_decline,403,occasional,Yes
3936-QQFLL,237.0,2,Mailed check,0,card_expired,446,new_customer,No
2589-AYCRP,237.0,50,Bank transfer (automatic),2,bank_decline,420,high_value_repeat,Yes
4067-HLYQI,844.8000000000001,33,Bank transfer (automatic),0,insufficient_funds,231,high_value_repeat,Yes
5124-EOGYE,245.39999999999998,31,Mailed check,3,insufficient_funds,213,high_value_repeat,No
5057-RKGLH,244.20000000000002,9,Mailed check,3,insufficient_funds,388,occasional,No
0292-WEGCH,1034.4,54,Electronic check,0,card_expired,411,high_value_repeat,No
8910-ICHIU,1147.8000000000002,46,Credit card (automatic),0,bank_decline,401,high_value_repeat,No
4097-YODCF,1245.6,34,Electronic check,2,network_error,3040,high_value_repeat,Yes
9715-WZCLW,1166.4,71,Electronic check,3,insufficient_funds,367,high_value_repeat,No
9786-YWNHU,762.5999999999999,63,Mailed check,0,bank_decline,484,high_value_repeat,Yes
6407-GSJNL,299.4,51,Bank transfer (automatic),0,network_error,2384,high_value_repeat,Yes
6005-OBZPH,1069.8000000000002,26,Electronic check,1,insufficient_funds,673,high_value_repeat,No
4049-ZPALD,1188.0,64,Bank transfer (automatic),1,bank_decline,412,high_value_repeat,Yes
7932-WPTDS,297.6,1,Electronic check,0,insufficient_funds,751,new_customer,Yes
3733-UOCWF,1026.6,61,Bank transfer (automatic),1,insufficient_funds,452,high_value_repeat,Yes
6833-JMZYP,1128.0,15,Credit card (automatic),0,insufficient_funds,367,occasional,Yes
2722-VOJQL,1267.8000000000002,64,Credit card (automatic),0,card_expired,265,high_value_repeat,No
1310-QRITU,603.5999999999999,18,Electronic check,0,insufficient_funds,183,occasional,No
8961-QDZZJ,1140.0,57,Electronic check,0,insufficient_funds,251,high_value_repeat,Yes
9715-SBVSU,736.8,14,Bank transfer (automatic),0,insufficient_funds,268,occasional,No
8490-BXHEO,966.5999999999999,18,Credit card (automatic),1,network_error,2815,occasional,Yes
7173-TETGO,942.0,72,Bank transfer (automatic),0,bank_decline,321,high_value_repeat,Yes
7929-SKFGK,1371.6,70,Credit card (automatic),0,network_error,2649,high_value_repeat,Yes
2300-RQGOI,240.60000000000002,38,Mailed check,0,insufficient_funds,592,high_value_repeat,Yes
3563-SVYLG,751.8,68,Credit card (automatic),3,insufficient_funds,386,high_value_repeat,Yes
5228-EXCET,970.1999999999999,13,Electronic check,0,insufficient_funds,711,occasional,No
6435-VWCCY,1112.4,65,Credit card (automatic),0,insufficient_funds,223,high_value_repeat,Yes
4998-IKFSE,1205.4,30,Electronic check,1,card_expired,377,high_value_repeat,No
8630-QSGXK,902.4000000000001,51,Bank transfer (automatic),3,card_expired,319,high_value_repeat,No
2455-USLMV,1017.0,31,Credit card (automatic),0,network_error,3249,high_value_repeat,Yes
7394-FKDNK,1073.4,9,Electronic check,1,network_error,708,occasional,Yes
9488-FVZCC,954.0,72,Bank transfer (automatic),1,insufficient_funds,183,high_value_repeat,Yes
6331-LWDTQ,865.8000000000001,10,Credit card (automatic),1,insufficient_funds,383,occasional,Yes
5995-WWKKG,237.60000000000002,37,Electronic check,0,network_error,3741,high_value_repeat,Yes
1597-FZREH,916.8000000000001,2,Electronic check,1,insufficient_funds,433,new_customer,Yes
7879-CGSFV,1210.8000000000002,55,Mailed check,0,insufficient_funds,197,high_value_repeat,Yes
9921-EZKBY,1143.6,33,Bank transfer (automatic),1,insufficient_funds,220,high_value_repeat,No
7432-FFVAR,1091.4,46,Bank transfer (automatic),1,insufficient_funds,650,high_value_repeat,No
7246-ZGQDF,654.0,1,Electronic check,0,insufficient_funds,306,new_customer,No
7000-WCEVQ,739.2,20,Mailed check,2,bank_decline,258,occasional,Yes
0727-IWKVK,958.8000000000001,9,Electronic check,0,bank_decline,621,occasional,Yes
5959-BELXA,1153.8000000000002,32,Credit card (automatic),2,insufficient_funds,551,high_value_repeat,No
4456-RHSNB,595.2,19,Bank transfer (automatic),1,insufficient_funds,591,occasional,Yes
3512-IZIKN,783.5999999999999,70,Credit card (automatic),0,network_error,1739,high_value_repeat,Yes
2481-SBOYW,300.0,61,Credit card (automatic),0,insufficient_funds,171,high_value_repeat,Yes
7109-MFBYV,545.4000000000001,26,Electronic check,3,insufficient_funds,419,high_value_repeat,No
1833-TCXKK,1293.0,45,Bank transfer (automatic),0,insufficient_funds,450,high_value_repeat,No
1832-PEUTS,1069.1999999999998,62,Credit card (automatic),0,insufficient_funds,454,high_value_repeat,Yes
6141-OOXUQ,235.79999999999998,1,Mailed check,0,network_error,3682,new_customer,No
8660-BUETV,537.0,3,Mailed check,1,bank_decline,139,new_customer,No
0580-PIQHM,1219.1999999999998,41,Bank transfer (automatic),1,insufficient_funds,528,high_value_repeat,Yes
5696-CEIQJ,1237.8000000000002,67,Bank transfer (automatic),0,insufficient_funds,235,high_value_repeat,Yes
7503-ZGUZJ,1015.8000000000001,1,Mailed check,0,insufficient_funds,528,new_customer,Yes
1696-HXOWK,1147.8000000000002,71,Mailed check,0,insufficient_funds,328,high_value_repeat,Yes
3026-ATZYV,901.1999999999999,37,Bank transfer (automatic),0,bank_decline,277,high_value_repeat,Yes
4012-YCFAI,736.2,60,Mailed check,0,network_error,2012,high_value_repeat,Yes
2506-TNFCO,834.5999999999999,1,Electronic check,1,card_expired,183,new_customer,No
9970-QBCDA,236.39999999999998,6,Credit card (automatic),0,network_error,2532,occasional,Yes
8718-PTMEZ,372.6,13,Electronic check,0,bank_decline,284,occasional,No
9496-IVVRP,612.0,11,Bank transfer (automatic),0,bank_decline,517,occasional,Yes
2207-OBZNX,612.0,7,Mailed check,3,insufficient_funds,496,occasional,Yes
2657-VPXTA,1066.1999999999998,10,Electronic check,3,insufficient_funds,653,occasional,Yes
6551-VLJMV,240.60000000000002,34,Credit card (automatic),2,network_error,2793,high_value_repeat,No
1221-GHZEP,781.1999999999999,62,Mailed check,0,insufficient_funds,478,high_value_repeat,Yes
9289-LBQVU,841.8000000000001,64,Mailed check,0,bank_decline,610,high_value_repeat,No
6142-VSJQO,532.2,1,Bank transfer (automatic),0,network_error,1997,new_customer,No
3458-IDMFK,249.0,25,Mailed check,0,bank_decline,176,high_value_repeat,No
6933-FHBZC,672.5999999999999,26,Mailed check,1,insufficient_funds,430,high_value_repeat,No
0221-NAUXK,239.39999999999998,10,Bank transfer (automatic),2,bank_decline,186,occasional,Yes
9770-KXGQU,1183.1999999999998,53,Mailed check,2,insufficient_funds,768,high_value_repeat,Yes
6437-UKHMV,956.4000000000001,7,Electronic check,2,bank_decline,618,occasional,No
6538-POCHL,948.0,33,Credit card (automatic),0,insufficient_funds,724,high_value_repeat,Yes
6726-NNFWD,1073.4,71,Credit card (automatic),1,card_expired,409,high_value_repeat,No
3002-WQZWT,890.4000000000001,29,Electronic check,0,network_error,2940,high_value_repeat,Yes
4277-UDIEF,972.0,24,Bank transfer (automatic),0,insufficient_funds,331,occasional,Yes
1208-NBVFH,595.2,20,Electronic check,1,card_expired,532,occasional,Yes
4912-PIGUY,1015.1999999999999,1,Electronic check,0,bank_decline,217,new_customer,Yes
1114-CENIM,660.0,54,Credit card (automatic),0,insufficient_funds,50,high_value_repeat,No
6060-DRTNL,1018.1999999999999,5,Mailed check,0,card_expired,281,occasional,No
2725-TTRIQ,1010.4000000000001,72,Bank transfer (automatic),1,insufficient_funds,181,high_value_repeat,No
3374-TTZTK,1275.6,52,Electronic check,2,bank_decline,621,high_value_repeat,Yes
8990-ZXLSU,828.5999999999999,9,Electronic check,0,card_expired,672,occasional,No
2275-RBYQS,544.8,1,Mailed check,2,insufficient_funds,189,new_customer,No
8473-VUVJN,883.8000000000001,1,Electronic check,0,insufficient_funds,593,new_customer,Yes
6289-CPNLD,886.8000000000001,33,Mailed check,0,card_expired,542,high_value_repeat,No
5536-SLHPM,933.0,55,Electronic check,1,insufficient_funds,164,high_value_repeat,Yes
4419-UJMUS,1192.1999999999998,69,Electronic check,1,insufficient_funds,341,high_value_repeat,Yes
7794-JASDG,609.0,1,Mailed check,3,card_expired,312,new_customer,No
7609-YBPXG,1045.1999999999998,54,Bank transfer (automatic),0,insufficient_funds,512,high_value_repeat,Yes
5519-TEEUH,241.79999999999998,33,Mailed check,1,insufficient_funds,215,high_value_repeat,Yes
7856-GANIL,1184.4,45,Bank transfer (automatic),1,network_error,2420,high_value_repeat,Yes
0804-XBFBV,302.4,11,Electronic check,3,insufficient_funds,297,occasional,No
2676-OXPPQ,668.4000000000001,6,Bank transfer (automatic),0,insufficient_funds,471,occasional,Yes
3703-TTEPD,784.1999999999999,21,Bank transfer (automatic),2,insufficient_funds,367,occasional,No
2799-TSLAG,303.6,65,Bank transfer (automatic),1,card_expired,319,high_value_repeat,No
0196-VULGZ,1012.1999999999999,6,Electronic check,0,network_error,2329,occasional,Yes
8837-VVWLQ,1019.4000000000001,8,Electronic check,1,network_error,4128,occasional,Yes
2696-NARTR,886.1999999999999,11,Electronic check,0,insufficient_funds,337,occasional,Yes
2208-NKVVH,291.0,43,Mailed check,1,insufficient_funds,243,high_value_repeat,No
7614-QVWQL,621.5999999999999,49,Bank transfer (automatic),2,insufficient_funds,487,high_value_repeat,No
1976-CFOCS,552.0,1,Electronic check,1,insufficient_funds,378,new_customer,No
4631-OACRM,952.8000000000001,15,Electronic check,1,bank_decline,187,occasional,Yes
7139-JZFVG,726.0,60,Bank transfer (automatic),1,insufficient_funds,734,high_value_repeat,No
4987-GQWPO,301.20000000000005,17,Credit card (automatic),0,insufficient_funds,347,occasional,Yes
3755-JBMNH,861.5999999999999,16,Bank transfer (automatic),0,insufficient_funds,343,occasional,Yes
1757-TCATG,240.60000000000002,35,Bank transfer (automatic),1,card_expired,423,high_value_repeat,No
6345-ULYRW,1060.8000000000002,44,Mailed check,0,network_error,3884,high_value_repeat,Yes
4776-XSKYQ,363.0,12,Credit card (automatic),0,card_expired,148,occasional,No
8048-DSDFQ,242.39999999999998,1,Mailed check,1,bank_decline,441,new_customer,Yes
5753-QQWPW,718.8,28,Electronic check,0,card_expired,713,high_value_repeat,No
6010-DDPPW,301.79999999999995,70,Bank transfer (automatic),0,insufficient_funds,419,high_value_repeat,Yes
1809-DMJHQ,552.0,5,Mailed check,1,insufficient_funds,214,occasional,Yes
6693-FRIRW,1215.6,18,Credit card (automatic),0,network_error,2005,occasional,Yes
6586-MYGKD,923.4000000000001,70,Credit card (automatic),3,card_expired,431,high_value_repeat,No
3173-NVMPX,663.5999999999999,9,Mailed check,2,card_expired,599,occasional,No
0248-PGHBZ,1109.4,67,Bank transfer (automatic),1,network_error,2228,high_value_repeat,Yes
0623-GDISB,581.4000000000001,1,Bank transfer (automatic),0,card_expired,523,new_customer,No
2892-GESUL,232.20000000000002,18,Mailed check,2,bank_decline,184,occasional,Yes
6923-EFPNL,621.0,4,Credit card (automatic),2,card_expired,183,occasional,No
7472-EQOAV,1040.4,71,Bank transfer (automatic),2,network_error,2113,high_value_repeat,Yes
9574-RKJIF,1132.8000000000002,30,Electronic check,0,insufficient_funds,615,high_value_repeat,No
2043-WVTQJ,668.4000000000001,1,Mailed check,1,network_error,2555,new_customer,No
8034-RYTVV,1011.0,55,Credit card (automatic),2,bank_decline,443,high_value_repeat,Yes
3863-QSTYI,775.8000000000001,59,Electronic check,1,insufficient_funds,441,high_value_repeat,No
2619-WFQWU,841.8000000000001,1,Mailed check,1,network_error,3387,new_customer,Yes
5044-LRQAQ,830.4000000000001,7,Bank transfer (automatic),1,network_error,2011,occasional,Yes
1716-LSAMB,655.8,45,Bank transfer (automatic),1,insufficient_funds,503,high_value_repeat,Yes
1333-PBMXB,297.0,54,Bank transfer (automatic),0,card_expired,275,high_value_repeat,No
6546-OPBBH,287.4,51,Mailed check,1,insufficient_funds,697,high_value_repeat,Yes
5985-BEHZK,1260.0,72,Credit card (automatic),0,bank_decline,279,high_value_repeat,No
9127-QRZMH,718.2,44,Bank transfer (automatic),0,bank_decline,267,high_value_repeat,Yes
5919-VCZYM,240.60000000000002,2,Mailed check,0,insufficient_funds,482,new_customer,Yes
9644-KVCNC,1105.8000000000002,66,Bank transfer (automatic),1,insufficient_funds,411,high_value_repeat,Yes
2137-DQMEV,537.5999999999999,68,Mailed check,0,card_expired,449,high_value_repeat,No
8174-LNWMW,250.79999999999998,31,Credit card (automatic),1,insufficient_funds,434,high_value_repeat,Yes
9279-CJEOJ,1144.8000000000002,21,Bank transfer (automatic),2,insufficient_funds,236,occasional,No
7964-VEXDG,964.1999999999999,21,Electronic check,0,card_expired,642,occasional,No
2404-JIBFC,1021.1999999999999,55,Bank transfer (automatic),0,insufficient_funds,534,high_value_repeat,Yes
0778-NELLA,416.40000000000003,9,Credit card (automatic),0,insufficient_funds,603,occasional,No
8029-XYPWT,1380.6,71,Bank transfer (automatic),2,bank_decline,320,high_value_repeat,Yes
4614-NUVZD,973.1999999999999,1,Electronic check,1,bank_decline,462,new_customer,No
4632-PAOYU,239.39999999999998,22,Mailed check,1,network_error,2657,occasional,Yes
3803-KMQFW,246.60000000000002,1,Mailed check,0,bank_decline,569,new_customer,No
6804-GDMOI,1279.1999999999998,61,Electronic check,1,insufficient_funds,574,high_value_repeat,No
2990-OGYTD,1033.8000000000002,67,Bank transfer (automatic),2,insufficient_funds,428,high_value_repeat,No
6646-JPPHA,946.1999999999999,14,Electronic check,2,insufficient_funds,172,occasional,Yes
9572-MTILT,1281.0,59,Electronic check,1,network_error,3923,high_value_repeat,Yes
7658-UYUQS,1038.6,21,Bank transfer (automatic),0,bank_decline,483,occasional,Yes
7880-XSOJX,508.79999999999995,4,Mailed check,0,network_error,2013,occasional,Yes
9611-CTWIH,1073.4,3,Electronic check,0,bank_decline,460,new_customer,Yes
4589-IUAJB,291.0,70,Bank transfer (automatic),0,card_expired,173,high_value_repeat,No
0329-GTIAJ,1174.8000000000002,3,Electronic check,0,insufficient_funds,558,new_customer,No
8746-BFOAJ,246.0,21,Bank transfer (automatic),0,insufficient_funds,179,occasional,No
8457-XIGKN,235.20000000000002,20,Credit card (automatic),0,insufficient_funds,366,occasional,Yes
6072-NUQCB,243.0,22,Bank transfer (automatic),3,insufficient_funds,436,occasional,No
6629-CZTTH,668.4000000000001,1,Mailed check,1,network_error,3331,new_customer,Yes
8838-GPHZP,247.20000000000002,63,Mailed check,2,insufficient_funds,415,high_value_repeat,No
8750-QWZAJ,237.60000000000002,70,Bank transfer (automatic),1,card_expired,495,high_value_repeat,No
5364-EVNIB,957.5999999999999,13,Electronic check,0,card_expired,395,occasional,No
6918-UMQCG,962.4000000000001,5,Electronic check,1,insufficient_funds,395,occasional,Yes
0675-NCDYU,1396.8000000000002,72,Credit card (automatic),0,card_expired,412,high_value_repeat,No
6339-DKLMK,379.79999999999995,13,Electronic check,1,card_expired,371,occasional,No
1346-PJWTK,1129.8000000000002,61,Credit card (automatic),0,insufficient_funds,147,high_value_repeat,No
5088-QZLRL,247.79999999999998,1,Electronic check,3,bank_decline,284,new_customer,No
8023-QHAIO,922.1999999999999,56,Bank transfer (automatic),0,card_expired,436,high_value_repeat,No
4397-FRLTA,241.79999999999998,4,Mailed check,0,card_expired,362,occasional,No
3057-VJJQE,663.0,35,Mailed check,3,bank_decline,376,high_value_repeat,No
5087-SUURX,468.59999999999997,18,Electronic check,0,bank_decline,351,occasional,No
2302-OUZXB,985.8000000000001,72,Bank transfer (automatic),1,bank_decline,270,high_value_repeat,No
8133-ANHHJ,1236.0,49,Bank transfer (automatic),1,insufficient_funds,326,high_value_repeat,No
2270-CHBFN,1141.1999999999998,44,Credit card (automatic),2,insufficient_funds,353,high_value_repeat,No
0013-EXCHZ,1006.8000000000001,3,Mailed check,3,insufficient_funds,400,new_customer,No
5982-FPVQN,1141.8000000000002,37,Electronic check,3,insufficient_funds,459,high_value_repeat,Yes
9107-UKCKY,957.5999999999999,61,Electronic check,0,bank_decline,372,high_value_repeat,No
4654-ULTTN,897.5999999999999,70,Credit card (automatic),2,card_expired,245,high_value_repeat,No
5550-VFRLC,838.1999999999999,1,Electronic check,1,insufficient_funds,190,new_customer,No
5546-BYZSM,245.39999999999998,41,Electronic check,1,insufficient_funds,789,high_value_repeat,No
1492-KGETH,940.1999999999999,70,Bank transfer (automatic),0,insufficient_funds,230,high_value_repeat,Yes
4929-BSTRX,642.5999999999999,1,Mailed check,1,card_expired,322,new_customer,No
4163-HFTUK,229.20000000000002,51,Electronic check,3,network_error,2913,high_value_repeat,Yes
8215-NGSPE,240.0,42,Mailed check,3,bank_decline,454,high_value_repeat,Yes
2225-ZRGSG,1126.8000000000002,70,Bank transfer (automatic),0,bank_decline,478,high_value_repeat,Yes
8859-YSTWS,239.39999999999998,48,Bank transfer (automatic),0,insufficient_funds,333,high_value_repeat,Yes
5271-YNWVR,1357.8000000000002,68,Electronic check,0,insufficient_funds,435,high_value_repeat,No
7601-DHFWZ,288.0,48,Credit card (automatic),2,insufficient_funds,409,high_value_repeat,Yes
2657-ALMWY,1019.4000000000001,26,Electronic check,1,insufficient_funds,353,high_value_repeat,No
6330-JKLPC,966.0,11,Bank transfer (automatic),1,bank_decline,436,occasional,Yes
4667-OHGKG,231.60000000000002,1,Mailed check,0,card_expired,558,new_customer,No
1998-VHJHK,229.79999999999998,27,Mailed check,0,network_error,2482,high_value_repeat,Yes
1707-HABPF,1095.6,46,Bank transfer (automatic),1,card_expired,397,high_value_repeat,No
1660-HSOOQ,595.8,1,Mailed check,3,insufficient_funds,560,new_customer,No
7253-UVNDW,652.2,46,Credit card (automatic),1,insufficient_funds,544,high_value_repeat,Yes
0487-VVUVK,229.79999999999998,25,Mailed check,0,card_expired,637,high_value_repeat,No
7228-OMTPN,1061.4,4,Electronic check,1,network_error,1095,occasional,Yes
5063-IUOKK,237.0,13,Mailed check,0,insufficient_funds,535,occasional,No
4508-OEBEY,906.0,31,Credit card (automatic),3,network_error,2981,high_value_repeat,Yes
0027-KWYKW,1005.0,23,Electronic check,0,bank_decline,267,occasional,No
2308-STERM,232.79999999999998,2,Mailed check,1,insufficient_funds,437,new_customer,Yes
5982-XMDEX,318.0,65,Bank transfer (automatic),0,network_error,3340,high_value_repeat,Yes
6284-AHOOQ,1086.0,22,Bank transfer (automatic),1,insufficient_funds,275,occasional,No
6051-PTVNS,229.79999999999998,55,Credit card (automatic),1,network_error,2854,high_value_repeat,Yes
2344-JMOGN,1138.1999999999998,9,Mailed check,1,network_error,3197,occasional,Yes
3799-ISUZQ,839.4000000000001,7,Bank transfer (automatic),0,bank_decline,239,occasional,Yes
2877-VDUER,490.79999999999995,35,Mailed check,0,insufficient_funds,378,high_value_repeat,No
9152-AMKAK,963.0,6,Mailed check,0,insufficient_funds,445,occasional,Yes
1794-HBQTJ,583.2,1,Credit card (automatic),1,insufficient_funds,280,new_customer,Yes
9432-VOFYX,849.5999999999999,17,Electronic check,0,insufficient_funds,268,occasional,Yes
8049-WJCLQ,722.4000000000001,10,Mailed check,1,network_error,2391,occasional,Yes
6586-PSJOX,662.4000000000001,15,Credit card (automatic),2,bank_decline,520,occasional,Yes
2460-FPSYH,669.5999999999999,40,Electronic check,2,insufficient_funds,496,high_value_repeat,Yes
9705-ZJBCG,649.8,13,Bank transfer (automatic),0,insufficient_funds,270,occasional,Yes
4818-DRBQT,961.8000000000001,29,Bank transfer (automatic),1,insufficient_funds,497,high_value_repeat,Yes
1320-HTRDR,906.0,3,Electronic check,0,card_expired,274,new_customer,No
6847-KJLTS,1204.8000000000002,58,Bank transfer (automatic),1,insufficient_funds,158,high_value_repeat,No
9670-BPNXF,750.5999999999999,45,Credit card (automatic),2,insufficient_funds,344,high_value_repeat,No
3913-FCUUW,845.4000000000001,72,Bank transfer (automatic),0,network_error,3398,high_value_repeat,Yes
3301-VKTGC,1026.0,68,Bank transfer (automatic),0,insufficient_funds,498,high_value_repeat,Yes
1493-AMTIE,242.39999999999998,1,Bank transfer (automatic),2,card_expired,399,new_customer,Yes
9555-SAHUZ,654.0,38,Electronic check,2,network_error,2166,high_value_repeat,Yes
0816-TSPHQ,249.0,2,Mailed check,0,insufficient_funds,341,new_customer,Yes
9932-WBWIK,244.20000000000002,11,Mailed check,1,card_expired,416,occasional,No
4619-EVPHY,1092.0,20,Bank transfer (automatic),0,network_error,1645,occasional,Yes
5286-YHCVC,1257.6,72,Bank transfer (automatic),0,network_error,2221,high_value_repeat,Yes
6424-ELEYH,897.0,3,Credit card (automatic),3,insufficient_funds,367,new_customer,No
4391-RESHN,1248.6,23,Mailed check,2,insufficient_funds,197,occasional,No
9115-YQHGA,613.2,40,Electronic check,2,bank_decline,274,high_value_repeat,No
4462-CYWMH,1077.6,62,Bank transfer (automatic),0,network_error,2828,high_value_repeat,Yes
8963-MQVYN,246.60000000000002,22,Electronic check,2,insufficient_funds,401,occasional,Yes
2458-EOMRE,768.5999999999999,11,Bank transfer (automatic),0,insufficient_funds,353,occasional,No
9334-GWGOW,898.1999999999999,7,Electronic check,0,insufficient_funds,263,occasional,Yes
6821-BUXUX,1159.8000000000002,13,Electronic check,1,insufficient_funds,636,occasional,No
5028-HTLJB,240.60000000000002,1,Mailed check,0,card_expired,274,new_customer,No
9801-GDWGV,1241.4,39,Electronic check,2,insufficient_funds,437,high_value_repeat,No
6542-LWGXJ,300.0,3,Mailed check,1,insufficient_funds,326,new_customer,No
5567-GZKQY,243.60000000000002,58,Credit card (automatic),0,network_error,2529,high_value_repeat,Yes
1222-LRYKO,316.20000000000005,6,Mailed check,0,insufficient_funds,468,occasional,Yes
2320-JRSDE,238.79999999999998,1,Electronic check,0,network_error,1403,new_customer,Yes
2087-QAREY,656.4000000000001,22,Mailed check,0,network_error,2494,occasional,Yes
0601-WZHJF,556.2,14,Electronic check,1,insufficient_funds,578,occasional,Yes
4423-JWZJN,1083.0,64,Credit card (automatic),2,network_error,3909,high_value_repeat,Yes
5143-WMWOG,239.39999999999998,1,Electronic check,0,network_error,2395,new_customer,Yes
6490-FGZAT,247.79999999999998,6,Mailed check,0,insufficient_funds,406,occasional,Yes
5393-RXQSZ,955.1999999999999,1,Electronic check,1,insufficient_funds,731,new_customer,No
7452-FOLON,305.4,39,Bank transfer (automatic),2,card_expired,570,high_value_repeat,No
2320-TZRRH,234.0,20,Mailed check,0,bank_decline,307,occasional,Yes
0231-LXVAP,910.8000000000001,1,Electronic check,0,card_expired,307,new_customer,No
9444-JTXHZ,914.4000000000001,1,Electronic check,1,insufficient_funds,543,new_customer,No
4942-VZZOM,793.8000000000001,64,Credit card (automatic),0,network_error,1691,high_value_repeat,Yes
5510-BOIUJ,231.0,1,Mailed check,0,insufficient_funds,563,new_customer,Yes
7502-BNYGS,829.1999999999999,46,Credit card (automatic),1,card_expired,450,high_value_repeat,No
4291-HYEBC,469.20000000000005,28,Electronic check,1,network_error,2914,high_value_repeat,Yes
6147-CBCRA,240.60000000000002,33,Mailed check,1,card_expired,361,high_value_repeat,No
6047-SUHPR,717.5999999999999,39,Electronic check,1,bank_decline,305,high_value_repeat,No
4471-KXAUH,1011.5999999999999,42,Electronic check,1,network_error,3669,high_value_repeat,Yes
9752-ZNQUT,583.2,1,Electronic check,0,card_expired,362,new_customer,No
7638-QVMVY,948.0,7,Electronic check,0,insufficient_funds,338,occasional,Yes
1576-PFZIW,1264.1999999999998,70,Credit card (automatic),0,bank_decline,387,high_value_repeat,Yes
5666-MBJPT,301.20000000000005,65,Bank transfer (automatic),0,bank_decline,428,high_value_repeat,Yes
7312-XSBAT,597.0,1,Electronic check,1,insufficient_funds,245,new_customer,No
3096-GKWEB,1137.0,18,Electronic check,2,card_expired,315,occasional,No
2371-JQHZZ,1116.0,24,Electronic check,3,insufficient_funds,307,occasional,Yes
0674-GCDXG,862.8000000000001,63,Bank transfer (automatic),1,network_error,3176,high_value_repeat,Yes
1121-QSIVB,930.5999999999999,44,Mailed check,0,network_error,1791,high_value_repeat,Yes
4396-KLSEH,238.20000000000002,4,Electronic check,0,insufficient_funds,136,occasional,Yes
3244-DCJWY,843.0,1,Electronic check,2,bank_decline,104,new_customer,Yes
2824-MYYBN,1143.0,37,Electronic check,1,insufficient_funds,179,high_value_repeat,Yes
0875-CABNR,1015.1999999999999,10,Credit card (automatic),1,network_error,3589,occasional,Yes
6345-HOVES,300.6,34,Bank transfer (automatic),2,card_expired,402,high_value_repeat,No
8318-LCNBW,637.8,35,Credit card (automatic),1,insufficient_funds,475,high_value_repeat,No
6469-QJKZW,241.79999999999998,4,Electronic check,2,insufficient_funds,480,occasional,No
0147-ESWWR,1215.0,39,Electronic check,0,insufficient_funds,408,high_value_repeat,Yes
1217-VASWC,1206.6,43,Bank transfer (automatic),1,network_error,2440,high_value_repeat,Yes
7812-FZHPE,289.20000000000005,17,Mailed check,2,card_expired,556,occasional,No
6370-ZVHDV,303.6,61,Bank transfer (automatic),0,insufficient_funds,421,high_value_repeat,Yes
5915-DGNVC,861.5999999999999,49,Electronic check,1,insufficient_funds,609,high_value_repeat,Yes
6260-XLACS,236.39999999999998,4,Mailed check,0,insufficient_funds,493,occasional,Yes
3566-CAAYU,598.2,64,Electronic check,3,network_error,2005,high_value_repeat,Yes
4983-CCWMC,835.1999999999999,3,Mailed check,0,network_error,2102,new_customer,Yes
9103-CXVOK,237.0,1,Electronic check,1,insufficient_funds,290,new_customer,No
2896-TBNBE,969.5999999999999,40,Electronic check,0,card_expired,582,high_value_repeat,No
4797-AXPXK,720.0,1,Electronic check,1,insufficient_funds,339,new_customer,Yes
5229-PRWKT,1038.6,8,Electronic check,0,bank_decline,280,occasional,Yes
6982-UQZLY,250.20000000000002,1,Mailed check,0,bank_decline,447,new_customer,Yes
2522-WLNSF,770.4000000000001,34,Bank transfer (automatic),1,network_error,2422,high_value_repeat,Yes
3841-CONLJ,420.0,1,Electronic check,3,bank_decline,444,new_customer,No
5057-LCOUI,609.0,39,Electronic check,0,bank_decline,683,high_value_repeat,Yes
0193-ESZXP,1266.0,58,Credit card (automatic),0,bank_decline,536,high_value_repeat,No
4475-NVTLU,230.39999999999998,45,Electronic check,2,card_expired,404,high_value_repeat,Yes
4369-HTUIF,1021.8000000000001,6,Bank transfer (automatic),1,insufficient_funds,188,occasional,Yes
9386-LDCZR,1087.8000000000002,43,Credit card (automatic),3,insufficient_funds,325,high_value_repeat,Yes
9585-KKMFD,240.0,41,Mailed check,0,insufficient_funds,506,high_value_repeat,Yes
5399-ZIMKF,895.8000000000001,5,Electronic check,1,card_expired,224,occasional,No
0336-KXKFK,734.4000000000001,72,Credit card (automatic),0,insufficient_funds,721,high_value_repeat,Yes
5619-XZZKR,239.39999999999998,4,Mailed check,0,insufficient_funds,402,occasional,Yes
3948-FVVRP,657.5999999999999,9,Mailed check,1,card_expired,407,occasional,No
5327-XOKKY,881.4000000000001,72,Credit card (automatic),1,insufficient_funds,300,high_value_repeat,No
0983-TATYJ,617.4000000000001,33,Mailed check,2,card_expired,474,high_value_repeat,No
1813-JYWTO,965.4000000000001,72,Bank transfer (automatic),0,bank_decline,226,high_value_repeat,No
0156-FVPTA,650.4000000000001,22,Electronic check,0,network_error,4231,occasional,Yes
1984-FCOWB,1314.0,70,Electronic check,0,network_error,3553,high_value_repeat,Yes
0654-HMSHN,1252.8000000000002,21,Electronic check,3,card_expired,547,occasional,No
6719-OXYBR,1023.5999999999999,15,Electronic check,0,card_expired,191,occasional,No
3312-ZWLGF,951.5999999999999,29,Electronic check,0,insufficient_funds,430,high_value_repeat,Yes
6476-YHMGA,918.0,15,Bank transfer (automatic),0,bank_decline,581,occasional,No
5287-QWLKY,1261.1999999999998,71,Credit card (automatic),1,insufficient_funds,488,high_value_repeat,No
0795-XCCTE,304.79999999999995,72,Bank transfer (automatic),0,insufficient_funds,249,high_value_repeat,No
0168-XZKBB,1042.1999999999998,19,Electronic check,3,network_error,1979,occasional,Yes
3785-NRHYR,235.79999999999998,1,Mailed check,0,insufficient_funds,332,new_customer,No
5196-SGOAK,908.4000000000001,1,Electronic check,2,insufficient_funds,309,new_customer,No
4537-DKTAL,546.5999999999999,2,Electronic check,0,insufficient_funds,629,new_customer,No
7072-MBHEV,937.1999999999999,11,Credit card (automatic),1,insufficient_funds,111,occasional,No
5602-BVFMK,231.60000000000002,12,Mailed check,3,insufficient_funds,498,occasional,No
6297-NOOPG,1326.0,70,Electronic check,0,insufficient_funds,206,high_value_repeat,Yes
1891-UAWWU,1089.6,20,Electronic check,3,network_error,1730,occasional,No
8204-TIFGJ,243.60000000000002,23,Bank transfer (automatic),1,bank_decline,98,occasional,Yes
8050-DVOJX,976.1999999999999,49,Credit card (automatic),3,insufficient_funds,317,high_value_repeat,No
6108-OQZDQ,1175.4,4,Electronic check,1,bank_decline,626,occasional,Yes
0363-QJVFX,1297.8000000000002,32,Credit card (automatic),0,insufficient_funds,439,high_value_repeat,Yes
8903-XEBGX,663.5999999999999,2,Electronic check,0,insufficient_funds,220,new_customer,No
8169-SAEJD,678.5999999999999,69,Credit card (automatic),0,insufficient_funds,552,high_value_repeat,No
9840-DVNDC,966.0,6,Credit card (automatic),0,card_expired,584,occasional,No
1089-XZWHH,236.39999999999998,24,Mailed check,0,insufficient_funds,415,occasional,Yes
2325-WINES,1248.6,32,Credit card (automatic),0,card_expired,705,high_value_repeat,No
6064-ZATLR,634.2,27,Bank transfer (automatic),0,network_error,3157,high_value_repeat,No
3096-JRDSO,1251.6,27,Bank transfer (automatic),2,card_expired,502,high_value_repeat,No
7824-PANSQ,967.8000000000001,58,Bank transfer (automatic),0,card_expired,279,high_value_repeat,No
8042-JVNFH,856.1999999999999,1,Mailed check,0,bank_decline,494,new_customer,No
9648-BCHKM,295.79999999999995,18,Credit card (automatic),1,insufficient_funds,432,occasional,Yes
2888-ADFAO,255.60000000000002,47,Bank transfer (automatic),0,insufficient_funds,477,high_value_repeat,Yes
8707-HOEDG,1322.4,70,Electronic check,0,network_error,1952,high_value_repeat,Yes
3374-LXDEV,1072.8000000000002,13,Electronic check,0,card_expired,419,occasional,No
4072-IPYLT,612.5999999999999,36,Credit card (automatic),3,insufficient_funds,277,high_value_repeat,No
7167-PCEYD,237.60000000000002,67,Mailed check,2,insufficient_funds,77,high_value_repeat,Yes
4936-YPJNK,238.79999999999998,10,Mailed check,0,card_expired,549,occasional,No
1580-BMCMR,1047.6,19,Electronic check,1,insufficient_funds,174,occasional,Yes
4817-KEQSP,238.20000000000002,71,Bank transfer (automatic),1,insufficient_funds,416,high_value_repeat,Yes
6408-WHTEF,1072.8000000000002,72,Mailed check,1,bank_decline,449,high_value_repeat,Yes
9251-AWQGT,240.0,48,Mailed check,1,network_error,2761,high_value_repeat,No
8749-CLJXC,240.60000000000002,1,Mailed check,1,card_expired,357,new_customer,No
7989-VCQOH,999.0,18,Electronic check,0,network_error,2716,occasional,Yes
5049-GLYVG,247.20000000000002,1,Mailed check,0,bank_decline,470,new_customer,Yes
4199-QHJNM,1234.8000000000002,67,Bank transfer (automatic),1,insufficient_funds,510,high_value_repeat,No
8882-TLVRW,469.20000000000005,69,Mailed check,2,insufficient_funds,660,high_value_repeat,No
5883-GTGVD,1199.4,19,Electronic check,1,card_expired,435,occasional,No
5135-GRQJV,1374.0,72,Mailed check,2,network_error,2551,high_value_repeat,Yes
2384-OVPSA,242.39999999999998,38,Mailed check,3,insufficient_funds,263,high_value_repeat,Yes
1371-WEPDS,669.5999999999999,40,Electronic check,0,bank_decline,465,high_value_repeat,No
3580-GICBM,290.4,61,Mailed check,1,card_expired,500,high_value_repeat,No
4817-QRJSX,972.0,10,Credit card (automatic),1,insufficient_funds,371,occasional,Yes
9730-DRTMJ,873.5999999999999,32,Credit card (automatic),3,insufficient_funds,481,high_value_repeat,No
4686-UXDML,1198.1999999999998,21,Credit card (automatic),3,insufficient_funds,356,occasional,No
3349-ANQNH,1194.0,59,Electronic check,1,network_error,3036,high_value_repeat,Yes
2398-YPMUR,841.8000000000001,13,Electronic check,0,bank_decline,536,occasional,Yes
0932-YIXYU,243.0,47,Credit card (automatic),2,insufficient_funds,534,high_value_repeat,No
7480-SPLEF,312.0,69,Bank transfer (automatic),0,bank_decline,417,high_value_repeat,Yes
7636-XUHWW,238.79999999999998,2,Credit card (automatic),2,bank_decline,244,new_customer,Yes
1431-CYWMH,228.60000000000002,22,Bank transfer (automatic),3,card_expired,308,occasional,No
5937-EORGB,1158.0,15,Electronic check,0,network_error,2976,occasional,Yes
6349-JDHQP,238.20000000000002,53,Credit card (automatic),1,insufficient_funds,767,high_value_repeat,Yes
5539-HIVAK,308.4,28,Mailed check,0,card_expired,348,high_value_repeat,No
5847-MXBEO,243.60000000000002,22,Mailed check,0,insufficient_funds,468,occasional,No
9985-MWVIX,841.8000000000001,1,Mailed check,0,network_error,2055,new_customer,Yes
4583-PARNH,1098.6,16,Electronic check,2,insufficient_funds,253,occasional,No
1116-FRYVH,472.79999999999995,48,Mailed check,3,bank_decline,298,high_value_repeat,Yes
1421-HCERK,1268.4,30,Bank transfer (automatic),3,bank_decline,87,high_value_repeat,Yes
9633-XQABV,843.0,3,Electronic check,0,insufficient_funds,603,new_customer,No
0716-BQNDX,1125.0,57,Electronic check,2,insufficient_funds,65,high_value_repeat,No
1265-XTECC,1158.6,68,Credit card (automatic),1,card_expired,360,high_value_repeat,No
1183-CANVH,720.0,23,Bank transfer (automatic),0,card_expired,223,occasional,No
1972-XMUWV,717.5999999999999,65,Credit card (automatic),0,insufficient_funds,267,high_value_repeat,Yes
8679-LZBMD,1087.8000000000002,44,Bank transfer (automatic),0,card_expired,606,high_value_repeat,No
3407-JMJQQ,1308.0,71,Bank transfer (automatic),3,insufficient_funds,430,high_value_repeat,No
6252-DFGTK,817.1999999999999,37,Credit card (automatic),1,insufficient_funds,255,high_value_repeat,No
1539-LNKHM,244.79999999999998,12,Mailed check,1,insufficient_funds,311,occasional,Yes
8645-KOMJQ,983.4000000000001,69,Bank transfer (automatic),0,insufficient_funds,285,high_value_repeat,Yes
0289-IVARM,726.5999999999999,35,Electronic check,1,network_error,2465,high_value_repeat,Yes
9761-XUJWD,787.1999999999999,5,Bank transfer (automatic),0,bank_decline,425,occasional,Yes
4057-FKCZK,990.0,58,Bank transfer (automatic),0,insufficient_funds,684,high_value_repeat,Yes
4291-TPNFG,987.5999999999999,72,Bank transfer (automatic),1,card_expired,112,high_value_repeat,No
6087-YPWHO,817.8000000000001,72,Mailed check,0,insufficient_funds,394,high_value_repeat,Yes
3090-QFUVD,243.60000000000002,1,Credit card (automatic),2,card_expired,352,new_customer,No
2237-ZFSMY,1146.6,39,Electronic check,0,insufficient_funds,541,high_value_repeat,No
1722-LDZJS,242.39999999999998,53,Credit card (automatic),1,card_expired,453,high_value_repeat,No
1818-ESQMW,1070.4,27,Electronic check,0,bank_decline,488,high_value_repeat,No
4871-JTKJF,835.8000000000001,1,Electronic check,1,insufficient_funds,451,new_customer,No
1415-YFWLT,1071.6,1,Electronic check,0,network_error,1754,new_customer,No
7401-RUBNK,897.5999999999999,18,Electronic check,0,insufficient_funds,581,occasional,No
0506-YLVKJ,242.39999999999998,46,Mailed check,3,insufficient_funds,519,high_value_repeat,No
8661-BOYNW,1012.8000000000001,72,Credit card (automatic),0,insufficient_funds,537,high_value_repeat,Yes
6711-VTNRE,1050.6,36,Electronic check,2,insufficient_funds,589,high_value_repeat,Yes
4815-GBTCD,301.79999999999995,4,Electronic check,3,insufficient_funds,462,occasional,No
2805-AUFQN,237.60000000000002,25,Credit card (automatic),0,insufficient_funds,622,high_value_repeat,Yes
0980-PVMRC,610.2,40,Electronic check,0,insufficient_funds,456,high_value_repeat,Yes
7233-DRTRF,1228.8000000000002,63,Electronic check,1,insufficient_funds,367,high_value_repeat,No
3500-RMZLT,1155.6,15,Mailed check,3,network_error,2494,occasional,Yes
3873-NFTGI,666.0,14,Credit card (automatic),3,bank_decline,396,occasional,No
1162-ECVII,1317.0,72,Bank transfer (automatic),1,insufficient_funds,322,high_value_repeat,Yes
7048-GXDAY,1276.8000000000002,39,Electronic check,2,insufficient_funds,644,high_value_repeat,No
8571-ZCMCX,720.0,47,Credit card (automatic),0,insufficient_funds,444,high_value_repeat,No
1169-WCVAK,1065.6,19,Credit card (automatic),3,bank_decline,414,occasional,No
4548-SDBKE,1022.4000000000001,5,Electronic check,3,card_expired,458,occasional,No
8066-POXGX,421.20000000000005,13,Electronic check,0,card_expired,846,occasional,Yes
7129-CAKJW,960.5999999999999,17,Bank transfer (automatic),0,insufficient_funds,230,occasional,No
8695-ARGXZ,906.5999999999999,34,Electronic check,0,insufficient_funds,273,high_value_repeat,Yes
3570-YUEKJ,594.5999999999999,42,Electronic check,0,insufficient_funds,192,high_value_repeat,No
4143-OOBWZ,975.5999999999999,5,Electronic check,2,bank_decline,365,occasional,Yes
1555-HAPSU,286.79999999999995,71,Credit card (automatic),0,bank_decline,436,high_value_repeat,Yes
1697-NVVGY,796.8000000000001,19,Bank transfer (automatic),0,insufficient_funds,330,occasional,No
7854-EKTJL,235.20000000000002,2,Electronic check,0,card_expired,319,new_customer,No
8464-EETCQ,225.60000000000002,57,Credit card (automatic),3,insufficient_funds,421,high_value_repeat,No
2419-FSORS,1300.8000000000002,72,Electronic check,1,insufficient_funds,324,high_value_repeat,No
8132-YPVBX,1031.4,6,Mailed check,0,bank_decline,446,occasional,No
9102-IAYHT,1025.4,17,Electronic check,0,card_expired,567,occasional,No
6754-LZUKA,970.8000000000001,61,Bank transfer (automatic),3,insufficient_funds,501,high_value_repeat,No
3422-LYEPQ,852.0,1,Electronic check,2,insufficient_funds,532,new_customer,Yes
8099-MZPUJ,1341.6,48,Credit card (automatic),0,bank_decline,562,high_value_repeat,No
0787-LHDYT,247.20000000000002,16,Credit card (automatic),0,card_expired,442,occasional,Yes
2642-DTVCO,1020.5999999999999,9,Electronic check,0,card_expired,376,occasional,No
0374-IOEGQ,535.2,3,Electronic check,0,insufficient_funds,284,new_customer,Yes
4361-JEIVL,532.8,1,Electronic check,1,insufficient_funds,341,new_customer,Yes
3197-NNYNB,1261.1999999999998,65,Credit card (automatic),3,bank_decline,321,high_value_repeat,Yes
3396-DKDEL,1381.8000000000002,70,Credit card (automatic),1,card_expired,509,high_value_repeat,No
1752-OZXFY,717.5999999999999,60,Mailed check,2,insufficient_funds,452,high_value_repeat,No
9066-QRSDU,315.6,69,Electronic check,0,card_expired,504,high_value_repeat,No
9112-WSNPU,846.5999999999999,35,Electronic check,1,network_error,1571,high_value_repeat,Yes
9867-NNXLC,240.60000000000002,22,Mailed check,1,insufficient_funds,614,occasional,Yes
5321-NTRKC,958.1999999999999,66,Bank transfer (automatic),0,insufficient_funds,335,high_value_repeat,Yes
1363-TXLSL,843.5999999999999,1,Electronic check,0,card_expired,234,new_customer,Yes
9507-EXLTT,952.1999999999999,1,Bank transfer (automatic),1,network_error,2148,new_customer,Yes
3161-GETRM,1080.6,34,Credit card (automatic),0,network_error,4487,high_value_repeat,Yes
0402-OAMEN,293.4,72,Bank transfer (automatic),0,bank_decline,341,high_value_repeat,Yes
6933-VLYFX,719.4000000000001,31,Electronic check,1,insufficient_funds,351,high_value_repeat,Yes
6754-WKSHP,304.20000000000005,30,Bank transfer (automatic),3,insufficient_funds,371,high_value_repeat,No
9846-GKXAS,1089.6,9,Bank transfer (automatic),1,bank_decline,377,occasional,Yes
6017-PPLPX,845.4000000000001,20,Electronic check,2,insufficient_funds,282,occasional,Yes
4976-LNFVV,411.59999999999997,19,Credit card (automatic),0,card_expired,421,occasional,No
5055-MGMGF,1260.6,65,Electronic check,2,network_error,3360,high_value_repeat,Yes
4641-FROLU,231.60000000000002,30,Mailed check,1,card_expired,447,high_value_repeat,No
2862-JVEOY,229.79999999999998,6,Mailed check,2,insufficient_funds,233,occasional,No
2969-QWUBZ,616.8,2,Electronic check,0,network_error,2224,new_customer,Yes
9822-BIIGN,862.1999999999999,53,Electronic check,1,bank_decline,317,high_value_repeat,No
2077-MPJQO,904.8000000000001,7,Electronic check,1,card_expired,407,occasional,No
1534-OULXE,596.4000000000001,61,Bank transfer (automatic),0,card_expired,599,high_value_repeat,No
7136-RVDTZ,543.0,70,Electronic check,0,insufficient_funds,377,high_value_repeat,Yes
2971-SGAFL,945.0,13,Electronic check,0,insufficient_funds,386,occasional,No
1480-IVEVR,979.1999999999999,35,Bank transfer (automatic),0,insufficient_funds,666,high_value_repeat,Yes
2905-KFQUV,844.8000000000001,2,Credit card (automatic),2,insufficient_funds,531,new_customer,Yes
4581-SSPWD,909.5999999999999,3,Electronic check,0,bank_decline,486,new_customer,Yes
3370-HXOPH,913.1999999999999,3,Electronic check,0,network_error,4066,new_customer,Yes
9391-YZEJW,1128.0,62,Bank transfer (automatic),1,network_error,2891,high_value_repeat,Yes
9958-MEKUC,1247.4,72,Credit card (automatic),0,card_expired,102,high_value_repeat,No
0281-CNTZX,239.39999999999998,63,Bank transfer (automatic),1,insufficient_funds,524,high_value_repeat,No
6927-WTFIV,855.5999999999999,20,Credit card (automatic),0,bank_decline,161,occasional,Yes
4118-CEVPF,1329.6,35,Bank transfer (automatic),3,insufficient_funds,467,high_value_repeat,No
3398-ZOUAA,829.1999999999999,21,Electronic check,2,insufficient_funds,142,occasional,No
9114-VEPUF,1153.1999999999998,62,Electronic check,2,card_expired,329,high_value_repeat,No
7876-BEUTG,585.5999999999999,15,Mailed check,0,bank_decline,345,occasional,Yes
2338-BQEZT,606.5999999999999,55,Credit card (automatic),2,bank_decline,284,high_value_repeat,Yes
9873-MNDKV,535.8,11,Mailed check,0,insufficient_funds,347,occasional,No
0378-NHQXU,1059.0,17,Electronic check,0,bank_decline,554,occasional,No
8241-JUIQO,233.39999999999998,61,Bank transfer (automatic),0,insufficient_funds,292,high_value_repeat,Yes
2194-IIQOF,1071.6,71,Credit card (automatic),1,insufficient_funds,481,high_value_repeat,No
4512-ZUIYL,840.0,2,Bank transfer (automatic),1,bank_decline,255,new_customer,No
9631-RXVJM,231.0,35,Mailed check,1,bank_decline,371,high_value_repeat,Yes
9584-EXCDZ,846.0,17,Bank transfer (automatic),0,card_expired,448,occasional,No
7969-AULMZ,1168.1999999999998,21,Electronic check,0,card_expired,250,occasional,No
5093-FEGLU,235.79999999999998,47,Bank transfer (automatic),1,bank_decline,203,high_value_repeat,No
2621-UDNLU,250.20000000000002,3,Mailed check,0,network_error,2893,new_customer,Yes
7526-IVLYU,235.79999999999998,3,Mailed check,1,bank_decline,568,new_customer,Yes
2428-HYUNX,232.20000000000002,44,Credit card (automatic),0,card_expired,388,high_value_repeat,No
9214-EKVXR,528.0,1,Mailed check,2,bank_decline,331,new_customer,No
3410-MHHUM,1132.8000000000002,44,Electronic check,1,bank_decline,423,high_value_repeat,Yes
0568-ONFPC,310.79999999999995,5,Bank transfer (automatic),0,insufficient_funds,408,occasional,No
0733-VUNUW,667.8,24,Bank transfer (automatic),0,bank_decline,436,occasional,Yes
4550-EVXNY,835.8000000000001,1,Electronic check,1,card_expired,50,new_customer,No
2122-YWVYA,904.8000000000001,18,Electronic check,2,insufficient_funds,239,occasional,Yes
2968-SSGAA,1207.1999999999998,10,Electronic check,0,card_expired,273,occasional,No
2296-DKZFP,852.0,65,Bank transfer (automatic),0,insufficient_funds,422,high_value_repeat,No
4844-JJWUY,1032.0,1,Electronic check,2,card_expired,427,new_customer,No
6777-TGHTM,1283.4,53,Credit card (automatic),1,bank_decline,495,high_value_repeat,No
8909-BOLNL,254.39999999999998,3,Mailed check,0,insufficient_funds,438,new_customer,Yes
6603-YRDCJ,732.5999999999999,33,Mailed check,1,insufficient_funds,204,high_value_repeat,No
3538-WZPHD,355.20000000000005,3,Electronic check,0,bank_decline,617,new_customer,No
3229-USWAR,959.4000000000001,34,Bank transfer (automatic),1,insufficient_funds,590,high_value_repeat,No
2138-VFAPZ,236.39999999999998,14,Mailed check,0,insufficient_funds,211,occasional,Yes
6131-JLWZM,243.60000000000002,13,Mailed check,3,insufficient_funds,449,occasional,No
4785-QRJHC,718.8,46,Bank transfer (automatic),1,card_expired,310,high_value_repeat,No
0269-XFESX,292.20000000000005,23,Mailed check,1,card_expired,420,occasional,No
1709-EJDOX,237.0,47,Mailed check,1,bank_decline,557,high_value_repeat,No
4316-XCSLJ,603.5999999999999,17,Mailed check,3,card_expired,719,occasional,No
8610-WFCJF,1147.1999999999998,49,Electronic check,2,bank_decline,512,high_value_repeat,Yes
9693-XMUOB,603.0,59,Electronic check,1,card_expired,444,high_value_repeat,Yes
0383-CLDDA,1024.1999999999998,69,Credit card (automatic),1,insufficient_funds,349,high_value_repeat,Yes
4905-JEFDW,499.20000000000005,11,Electronic check,1,network_error,2645,occasional,Yes
2709-UQGNP,619.8,10,Mailed check,1,network_error,3587,occasional,Yes
3549-ZTMNH,288.0,12,Bank transfer (automatic),0,card_expired,393,occasional,No
7881-INRLC,1210.1999999999998,45,Credit card (automatic),1,insufficient_funds,267,high_value_repeat,Yes
8033-ATFAS,718.2,39,Mailed check,0,insufficient_funds,157,high_value_repeat,Yes
1635-NZATJ,305.4,71,Credit card (automatic),3,insufficient_funds,476,high_value_repeat,Yes
0562-HKHML,286.79999999999995,71,Credit card (automatic),0,insufficient_funds,437,high_value_repeat,Yes
8277-RVRSV,289.79999999999995,33,Credit card (automatic),3,network_error,1983,high_value_repeat,Yes
9943-VSZUV,908.4000000000001,67,Mailed check,1,insufficient_funds,553,high_value_repeat,No
0117-LFRMW,482.40000000000003,37,Bank transfer (automatic),1,network_error,2162,high_value_repeat,No
6172-FECYY,1014.0,49,Electronic check,1,insufficient_funds,379,high_value_repeat,Yes
7054-ENNGU,610.2,9,Mailed check,0,insufficient_funds,397,occasional,Yes
1455-HFBXA,1099.1999999999998,52,Credit card (automatic),0,card_expired,347,high_value_repeat,No
9402-CXWPL,1186.8000000000002,70,Electronic check,0,insufficient_funds,435,high_value_repeat,Yes
1628-BIZYP,1020.0,1,Electronic check,1,bank_decline,572,new_customer,No
1965-AKTSX,947.4000000000001,14,Electronic check,0,insufficient_funds,228,occasional,Yes
0082-LDZUE,531.5999999999999,1,Mailed check,2,insufficient_funds,473,new_customer,Yes
4786-UKSNZ,242.39999999999998,1,Mailed check,0,bank_decline,425,new_customer,No
5343-SGUBI,962.4000000000001,52,Mailed check,0,card_expired,423,high_value_repeat,No
0856-NAOES,730.8,6,Mailed check,0,insufficient_funds,530,occasional,Yes
1976-AZZPJ,410.40000000000003,7,Mailed check,3,insufficient_funds,407,occasional,No
7248-VZQLC,1022.4000000000001,47,Bank transfer (automatic),1,network_error,2884,high_value_repeat,Yes
6156-UZDLF,1045.8000000000002,26,Credit card (automatic),0,bank_decline,507,high_value_repeat,No
3099-OONVS,651.5999999999999,25,Electronic check,1,bank_decline,324,high_value_repeat,Yes
9500-WBGRP,229.20000000000002,69,Mailed check,0,insufficient_funds,444,high_value_repeat,Yes
5183-KLYEM,1353.0,72,Credit card (automatic),3,bank_decline,362,high_value_repeat,Yes
5144-PQCDZ,239.39999999999998,4,Mailed check,1,insufficient_funds,380,occasional,Yes
8514-VZHEB,234.0,59,Mailed check,0,insufficient_funds,351,high_value_repeat,Yes
6625-IUTTT,786.5999999999999,67,Bank transfer (automatic),1,bank_decline,470,high_value_repeat,No
9355-NPPFS,945.5999999999999,26,Electronic check,0,insufficient_funds,412,high_value_repeat,Yes
0068-FIGTF,938.4000000000001,27,Mailed check,3,insufficient_funds,459,high_value_repeat,No
5965-GGPRW,1263.0,72,Bank transfer (automatic),0,insufficient_funds,397,high_value_repeat,Yes
8035-PWSEV,1071.0,6,Electronic check,1,insufficient_funds,159,occasional,Yes
2236-HILPA,247.79999999999998,62,Credit card (automatic),0,network_error,2525,high_value_repeat,No
1840-BIUOG,824.4000000000001,20,Electronic check,1,card_expired,409,occasional,No
1356-MKYSK,943.8000000000001,6,Credit card (automatic),2,insufficient_funds,436,occasional,Yes
6080-LNESI,297.0,51,Mailed check,1,card_expired,310,high_value_repeat,No
1830-IPXVJ,237.0,61,Credit card (automatic),1,bank_decline,220,high_value_repeat,No
5828-DWPIL,1069.1999999999998,62,Electronic check,2,bank_decline,493,high_value_repeat,Yes
8398-TBIYD,1016.4000000000001,72,Bank transfer (automatic),0,insufficient_funds,358,high_value_repeat,Yes
0011-IGKFF,1176.0,13,Electronic check,0,bank_decline,425,occasional,No
4192-GORJT,1133.4,5,Electronic check,0,network_error,2274,occasional,Yes
6496-SLWHQ,1260.0,3,Electronic check,3,insufficient_funds,399,new_customer,Yes
9912-GVSEQ,1126.1999999999998,26,Electronic check,0,insufficient_funds,332,high_value_repeat,No
2931-FSOHN,718.8,13,Electronic check,1,insufficient_funds,254,occasional,Yes
9418-RUKPH,239.39999999999998,38,Mailed check,1,network_error,2878,high_value_repeat,Yes
5383-MMTWC,1008.0,8,Electronic check,0,insufficient_funds,309,occasional,No
9971-ZWPBF,1306.8000000000002,34,Electronic check,0,card_expired,424,high_value_repeat,No
4712-AUQZO,403.20000000000005,18,Mailed check,0,insufficient_funds,461,occasional,Yes
9711-FJTBX,1030.1999999999998,56,Mailed check,0,bank_decline,311,high_value_repeat,No
2908-ZTPNF,418.20000000000005,36,Bank transfer (automatic),0,insufficient_funds,219,high_value_repeat,Yes
7240-ETPTR,585.0,9,Electronic check,0,bank_decline,763,occasional,Yes
2202-CUYXZ,1018.1999999999999,1,Electronic check,2,bank_decline,320,new_customer,Yes
5995-OIGLP,679.8,12,Mailed check,3,insufficient_funds,493,occasional,No
8421-WZOOW,1143.6,57,Credit card (automatic),0,card_expired,690,high_value_repeat,No
6261-RCVNS,886.8000000000001,42,Credit card (automatic),0,insufficient_funds,518,high_value_repeat,Yes
7951-QKZPL,294.0,33,Mailed check,0,bank_decline,354,high_value_repeat,No
1414-YADCW,1015.1999999999999,70,Bank transfer (automatic),1,card_expired,389,high_value_repeat,No
8756-RDDLT,539.4000000000001,68,Electronic check,2,insufficient_funds,275,high_value_repeat,No
2862-PFNIK,296.4,1,Electronic check,0,insufficient_funds,532,new_customer,Yes
5816-QVHRX,1203.6,37,Credit card (automatic),0,insufficient_funds,484,high_value_repeat,Yes
4430-YHXGG,305.4,4,Mailed check,2,bank_decline,322,occasional,Yes
6888-SBYAI,608.4000000000001,1,Mailed check,1,network_error,1666,new_customer,Yes
7395-XWZOY,660.0,20,Credit card (automatic),0,bank_decline,201,occasional,No
7169-YWAMK,820.8000000000001,72,Bank transfer (automatic),1,insufficient_funds,547,high_value_repeat,No
3640-PHQXK,1078.8000000000002,31,Electronic check,0,insufficient_funds,418,high_value_repeat,Yes
6877-LGWXO,942.5999999999999,18,Electronic check,0,bank_decline,432,occasional,No
6859-RKMZJ,660.5999999999999,11,Bank transfer (automatic),2,insufficient_funds,276,occasional,Yes
2729-VNVAP,237.60000000000002,33,Credit card (automatic),2,bank_decline,180,high_value_repeat,Yes
2957-JIRMN,1013.4000000000001,62,Electronic check,0,insufficient_funds,544,high_value_repeat,Yes
2049-BAFNW,430.79999999999995,1,Mailed check,3,insufficient_funds,406,new_customer,No
3842-QTGDL,969.0,16,Bank transfer (automatic),0,network_error,3225,occasional,Yes
7163-OCEQI,943.8000000000001,22,Mailed check,2,bank_decline,342,occasional,Yes
9782-LGXMC,741.0,49,Bank transfer (automatic),1,bank_decline,364,high_value_repeat,Yes
5975-BAICR,764.4000000000001,36,Credit card (automatic),2,insufficient_funds,506,high_value_repeat,Yes
8019-ENHXU,1193.4,42,Electronic check,3,insufficient_funds,509,high_value_repeat,No
5167-GBFRE,302.4,4,Bank transfer (automatic),0,card_expired,519,occasional,No
9033-EOXWV,888.5999999999999,12,Mailed check,3,card_expired,355,occasional,No
4673-KKSLS,1051.1999999999998,31,Electronic check,2,network_error,2991,high_value_repeat,Yes
4853-OITSN,1069.8000000000002,5,Electronic check,2,insufficient_funds,566,occasional,No
9800-OUIGR,240.0,66,Credit card (automatic),0,bank_decline,384,high_value_repeat,Yes
1324-NLTJE,660.0,15,Credit card (automatic),2,card_expired,322,occasional,No
2324-EFHVG,1252.8000000000002,64,Bank transfer (automatic),2,bank_decline,601,high_value_repeat,No
7094-MSZAO,240.60000000000002,10,Credit card (automatic),0,card_expired,301,occasional,No
1522-VVDMG,1077.0,7,Electronic check,3,insufficient_funds,494,occasional,Yes
6907-CQGPN,411.59999999999997,29,Electronic check,0,bank_decline,391,high_value_repeat,Yes
0780-XNZFN,247.79999999999998,57,Bank transfer (automatic),0,card_expired,123,high_value_repeat,No
0239-OXEXL,1011.0,46,Mailed check,1,bank_decline,569,high_value_repeat,Yes
2675-IJRGJ,235.79999999999998,53,Bank transfer (automatic),1,bank_decline,50,high_value_repeat,Yes
7049-GKVZY,958.1999999999999,17,Credit card (automatic),1,network_error,912,occasional,Yes
8577-QSOCG,242.39999999999998,38,Mailed check,0,card_expired,479,high_value_repeat,No
3721-CNZHX,237.60000000000002,15,Mailed check,3,insufficient_funds,479,occasional,No
0212-ISBBF,604.2,22,Electronic check,0,insufficient_funds,304,occasional,No
9185-TQCVP,1021.8000000000001,14,Electronic check,0,insufficient_funds,422,occasional,No
3585-YNADK,895.1999999999999,57,Bank transfer (automatic),0,insufficient_funds,50,high_value_repeat,Yes
5271-DBYSJ,949.8000000000001,11,Credit card (automatic),1,insufficient_funds,506,occasional,Yes
1099-GODLO,244.20000000000002,1,Mailed check,3,insufficient_funds,437,new_customer,Yes
6828-HMKWP,252.60000000000002,12,Bank transfer (automatic),1,insufficient_funds,393,occasional,No
5567-WSELE,1135.1999999999998,3,Electronic check,2,insufficient_funds,403,new_customer,No
1472-TNCWL,1136.4,36,Electronic check,0,insufficient_funds,473,high_value_repeat,Yes
8063-RJYNF,1131.0,16,Electronic check,1,insufficient_funds,395,occasional,Yes
0687-ZVTHB,869.4000000000001,65,Credit card (automatic),1,network_error,1000,high_value_repeat,Yes
2080-GKCWQ,899.4000000000001,2,Electronic check,1,card_expired,729,new_customer,No
9661-ACXBS,1262.4,42,Electronic check,0,insufficient_funds,580,high_value_repeat,Yes
2193-SFWQW,1343.4,72,Bank transfer (automatic),1,card_expired,207,high_value_repeat,No
5656-JAMLX,238.20000000000002,62,Bank transfer (automatic),1,bank_decline,348,high_value_repeat,No
3462-BJQQA,1077.0,6,Electronic check,2,insufficient_funds,364,occasional,Yes
0442-TDYUO,240.60000000000002,48,Mailed check,1,card_expired,561,high_value_repeat,No
6733-LRIZX,1307.4,35,Electronic check,0,bank_decline,76,high_value_repeat,Yes
9503-XJUME,235.79999999999998,52,Credit card (automatic),1,bank_decline,325,high_value_repeat,No
4367-NHWMM,298.79999999999995,1,Mailed check,0,insufficient_funds,135,new_customer,Yes
3727-RJMEO,994.1999999999999,6,Electronic check,2,card_expired,357,occasional,No
3779-OSWCF,1118.4,71,Credit card (automatic),1,insufficient_funds,329,high_value_repeat,Yes
6736-DHUQI,1017.5999999999999,67,Bank transfer (automatic),0,card_expired,411,high_value_repeat,No
3915-ODIYG,861.0,60,Electronic check,3,bank_decline,309,high_value_repeat,No
1360-RCYRT,364.20000000000005,23,Bank transfer (automatic),1,card_expired,287,occasional,No
2724-FJDYW,658.2,39,Bank transfer (automatic),0,bank_decline,492,high_value_repeat,No
4451-RWASJ,234.0,15,Mailed check,1,insufficient_funds,468,occasional,Yes
6646-VRFOL,1246.1999999999998,53,Electronic check,0,bank_decline,482,high_value_repeat,Yes
3460-TJBWI,290.4,24,Mailed check,2,card_expired,373,occasional,No
5917-HBSDW,232.20000000000002,37,Electronic check,2,insufficient_funds,314,high_value_repeat,No
5685-IIXLY,1003.1999999999999,5,Electronic check,3,card_expired,382,occasional,No
5671-UUNXD,1207.8000000000002,50,Electronic check,1,insufficient_funds,475,high_value_repeat,Yes
0956-ACVZC,1129.1999999999998,54,Credit card (automatic),1,insufficient_funds,73,high_value_repeat,No
2325-NBPZG,894.5999999999999,3,Electronic check,2,bank_decline,459,new_customer,No
4250-ZBWLV,1301.4,68,Electronic check,0,insufficient_funds,446,high_value_repeat,No
4482-FTFFX,673.8,5,Electronic check,1,network_error,2549,occasional,Yes
8859-DZTGQ,244.20000000000002,33,Mailed check,1,insufficient_funds,377,high_value_repeat,No
0440-MOGPM,966.5999999999999,41,Electronic check,0,insufficient_funds,50,high_value_repeat,Yes
0020-JDNXP,735.0,34,Mailed check,0,bank_decline,334,high_value_repeat,No
3752-CQSJI,245.39999999999998,13,Mailed check,2,insufficient_funds,668,occasional,No
5025-GOOKI,226.79999999999998,20,Credit card (automatic),2,card_expired,401,occasional,No
4698-KVLLG,235.20000000000002,51,Credit card (automatic),0,card_expired,353,high_value_repeat,Yes
5095-AESKG,1098.0,3,Credit card (automatic),0,card_expired,402,new_customer,No
2887-JPYLU,542.4000000000001,41,Bank transfer (automatic),0,bank_decline,453,high_value_repeat,No
4770-QAZXN,233.39999999999998,13,Credit card (automatic),2,network_error,3027,occasional,Yes
4896-CPRPF,305.4,35,Bank transfer (automatic),0,insufficient_funds,365,high_value_repeat,Yes
1871-MOWRM,970.1999999999999,12,Bank transfer (automatic),1,bank_decline,463,occasional,Yes
9714-EDSUC,1138.8000000000002,4,Mailed check,0,insufficient_funds,651,occasional,Yes
2027-OAQQC,588.5999999999999,43,Bank transfer (automatic),1,card_expired,550,high_value_repeat,No
0282-NVSJS,351.6,12,Mailed check,0,bank_decline,751,occasional,Yes
9090-SGQXL,1263.6,68,Electronic check,2,card_expired,301,high_value_repeat,No
6595-YGXIT,1067.4,25,Electronic check,0,bank_decline,651,high_value_repeat,No
7353-YOWFP,243.0,7,Mailed check,1,network_error,1867,occasional,No
9835-ZIITK,1330.1999999999998,66,Electronic check,0,bank_decline,453,high_value_repeat,Yes
8008-ESFLK,1326.0,53,Electronic check,1,bank_decline,509,high_value_repeat,Yes
7537-CBQUZ,1312.8000000000002,63,Bank transfer (automatic),2,insufficient_funds,323,high_value_repeat,No
1555-DJEQW,1370.4,70,Bank transfer (automatic),0,insufficient_funds,413,high_value_repeat,Yes
5649-TJHOV,438.0,27,Bank transfer (automatic),2,card_expired,536,high_value_repeat,No
0519-XUZJU,849.0,1,Mailed check,1,network_error,1931,new_customer,Yes
3363-EWLGO,239.39999999999998,5,Mailed check,0,insufficient_funds,650,occasional,Yes
4750-UKWJK,235.20000000000002,37,Mailed check,0,insufficient_funds,192,high_value_repeat,Yes
6338-AVWCY,481.79999999999995,3,Mailed check,0,insufficient_funds,690,new_customer,Yes
1689-YQBYY,919.1999999999999,12,Electronic check,1,bank_decline,550,occasional,No
4487-ZYJZK,235.20000000000002,38,Credit card (automatic),2,network_error,2428,high_value_repeat,No
2959-FENLU,1023.5999999999999,9,Credit card (automatic),0,insufficient_funds,339,occasional,No
0708-LGSMF,790.1999999999999,13,Electronic check,1,insufficient_funds,323,occasional,No
9253-QXKBE,1133.4,29,Electronic check,2,insufficient_funds,379,high_value_repeat,No
7634-HLQJR,240.60000000000002,47,Credit card (automatic),3,insufficient_funds,392,high_value_repeat,No
0487-RPVUM,1192.8000000000002,61,Bank transfer (automatic),1,insufficient_funds,588,high_value_repeat,No
4079-ULGFR,240.0,16,Mailed check,3,bank_decline,695,occasional,Yes
2516-XSJKX,941.4000000000001,41,Electronic check,1,bank_decline,429,high_value_repeat,Yes
0057-QBUQH,301.20000000000005,43,Electronic check,0,insufficient_funds,273,high_value_repeat,Yes
9445-SZLCH,1168.1999999999998,36,Bank transfer (automatic),2,insufficient_funds,318,high_value_repeat,No
6599-SFQVE,660.0,6,Electronic check,1,insufficient_funds,372,occasional,No
8331-ZXFOE,853.1999999999999,58,Credit card (automatic),1,card_expired,245,high_value_repeat,No
4003-FUSHP,738.5999999999999,19,Credit card (automatic),1,insufficient_funds,223,occasional,Yes
0356-ERHVT,550.8,11,Bank transfer (automatic),2,insufficient_funds,714,occasional,No
7325-ENZFI,483.59999999999997,39,Bank transfer (automatic),2,insufficient_funds,445,high_value_repeat,No
4884-ZTHVF,1045.1999999999998,8,Electronic check,0,network_error,1833,occasional,Yes
3920-HIHMQ,594.0,26,Mailed check,0,network_error,3153,high_value_repeat,No
3055-OYMSE,885.5999999999999,53,Credit card (automatic),1,card_expired,223,high_value_repeat,No
0613-WUXUM,230.39999999999998,70,Mailed check,1,insufficient_funds,235,high_value_repeat,No
7568-PODML,543.5999999999999,1,Mailed check,0,bank_decline,279,new_customer,No
4458-KVRBJ,300.0,59,Mailed check,2,bank_decline,648,high_value_repeat,Yes
5349-IECLD,1139.4,2,Electronic check,1,insufficient_funds,362,new_customer,Yes
1397-XKKWR,423.59999999999997,7,Mailed check,0,insufficient_funds,50,occasional,Yes
3945-GFWQL,534.5999999999999,12,Electronic check,0,card_expired,581,occasional,Yes
8097-OMULG,921.0,59,Credit card (automatic),0,insufficient_funds,354,high_value_repeat,Yes
6013-BHCAW,972.0,61,Bank transfer (automatic),3,insufficient_funds,122,high_value_repeat,No
0401-WDBXM,1266.6,72,Bank transfer (automatic),0,card_expired,352,high_value_repeat,No
3387-PLKUI,225.60000000000002,13,Mailed check,0,card_expired,478,occasional,No
6096-EGVTU,298.79999999999995,64,Mailed check,1,insufficient_funds,460,high_value_repeat,Yes
3797-VTIDR,281.4,1,Electronic check,0,card_expired,669,new_customer,No
5081-NWSUP,778.8000000000001,10,Mailed check,0,bank_decline,272,occasional,No
2580-ATZSQ,736.2,65,Bank transfer (automatic),0,insufficient_funds,407,high_value_repeat,No
8085-MSNLK,1367.4,62,Mailed check,1,network_error,1940,high_value_repeat,Yes
9691-HKOVS,1081.8000000000002,55,Electronic check,1,insufficient_funds,168,high_value_repeat,Yes
9881-VCZEP,649.2,25,Electronic check,0,insufficient_funds,532,high_value_repeat,Yes
9526-BIHHD,356.4,1,Mailed check,0,card_expired,469,new_customer,No
8757-TFHHJ,597.5999999999999,1,Credit card (automatic),3,insufficient_funds,442,new_customer,No
4523-WXCEF,1213.1999999999998,59,Electronic check,0,insufficient_funds,464,high_value_repeat,Yes
1468-DEFNC,292.79999999999995,64,Bank transfer (automatic),0,insufficient_funds,297,high_value_repeat,Yes
5119-KEPFY,1140.0,36,Bank transfer (automatic),0,card_expired,249,high_value_repeat,No
8364-TRMMK,607.8,3,Mailed check,1,network_error,2530,new_customer,Yes
0916-KNFAJ,838.8000000000001,61,Mailed check,2,insufficient_funds,574,high_value_repeat,No
8319-QBEHW,479.40000000000003,26,Bank transfer (automatic),0,network_error,3786,high_value_repeat,Yes
3063-QFSZL,664.8,1,Electronic check,1,insufficient_funds,519,new_customer,Yes
8775-LHDJH,1087.1999999999998,1,Electronic check,0,card_expired,404,new_customer,No
9625-QNLUX,1239.0,68,Credit card (automatic),0,insufficient_funds,440,high_value_repeat,Yes
3097-NQYSN,1042.1999999999998,2,Mailed check,2,network_error,2509,new_customer,Yes
4024-CSNBY,1131.0,72,Bank transfer (automatic),0,bank_decline,246,high_value_repeat,No
7110-BDTWG,564.5999999999999,71,Electronic check,1,bank_decline,403,high_value_repeat,Yes
7493-GVFIO,246.60000000000002,57,Credit card (automatic),0,insufficient_funds,199,high_value_repeat,Yes
0690-SRQID,235.79999999999998,4,Mailed check,1,bank_decline,381,occasional,No
9605-WGJVW,842.4000000000001,1,Electronic check,0,insufficient_funds,645,new_customer,Yes
9114-DPSIA,972.0,72,Credit card (automatic),2,bank_decline,523,high_value_repeat,Yes
4700-UBQMV,910.8000000000001,21,Bank transfer (automatic),0,insufficient_funds,261,occasional,Yes
7711-GQBZC,296.4,71,Bank transfer (automatic),2,insufficient_funds,389,high_value_repeat,Yes
3565-UNOCC,1188.6,29,Bank transfer (automatic),0,insufficient_funds,274,high_value_repeat,Yes
4627-MIHJH,1323.0,69,Credit card (automatic),1,insufficient_funds,390,high_value_repeat,No
9795-NREXC,1020.0,64,Credit card (automatic),0,network_error,3332,high_value_repeat,Yes
8573-CGOCC,237.0,16,Credit card (automatic),3,bank_decline,497,occasional,Yes
7356-AYNJP,286.79999999999995,4,Electronic check,0,card_expired,772,occasional,No
9249-FXSCK,1335.0,52,Credit card (automatic),0,network_error,3453,high_value_repeat,Yes
5493-SDRDQ,661.2,2,Mailed check,1,network_error,2663,new_customer,Yes
6286-SUUWT,239.39999999999998,1,Mailed check,0,insufficient_funds,501,new_customer,No
4819-HJPIW,301.79999999999995,18,Mailed check,0,insufficient_funds,369,occasional,Yes
8654-DHAOW,649.8,2,Mailed check,3,insufficient_funds,230,new_customer,Yes
5438-QMDDL,717.5999999999999,19,Mailed check,3,insufficient_funds,595,occasional,No
9812-GHVRI,1006.1999999999999,40,Bank transfer (automatic),0,insufficient_funds,551,high_value_repeat,Yes
5553-AOINX,1258.8000000000002,66,Electronic check,3,insufficient_funds,363,high_value_repeat,No
1228-ZLNBX,903.5999999999999,21,Mailed check,1,insufficient_funds,441,occasional,No
4226-KKDON,799.8000000000001,8,Electronic check,0,insufficient_funds,586,occasional,No
3831-YCPUO,1314.0,72,Credit card (automatic),1,bank_decline,526,high_value_repeat,No
7445-WMRBW,886.1999999999999,48,Bank transfer (automatic),1,insufficient_funds,180,high_value_repeat,Yes
3308-DGHKL,231.60000000000002,69,Bank transfer (automatic),3,card_expired,436,high_value_repeat,No
9924-JPRMC,1418.4,72,Electronic check,0,card_expired,374,high_value_repeat,No
0080-EMYVY,617.4000000000001,14,Credit card (automatic),1,card_expired,566,occasional,No
6218-KNUBD,713.4000000000001,6,Electronic check,0,insufficient_funds,554,occasional,Yes
7337-CINUD,234.0,8,Bank transfer (automatic),0,insufficient_funds,597,occasional,No
7609-NRNCA,234.60000000000002,17,Mailed check,0,insufficient_funds,232,occasional,Yes
0623-EJQEG,1122.6,65,Electronic check,3,insufficient_funds,282,high_value_repeat,Yes
7153-CHRBV,711.5999999999999,57,Mailed check,2,insufficient_funds,567,high_value_repeat,No
0871-URUWO,1227.0,13,Credit card (automatic),2,card_expired,311,occasional,No
9190-MFJLN,1150.8000000000002,19,Credit card (automatic),1,network_error,1282,occasional,No
6198-PNNSZ,1317.6,56,Bank transfer (automatic),0,card_expired,479,high_value_repeat,No
3317-VLGQT,937.1999999999999,14,Electronic check,0,insufficient_funds,317,occasional,Yes
4132-POCZS,478.79999999999995,52,Electronic check,0,insufficient_funds,668,high_value_repeat,Yes
5614-DNZCE,778.8000000000001,58,Credit card (automatic),0,bank_decline,444,high_value_repeat,Yes
1095-JUDTC,1140.6,47,Electronic check,2,insufficient_funds,424,high_value_repeat,No
3896-RCYYE,640.8,67,Credit card (automatic),1,network_error,2204,high_value_repeat,Yes
9638-JIQYA,298.79999999999995,2,Credit card (automatic),0,network_error,3772,new_customer,Yes
3258-SANFR,536.4000000000001,6,Credit card (automatic),0,insufficient_funds,453,occasional,Yes
3726-TBHQT,1368.0,71,Bank transfer (automatic),0,insufficient_funds,338,high_value_repeat,Yes
3190-ITQXP,243.0,46,Bank transfer (automatic),0,card_expired,280,high_value_repeat,No
0870-VEMYL,646.2,5,Credit card (automatic),3,insufficient_funds,388,occasional,Yes
4833-QTJNO,1006.1999999999999,67,Bank transfer (automatic),1,insufficient_funds,253,high_value_repeat,Yes
3039-MJSLN,242.39999999999998,3,Bank transfer (automatic),2,insufficient_funds,554,new_customer,No
0178-CIIKR,239.39999999999998,3,Mailed check,1,insufficient_funds,128,new_customer,No
5385-SUIRI,1250.4,52,Electronic check,0,card_expired,379,high_value_repeat,No
3982-XWFZQ,603.0,42,Electronic check,0,bank_decline,491,high_value_repeat,Yes
5774-QPLTF,244.20000000000002,50,Mailed check,2,insufficient_funds,451,high_value_repeat,No
2322-VCZHZ,1080.0,23,Electronic check,2,bank_decline,292,occasional,Yes
5010-IPEAQ,650.4000000000001,67,Credit card (automatic),0,bank_decline,499,high_value_repeat,Yes
4009-ALQFH,1194.0,25,Electronic check,1,bank_decline,267,high_value_repeat,No
6383-ZTSIW,1189.1999999999998,39,Mailed check,1,bank_decline,396,high_value_repeat,No
8990-YOZLV,802.8000000000001,69,Mailed check,1,insufficient_funds,497,high_value_repeat,No
3069-SSVSN,310.20000000000005,1,Mailed check,3,insufficient_funds,469,new_customer,Yes
5222-IMUKT,1092.6,32,Electronic check,1,card_expired,298,high_value_repeat,No
3627-FCRDW,852.0,9,Electronic check,1,card_expired,579,occasional,No
7562-GSUHK,1118.4,16,Credit card (automatic),0,bank_decline,413,occasional,Yes
6685-XSHHU,251.39999999999998,60,Bank transfer (automatic),0,bank_decline,511,high_value_repeat,Yes
8901-UPRHR,1310.4,72,Bank transfer (automatic),0,card_expired,629,high_value_repeat,No
4903-UYAVB,232.20000000000002,5,Mailed check,0,insufficient_funds,567,occasional,Yes
0118-JPNOY,1029.6,26,Credit card (automatic),1,insufficient_funds,568,high_value_repeat,No
6776-TLWOI,238.20000000000002,3,Mailed check,1,insufficient_funds,428,new_customer,No
3845-FXCYS,235.79999999999998,2,Electronic check,0,card_expired,519,new_customer,No
5857-XRECV,246.0,2,Bank transfer (automatic),2,card_expired,432,new_customer,No
0725-CXOTM,1075.8000000000002,36,Credit card (automatic),0,bank_decline,218,high_value_repeat,No
4343-EJVQB,892.1999999999999,7,Mailed check,0,card_expired,445,occasional,No
9000-PLFUZ,593.4000000000001,60,Credit card (automatic),0,bank_decline,438,high_value_repeat,Yes
3427-GGZZI,1069.1999999999998,19,Electronic check,0,card_expired,487,occasional,No
7779-ORAEL,901.8000000000001,45,Credit card (automatic),0,bank_decline,380,high_value_repeat,Yes
0644-OQMDK,847.8000000000001,4,Electronic check,1,insufficient_funds,285,occasional,No
4077-CROMM,1250.4,31,Electronic check,0,bank_decline,498,high_value_repeat,Yes
3154-CFSZG,1080.6,47,Electronic check,3,network_error,1449,high_value_repeat,Yes
2868-MZAGQ,951.0,1,Electronic check,0,insufficient_funds,618,new_customer,No
4847-QNOKA,538.8,1,Bank transfer (automatic),0,insufficient_funds,365,new_customer,No
2220-IAHLS,232.79999999999998,1,Credit card (automatic),0,bank_decline,436,new_customer,Yes
1658-XUHBX,1065.0,59,Credit card (automatic),1,insufficient_funds,483,high_value_repeat,No
6379-RXJRQ,841.1999999999999,10,Electronic check,0,card_expired,488,occasional,No
2378-HTWFW,1092.0,35,Credit card (automatic),2,insufficient_funds,188,high_value_repeat,No
8650-RHRKE,355.79999999999995,4,Electronic check,1,network_error,3159,occasional,No
4377-VDHYI,1089.6,32,Electronic check,1,bank_decline,445,high_value_repeat,Yes
0475-RIJEP,934.1999999999999,43,Electronic check,1,insufficient_funds,304,high_value_repeat,Yes
1260-TTRXI,651.5999999999999,4,Electronic check,0,insufficient_funds,287,occasional,Yes
3719-TDVQB,227.39999999999998,54,Mailed check,0,bank_decline,349,high_value_repeat,Yes
6328-ZPBGN,1141.8000000000002,11,Bank transfer (automatic),0,network_error,1461,occasional,Yes
0201-MIBOL,1228.8000000000002,66,Bank transfer (automatic),1,bank_decline,658,high_value_repeat,No
4937-QPZPO,1198.8000000000002,61,Electronic check,0,insufficient_funds,622,high_value_repeat,Yes
2925-VDZHY,1064.4,72,Credit card (automatic),0,insufficient_funds,467,high_value_repeat,Yes
6981-TDRFT,651.5999999999999,44,Electronic check,3,insufficient_funds,366,high_value_repeat,No
3413-CSSTH,668.4000000000001,41,Bank transfer (automatic),0,network_error,2342,high_value_repeat,Yes
8033-VCZGH,1247.4,50,Electronic check,2,insufficient_funds,513,high_value_repeat,No
4789-KWMXN,1330.1999999999998,47,Credit card (automatic),2,insufficient_funds,663,high_value_repeat,Yes
0224-NIJLP,241.79999999999998,8,Mailed check,0,insufficient_funds,314,occasional,Yes
7542-CYDDM,240.60000000000002,18,Mailed check,0,insufficient_funds,232,occasional,Yes
4718-WXBGI,1103.4,72,Credit card (automatic),0,bank_decline,632,high_value_repeat,No
2867-UIMSS,966.0,1,Electronic check,1,insufficient_funds,131,new_customer,Yes
8495-PRWFH,667.8,42,Electronic check,1,network_error,1693,high_value_repeat,Yes
0439-IFYUN,896.4000000000001,18,Electronic check,2,bank_decline,362,occasional,No
5716-LIBJC,1249.8000000000002,13,Credit card (automatic),3,insufficient_funds,165,occasional,No
2868-LLSKM,1003.8000000000001,68,Bank transfer (automatic),1,network_error,3389,high_value_repeat,Yes
8111-RKSPX,866.4000000000001,4,Bank transfer (automatic),0,bank_decline,528,occasional,Yes
2988-QRAJY,1320.6,69,Credit card (automatic),0,bank_decline,313,high_value_repeat,No
1585-MQSSU,618.0,17,Mailed check,2,insufficient_funds,591,occasional,Yes
0071-NDAFP,306.0,25,Credit card (automatic),0,insufficient_funds,617,high_value_repeat,Yes
2856-NNASM,1074.6,43,Mailed check,0,insufficient_funds,383,high_value_repeat,Yes
7328-ZJAJO,234.0,59,Credit card (automatic),1,network_error,2139,high_value_repeat,Yes
6458-CYIDZ,968.4000000000001,5,Electronic check,0,network_error,4307,occasional,Yes
8559-CIZFV,930.0,21,Mailed check,3,network_error,3076,occasional,Yes
1090-PYKCI,1261.1999999999998,69,Credit card (automatic),1,insufficient_funds,438,high_value_repeat,No
3058-WQDRE,301.79999999999995,13,Bank transfer (automatic),0,insufficient_funds,604,occasional,Yes
7547-EKNFS,1143.0,42,Bank transfer (automatic),3,card_expired,445,high_value_repeat,No
2279-AXJJK,1147.8000000000002,52,Credit card (automatic),0,card_expired,324,high_value_repeat,No
6769-DYBQN,1020.0,46,Electronic check,0,network_error,2564,high_value_repeat,No
0909-SELIE,969.5999999999999,61,Bank transfer (automatic),0,insufficient_funds,555,high_value_repeat,Yes
3417-TSCIC,298.20000000000005,29,Mailed check,0,insufficient_funds,101,high_value_repeat,Yes
1042-HFUCW,657.0,25,Credit card (automatic),1,insufficient_funds,356,high_value_repeat,Yes
4439-JMPMT,1029.0,5,Electronic check,0,insufficient_funds,607,occasional,Yes
6537-OTKMY,609.0,15,Electronic check,0,insufficient_funds,323,occasional,Yes
8999-EXMNO,241.79999999999998,19,Mailed check,0,insufficient_funds,631,occasional,Yes
6725-TPKJO,240.60000000000002,44,Mailed check,2,insufficient_funds,612,high_value_repeat,Yes
2446-BEGGB,1179.0,6,Electronic check,2,insufficient_funds,390,occasional,Yes
7162-WPHPM,859.1999999999999,58,Credit card (automatic),0,insufficient_funds,314,high_value_repeat,Yes
1599-MMYRQ,977.4000000000001,62,Credit card (automatic),0,network_error,2270,high_value_repeat,Yes
8821-KVZKQ,700.8,70,Bank transfer (automatic),0,insufficient_funds,799,high_value_repeat,Yes
1496-GGSUK,308.4,1,Mailed check,0,network_error,3999,new_customer,Yes
6434-TTGJP,644.4000000000001,10,Credit card (automatic),2,network_error,2600,occasional,Yes
0042-JVWOJ,235.20000000000002,26,Bank transfer (automatic),1,card_expired,308,high_value_repeat,No
0130-SXOUN,1072.8000000000002,66,Credit card (automatic),0,bank_decline,417,high_value_repeat,No
2575-GFSOE,828.0,7,Electronic check,0,insufficient_funds,436,occasional,Yes
2330-PQGDQ,1010.4000000000001,51,Bank transfer (automatic),0,network_error,1505,high_value_repeat,Yes
1452-UZOSF,1273.1999999999998,72,Credit card (automatic),1,bank_decline,412,high_value_repeat,No
2097-YVPKN,309.0,65,Mailed check,0,bank_decline,598,high_value_repeat,No
2842-JTCCU,552.5999999999999,2,Bank transfer (automatic),3,insufficient_funds,130,new_customer,No
8597-CTXVJ,779.4000000000001,70,Bank transfer (automatic),2,insufficient_funds,523,high_value_repeat,No
6631-HMANX,1025.4,72,Credit card (automatic),0,insufficient_funds,606,high_value_repeat,Yes
9962-BFPDU,240.60000000000002,1,Mailed check,1,card_expired,315,new_customer,No
3296-SILRA,916.8000000000001,1,Mailed check,3,network_error,3855,new_customer,Yes
9681-OXGVC,1206.0,5,Electronic check,1,insufficient_funds,296,occasional,Yes
6394-HHHZM,248.39999999999998,3,Mailed check,0,card_expired,466,new_customer,No
5995-LFTLE,303.6,58,Credit card (automatic),0,network_error,2254,high_value_repeat,Yes
5180-UCIIQ,480.59999999999997,22,Mailed check,2,insufficient_funds,353,occasional,No
1932-UEDCX,1207.1999999999998,33,Bank transfer (automatic),1,bank_decline,307,high_value_repeat,Yes
7153-OANIO,839.4000000000001,1,Electronic check,1,network_error,3058,new_customer,No
5188-HGMLP,888.0,54,Bank transfer (automatic),2,insufficient_funds,527,high_value_repeat,No
0665-XHDJU,1192.8000000000002,72,Electronic check,2,card_expired,390,high_value_repeat,No
6521-YYTYI,1119.6,1,Electronic check,3,insufficient_funds,196,new_customer,No
8878-HMWBV,589.8,3,Electronic check,0,card_expired,460,new_customer,No
8265-HKSOW,1289.4,72,Credit card (automatic),1,bank_decline,463,high_value_repeat,No
3544-FBCAS,1003.1999999999999,72,Credit card (automatic),1,bank_decline,367,high_value_repeat,Yes
5331-RGMTT,1188.6,54,Credit card (automatic),2,insufficient_funds,680,high_value_repeat,No
4759-PXTAN,961.1999999999999,59,Electronic check,1,insufficient_funds,165,high_value_repeat,Yes
7054-DMVAS,783.5999999999999,54,Bank transfer (automatic),0,insufficient_funds,67,high_value_repeat,Yes
3428-MMGUB,1074.6,60,Electronic check,2,card_expired,290,high_value_repeat,No
6549-BTYPG,729.5999999999999,60,Credit card (automatic),1,insufficient_funds,506,high_value_repeat,No
7823-JSOAG,894.0,3,Electronic check,0,card_expired,241,new_customer,No
3705-RHRFR,1189.8000000000002,69,Bank transfer (automatic),1,insufficient_funds,252,high_value_repeat,Yes
9374-YOLBJ,231.0,1,Electronic check,0,insufficient_funds,542,new_customer,Yes
9074-KGVOX,473.40000000000003,50,Credit card (automatic),0,insufficient_funds,469,high_value_repeat,No
6128-DAFVY,538.2,56,Credit card (automatic),0,bank_decline,456,high_value_repeat,No
9933-QRGTX,1166.4,60,Electronic check,0,network_error,3125,high_value_repeat,Yes
4476-OSWTN,1326.6,69,Mailed check,1,insufficient_funds,336,high_value_repeat,No
3751-KTZEL,420.59999999999997,1,Mailed check,1,insufficient_funds,343,new_customer,Yes
1977-STDKI,876.0,1,Electronic check,1,card_expired,521,new_customer,Yes
5066-GFJMM,238.79999999999998,3,Mailed check,2,insufficient_funds,198,new_customer,Yes
2661-GKBTK,923.4000000000001,60,Bank transfer (automatic),0,card_expired,78,high_value_repeat,No
0458-HEUZG,424.79999999999995,13,Mailed check,0,bank_decline,335,occasional,Yes
7268-WNTCP,245.39999999999998,62,Bank transfer (automatic),2,card_expired,539,high_value_repeat,No
0824-VWDPO,1161.0,45,Bank transfer (automatic),0,card_expired,438,high_value_repeat,No
8409-WQJUX,650.4000000000001,25,Electronic check,3,card_expired,528,high_value_repeat,No
2578-JQPHZ,1201.1999999999998,44,Bank transfer (automatic),2,bank_decline,97,high_value_repeat,No
3278-FSIXX,543.0,2,Mailed check,1,bank_decline,447,new_customer,No
5813-UECBU,1006.1999999999999,33,Credit card (automatic),3,card_expired,498,high_value_repeat,No
0328-GRPMV,841.1999999999999,1,Electronic check,0,insufficient_funds,197,new_customer,Yes
9746-UGFAC,250.20000000000002,22,Bank transfer (automatic),0,card_expired,529,occasional,No
2946-KIQSP,401.40000000000003,35,Mailed check,1,insufficient_funds,383,high_value_repeat,No
0625-AFOHS,242.39999999999998,29,Mailed check,0,card_expired,860,high_value_repeat,No
6726-WEXXK,1030.8000000000002,27,Electronic check,3,card_expired,73,high_value_repeat,Yes
4636-OLWOE,732.0,54,Electronic check,0,insufficient_funds,605,high_value_repeat,Yes
4342-HENTK,847.8000000000001,2,Electronic check,1,insufficient_funds,340,new_customer,No
4685-ERGHK,1042.8000000000002,57,Electronic check,1,card_expired,157,high_value_repeat,No
0885-HMGPY,832.8000000000001,62,Bank transfer (automatic),1,bank_decline,320,high_value_repeat,No
5003-OKNNK,244.20000000000002,15,Credit card (automatic),0,card_expired,441,occasional,No
4195-SMMNX,244.20000000000002,2,Mailed check,0,network_error,3329,new_customer,No
7208-PSIHR,1251.6,70,Bank transfer (automatic),2,insufficient_funds,658,high_value_repeat,Yes
4012-ZTHBR,539.4000000000001,21,Electronic check,0,card_expired,613,occasional,No
0489-WMEMG,593.4000000000001,23,Electronic check,2,insufficient_funds,255,occasional,Yes
7435-ZNUYY,247.20000000000002,6,Mailed check,1,network_error,3404,occasional,Yes
1354-YZFNB,234.60000000000002,4,Credit card (automatic),2,insufficient_funds,458,occasional,Yes
6956-SMUCM,1188.0,3,Credit card (automatic),1,card_expired,301,new_customer,No
2985-FMWYF,1122.0,23,Electronic check,0,insufficient_funds,368,occasional,No
2812-ENYMO,654.5999999999999,26,Credit card (automatic),1,insufficient_funds,293,high_value_repeat,Yes
2717-HVIZY,240.60000000000002,8,Mailed check,2,bank_decline,405,occasional,No
3223-WZWJM,1007.4000000000001,26,Electronic check,0,insufficient_funds,290,high_value_repeat,Yes
3422-GALYP,953.4000000000001,2,Electronic check,3,insufficient_funds,245,new_customer,No
9053-JZFKV,1394.4,67,Credit card (automatic),1,card_expired,471,high_value_repeat,No
2530-ENDWQ,1124.4,71,Bank transfer (automatic),0,bank_decline,494,high_value_repeat,Yes
2890-WFBHU,958.1999999999999,59,Credit card (automatic),0,insufficient_funds,371,high_value_repeat,Yes
0327-WFZSY,1200.0,39,Electronic check,3,network_error,3594,high_value_repeat,Yes
7977-HXJKU,235.20000000000002,21,Mailed check,0,bank_decline,360,occasional,No
6615-ZGEDR,236.39999999999998,1,Mailed check,2,insufficient_funds,354,new_customer,No
7033-CLAMM,242.39999999999998,48,Bank transfer (automatic),2,insufficient_funds,499,high_value_repeat,No
4023-RTIQM,604.8,31,Credit card (automatic),0,insufficient_funds,380,high_value_repeat,No
0864-FVJNJ,1360.1999999999998,64,Electronic check,0,bank_decline,412,high_value_repeat,No
7356-IWLFW,960.0,46,Bank transfer (automatic),1,insufficient_funds,50,high_value_repeat,No
9541-PWTWO,971.4000000000001,52,Bank transfer (automatic),0,insufficient_funds,402,high_value_repeat,Yes
3967-VQOGC,298.79999999999995,67,Mailed check,2,network_error,1038,high_value_repeat,Yes
7872-RDDLZ,658.8,67,Electronic check,0,card_expired,216,high_value_repeat,No
9250-WYPLL,906.5999999999999,5,Electronic check,1,insufficient_funds,199,occasional,No
6308-CQRBU,1311.0,71,Electronic check,2,card_expired,243,high_value_repeat,No
2754-XBHTB,931.8000000000001,9,Bank transfer (automatic),0,insufficient_funds,317,occasional,Yes
1597-LHYNC,1140.0,26,Electronic check,0,insufficient_funds,327,high_value_repeat,Yes
0186-CAERR,1395.6,71,Bank transfer (automatic),0,card_expired,499,high_value_repeat,No
3043-SUDUA,238.79999999999998,32,Bank transfer (automatic),0,bank_decline,433,high_value_repeat,No
5442-BHQNG,844.1999999999999,2,Electronic check,1,insufficient_funds,114,new_customer,Yes
2169-RRLFW,307.20000000000005,71,Credit card (automatic),2,bank_decline,412,high_value_repeat,Yes
5872-OEQNH,533.4000000000001,60,Electronic check,0,card_expired,447,high_value_repeat,No
3162-KKZXO,1201.8000000000002,55,Electronic check,1,insufficient_funds,350,high_value_repeat,Yes
7055-VKGDA,1264.8000000000002,54,Credit card (automatic),1,network_error,2451,high_value_repeat,Yes
0754-UKWQP,1150.1999999999998,2,Electronic check,0,insufficient_funds,428,new_customer,Yes
8873-GLDMH,886.1999999999999,6,Mailed check,0,bank_decline,514,occasional,Yes
5696-JVVQY,841.1999999999999,48,Credit card (automatic),3,bank_decline,163,high_value_repeat,Yes
8946-BFWSG,303.0,63,Mailed check,1,insufficient_funds,363,high_value_repeat,No
7493-TPUWZ,949.8000000000001,1,Electronic check,1,insufficient_funds,626,new_customer,No
0547-HURJB,252.60000000000002,12,Credit card (automatic),1,insufficient_funds,612,occasional,No
8904-OPDCK,299.4,54,Bank transfer (automatic),0,insufficient_funds,527,high_value_repeat,Yes
8845-LWKGE,774.0,30,Electronic check,1,insufficient_funds,480,high_value_repeat,Yes
1577-HKTFG,235.79999999999998,30,Bank transfer (automatic),1,insufficient_funds,648,high_value_repeat,No
8752-STIVR,948.0,4,Electronic check,1,card_expired,687,occasional,No
0691-NIKRI,1271.4,40,Credit card (automatic),0,insufficient_funds,380,high_value_repeat,Yes
5022-JNQEQ,910.1999999999999,9,Electronic check,0,bank_decline,254,occasional,Yes
4558-FANTW,1102.1999999999998,17,Electronic check,0,bank_decline,359,occasional,Yes
3249-VHRIP,523.2,62,Credit card (automatic),3,card_expired,864,high_value_repeat,Yes
3736-BLEPA,1095.0,28,Bank transfer (automatic),0,bank_decline,164,high_value_repeat,No
4701-LKOZD,1077.0,70,Credit card (automatic),1,insufficient_funds,329,high_value_repeat,No
6603-QWSPR,1252.8000000000002,46,Bank transfer (automatic),0,insufficient_funds,188,high_value_repeat,Yes
9921-QFQUL,1081.8000000000002,23,Mailed check,0,card_expired,418,occasional,No
1929-ZCBHE,483.59999999999997,47,Electronic check,1,card_expired,219,high_value_repeat,No
4378-MYPGO,1263.0,68,Bank transfer (automatic),1,card_expired,383,high_value_repeat,Yes
8651-ENBZX,1272.0,60,Electronic check,1,bank_decline,107,high_value_repeat,Yes
4129-LYCOI,1248.0,67,Electronic check,0,bank_decline,492,high_value_repeat,No
7798-JVXYM,835.8000000000001,14,Electronic check,1,card_expired,583,occasional,No
8647-SDTWQ,891.5999999999999,57,Electronic check,0,network_error,2192,high_value_repeat,Yes
2696-ECXKC,1210.8000000000002,55,Mailed check,0,insufficient_funds,379,high_value_repeat,Yes
2081-KJSQF,243.0,1,Mailed check,1,insufficient_funds,375,new_customer,No
7623-TRNQN,598.8,1,Mailed check,0,network_error,2644,new_customer,No
3323-CPBWR,1162.8000000000002,23,Credit card (automatic),0,insufficient_funds,394,occasional,Yes
9330-IJWIO,1204.1999999999998,13,Electronic check,1,insufficient_funds,515,occasional,Yes
3384-CTMSF,1249.1999999999998,47,Electronic check,1,insufficient_funds,584,high_value_repeat,Yes
0902-RFHOF,241.20000000000002,38,Mailed check,2,card_expired,277,high_value_repeat,Yes
9286-DOJGF,899.4000000000001,38,Bank transfer (automatic),0,insufficient_funds,353,high_value_repeat,Yes
6048-QBXKL,678.5999999999999,2,Credit card (automatic),0,card_expired,535,new_customer,No
9661-MHUMO,591.0,1,Credit card (automatic),0,insufficient_funds,186,new_customer,Yes
7718-RXDGG,823.1999999999999,15,Bank transfer (automatic),3,insufficient_funds,104,occasional,No
1025-FALIX,828.5999999999999,26,Credit card (automatic),1,insufficient_funds,433,high_value_repeat,Yes
3451-VAWLI,236.39999999999998,35,Credit card (automatic),1,insufficient_funds,474,high_value_repeat,No
3407-QGWLG,240.60000000000002,3,Mailed check,0,bank_decline,291,new_customer,No
1842-EZJMK,1244.4,50,Electronic check,1,insufficient_funds,313,high_value_repeat,Yes
2347-WKKAE,1132.8000000000002,42,Electronic check,0,insufficient_funds,285,high_value_repeat,Yes
8735-DCXNF,659.4000000000001,10,Credit card (automatic),1,card_expired,269,occasional,No
3214-IYUUQ,1124.4,61,Bank transfer (automatic),3,card_expired,504,high_value_repeat,No
1936-UAFEH,1323.0,68,Credit card (automatic),3,insufficient_funds,222,high_value_repeat,No
3587-PMCOY,1186.8000000000002,10,Electronic check,1,insufficient_funds,360,occasional,Yes
8079-XRJRS,1077.0,65,Electronic check,1,bank_decline,264,high_value_repeat,No
1027-LKKQQ,965.4000000000001,72,Bank transfer (automatic),3,network_error,1335,high_value_repeat,Yes
7148-XZPHA,952.8000000000001,55,Electronic check,1,insufficient_funds,530,high_value_repeat,Yes
8073-IJDCM,243.60000000000002,1,Mailed check,0,card_expired,322,new_customer,No
5309-TAIKL,753.5999999999999,7,Bank transfer (automatic),1,insufficient_funds,428,occasional,No
6856-RAURS,898.8000000000001,2,Mailed check,0,insufficient_funds,173,new_customer,Yes
8778-LMWTJ,898.1999999999999,9,Electronic check,1,card_expired,288,occasional,Yes
9717-IOAAF,310.20000000000005,27,Credit card (automatic),1,bank_decline,513,high_value_repeat,Yes
8884-ADFVN,1223.4,7,Electronic check,1,insufficient_funds,788,occasional,No
2845-KDHVX,819.5999999999999,64,Mailed check,0,bank_decline,103,high_value_repeat,Yes
0848-SOMKO,580.8,70,Bank transfer (automatic),0,insufficient_funds,369,high_value_repeat,Yes
2720-WGKHP,1128.0,2,Electronic check,1,insufficient_funds,461,new_customer,No
6734-FQAJX,1260.6,67,Electronic check,2,insufficient_funds,307,high_value_repeat,No
2869-ADAWR,1071.6,45,Credit card (automatic),1,insufficient_funds,527,high_value_repeat,Yes
1535-VTJOQ,301.79999999999995,24,Credit card (automatic),0,bank_decline,269,occasional,No
6368-TZZDT,234.0,4,Credit card (automatic),3,card_expired,423,occasional,No
0943-ZQPXH,1115.4,44,Bank transfer (automatic),3,insufficient_funds,321,high_value_repeat,No
1293-BSEUN,248.39999999999998,72,Mailed check,0,bank_decline,582,high_value_repeat,No
9894-EZEWG,891.5999999999999,1,Credit card (automatic),0,bank_decline,298,new_customer,Yes
1302-TPUBN,232.20000000000002,66,Bank transfer (automatic),1,network_error,2218,high_value_repeat,Yes
7851-FLGGQ,535.8,1,Mailed check,2,bank_decline,541,new_customer,Yes
0637-UBJRP,1008.5999999999999,13,Electronic check,3,insufficient_funds,245,occasional,Yes
0940-OUQEC,968.4000000000001,10,Bank transfer (automatic),2,bank_decline,410,occasional,Yes
2378-VTKDH,1252.1999999999998,65,Electronic check,1,network_error,1041,high_value_repeat,Yes
0927-CNGRH,234.60000000000002,1,Mailed check,1,bank_decline,236,new_customer,No
8608-OZTLB,888.5999999999999,38,Electronic check,0,network_error,2805,high_value_repeat,Yes
2335-GSODA,481.20000000000005,23,Mailed check,0,insufficient_funds,251,occasional,Yes
1952-DVVSW,241.20000000000002,10,Mailed check,1,network_error,2064,occasional,Yes
0702-PGIBZ,1220.4,4,Electronic check,1,insufficient_funds,473,occasional,No
6656-GULJQ,1002.5999999999999,72,Credit card (automatic),1,insufficient_funds,313,high_value_repeat,Yes
9853-JFZDU,682.2,35,Electronic check,1,insufficient_funds,523,high_value_repeat,Yes
1963-VAUKV,244.79999999999998,1,Mailed check,0,bank_decline,432,new_customer,Yes
3777-XROBG,234.60000000000002,58,Credit card (automatic),1,insufficient_funds,465,high_value_repeat,No
6994-FGRHH,1273.8000000000002,70,Electronic check,0,card_expired,586,high_value_repeat,No
4000-VGMQP,947.4000000000001,38,Credit card (automatic),0,insufficient_funds,447,high_value_repeat,No
3999-WRNGR,597.0,60,Electronic check,2,bank_decline,630,high_value_repeat,Yes
3466-RITXD,1108.8000000000002,26,Credit card (automatic),1,insufficient_funds,536,high_value_repeat,No
2680-XKKNJ,698.4000000000001,8,Bank transfer (automatic),3,network_error,2081,occasional,Yes
3058-HJCUY,1231.1999999999998,41,Electronic check,0,bank_decline,593,high_value_repeat,Yes
2974-GGUXS,1103.4,36,Credit card (automatic),1,insufficient_funds,439,high_value_repeat,Yes
7994-XIRTR,783.0,54,Bank transfer (automatic),0,insufficient_funds,340,high_value_repeat,Yes
3259-FDWOY,1272.0,71,Bank transfer (automatic),0,network_error,2722,high_value_repeat,Yes
2101-RANCD,877.1999999999999,55,Electronic check,2,bank_decline,566,high_value_repeat,Yes
7921-BEPCI,717.0,72,Bank transfer (automatic),1,network_error,2864,high_value_repeat,Yes
0807-ZABDG,661.2,3,Mailed check,2,insufficient_funds,673,new_customer,No
8510-TMWYB,717.5999999999999,54,Bank transfer (automatic),0,bank_decline,562,high_value_repeat,No
3258-ZKPAI,1399.1999999999998,72,Bank transfer (automatic),2,insufficient_funds,478,high_value_repeat,No
1428-IEDPR,1311.6,52,Electronic check,0,card_expired,246,high_value_repeat,No
5298-GSTLM,1216.8000000000002,60,Bank transfer (automatic),2,bank_decline,373,high_value_repeat,No
4450-YOOHP,607.8,39,Credit card (automatic),0,insufficient_funds,410,high_value_repeat,Yes
6728-CZFEI,673.8,15,Mailed check,0,network_error,3057,occasional,Yes
5748-RNCJT,1278.0,69,Bank transfer (automatic),1,card_expired,495,high_value_repeat,No
3653-NCRDJ,230.39999999999998,43,Mailed check,3,bank_decline,425,high_value_repeat,Yes
6121-TNHBO,996.0,63,Bank transfer (automatic),0,insufficient_funds,418,high_value_repeat,Yes
5119-NZPTV,841.1999999999999,2,Electronic check,0,insufficient_funds,508,new_customer,Yes
6519-ZHPXP,1299.6,72,Bank transfer (automatic),2,bank_decline,271,high_value_repeat,Yes
7739-LAXOG,1092.6,32,Bank transfer (automatic),0,insufficient_funds,654,high_value_repeat,Yes
3472-QPRCH,303.0,40,Credit card (automatic),0,insufficient_funds,92,high_value_repeat,No
8224-UAXBZ,544.2,58,Electronic check,0,bank_decline,618,high_value_repeat,Yes
9610-WCESF,526.8,67,Electronic check,0,insufficient_funds,393,high_value_repeat,Yes
9776-CLUJA,930.0,51,Electronic check,3,bank_decline,550,high_value_repeat,No
2486-WYVVE,951.5999999999999,31,Mailed check,2,insufficient_funds,454,high_value_repeat,No
3865-ZYKAD,1018.8000000000001,69,Credit card (automatic),1,insufficient_funds,451,high_value_repeat,Yes
1422-DGUBX,951.0,32,Electronic check,3,network_error,2943,high_value_repeat,Yes
2999-AANRQ,852.5999999999999,21,Credit card (automatic),1,network_error,3147,occasional,No
8668-KNZTI,645.0,52,Electronic check,0,card_expired,350,high_value_repeat,No
0480-KYJVA,291.0,72,Credit card (automatic),0,card_expired,555,high_value_repeat,No
6034-ZRYCV,650.4000000000001,72,Electronic check,0,bank_decline,237,high_value_repeat,No
9746-YKGXB,531.0,52,Bank transfer (automatic),0,insufficient_funds,399,high_value_repeat,Yes
3926-YZVVX,600.5999999999999,41,Bank transfer (automatic),3,insufficient_funds,525,high_value_repeat,No
6000-UKLWI,241.79999999999998,41,Mailed check,2,insufficient_funds,549,high_value_repeat,No
2079-FBMZK,831.0,6,Mailed check,0,card_expired,469,occasional,No
6332-FBZRI,832.1999999999999,67,Credit card (automatic),1,insufficient_funds,340,high_value_repeat,No
2096-XOTMO,232.20000000000002,16,Mailed check,1,insufficient_funds,534,occasional,No
3266-FTKHB,229.79999999999998,17,Mailed check,3,card_expired,299,occasional,No
8221-EQDGL,732.0,35,Mailed check,2,insufficient_funds,662,high_value_repeat,No
2346-LOCWC,246.0,58,Credit card (automatic),1,insufficient_funds,387,high_value_repeat,No
6608-QQLVK,606.0,1,Electronic check,2,network_error,1268,new_customer,Yes
0298-XACET,602.4000000000001,52,Mailed check,1,insufficient_funds,220,high_value_repeat,No
7560-QJAVJ,955.1999999999999,70,Bank transfer (automatic),1,bank_decline,406,high_value_repeat,No
2995-YWTCD,298.79999999999995,19,Bank transfer (automatic),0,network_error,2611,occasional,Yes
3551-HUAZH,892.8000000000001,1,Electronic check,0,insufficient_funds,695,new_customer,Yes
9137-UIYPG,1282.8000000000002,35,Electronic check,1,card_expired,244,high_value_repeat,No
2809-ZMYOQ,1216.1999999999998,32,Electronic check,0,insufficient_funds,405,high_value_repeat,No
5084-OOVCJ,664.2,17,Credit card (automatic),0,network_error,1652,occasional,Yes
0254-WWRKD,606.5999999999999,67,Credit card (automatic),1,bank_decline,326,high_value_repeat,No
7727-SHVZV,234.0,9,Bank transfer (automatic),0,card_expired,652,occasional,No
6302-JGYRJ,953.4000000000001,31,Mailed check,1,network_error,1590,high_value_repeat,Yes
5339-PXDVH,1087.8000000000002,4,Electronic check,1,insufficient_funds,488,occasional,Yes
2205-LPVGL,1078.1999999999998,58,Bank transfer (automatic),3,insufficient_funds,458,high_value_repeat,No
8782-NUUOL,948.0,60,Mailed check,1,bank_decline,396,high_value_repeat,No
3685-YLCMQ,1255.8000000000002,58,Electronic check,0,insufficient_funds,477,high_value_repeat,Yes
7601-WFVZV,234.60000000000002,1,Mailed check,1,insufficient_funds,225,new_customer,No
4609-KNNWG,238.79999999999998,27,Mailed check,2,insufficient_funds,648,high_value_repeat,No
4868-AADLV,1395.0,66,Electronic check,3,network_error,4039,high_value_repeat,Yes
9529-OFXHY,1053.0,15,Bank transfer (automatic),0,insufficient_funds,407,occasional,No
8634-MPHTR,1200.6,47,Electronic check,0,bank_decline,763,high_value_repeat,Yes
2669-QVCRG,975.5999999999999,41,Credit card (automatic),3,insufficient_funds,340,high_value_repeat,No
2478-EEWWM,531.5999999999999,59,Electronic check,0,insufficient_funds,460,high_value_repeat,Yes
9174-IHETN,844.1999999999999,50,Credit card (automatic),1,network_error,3645,high_value_repeat,No
2233-TXSIU,533.4000000000001,17,Credit card (automatic),0,insufficient_funds,331,occasional,Yes
9644-UMGQA,589.8,6,Electronic check,0,network_error,1394,occasional,Yes
3256-EZDBI,353.4,51,Credit card (automatic),0,insufficient_funds,158,high_value_repeat,Yes
8761-NSOBC,1206.6,44,Electronic check,0,insufficient_funds,709,high_value_repeat,Yes
0419-YAAPX,1023.5999999999999,49,Credit card (automatic),1,insufficient_funds,320,high_value_repeat,Yes
8413-VONUO,1147.8000000000002,2,Electronic check,3,bank_decline,372,new_customer,Yes
0872-CASZJ,829.1999999999999,59,Mailed check,0,card_expired,233,high_value_repeat,No
4726-DLWQN,844.1999999999999,50,Bank transfer (automatic),2,network_error,3258,high_value_repeat,Yes
8164-OCKUJ,247.20000000000002,59,Mailed check,0,insufficient_funds,282,high_value_repeat,Yes
3094-JOJAI,889.8000000000001,18,Mailed check,1,card_expired,326,occasional,No
9494-MRNYX,900.5999999999999,10,Electronic check,0,card_expired,444,occasional,No
2599-CZABP,535.2,14,Electronic check,3,bank_decline,240,occasional,Yes
7945-PRBVF,257.4,35,Bank transfer (automatic),2,network_error,2357,high_value_repeat,Yes
4544-RXFMG,521.4000000000001,8,Mailed check,1,network_error,3621,occasional,Yes
0859-YGKFW,240.60000000000002,18,Bank transfer (automatic),2,insufficient_funds,464,occasional,No
1150-FTQGN,1129.8000000000002,60,Bank transfer (automatic),1,card_expired,419,high_value_repeat,No
9223-UCPVT,1132.8000000000002,1,Electronic check,3,card_expired,432,new_customer,No
7196-LIWRH,234.60000000000002,6,Mailed check,1,bank_decline,341,occasional,No
5448-VWNAM,910.8000000000001,19,Mailed check,3,insufficient_funds,699,occasional,No
1177-XZBJL,769.8000000000001,53,Bank transfer (automatic),1,insufficient_funds,278,high_value_repeat,No
3518-FSTWG,1314.6,72,Bank transfer (automatic),0,insufficient_funds,431,high_value_repeat,No
9330-VOFSZ,1329.6,60,Credit card (automatic),1,insufficient_funds,417,high_value_repeat,No
4351-QLCSU,660.0,1,Credit card (automatic),0,insufficient_funds,551,new_customer,Yes
0939-EREMR,641.4000000000001,13,Mailed check,1,bank_decline,565,occasional,Yes
9389-ACWBI,839.4000000000001,5,Credit card (automatic),1,card_expired,395,occasional,No
5419-JPRRN,1217.4,1,Electronic check,1,bank_decline,443,new_customer,Yes
3644-QXEHN,1164.0,13,Electronic check,0,bank_decline,449,occasional,Yes
2911-IJORQ,1087.1999999999998,37,Bank transfer (automatic),0,insufficient_funds,59,high_value_repeat,Yes
5921-NGYRH,882.5999999999999,64,Mailed check,1,card_expired,161,high_value_repeat,No
2100-BDNSN,815.4000000000001,5,Bank transfer (automatic),3,insufficient_funds,309,occasional,No
5998-DZLYR,1132.1999999999998,61,Bank transfer (automatic),0,bank_decline,315,high_value_repeat,No
0488-GSLFR,834.0,1,Electronic check,0,insufficient_funds,220,new_customer,Yes
9318-NKNFC,226.20000000000002,1,Mailed check,1,insufficient_funds,512,new_customer,No
3985-HOYPM,232.79999999999998,26,Mailed check,1,insufficient_funds,400,high_value_repeat,No
9728-FTTVZ,830.4000000000001,1,Electronic check,0,card_expired,367,new_customer,No
9548-LERKT,237.0,24,Mailed check,0,insufficient_funds,211,occasional,Yes
6576-FBXOJ,655.2,17,Electronic check,0,insufficient_funds,393,occasional,Yes
4310-KEDTB,357.6,26,Mailed check,3,network_error,398,high_value_repeat,No
7254-IQWOZ,835.8000000000001,1,Electronic check,0,bank_decline,375,new_customer,Yes
2474-BRUCM,1222.1999999999998,40,Electronic check,0,insufficient_funds,409,high_value_repeat,Yes
4062-HBMOS,1236.6,52,Electronic check,0,card_expired,436,high_value_repeat,No
0742-NXBGR,987.5999999999999,1,Electronic check,0,bank_decline,165,new_customer,Yes
2676-ISHSF,243.60000000000002,1,Mailed check,2,insufficient_funds,433,new_customer,No
9236-NDUCW,421.20000000000005,21,Mailed check,0,bank_decline,243,occasional,Yes
4753-PADAS,1268.4,67,Bank transfer (automatic),0,insufficient_funds,278,high_value_repeat,Yes
6103-QCKFX,675.0,44,Bank transfer (automatic),1,network_error,3074,high_value_repeat,Yes
7781-EWARA,724.2,70,Electronic check,0,card_expired,702,high_value_repeat,No
6110-OHIHY,951.0,3,Electronic check,0,card_expired,407,new_customer,No
7018-FPXHH,717.5999999999999,56,Bank transfer (automatic),2,bank_decline,277,high_value_repeat,No
5889-LFOLL,1015.1999999999999,13,Electronic check,2,insufficient_funds,428,occasional,Yes
5708-EVONK,1120.8000000000002,58,Bank transfer (automatic),3,insufficient_funds,540,high_value_repeat,No
8708-XPXHZ,1130.4,42,Electronic check,2,card_expired,493,high_value_repeat,No
0616-ATFGB,300.6,1,Electronic check,1,bank_decline,811,new_customer,Yes
0572-ZJKLT,1195.8000000000002,46,Mailed check,0,insufficient_funds,292,high_value_repeat,Yes
5135-RDDQL,607.8,63,Bank transfer (automatic),2,bank_decline,437,high_value_repeat,Yes
1353-LJWEM,730.8,11,Electronic check,2,insufficient_funds,632,occasional,No
1794-SWWKL,715.8,15,Bank transfer (automatic),2,insufficient_funds,622,occasional,Yes
6166-YIPFO,776.4000000000001,72,Electronic check,1,network_error,939,high_value_repeat,Yes
7016-BPGEU,301.20000000000005,29,Credit card (automatic),0,insufficient_funds,399,high_value_repeat,Yes
6876-ADESB,587.4000000000001,1,Electronic check,2,card_expired,622,new_customer,No
9332-GYWLO,658.2,6,Electronic check,1,insufficient_funds,833,occasional,Yes
1963-SVUCV,543.5999999999999,1,Electronic check,3,insufficient_funds,505,new_customer,No
4184-VODJZ,1096.1999999999998,63,Electronic check,0,card_expired,344,high_value_repeat,No
0220-EBGCE,1030.1999999999998,2,Electronic check,0,card_expired,248,new_customer,No
1092-WPIVQ,301.20000000000005,18,Mailed check,0,insufficient_funds,732,occasional,Yes
7233-IOQNP,408.0,43,Bank transfer (automatic),2,insufficient_funds,509,high_value_repeat,No
2834-JKOOW,550.8,15,Mailed check,0,insufficient_funds,272,occasional,No
2754-VDLTR,1142.4,10,Electronic check,0,card_expired,369,occasional,No
2400-FEQME,246.0,55,Mailed check,3,bank_decline,446,high_value_repeat,Yes
3190-XFANI,1207.1999999999998,49,Bank transfer (automatic),0,bank_decline,481,high_value_repeat,No
7551-DACSP,663.5999999999999,6,Mailed check,2,insufficient_funds,265,occasional,No
4957-SREEC,244.20000000000002,70,Credit card (automatic),0,insufficient_funds,307,high_value_repeat,Yes
7235-NXZCP,898.1999999999999,2,Mailed check,2,bank_decline,152,new_customer,Yes
0230-UBYPQ,433.20000000000005,63,Bank transfer (automatic),1,card_expired,555,high_value_repeat,No
4923-ADWXJ,789.5999999999999,25,Bank transfer (automatic),3,card_expired,348,high_value_repeat,No
1763-KUAAW,244.20000000000002,18,Bank transfer (automatic),3,network_error,2873,occasional,Yes
1104-TNLZA,1269.6,28,Electronic check,0,insufficient_funds,613,high_value_repeat,Yes
5195-KPUNQ,1161.0,53,Mailed check,0,card_expired,432,high_value_repeat,No
0520-FDVVT,1228.1999999999998,35,Bank transfer (automatic),0,bank_decline,383,high_value_repeat,No
3439-GVUSX,292.79999999999995,1,Mailed check,1,network_error,2655,new_customer,Yes
1444-VVSGW,1387.8000000000002,70,Credit card (automatic),2,insufficient_funds,409,high_value_repeat,No
5712-PTIWW,958.1999999999999,2,Electronic check,1,insufficient_funds,586,new_customer,No
5949-HGVJL,876.5999999999999,26,Electronic check,1,insufficient_funds,446,high_value_repeat,Yes
5203-XEHAX,772.1999999999999,34,Electronic check,0,network_error,2064,high_value_repeat,Yes
1635-HDGFT,246.0,19,Mailed check,2,insufficient_funds,557,occasional,No
3315-TOTBP,912.0,15,Mailed check,3,insufficient_funds,584,occasional,No
8050-XGRVL,657.0,62,Credit card (automatic),0,bank_decline,199,high_value_repeat,No
6661-HBGWL,1257.0,42,Bank transfer (automatic),1,insufficient_funds,629,high_value_repeat,No
1518-VOWAV,895.8000000000001,9,Electronic check,0,insufficient_funds,454,occasional,No
9828-QHFBK,613.8,24,Electronic check,1,insufficient_funds,442,occasional,No
3908-MKIMJ,503.40000000000003,68,Electronic check,1,insufficient_funds,550,high_value_repeat,No
5012-YSPJJ,652.2,31,Mailed check,0,insufficient_funds,314,high_value_repeat,Yes
5909-ECHUI,675.0,1,Electronic check,0,bank_decline,543,new_customer,No
1309-BXVOQ,1273.1999999999998,21,Electronic check,0,bank_decline,343,occasional,Yes
6728-VOIFY,1152.0,63,Electronic check,1,card_expired,178,high_value_repeat,No
9317-WZPGV,957.0,2,Bank transfer (automatic),1,insufficient_funds,250,new_customer,Yes
4891-NLUBA,737.4000000000001,61,Bank transfer (automatic),0,card_expired,485,high_value_repeat,No
2856-HYAPG,823.8000000000001,1,Electronic check,2,insufficient_funds,258,new_customer,Yes
8969-PRHFK,235.79999999999998,18,Mailed check,1,insufficient_funds,641,occasional,No
0661-KQHNK,228.0,6,Credit card (automatic),0,bank_decline,578,occasional,Yes
8709-KRDVL,1200.0,33,Electronic check,0,insufficient_funds,600,high_value_repeat,No
4488-PSYCG,243.0,16,Bank transfer (automatic),2,insufficient_funds,418,occasional,Yes
1427-VERSM,1184.4,56,Electronic check,3,card_expired,438,high_value_repeat,No
9801-NOSHQ,237.60000000000002,23,Mailed check,0,card_expired,220,occasional,No
6339-YPSAH,885.5999999999999,9,Electronic check,0,insufficient_funds,549,occasional,Yes
3621-CEOVK,1202.4,14,Electronic check,0,insufficient_funds,456,occasional,Yes
6906-ANDWJ,898.8000000000001,15,Bank transfer (automatic),1,insufficient_funds,485,occasional,No
2159-TURXX,240.60000000000002,5,Credit card (automatic),0,network_error,3850,occasional,Yes
1548-FEHVL,1274.4,61,Electronic check,0,insufficient_funds,309,high_value_repeat,Yes
3795-CAWEX,1398.6,70,Credit card (automatic),1,insufficient_funds,381,high_value_repeat,Yes
6215-NQCPY,1196.4,15,Electronic check,1,card_expired,449,occasional,Yes
5647-URDKA,236.39999999999998,8,Mailed check,0,bank_decline,259,occasional,No
2229-DPMBI,234.0,8,Mailed check,0,insufficient_funds,371,occasional,Yes
9626-WEQRM,349.79999999999995,4,Mailed check,1,insufficient_funds,473,occasional,No
2188-SXWVT,660.0,34,Mailed check,0,card_expired,351,high_value_repeat,No
6258-PVZWJ,1089.6,68,Credit card (automatic),0,network_error,3547,high_value_repeat,Yes
1094-BKOSX,612.0,45,Bank transfer (automatic),2,insufficient_funds,173,high_value_repeat,No
6969-MVBAI,1081.1999999999998,9,Electronic check,0,insufficient_funds,568,occasional,Yes
2978-XXSOG,708.5999999999999,22,Mailed check,1,insufficient_funds,499,occasional,No
2342-CKIAO,243.60000000000002,2,Mailed check,3,insufficient_funds,314,new_customer,No
6953-PBDIN,875.4000000000001,70,Bank transfer (automatic),0,card_expired,261,high_value_repeat,No
3898-BSJYF,882.5999999999999,10,Credit card (automatic),0,insufficient_funds,87,occasional,Yes
3938-YFPXD,1011.5999999999999,72,Credit card (automatic),1,bank_decline,280,high_value_repeat,Yes
7696-AMHOD,936.0,49,Credit card (automatic),2,card_expired,557,high_value_repeat,No
2453-SAFNS,865.1999999999999,54,Mailed check,3,card_expired,391,high_value_repeat,No
9558-IHEZX,1281.0,71,Credit card (automatic),1,insufficient_funds,574,high_value_repeat,No
9617-UDPEU,231.0,22,Mailed check,0,card_expired,307,occasional,No
6340-DACFT,246.60000000000002,50,Credit card (automatic),1,insufficient_funds,506,high_value_repeat,No
4955-VCWBI,240.0,43,Mailed check,0,bank_decline,292,high_value_repeat,No
6813-GZQCG,295.79999999999995,45,Credit card (automatic),1,bank_decline,255,high_value_repeat,Yes
7426-GSWPO,1242.0,64,Bank transfer (automatic),0,insufficient_funds,383,high_value_repeat,No
3389-KTRXV,286.20000000000005,23,Mailed check,0,insufficient_funds,300,occasional,Yes
3118-UHVVQ,309.6,68,Credit card (automatic),2,insufficient_funds,168,high_value_repeat,Yes
1031-IIDEO,850.1999999999999,1,Electronic check,1,network_error,2354,new_customer,Yes
5832-XKAES,837.5999999999999,2,Credit card (automatic),0,network_error,2585,new_customer,Yes
3205-MXZRA,713.4000000000001,26,Credit card (automatic),0,bank_decline,590,high_value_repeat,No
4701-AHWMW,654.5999999999999,55,Bank transfer (automatic),2,network_error,3249,high_value_repeat,Yes
8317-BVKSO,240.60000000000002,14,Electronic check,1,insufficient_funds,582,occasional,Yes
5702-KVQRD,990.5999999999999,71,Electronic check,0,card_expired,508,high_value_repeat,No
0083-PIVIK,975.0,64,Electronic check,0,network_error,2766,high_value_repeat,Yes
9210-IAHGH,849.0,7,Credit card (automatic),0,card_expired,215,occasional,No
6169-PGNCD,891.5999999999999,57,Credit card (automatic),3,card_expired,422,high_value_repeat,No
0023-XUOPT,1129.1999999999998,13,Electronic check,1,card_expired,489,occasional,No
4592-IWTJI,356.4,3,Credit card (automatic),1,card_expired,618,new_customer,No
4909-JOUPP,1316.4,72,Credit card (automatic),1,card_expired,502,high_value_repeat,No
4657-FWVFY,1156.1999999999998,40,Credit card (automatic),0,card_expired,586,high_value_repeat,No
2257-BOVXD,799.1999999999999,14,Credit card (automatic),2,network_error,1674,occasional,Yes
7729-JTEEC,534.0,2,Electronic check,1,card_expired,351,new_customer,No
7632-MNYOY,1330.8000000000002,66,Credit card (automatic),0,card_expired,464,high_value_repeat,No
6518-LGAOV,1260.0,38,Electronic check,0,network_error,3428,high_value_repeat,Yes
7242-QZLXF,303.6,1,Electronic check,1,insufficient_funds,378,new_customer,No
4576-CSAJH,661.8,22,Credit card (automatic),3,insufficient_funds,387,occasional,No
1000-AJSLD,241.20000000000002,1,Mailed check,0,insufficient_funds,503,new_customer,Yes
9696-RMYBA,961.1999999999999,5,Mailed check,2,card_expired,231,occasional,No
8690-UPCZI,828.5999999999999,29,Bank transfer (automatic),2,card_expired,641,high_value_repeat,No
1062-LHZOD,838.8000000000001,1,Mailed check,0,bank_decline,268,new_customer,No
9770-LXDBK,244.79999999999998,3,Mailed check,0,insufficient_funds,112,new_customer,Yes
4086-WITJG,236.39999999999998,71,Credit card (automatic),0,insufficient_funds,401,high_value_repeat,Yes
8344-WFMFH,601.2,9,Electronic check,1,insufficient_funds,654,occasional,No
9600-NAXZN,1216.8000000000002,43,Electronic check,0,insufficient_funds,487,high_value_repeat,Yes
8822-KNBHV,1001.4000000000001,48,Credit card (automatic),0,network_error,3100,high_value_repeat,Yes
8404-FYDIB,1039.8000000000002,26,Credit card (automatic),1,insufficient_funds,406,high_value_repeat,Yes
2791-SFVEW,241.79999999999998,9,Bank transfer (automatic),1,card_expired,377,occasional,No
6457-USBER,969.5999999999999,1,Electronic check,0,network_error,1264,new_customer,Yes
6762-NSODU,232.79999999999998,46,Credit card (automatic),0,card_expired,61,high_value_repeat,No
4662-EKDPQ,744.5999999999999,2,Bank transfer (automatic),1,bank_decline,429,new_customer,No
9248-OJYKK,917.4000000000001,1,Electronic check,1,insufficient_funds,596,new_customer,Yes
9888-ZCUMM,720.5999999999999,64,Bank transfer (automatic),2,insufficient_funds,451,high_value_repeat,No
3398-FSHON,1095.6,12,Electronic check,0,bank_decline,493,occasional,Yes
3319-DWOEP,1149.0,6,Electronic check,2,bank_decline,637,occasional,No
1074-WVEVG,244.20000000000002,59,Mailed check,1,insufficient_funds,449,high_value_repeat,No
9979-RGMZT,1128.6,7,Mailed check,1,insufficient_funds,381,occasional,No
6437-UDQJM,1009.1999999999999,72,Credit card (automatic),1,insufficient_funds,277,high_value_repeat,No
1226-IENZN,945.0,16,Electronic check,0,insufficient_funds,703,occasional,Yes
2108-GLPQB,666.5999999999999,25,Credit card (automatic),0,bank_decline,478,high_value_repeat,Yes
9259-PACGQ,751.8,34,Electronic check,1,card_expired,258,high_value_repeat,No
4415-IJZTP,894.0,1,Electronic check,1,insufficient_funds,224,new_customer,No
1465-VINDH,1225.1999999999998,10,Credit card (automatic),1,bank_decline,587,occasional,Yes
5474-LAMUQ,241.20000000000002,24,Mailed check,0,card_expired,244,occasional,No
3468-DRVQJ,843.5999999999999,10,Electronic check,3,insufficient_funds,678,occasional,No
1122-YJBCS,643.8,69,Credit card (automatic),1,bank_decline,50,high_value_repeat,Yes
4990-ALDGW,249.0,57,Mailed check,0,bank_decline,613,high_value_repeat,No
4816-OKWNX,1240.8000000000002,50,Bank transfer (automatic),0,bank_decline,473,high_value_repeat,No
3315-IKYZQ,609.5999999999999,28,Mailed check,2,card_expired,417,high_value_repeat,No
2810-FTLEM,601.8,16,Electronic check,2,network_error,2359,occasional,Yes
4747-LCAQL,948.0,25,Mailed check,1,insufficient_funds,683,high_value_repeat,Yes
3411-WLRSQ,895.1999999999999,3,Bank transfer (automatic),2,card_expired,506,new_customer,No
0898-XCGTF,1158.0,61,Bank transfer (automatic),0,bank_decline,264,high_value_repeat,No
8006-PYCSW,241.20000000000002,2,Mailed check,0,insufficient_funds,142,new_customer,Yes
8249-THVEC,232.79999999999998,51,Mailed check,2,network_error,2641,high_value_repeat,Yes
8722-PRFDV,930.5999999999999,71,Credit card (automatic),2,card_expired,399,high_value_repeat,No
2164-SOQXL,240.60000000000002,20,Mailed check,1,insufficient_funds,172,occasional,No
4020-KIUDI,238.20000000000002,6,Credit card (automatic),2,network_error,2455,occasional,Yes
5850-BDWCY,242.39999999999998,6,Mailed check,0,insufficient_funds,313,occasional,Yes
2038-YSEZE,809.4000000000001,29,Mailed check,2,card_expired,401,high_value_repeat,No
0827-ITJPH,222.60000000000002,36,Credit card (automatic),0,insufficient_funds,508,high_value_repeat,Yes
8799-OXZMD,357.0,28,Mailed check,0,bank_decline,623,high_value_repeat,Yes
1925-TIBLE,1038.0,7,Electronic check,0,insufficient_funds,536,occasional,No
1705-GUHPV,290.4,63,Mailed check,0,insufficient_funds,291,high_value_repeat,No
4779-ZGICK,282.6,48,Mailed check,0,insufficient_funds,455,high_value_repeat,Yes
0048-PIHNL,245.39999999999998,49,Bank transfer (automatic),0,bank_decline,409,high_value_repeat,No
0818-OCPZO,977.4000000000001,27,Electronic check,0,network_error,1434,high_value_repeat,No
3967-KXAPS,1107.6,72,Credit card (automatic),0,network_error,2818,high_value_repeat,No
1447-GIQMR,829.8000000000001,1,Electronic check,1,card_expired,678,new_customer,No
3704-IEAXF,643.8,72,Credit card (automatic),0,card_expired,404,high_value_repeat,No
6810-VCAEX,475.79999999999995,47,Credit card (automatic),0,insufficient_funds,160,high_value_repeat,No
0674-EYYZV,655.8,1,Electronic check,1,card_expired,404,new_customer,No
4480-MBMLB,1257.6,36,Bank transfer (automatic),2,insufficient_funds,217,high_value_repeat,No
1395-OFUWC,351.6,43,Credit card (automatic),2,bank_decline,529,high_value_repeat,Yes
0822-QGCXA,1006.1999999999999,27,Electronic check,0,network_error,2919,high_value_repeat,No
0872-NXJYS,954.5999999999999,9,Electronic check,1,insufficient_funds,374,occasional,No
2832-KJCRD,1243.8000000000002,38,Electronic check,0,insufficient_funds,350,high_value_repeat,No
3588-WSTTJ,1188.6,35,Electronic check,0,network_error,2330,high_value_repeat,Yes
4075-WKNIU,880.1999999999999,0,Mailed check,0,insufficient_funds,401,new_customer,No
5090-EMGTC,1200.6,59,Mailed check,2,insufficient_funds,284,high_value_repeat,Yes
2346-CZYIL,244.20000000000002,27,Credit card (automatic),0,insufficient_funds,191,high_value_repeat,Yes
3798-EPWRR,527.4000000000001,2,Electronic check,0,card_expired,570,new_customer,No
6258-NGCNG,282.0,7,Mailed check,0,network_error,2191,occasional,No
4186-ZBUEW,848.4000000000001,36,Mailed check,2,insufficient_funds,425,high_value_repeat,No
5274-XHAKY,1131.6,41,Bank transfer (automatic),1,insufficient_funds,442,high_value_repeat,No
1442-BQPVU,349.79999999999995,13,Electronic check,0,card_expired,448,occasional,No
3978-YNKDD,250.20000000000002,19,Credit card (automatic),1,network_error,1560,occasional,No
4940-KHCWD,452.40000000000003,60,Bank transfer (automatic),1,insufficient_funds,148,high_value_repeat,No
9412-ARGBX,1146.0,48,Mailed check,1,insufficient_funds,311,high_value_repeat,No
1389-CXMLU,1092.6,3,Electronic check,0,bank_decline,459,new_customer,No
9589-ABEPT,1109.4,69,Mailed check,2,bank_decline,290,high_value_repeat,No
9388-ZEYVT,529.8,43,Electronic check,0,bank_decline,346,high_value_repeat,Yes
0305-SQECB,432.59999999999997,11,Mailed check,1,bank_decline,719,occasional,Yes
7605-SNLQG,603.0,45,Credit card (automatic),0,insufficient_funds,123,high_value_repeat,Yes
4670-TABXH,1317.0,72,Credit card (automatic),0,insufficient_funds,286,high_value_repeat,Yes
5561-NWEVX,950.4000000000001,2,Electronic check,0,insufficient_funds,684,new_customer,Yes
0064-SUDOG,243.60000000000002,12,Bank transfer (automatic),1,insufficient_funds,393,occasional,No
8561-NMTBD,1348.1999999999998,67,Credit card (automatic),0,bank_decline,294,high_value_repeat,No
5161-XEUVX,1131.6,37,Mailed check,2,network_error,3435,high_value_repeat,Yes
8292-FRFZQ,493.79999999999995,39,Bank transfer (automatic),0,network_error,2544,high_value_repeat,Yes
8591-NXRCV,895.8000000000001,41,Bank transfer (automatic),1,insufficient_funds,347,high_value_repeat,Yes
7895-VONWT,579.0,25,Electronic check,2,bank_decline,428,high_value_repeat,Yes
4526-RMTLL,913.8000000000001,8,Credit card (automatic),1,bank_decline,301,occasional,No
6253-GNHWH,853.1999999999999,71,Mailed check,1,insufficient_funds,247,high_value_repeat,No
4566-NECEV,1158.6,5,Electronic check,1,bank_decline,382,occasional,Yes
8080-POTJR,951.5999999999999,30,Credit card (automatic),0,insufficient_funds,248,high_value_repeat,Yes
6906-MPARY,1075.1999999999998,40,Credit card (automatic),2,insufficient_funds,401,high_value_repeat,Yes
3662-FXJFO,246.0,54,Mailed check,0,network_error,2783,high_value_repeat,Yes
8107-RZLNV,1275.6,72,Bank transfer (automatic),1,network_error,3182,high_value_repeat,Yes
0516-OOHAR,1204.1999999999998,28,Bank transfer (automatic),1,insufficient_funds,569,high_value_repeat,No
2027-CWDNU,1027.1999999999998,18,Electronic check,0,insufficient_funds,339,occasional,No
2737-WFVYW,543.0,2,Electronic check,0,bank_decline,474,new_customer,Yes
9912-OMZDS,1273.8000000000002,59,Electronic check,1,network_error,2894,high_value_repeat,No
3733-ZEECP,613.2,22,Electronic check,2,network_error,2762,occasional,Yes
7878-RTCZG,238.79999999999998,1,Mailed check,3,insufficient_funds,328,new_customer,No
2452-MRMZF,308.4,72,Credit card (automatic),1,insufficient_funds,245,high_value_repeat,Yes
2272-QAGFO,891.5999999999999,14,Electronic check,1,insufficient_funds,475,occasional,No
7103-IPXPJ,1192.8000000000002,50,Electronic check,3,insufficient_funds,143,high_value_repeat,No
4342-HFXWS,836.4000000000001,48,Bank transfer (automatic),0,insufficient_funds,359,high_value_repeat,No
3545-CNWRG,1180.1999999999998,49,Electronic check,0,insufficient_funds,50,high_value_repeat,Yes
1785-BPHTP,1025.4,28,Electronic check,1,card_expired,199,high_value_repeat,No
4989-LIXVT,1150.8000000000002,68,Electronic check,2,insufficient_funds,268,high_value_repeat,No
7315-WYOAW,1209.0,13,Electronic check,2,bank_decline,564,occasional,No
1173-XZPYF,1070.4,11,Electronic check,0,insufficient_funds,503,occasional,Yes
9850-OWRHQ,889.1999999999999,3,Credit card (automatic),0,card_expired,316,new_customer,Yes
3768-NLUBH,1207.1999999999998,57,Electronic check,0,insufficient_funds,509,high_value_repeat,Yes
8676-TRMJS,900.0,3,Mailed check,0,card_expired,533,new_customer,No
2509-TFPJU,309.0,72,Credit card (automatic),0,insufficient_funds,375,high_value_repeat,No
9530-GRMJG,1009.1999999999999,70,Electronic check,2,bank_decline,192,high_value_repeat,No
6898-RBTLU,951.5999999999999,49,Bank transfer (automatic),0,network_error,2333,high_value_repeat,Yes
5481-NTDOH,1284.6,67,Credit card (automatic),2,card_expired,385,high_value_repeat,No
2068-WWXQZ,240.60000000000002,46,Bank transfer (automatic),0,insufficient_funds,215,high_value_repeat,Yes
7359-SSBJK,842.4000000000001,64,Credit card (automatic),1,card_expired,455,high_value_repeat,No
2061-VVFST,234.0,37,Bank transfer (automatic),0,network_error,2723,high_value_repeat,Yes
0685-MLYYM,849.0,2,Electronic check,0,insufficient_funds,466,new_customer,No
0749-IRGQE,543.5999999999999,13,Electronic check,0,card_expired,441,occasional,No
2380-DAMQP,1381.8000000000002,72,Electronic check,3,bank_decline,509,high_value_repeat,Yes
2256-YLYLP,875.4000000000001,68,Bank transfer (automatic),2,network_error,2356,high_value_repeat,Yes
1272-ILHFG,235.79999999999998,15,Mailed check,1,bank_decline,430,occasional,Yes
0164-XAIRP,234.60000000000002,24,Bank transfer (automatic),0,bank_decline,340,occasional,Yes
5666-CYCYZ,1074.6,24,Electronic check,3,bank_decline,312,occasional,Yes
4011-ARPHK,604.2,27,Mailed check,0,insufficient_funds,600,high_value_repeat,Yes
8182-PNAGI,603.0,12,Bank transfer (automatic),0,card_expired,93,occasional,No
6365-HITVU,1047.0,71,Credit card (automatic),1,network_error,3201,high_value_repeat,Yes
7558-IMLMT,249.60000000000002,67,Mailed check,3,network_error,2003,high_value_repeat,Yes
9488-FYQAU,1311.0,63,Bank transfer (automatic),0,bank_decline,287,high_value_repeat,Yes
3590-TCXTB,244.20000000000002,1,Mailed check,0,insufficient_funds,439,new_customer,Yes
6994-KERXL,670.8,4,Electronic check,3,insufficient_funds,176,occasional,No
7957-RYHQD,950.4000000000001,40,Credit card (automatic),0,insufficient_funds,277,high_value_repeat,Yes
2180-DXNEG,1152.0,12,Electronic check,0,insufficient_funds,272,occasional,Yes
1960-UOTYM,950.4000000000001,52,Electronic check,1,insufficient_funds,366,high_value_repeat,No
2740-JFBOK,288.0,10,Electronic check,2,network_error,1856,occasional,Yes
6500-JVEGC,1216.1999999999998,68,Bank transfer (automatic),1,insufficient_funds,640,high_value_repeat,Yes
5515-AKOAJ,1201.1999999999998,54,Electronic check,3,network_error,3937,high_value_repeat,No
8976-OQHGT,678.0,4,Mailed check,1,network_error,882,occasional,Yes
5245-VDBUR,425.40000000000003,52,Mailed check,0,insufficient_funds,481,high_value_repeat,Yes
6230-BSUXY,1020.0,1,Electronic check,3,insufficient_funds,528,new_customer,No
8469-SNFFH,952.8000000000001,70,Bank transfer (automatic),0,card_expired,481,high_value_repeat,No
2144-ESWKO,422.40000000000003,43,Credit card (automatic),0,network_error,1973,high_value_repeat,Yes
1241-FPMOF,235.79999999999998,52,Mailed check,1,bank_decline,363,high_value_repeat,Yes
9928-BZVLZ,598.2,12,Mailed check,0,bank_decline,287,occasional,No
4114-QMKVN,825.0,56,Bank transfer (automatic),0,bank_decline,336,high_value_repeat,No
2775-SEFEE,742.8,0,Bank transfer (automatic),0,card_expired,218,new_customer,No
9003-CPATH,958.8000000000001,42,Electronic check,0,bank_decline,382,high_value_repeat,Yes
1754-GKYPY,1077.0,22,Bank transfer (automatic),2,bank_decline,174,occasional,No
5294-CDGWY,711.5999999999999,51,Electronic check,1,bank_decline,369,high_value_repeat,Yes
7956-XQWGU,232.79999999999998,27,Credit card (automatic),3,insufficient_funds,212,high_value_repeat,Yes
1591-MQJTP,1123.8000000000002,51,Bank transfer (automatic),0,bank_decline,431,high_value_repeat,Yes
5295-PCJOO,592.8,4,Electronic check,0,card_expired,298,occasional,No
2369-FEVNO,238.79999999999998,1,Mailed check,0,network_error,2732,new_customer,Yes
9863-JZAIC,660.0,35,Mailed check,0,insufficient_funds,562,high_value_repeat,Yes
7471-MQPOS,874.8000000000001,71,Bank transfer (automatic),0,insufficient_funds,638,high_value_repeat,Yes
7660-HDPJV,830.4000000000001,1,Electronic check,2,insufficient_funds,50,new_customer,No
5115-SQAAU,307.20000000000005,69,Bank transfer (automatic),3,insufficient_funds,274,high_value_repeat,No
9845-QOMAD,237.0,14,Mailed check,3,insufficient_funds,354,occasional,Yes
7672-VFMXZ,668.4000000000001,57,Electronic check,0,bank_decline,469,high_value_repeat,Yes
9739-JLPQJ,1410.0,72,Credit card (automatic),2,insufficient_funds,152,high_value_repeat,Yes
9916-AYHTC,238.20000000000002,48,Credit card (automatic),0,insufficient_funds,252,high_value_repeat,Yes
3855-ONCAR,946.8000000000001,4,Mailed check,0,insufficient_funds,419,occasional,Yes
1488-SYSFC,247.79999999999998,31,Electronic check,2,card_expired,412,high_value_repeat,Yes
7931-PXHFC,747.5999999999999,38,Mailed check,1,insufficient_funds,456,high_value_repeat,No
3990-QYKBE,1110.0,37,Electronic check,0,insufficient_funds,466,high_value_repeat,Yes
0970-QXPXW,235.79999999999998,1,Mailed check,0,card_expired,450,new_customer,No
3259-KNMRR,957.0,57,Bank transfer (automatic),0,network_error,2654,high_value_repeat,Yes
6120-RJKLU,959.4000000000001,62,Credit card (automatic),1,insufficient_funds,408,high_value_repeat,Yes
9572-WUKSB,358.79999999999995,3,Electronic check,1,insufficient_funds,499,new_customer,Yes
5893-KCLGT,237.0,72,Mailed check,3,insufficient_funds,64,high_value_repeat,No
0076-LVEPS,540.0,29,Mailed check,0,bank_decline,631,high_value_repeat,No
3640-JQGJG,537.5999999999999,13,Bank transfer (automatic),0,insufficient_funds,69,occasional,Yes
4919-MOAVT,835.8000000000001,3,Electronic check,1,card_expired,238,new_customer,No
1596-OQSPS,613.2,11,Electronic check,1,insufficient_funds,365,occasional,Yes
9867-XOBQA,637.8,21,Mailed check,0,card_expired,500,occasional,No
9546-KDTRB,296.4,19,Bank transfer (automatic),1,insufficient_funds,50,occasional,No
3090-HAWSU,1339.1999999999998,61,Credit card (automatic),2,insufficient_funds,395,high_value_repeat,Yes
9820-RMCQV,582.5999999999999,11,Credit card (automatic),3,card_expired,518,occasional,No
3174-RKMOW,1319.4,35,Electronic check,2,insufficient_funds,549,high_value_repeat,No
1760-CAZHT,249.60000000000002,25,Mailed check,2,insufficient_funds,295,high_value_repeat,No
7839-QRKXN,242.39999999999998,1,Mailed check,1,network_error,2259,new_customer,No
8441-SHIPE,307.20000000000005,67,Bank transfer (automatic),2,bank_decline,307,high_value_repeat,No
5204-QZXPU,475.79999999999995,19,Electronic check,0,insufficient_funds,341,occasional,No
4597-ELFTS,298.79999999999995,56,Electronic check,0,card_expired,245,high_value_repeat,No
1320-GVNHT,1300.8000000000002,72,Credit card (automatic),0,bank_decline,266,high_value_repeat,Yes
1047-RNXZV,234.60000000000002,43,Mailed check,1,bank_decline,465,high_value_repeat,No
3541-ZNUHK,1021.1999999999999,55,Electronic check,0,card_expired,419,high_value_repeat,No
8450-JOVAH,680.4000000000001,2,Mailed check,3,network_error,2893,new_customer,Yes
8725-JEDFD,828.5999999999999,27,Mailed check,0,insufficient_funds,432,high_value_repeat,No
7562-UXTPG,841.8000000000001,13,Mailed check,0,card_expired,505,occasional,No
8071-SBTRN,1333.8000000000002,70,Mailed check,1,insufficient_funds,531,high_value_repeat,Yes
1113-IUJYX,1271.4,14,Mailed check,0,insufficient_funds,138,occasional,Yes
6668-CNMFP,1072.1999999999998,19,Bank transfer (automatic),0,insufficient_funds,271,occasional,Yes
5626-MGTUK,1069.1999999999998,20,Bank transfer (automatic),0,insufficient_funds,365,occasional,No
5681-LLOEI,1095.0,43,Credit card (automatic),1,network_error,2481,high_value_repeat,Yes
8212-DJRCH,1084.1999999999998,5,Mailed check,0,card_expired,299,occasional,No
4323-OHFOW,1266.6,70,Bank transfer (automatic),2,card_expired,536,high_value_repeat,No
4933-BSAIP,229.20000000000002,40,Mailed check,1,insufficient_funds,696,high_value_repeat,Yes
2030-BTZRO,244.79999999999998,6,Credit card (automatic),0,insufficient_funds,427,occasional,No
1116-DXXDF,1205.4,39,Electronic check,0,card_expired,412,high_value_repeat,No
9274-CNFMO,899.4000000000001,4,Electronic check,0,bank_decline,527,occasional,No
7758-XKCBS,356.4,15,Electronic check,2,insufficient_funds,120,occasional,Yes
8992-JQYUN,604.2,1,Electronic check,0,insufficient_funds,404,new_customer,Yes
6563-VNPMN,1028.4,45,Bank transfer (automatic),0,bank_decline,546,high_value_repeat,No
0617-AQNWT,574.2,64,Electronic check,2,insufficient_funds,303,high_value_repeat,No
2267-WTPYD,1128.0,57,Credit card (automatic),1,bank_decline,216,high_value_repeat,No
0270-THENM,838.1999999999999,72,Bank transfer (automatic),0,card_expired,372,high_value_repeat,No
2446-PLQVO,843.5999999999999,1,Electronic check,0,insufficient_funds,390,new_customer,No
4707-MAXGU,310.20000000000005,72,Credit card (automatic),3,insufficient_funds,263,high_value_repeat,No
2710-WYVXG,853.1999999999999,3,Mailed check,2,insufficient_funds,714,new_customer,No
3005-NFMTA,1185.6,55,Electronic check,1,insufficient_funds,328,high_value_repeat,Yes
6300-BWMJX,1120.1999999999998,59,Electronic check,1,bank_decline,226,high_value_repeat,Yes
8784-CGILN,1198.1999999999998,18,Bank transfer (automatic),1,network_error,2425,occasional,Yes
5389-FFVKB,963.5999999999999,32,Credit card (automatic),3,network_error,3226,high_value_repeat,Yes
7009-LGECI,606.5999999999999,4,Bank transfer (automatic),3,network_error,2513,occasional,Yes
8444-WRIDW,965.4000000000001,66,Credit card (automatic),0,insufficient_funds,472,high_value_repeat,Yes
5022-KVDQT,975.5999999999999,27,Electronic check,2,card_expired,269,high_value_repeat,No
7976-CICYS,248.39999999999998,4,Credit card (automatic),0,card_expired,623,occasional,No
1036-GUDCL,948.5999999999999,60,Credit card (automatic),0,network_error,2949,high_value_repeat,Yes
2005-DWQZJ,228.60000000000002,8,Mailed check,1,insufficient_funds,557,occasional,No
8148-WOCMK,235.20000000000002,8,Credit card (automatic),0,card_expired,454,occasional,No
7815-PDTHL,242.39999999999998,35,Mailed check,3,bank_decline,523,high_value_repeat,No
9451-LPGOO,1041.6,7,Electronic check,0,insufficient_funds,269,occasional,Yes
9173-IVZVP,250.79999999999998,53,Mailed check,1,insufficient_funds,326,high_value_repeat,No
9129-UXERG,1243.1999999999998,18,Credit card (automatic),3,card_expired,601,occasional,No
3635-JBPSG,465.59999999999997,15,Mailed check,3,insufficient_funds,633,occasional,No
7964-ZRKKG,1060.8000000000002,67,Bank transfer (automatic),0,network_error,1582,high_value_repeat,Yes
5868-YWPDW,1010.4000000000001,6,Electronic check,0,bank_decline,437,occasional,No
6229-LSCKB,956.4000000000001,6,Electronic check,1,card_expired,335,occasional,No
2025-JKFWI,1188.0,13,Mailed check,0,card_expired,295,occasional,No
4078-SAYYN,1209.0,11,Electronic check,3,network_error,2727,occasional,Yes
1724-IQWNM,231.60000000000002,1,Mailed check,3,insufficient_funds,571,new_customer,No
8217-QYOHV,669.0,5,Mailed check,0,insufficient_funds,467,occasional,No
5546-QUERU,239.39999999999998,13,Mailed check,0,bank_decline,352,occasional,Yes
9940-HPQPG,1101.0,9,Bank transfer (automatic),0,network_error,2911,occasional,No
6897-UUBNU,1075.8000000000002,29,Mailed check,3,insufficient_funds,346,high_value_repeat,No
6127-IYJOZ,550.2,1,Mailed check,0,insufficient_funds,461,new_customer,No
6618-RYATB,954.5999999999999,1,Mailed check,0,network_error,3617,new_customer,No
8930-XOTDP,671.4000000000001,18,Mailed check,0,network_error,838,occasional,Yes
5916-QEWPT,828.0,2,Credit card (automatic),1,bank_decline,519,new_customer,Yes
5060-TQUQN,1002.5999999999999,30,Bank transfer (automatic),0,insufficient_funds,169,high_value_repeat,Yes
0531-XBKMM,788.4000000000001,66,Bank transfer (automatic),0,bank_decline,584,high_value_repeat,No
8465-SBRXP,1138.8000000000002,38,Bank transfer (automatic),3,card_expired,304,high_value_repeat,No
2408-PSJVE,742.8,44,Mailed check,3,network_error,1525,high_value_repeat,Yes
9079-YEXQJ,1333.1999999999998,54,Electronic check,2,card_expired,504,high_value_repeat,No
9700-ZCLOT,240.0,2,Mailed check,0,insufficient_funds,454,new_customer,No
8738-JOKAR,812.4000000000001,42,Mailed check,0,bank_decline,250,high_value_repeat,No
4534-WGCIR,301.79999999999995,58,Credit card (automatic),1,insufficient_funds,212,high_value_repeat,No
1930-WNXSB,1114.1999999999998,58,Electronic check,0,insufficient_funds,371,high_value_repeat,No
2685-SREOM,1069.1999999999998,25,Electronic check,3,bank_decline,219,high_value_repeat,No
3508-CFVZL,1335.6,71,Mailed check,1,card_expired,240,high_value_repeat,No
0402-CQAJN,1222.8000000000002,37,Bank transfer (automatic),0,bank_decline,417,high_value_repeat,Yes
6692-UDPJC,1099.8000000000002,14,Electronic check,3,card_expired,255,occasional,No
1273-MTETI,1066.1999999999998,4,Electronic check,3,insufficient_funds,463,occasional,No
0657-DOGUM,727.2,48,Bank transfer (automatic),0,bank_decline,623,high_value_repeat,Yes
5480-HPRRX,303.6,3,Electronic check,1,insufficient_funds,377,new_customer,Yes
8792-AOROI,786.0,8,Mailed check,0,bank_decline,419,occasional,Yes
0295-PPHDO,1145.4,1,Electronic check,0,insufficient_funds,702,new_customer,Yes
5146-YYFRZ,239.39999999999998,67,Bank transfer (automatic),0,bank_decline,221,high_value_repeat,No
1195-OIYEJ,1093.1999999999998,13,Electronic check,1,insufficient_funds,578,occasional,No
5906-CVLHP,649.8,45,Credit card (automatic),3,card_expired,560,high_value_repeat,No
3452-SRFEG,895.1999999999999,49,Bank transfer (automatic),1,bank_decline,528,high_value_repeat,Yes
4070-OKWVH,1135.1999999999998,52,Bank transfer (automatic),0,card_expired,593,high_value_repeat,No
5297-MDOIR,973.8000000000001,63,Credit card (automatic),1,network_error,2724,high_value_repeat,Yes
6369-MCAKO,1068.6,68,Bank transfer (automatic),0,bank_decline,312,high_value_repeat,No
4926-UMJZD,590.4000000000001,31,Mailed check,2,network_error,3375,high_value_repeat,Yes
6848-HJTXY,233.39999999999998,64,Credit card (automatic),0,bank_decline,569,high_value_repeat,Yes
6341-AEVKX,1251.6,62,Electronic check,0,insufficient_funds,565,high_value_repeat,Yes
4501-EQDRN,836.4000000000001,1,Bank transfer (automatic),0,insufficient_funds,406,new_customer,Yes
2990-HWIML,1074.0,6,Electronic check,2,insufficient_funds,292,occasional,No
0682-USIXD,1032.6,21,Electronic check,0,insufficient_funds,428,occasional,Yes
6976-BWGLQ,302.4,72,Bank transfer (automatic),2,insufficient_funds,541,high_value_repeat,Yes
7078-NVFAM,421.79999999999995,32,Electronic check,0,card_expired,553,high_value_repeat,No
8065-QBYTO,1195.8000000000002,71,Credit card (automatic),0,insufficient_funds,335,high_value_repeat,Yes
2133-TSRRM,1264.1999999999998,34,Bank transfer (automatic),1,insufficient_funds,447,high_value_repeat,Yes
7384-GHBPI,421.79999999999995,3,Electronic check,3,insufficient_funds,203,new_customer,No
7603-USHJS,885.0,12,Credit card (automatic),3,bank_decline,547,occasional,No
7234-FECYN,1216.1999999999998,8,Electronic check,0,card_expired,282,occasional,No
2511-ALLCS,291.6,35,Bank transfer (automatic),0,insufficient_funds,517,high_value_repeat,No
3191-CSNMG,968.4000000000001,3,Electronic check,0,bank_decline,227,new_customer,Yes
7952-OBOYL,1078.1999999999998,3,Mailed check,1,insufficient_funds,554,new_customer,Yes
7470-DYNOE,733.2,53,Electronic check,1,bank_decline,448,high_value_repeat,Yes
7853-OETYL,348.6,4,Electronic check,3,card_expired,282,occasional,No
1545-ACTAS,1196.4,48,Bank transfer (automatic),3,insufficient_funds,503,high_value_repeat,Yes
5876-HZVZM,670.8,6,Credit card (automatic),0,network_error,2027,occasional,Yes
1400-MMYXY,1270.8000000000002,3,Electronic check,1,network_error,3099,new_customer,Yes
5126-RCXYW,552.0,54,Credit card (automatic),2,insufficient_funds,358,high_value_repeat,Yes
3085-QUOZK,527.4000000000001,1,Mailed check,2,bank_decline,141,new_customer,No
2363-BJLSL,964.8000000000001,62,Bank transfer (automatic),0,insufficient_funds,252,high_value_repeat,No
1956-YIFGE,1200.6,22,Mailed check,0,insufficient_funds,335,occasional,Yes
3926-CUQZX,541.2,1,Bank transfer (automatic),0,insufficient_funds,605,new_customer,Yes
7921-LMDFQ,1128.0,51,Bank transfer (automatic),0,insufficient_funds,535,high_value_repeat,Yes
2925-MXLSX,827.4000000000001,30,Credit card (automatic),0,insufficient_funds,643,high_value_repeat,Yes
5820-PTRYM,821.4000000000001,56,Credit card (automatic),0,bank_decline,648,high_value_repeat,Yes
9609-BENEA,828.0,35,Electronic check,1,insufficient_funds,319,high_value_repeat,Yes
6211-WHMYA,526.2,64,Electronic check,0,insufficient_funds,371,high_value_repeat,Yes
4459-BBGHE,534.0,30,Electronic check,0,card_expired,338,high_value_repeat,No
9945-PSVIP,224.39999999999998,25,Mailed check,0,bank_decline,299,high_value_repeat,Yes
1041-RXHRA,843.0,41,Bank transfer (automatic),2,bank_decline,123,high_value_repeat,Yes
1750-CSKKM,664.2,9,Electronic check,2,network_error,2488,occasional,Yes
9108-EJFJP,642.5999999999999,1,Mailed check,1,bank_decline,207,new_customer,No
0530-IJVDB,1375.1999999999998,70,Electronic check,0,network_error,2472,high_value_repeat,Yes
0508-SQWPL,241.20000000000002,57,Bank transfer (automatic),3,bank_decline,717,high_value_repeat,Yes
2215-ZAFGX,1026.0,9,Electronic check,0,network_error,2092,occasional,Yes
8213-TAZPM,1305.0,69,Bank transfer (automatic),0,insufficient_funds,429,high_value_repeat,Yes
7142-HVGBG,1236.0,43,Electronic check,0,insufficient_funds,535,high_value_repeat,Yes
1304-SEGFY,1174.1999999999998,72,Electronic check,0,card_expired,442,high_value_repeat,No
7242-EDTYC,234.60000000000002,44,Bank transfer (automatic),0,insufficient_funds,443,high_value_repeat,No
2904-GGUAZ,1008.5999999999999,72,Bank transfer (automatic),3,insufficient_funds,345,high_value_repeat,Yes
8267-ZNYVZ,1245.0,33,Electronic check,1,card_expired,365,high_value_repeat,No
5136-GFPMB,1072.8000000000002,54,Credit card (automatic),0,bank_decline,255,high_value_repeat,No
2595-KIWPV,236.39999999999998,27,Credit card (automatic),3,insufficient_funds,526,high_value_repeat,No
5243-SAOTC,958.1999999999999,54,Bank transfer (automatic),0,network_error,1106,high_value_repeat,Yes
9398-MMQTO,893.4000000000001,3,Credit card (automatic),0,network_error,3276,new_customer,Yes
7619-PLRLP,889.1999999999999,53,Bank transfer (automatic),1,bank_decline,189,high_value_repeat,Yes
6457-GIRWB,832.1999999999999,1,Electronic check,1,bank_decline,544,new_customer,Yes
6508-NJYRO,225.60000000000002,15,Mailed check,0,network_error,2216,occasional,No
1450-SKCVI,886.1999999999999,56,Electronic check,0,card_expired,215,high_value_repeat,No
4710-NKCAW,772.8000000000001,5,Credit card (automatic),1,insufficient_funds,486,occasional,No
5306-BVTKJ,669.5999999999999,48,Credit card (automatic),1,card_expired,539,high_value_repeat,No
0357-NVCRI,240.60000000000002,25,Credit card (automatic),1,network_error,2149,high_value_repeat,Yes
5570-PTWEH,901.8000000000001,3,Credit card (automatic),0,bank_decline,508,new_customer,Yes
2371-KFUOG,1189.8000000000002,58,Bank transfer (automatic),0,network_error,671,high_value_repeat,Yes
0463-ZSDNT,681.0,10,Bank transfer (automatic),0,insufficient_funds,201,occasional,No
6502-MJQAE,835.1999999999999,1,Electronic check,0,card_expired,593,new_customer,No
6257-DTAYD,1249.8000000000002,71,Credit card (automatic),3,insufficient_funds,366,high_value_repeat,No
4616-ULAOA,1329.6,65,Credit card (automatic),1,insufficient_funds,120,high_value_repeat,Yes
7693-LCKZL,961.8000000000001,5,Electronic check,0,insufficient_funds,295,occasional,Yes
7746-AWNQW,429.0,28,Mailed check,2,insufficient_funds,261,high_value_repeat,No
5996-EBTKM,838.8000000000001,67,Bank transfer (automatic),1,bank_decline,375,high_value_repeat,No
2758-RNWXS,1070.4,35,Electronic check,0,insufficient_funds,344,high_value_repeat,Yes
2314-TNDJQ,667.8,72,Credit card (automatic),2,insufficient_funds,426,high_value_repeat,Yes
2405-LBMUW,608.4000000000001,61,Bank transfer (automatic),2,bank_decline,389,high_value_repeat,No
3454-JFUBC,240.0,68,Credit card (automatic),1,insufficient_funds,603,high_value_repeat,Yes
0032-PGELS,366.0,1,Bank transfer (automatic),0,insufficient_funds,463,new_customer,Yes
9039-ZVJDC,229.20000000000002,3,Mailed check,1,insufficient_funds,468,new_customer,No
6797-LNAQX,1179.6,70,Bank transfer (automatic),2,insufficient_funds,574,high_value_repeat,Yes
9013-AQORL,546.5999999999999,48,Credit card (automatic),0,insufficient_funds,341,high_value_repeat,No
2898-MRKPI,1212.6,68,Credit card (automatic),0,insufficient_funds,210,high_value_repeat,Yes
2750-BJLSB,1244.4,47,Electronic check,2,card_expired,581,high_value_repeat,No
3648-GZPHF,435.0,32,Mailed check,0,insufficient_funds,420,high_value_repeat,Yes
2075-RMJIK,592.8,5,Mailed check,2,insufficient_funds,420,occasional,No
9588-YRFHY,238.79999999999998,49,Credit card (automatic),1,bank_decline,305,high_value_repeat,Yes
6394-MFYNG,1288.8000000000002,48,Bank transfer (automatic),0,insufficient_funds,307,high_value_repeat,Yes
1564-NTYXF,984.0,13,Electronic check,0,bank_decline,527,occasional,Yes
9364-YKUVW,237.60000000000002,15,Mailed check,2,card_expired,547,occasional,No
5392-AKEMH,540.5999999999999,12,Electronic check,0,insufficient_funds,517,occasional,Yes
2451-YMUXS,774.5999999999999,67,Bank transfer (automatic),1,network_error,3134,high_value_repeat,Yes
3914-FDRHP,1035.0,9,Electronic check,1,insufficient_funds,485,occasional,Yes
3078-ZKNTS,237.0,13,Bank transfer (automatic),1,insufficient_funds,419,occasional,Yes
1024-KPRBB,1069.1999999999998,38,Mailed check,3,network_error,2359,high_value_repeat,Yes
4690-PKDQG,1146.6,42,Electronic check,1,card_expired,581,high_value_repeat,No
8155-IBNHG,904.8000000000001,24,Credit card (automatic),0,network_error,2201,occasional,Yes
0886-QGENL,1215.0,27,Electronic check,3,bank_decline,455,high_value_repeat,No
9547-ITEFG,1231.1999999999998,9,Credit card (automatic),1,insufficient_funds,279,occasional,No
1264-FUHCX,675.5999999999999,49,Credit card (automatic),0,card_expired,301,high_value_repeat,No
7789-CRUVC,1130.4,61,Credit card (automatic),0,card_expired,364,high_value_repeat,No
6598-KELSS,516.5999999999999,50,Bank transfer (automatic),2,bank_decline,279,high_value_repeat,No
8739-WWKDU,1074.0,25,Electronic check,0,bank_decline,519,high_value_repeat,No
8685-WHQPW,892.8000000000001,22,Bank transfer (automatic),1,bank_decline,197,occasional,Yes
4745-LSPLO,246.0,1,Mailed check,1,insufficient_funds,414,new_customer,No
8083-YTZES,892.1999999999999,4,Electronic check,0,network_error,2606,occasional,No
7240-FQLHE,1197.0,18,Bank transfer (automatic),1,insufficient_funds,128,occasional,Yes
6664-FPDAC,1343.4,56,Electronic check,0,insufficient_funds,333,high_value_repeat,Yes
9972-VAFJJ,1128.0,53,Electronic check,0,bank_decline,438,high_value_repeat,No
0422-UXFAP,1186.1999999999998,51,Electronic check,1,insufficient_funds,464,high_value_repeat,No
1904-WAJAA,772.1999999999999,24,Electronic check,0,bank_decline,369,occasional,Yes
5130-YPIRV,864.0,62,Credit card (automatic),1,insufficient_funds,501,high_value_repeat,No
2843-CQMEG,596.4000000000001,24,Mailed check,2,bank_decline,383,occasional,Yes
6439-PKTRR,968.4000000000001,70,Electronic check,2,insufficient_funds,402,high_value_repeat,No
5351-QESIO,290.4,1,Mailed check,0,insufficient_funds,437,new_customer,Yes
0786-VSSUD,468.0,16,Mailed check,0,insufficient_funds,539,occasional,Yes
5568-DMXZS,785.4000000000001,8,Electronic check,1,card_expired,298,occasional,No
8468-FZTOE,892.1999999999999,72,Electronic check,3,insufficient_funds,326,high_value_repeat,No
6633-SYEUS,998.4000000000001,23,Bank transfer (automatic),2,network_error,1964,occasional,No
6447-GORXK,300.0,31,Credit card (automatic),2,insufficient_funds,350,high_value_repeat,Yes
6967-PEJLL,482.40000000000003,37,Electronic check,0,insufficient_funds,613,high_value_repeat,Yes
3976-BWUCK,1129.1999999999998,30,Credit card (automatic),0,insufficient_funds,485,high_value_repeat,Yes
5981-ZVXOT,1300.1999999999998,35,Electronic check,1,insufficient_funds,230,high_value_repeat,No
1684-FLBGS,834.0,23,Credit card (automatic),0,bank_decline,309,occasional,Yes
1389-WNUIB,912.0,20,Bank transfer (automatic),0,bank_decline,455,occasional,Yes
0376-OIWME,1123.1999999999998,36,Electronic check,3,insufficient_funds,264,high_value_repeat,No
3585-ISXZP,1147.8000000000002,8,Bank transfer (automatic),0,card_expired,291,occasional,No
0218-QNVAS,1206.6,71,Bank transfer (automatic),0,network_error,3575,high_value_repeat,Yes
6583-QGCSI,1056.6,50,Electronic check,0,insufficient_funds,307,high_value_repeat,Yes
0804-YGEQV,293.4,43,Bank transfer (automatic),3,insufficient_funds,543,high_value_repeat,No
7164-BPTUT,1074.6,57,Mailed check,1,card_expired,588,high_value_repeat,No
4174-LPGTI,798.0,41,Bank transfer (automatic),1,insufficient_funds,289,high_value_repeat,No
2523-EWWZL,913.1999999999999,27,Electronic check,3,insufficient_funds,266,high_value_repeat,No
0928-XUTSN,966.0,13,Electronic check,0,insufficient_funds,358,occasional,Yes
2108-XWMPY,425.40000000000003,3,Mailed check,1,card_expired,236,new_customer,No
0052-YNYOT,246.60000000000002,67,Electronic check,0,insufficient_funds,418,high_value_repeat,No
6304-IJFSQ,598.8,3,Mailed check,0,insufficient_funds,369,new_customer,Yes
9586-JGQKH,1264.8000000000002,64,Bank transfer (automatic),2,insufficient_funds,454,high_value_repeat,No
4501-VCPFK,429.0,26,Electronic check,2,insufficient_funds,609,high_value_repeat,Yes
6075-SLNIL,1141.1999999999998,38,Credit card (automatic),0,insufficient_funds,522,high_value_repeat,No
9347-AERRL,231.60000000000002,23,Credit card (automatic),0,bank_decline,473,occasional,No
0093-XWZFY,1254.0,40,Credit card (automatic),1,insufficient_funds,105,high_value_repeat,Yes
2274-XUATA,757.2,72,Bank transfer (automatic),0,network_error,2854,high_value_repeat,Yes
1980-KXVPM,900.5999999999999,3,Credit card (automatic),0,insufficient_funds,658,new_customer,No
7703-ZEKEF,972.0,23,Electronic check,0,network_error,91,occasional,No
0723-DRCLG,893.4000000000001,1,Electronic check,0,card_expired,503,new_customer,No
5482-NUPNA,724.8,4,Mailed check,2,insufficient_funds,376,occasional,Yes
6691-CCIHA,1019.4000000000001,62,Electronic check,0,bank_decline,272,high_value_repeat,No
1685-BQULA,1120.8000000000002,40,Bank transfer (automatic),0,card_expired,520,high_value_repeat,No
9053-EJUNL,1070.4,41,Electronic check,1,bank_decline,656,high_value_repeat,Yes
0666-UXTJO,1022.4000000000001,34,Credit card (automatic),2,insufficient_funds,516,high_value_repeat,Yes
1471-GIQKQ,599.4000000000001,1,Electronic check,0,bank_decline,344,new_customer,Yes
4807-IZYOZ,247.79999999999998,51,Bank transfer (automatic),0,network_error,1745,high_value_repeat,Yes
1122-JWTJW,847.8000000000001,1,Mailed check,0,bank_decline,421,new_customer,No
9710-NJERN,241.79999999999998,39,Mailed check,1,card_expired,530,high_value_repeat,No
9837-FWLCH,230.39999999999998,12,Electronic check,1,card_expired,341,occasional,Yes
1699-HPSBG,717.5999999999999,12,Electronic check,2,network_error,2267,occasional,Yes
7203-OYKCT,1259.4,72,Electronic check,3,bank_decline,823,high_value_repeat,Yes
1035-IPQPU,1242.0,63,Electronic check,2,bank_decline,561,high_value_repeat,Yes
7398-LXGYX,1017.5999999999999,44,Credit card (automatic),1,insufficient_funds,572,high_value_repeat,Yes
2823-LKABH,1140.6,18,Bank transfer (automatic),1,network_error,1331,occasional,Yes
8775-CEBBJ,530.4000000000001,9,Bank transfer (automatic),0,insufficient_funds,293,occasional,No
0550-DCXLH,880.1999999999999,13,Mailed check,3,card_expired,411,occasional,No
9281-CEDRU,769.1999999999999,68,Bank transfer (automatic),0,insufficient_funds,249,high_value_repeat,Yes
2235-DWLJU,532.8,6,Electronic check,0,insufficient_funds,640,occasional,Yes
0871-OPBXW,240.60000000000002,2,Mailed check,1,bank_decline,611,new_customer,Yes
3605-JISKB,720.0,55,Credit card (automatic),0,insufficient_funds,319,high_value_repeat,Yes
6894-LFHLY,909.0,1,Electronic check,1,card_expired,667,new_customer,No
9767-FFLEM,834.0,38,Credit card (automatic),1,card_expired,399,high_value_repeat,No
0639-TSIQW,1235.4,67,Credit card (automatic),0,insufficient_funds,788,high_value_repeat,Yes
8456-QDAVC,944.4000000000001,19,Bank transfer (automatic),2,insufficient_funds,421,occasional,Yes
7750-EYXWZ,727.8,12,Electronic check,0,card_expired,486,occasional,No
2569-WGERO,253.79999999999998,72,Bank transfer (automatic),0,insufficient_funds,609,high_value_repeat,Yes
6840-RESVB,1017.5999999999999,24,Mailed check,1,bank_decline,591,occasional,No
2234-XADUH,1238.4,72,Credit card (automatic),1,bank_decline,476,high_value_repeat,No
4801-JZAZL,355.20000000000005,11,Electronic check,2,insufficient_funds,378,occasional,No
8361-LTMKD,892.8000000000001,4,Mailed check,0,insufficient_funds,477,occasional,Yes
3186-AJIEK,1267.8000000000002,66,Bank transfer (automatic),1,card_expired,277,high_value_repeat,No
