transaction_amount,customer_tenure_months,retry_count,gateway_response_time_ms,is_high_value_transaction,is_repeat_failure,failure_reason_bank_decline,failure_reason_card_expired,failure_reason_insufficient_funds,failure_reason_network_error,payment_method_Bank transfer (automatic),payment_method_Credit card (automatic),payment_method_Electronic check,payment_method_Mailed check,customer_segment_high_value_repeat,customer_segment_new_customer,customer_segment_occasional
358.20000000000005,1,0,272,0,0,False,False,True,False,False,False,True,False,False,True,False
683.4000000000001,34,3,544,0,1,True,False,False,False,False,False,False,True,True,False,False
646.2,2,1,404,0,0,False,False,True,False,False,False,False,True,False,True,False
507.6,45,1,2193,0,0,False,False,False,True,True,False,False,False,True,False,False
848.4000000000001,2,0,382,1,0,False,False,True,False,False,False,True,False,False,True,False
1195.8000000000002,8,0,473,1,0,False,False,True,False,False,False,True,False,False,False,True
1069.1999999999998,22,0,466,1,0,False,True,False,False,False,True,False,False,False,False,True
357.0,10,2,388,0,1,True,False,False,False,False,False,False,True,False,False,True
1257.6,28,1,563,1,0,False,True,False,False,False,False,True,False,True,False,False
673.8,62,1,545,0,0,True,False,False,False,True,False,False,False,True,False,False
599.4000000000001,13,0,462,0,0,False,True,False,False,False,False,False,True,False,False,True
227.4,16,3,408,0,1,False,True,False,False,False,True,False,False,False,False,True
1204.1999999999998,58,2,498,1,1,False,False,True,False,False,True,False,False,True,False,False
1244.4,49,0,447,1,0,True,False,False,False,True,False,False,False,True,False,False
1266.0,25,0,559,1,0,False,False,True,False,False,False,True,False,True,False,False
1359.0,69,0,534,1,0,True,False,False,False,False,True,False,False,True,False,False
247.8,52,0,247,0,0,True,False,False,False,False,False,False,True,True,False,False
1280.4,71,1,237,1,0,True,False,False,False,True,False,False,False,True,False,False
662.4000000000001,10,0,294,0,0,False,True,False,False,False,True,False,False,False,False,True
1080.6,21,0,3280,1,0,False,False,False,True,False,False,True,False,False,False,True
475.8,1,1,1238,0,0,False,False,False,True,False,False,True,False,False,True,False
237.6,12,0,459,0,0,False,False,True,False,True,False,False,False,False,False,True
241.8,1,0,454,0,0,False,True,False,False,False,False,False,True,False,True,False
718.8,58,0,574,0,0,False,False,True,False,False,True,False,False,True,False,False
715.2,49,1,427,0,0,False,True,False,False,False,True,False,False,True,False,False
663.5999999999999,30,2,198,0,1,False,False,True,False,True,False,False,False,True,False,False
1192.1999999999998,47,0,256,1,0,False,False,True,False,False,False,True,False,True,False,False
362.4,1,1,222,0,0,False,False,True,False,False,False,True,False,False,True,False
1083.0,72,1,319,1,0,False,False,True,False,False,True,False,False,True,False,False
776.4000000000001,17,0,372,0,0,False,True,False,False,False,False,False,True,False,False,True
1156.1999999999998,71,1,225,1,0,False,False,True,False,False,True,False,False,True,False,False
1146.0,2,0,620,1,0,False,True,False,False,False,True,False,False,False,True,False
793.8000000000001,27,0,201,0,0,False,False,True,False,False,False,False,True,True,False,False
242.4,1,3,601,0,1,False,True,False,False,True,False,False,False,False,True,False
543.0,1,3,577,0,1,False,True,False,False,True,False,False,False,False,True,False
1198.8000000000002,72,2,534,1,1,False,True,False,False,True,False,False,False,True,False,False
836.4000000000001,5,0,1944,0,0,False,False,False,True,False,False,True,False,False,False,True
897.5999999999999,46,0,451,1,0,False,False,True,False,False,True,False,False,True,False,False
1276.1999999999998,34,1,1478,1,0,False,False,False,True,False,False,True,False,True,False,False
1174.1999999999998,11,0,536,1,0,False,False,True,False,True,False,False,False,False,False,True
594.5999999999999,10,0,388,0,0,False,True,False,False,False,False,False,True,False,False,True
830.4000000000001,70,1,338,0,0,False,True,False,False,False,True,False,False,True,False,False
249.0,17,0,216,0,0,False,False,True,False,False,False,False,True,False,False,True
958.2,63,3,517,1,1,False,False,False,True,False,True,False,False,True,False,False
914.4,13,0,244,1,0,False,True,False,False,False,False,True,False,False,False,True
1014.0,49,1,566,1,0,False,False,True,False,False,False,True,False,True,False,False
591.0,2,0,339,0,0,False,False,True,False,False,False,False,True,False,True,False
967.8,2,1,374,1,0,False,False,True,False,False,False,True,False,False,True,False
957.0,52,1,498,1,0,True,False,False,False,False,True,False,False,True,False,False
769.8000000000001,69,0,3944,0,0,False,False,False,True,False,True,False,False,True,False,False
1083.0,43,3,598,1,1,False,False,True,False,False,False,True,False,True,False,False
1189.1999999999998,15,2,254,1,1,False,False,True,False,False,True,False,False,False,False,True
834.0,25,3,108,0,1,False,True,False,False,False,True,False,False,True,False,False
967.8,8,2,753,1,1,True,False,False,False,False,True,False,False,False,False,True
898.1999999999999,60,1,740,1,0,False,False,True,False,False,True,False,False,True,False,False
1145.4,18,3,428,1,1,False,False,True,False,False,False,True,False,False,False,True
1195.8000000000002,63,0,209,1,0,True,False,False,False,False,True,False,False,True,False,False
1301.4,66,0,544,1,0,False,False,True,False,False,False,True,False,True,False,False
299.4,34,0,383,0,0,False,False,True,False,False,True,False,False,True,False,False
1290.0,72,0,383,1,0,True,False,False,False,False,True,False,False,True,False,False
1206.0,47,0,534,1,0,False,True,False,False,False,False,True,False,True,False,False
1078.8000000000002,60,0,450,1,0,False,False,True,False,True,False,False,False,True,False,False
505.2000000000001,72,2,222,0,1,False,False,True,False,True,False,False,False,True,False,False
652.8,18,0,351,0,0,False,False,True,False,False,True,False,False,False,False,True
1132.8000000000002,9,0,499,1,0,False,False,True,False,False,False,True,False,False,False,True
903.6,3,1,476,1,0,True,False,False,False,False,False,True,False,False,True,False
946.8,47,0,439,1,0,False,False,True,False,False,False,True,False,True,False,False
950.4,31,2,3246,1,1,False,False,False,True,False,False,False,True,True,False,False
241.8,50,0,345,0,0,True,False,False,False,True,False,False,False,True,False,False
958.2,10,3,426,1,1,False,False,True,False,False,False,False,True,False,False,True
588.5999999999999,1,2,50,0,1,False,False,True,False,False,False,False,True,False,True,False
244.8,52,0,332,0,0,False,True,False,False,False,False,True,False,True,False,False
1339.1999999999998,64,0,514,1,0,True,False,False,False,True,False,False,False,True,False,False
291.0,62,2,341,0,1,True,False,False,False,True,False,False,False,True,False,False
774.0,3,1,330,0,0,False,False,True,False,True,False,False,False,False,True,False
1326.0,56,1,1666,1,0,False,False,False,True,False,False,True,False,True,False,False
667.8,46,2,550,0,1,False,True,False,False,False,True,False,False,True,False,False
655.8,8,0,482,0,0,True,False,False,False,False,False,False,True,False,False,True
897.0,30,0,523,1,0,False,False,True,False,False,False,True,False,True,False,False
310.79999999999995,45,0,141,0,0,False,True,False,False,False,True,False,False,True,False,False
952.2,1,2,375,1,1,True,False,False,False,False,False,True,False,False,True,False
606.5999999999999,11,1,357,0,0,False,False,True,False,False,False,True,False,False,False,True
901.8,7,0,357,1,0,False,True,False,False,True,False,False,False,False,False,True
1245.6,42,0,307,1,0,False,False,True,False,True,False,False,False,True,False,False
241.8,49,0,348,0,0,False,False,True,False,True,False,False,False,True,False,False
1191.6,9,0,527,1,0,False,False,True,False,False,True,False,False,False,False,True
745.8,35,1,113,0,0,True,False,False,False,True,False,False,False,True,False,False
247.8,48,1,666,0,0,False,False,True,False,True,False,False,False,True,False,False
239.4,46,2,472,0,1,False,True,False,False,False,False,False,True,True,False,False
405.0,29,1,2466,0,0,False,False,False,True,False,False,False,True,True,False,False
984.6,30,0,536,1,0,False,False,True,False,True,False,False,False,True,False,False
896.4000000000001,1,1,182,1,0,False,True,False,False,False,False,True,False,False,True,False
1008.0,66,2,1968,1,1,False,False,False,True,False,False,False,True,True,False,False
1332.6,65,1,381,1,0,True,False,False,False,False,True,False,False,True,False,False
1210.8000000000002,72,2,604,1,1,False,True,False,False,True,False,False,False,True,False,False
947.4,12,1,2462,1,0,False,False,False,True,False,False,True,False,False,False,True
802.1999999999999,71,1,467,0,0,False,False,True,False,False,True,False,False,True,False,False
252.6,5,0,311,0,0,True,False,False,False,False,False,False,True,False,False,True
252.0,52,0,473,0,0,False,False,True,False,True,False,False,False,True,False,False
1182.0,25,0,3841,1,0,False,False,False,True,False,False,True,False,True,False,False
242.4,1,0,549,0,0,False,False,True,False,False,False,False,True,False,True,False
233.4,1,1,387,0,0,True,False,False,False,False,False,True,False,False,True,False
1140.0,38,0,3040,1,0,False,False,False,True,True,False,False,False,True,False,False
546.5999999999999,66,1,2962,0,0,False,False,False,True,True,False,False,False,True,False,False
1320.0,68,3,475,1,1,False,False,True,False,True,False,False,False,True,False,False
291.6,5,0,566,0,0,False,False,True,False,False,False,False,True,False,False,True
1249.8000000000002,72,0,565,1,0,False,True,False,False,False,False,True,False,True,False,False
361.8,32,2,2398,0,1,False,False,False,True,False,False,False,True,True,False,False
1132.1999999999998,43,0,496,1,0,False,False,True,False,False,False,False,True,True,False,False
232.8,72,0,342,0,0,True,False,False,False,False,True,False,False,True,False,False
1161.0,55,0,261,1,0,True,False,False,False,False,False,True,False,True,False,False
695.4000000000001,52,0,359,0,0,False,False,True,False,False,True,False,False,True,False,False
1099.8000000000002,43,3,388,1,1,True,False,False,False,False,False,True,False,True,False,False
918.0,37,2,150,1,1,False,True,False,False,False,False,True,False,True,False,False
655.2,64,1,529,0,0,False,True,False,False,False,False,True,False,True,False,False
1078.1999999999998,3,2,50,1,1,False,False,True,False,False,False,True,False,False,True,False
372.6,36,2,807,0,1,False,True,False,False,True,False,False,False,True,False,False
1203.0,10,0,3701,1,0,False,False,False,True,False,False,True,False,False,False,True
247.8,41,2,360,0,1,False,False,True,False,False,False,False,True,True,False,False
1022.4,27,1,401,1,0,False,True,False,False,False,True,False,False,True,False,False
1197.6,56,2,2742,1,1,False,False,False,True,False,True,False,False,True,False,False
248.4,6,2,2028,0,1,False,False,False,True,False,False,False,True,False,False,True
892.8000000000001,3,0,428,1,0,False,False,True,False,False,False,True,False,False,True,False
608.4000000000001,7,0,378,0,0,True,False,False,False,False,False,False,True,False,False,True
250.2,4,0,385,0,0,False,True,False,False,False,False,False,True,False,False,True
1067.4,33,0,427,1,0,False,False,True,False,False,False,True,False,True,False,False
936.6,27,2,202,1,1,False,False,True,False,False,False,True,False,True,False,False
282.6,72,2,405,0,1,False,True,False,False,True,False,False,False,True,False,False
237.0,1,0,424,0,0,True,False,False,False,False,False,False,True,False,True,False
677.4000000000001,71,1,419,0,0,False,False,True,False,False,False,True,False,True,False,False
1031.4,13,0,2327,1,0,False,False,False,True,False,False,True,False,False,False,True
703.2,25,0,570,0,0,False,False,True,False,False,True,False,False,True,False,False
606.5999999999999,67,0,346,0,0,False,True,False,False,True,False,False,False,True,False,False
425.4,1,0,434,0,0,True,False,False,False,False,False,True,False,False,True,False
532.2,2,3,3537,0,1,False,False,False,True,False,False,True,False,False,True,False
308.4,43,0,388,0,0,False,False,True,False,False,True,False,False,True,False,False
900.0,23,1,432,1,0,False,True,False,False,True,False,False,False,False,False,True
242.4,64,1,385,0,0,False,False,True,False,False,False,False,True,True,False,False
235.2,57,0,585,0,0,False,False,True,False,False,False,False,True,True,False,False
845.4000000000001,1,3,2293,1,1,False,False,False,True,False,False,False,True,False,True,False
1056.6,72,3,3526,1,1,False,False,False,True,False,True,False,False,True,False,False
853.8000000000001,8,0,384,1,0,False,False,True,False,False,False,True,False,False,False,True
1212.6,61,1,271,1,0,True,False,False,False,True,False,False,False,True,False,False
1011.6,64,0,501,1,0,False,True,False,False,False,True,False,False,True,False,False
287.4,71,0,354,0,0,False,False,True,False,True,False,False,False,True,False,False
1188.6,65,0,493,1,0,False,True,False,False,False,True,False,False,True,False,False
235.2,3,1,50,0,0,False,True,False,False,False,False,False,True,False,True,False
547.8,1,1,400,0,0,False,True,False,False,False,False,True,False,False,True,False
774.0,30,0,331,0,0,False,True,False,False,False,True,False,False,True,False,False
834.0,15,0,240,0,0,False,True,False,False,False,False,False,True,False,False,True
822.5999999999999,8,3,317,0,1,False,False,True,False,False,False,True,False,False,False,True
1140.0,7,0,313,1,0,True,False,False,False,False,False,False,True,False,False,True
1297.8000000000002,70,0,392,1,0,False,True,False,False,False,True,False,False,True,False,False
1033.1999999999998,62,1,194,1,0,False,False,True,False,False,False,True,False,True,False,False
236.4,6,3,2753,0,1,False,False,False,True,False,False,False,True,False,False,True
970.8,14,0,604,1,0,True,False,False,False,True,False,False,False,False,False,True
1009.8,22,1,442,1,0,True,False,False,False,True,False,False,False,False,False,True
241.8,22,2,521,0,1,False,False,True,False,False,False,False,True,False,False,True
771.0,16,0,564,0,0,False,False,True,False,False,False,False,True,False,False,True
308.4,10,1,585,0,0,False,True,False,False,True,False,False,False,False,False,True
672.0,13,0,680,0,0,False,False,True,False,False,False,True,False,False,False,True
988.8,20,1,325,1,0,True,False,False,False,False,False,True,False,False,False,True
836.4000000000001,2,1,292,0,0,False,False,True,False,False,False,True,False,False,True,False
886.8000000000001,53,1,517,1,0,False,False,True,False,True,False,False,False,True,False,False
247.2,11,0,506,0,0,False,False,True,False,False,False,False,True,False,False,True
238.8,69,2,516,0,1,False,False,True,False,False,False,False,True,True,False,False
850.8000000000001,4,0,4011,1,0,False,False,False,True,True,False,False,False,False,False,True
1068.6,72,0,401,1,0,False,True,False,False,True,False,False,False,True,False,False
543.5999999999999,58,0,463,0,0,False,False,True,False,False,False,True,False,True,False,False
244.8,16,1,252,0,0,False,False,True,False,False,False,True,False,False,False,True
1011.0,43,1,720,1,0,False,True,False,False,True,False,False,False,True,False,False
1252.8000000000002,2,0,349,1,0,False,False,True,False,False,False,True,False,False,True,False
983.4,14,1,353,1,0,False,True,False,False,False,False,False,True,False,False,True
1138.1999999999998,53,0,347,1,0,False,True,False,False,True,False,False,False,True,False,False
246.6,32,1,1984,0,0,False,False,False,True,True,False,False,False,True,False,False
296.4,34,0,290,0,0,True,False,False,False,False,False,True,False,True,False,False
893.4000000000001,15,1,321,1,0,True,False,False,False,False,False,False,True,False,False,True
917.4,7,0,195,1,0,True,False,False,False,True,False,False,False,False,False,True
1264.1999999999998,15,3,282,1,1,False,False,True,False,True,False,False,False,False,False,True
246.6,61,0,692,0,0,False,False,True,False,False,True,False,False,True,False,False
359.4,1,0,510,0,0,False,False,True,False,True,False,False,False,False,True,False
543.5999999999999,1,0,538,0,0,True,False,False,False,False,False,False,True,False,True,False
1014.0,8,3,576,1,1,True,False,False,False,True,False,False,False,False,False,True
897.0,33,2,675,1,1,True,False,False,False,False,True,False,False,True,False,False
951.0,13,0,134,1,0,False,False,True,False,False,False,True,False,False,False,True
297.6,1,1,215,0,0,True,False,False,False,False,False,True,False,False,True,False
621.5999999999999,20,2,279,0,1,False,False,True,False,False,False,False,True,False,False,True
364.8,3,1,329,0,0,False,False,True,False,False,False,True,False,False,True,False
235.8,13,1,354,0,0,False,False,True,False,False,False,True,False,False,False,True
679.2,40,0,332,0,0,False,False,True,False,False,True,False,False,True,False,False
862.8000000000001,43,0,432,1,0,False,True,False,False,False,True,False,False,True,False,False
1092.0,6,2,405,1,1,False,False,True,False,False,False,True,False,False,False,True
237.0,69,3,291,0,1,False,True,False,False,True,False,False,False,True,False,False
1316.4,72,1,73,1,0,False,True,False,False,False,True,False,False,True,False,False
231.6,59,0,251,0,0,True,False,False,False,False,True,False,False,True,False,False
1158.6,20,0,2060,1,0,False,False,False,True,False,False,True,False,False,False,True
289.20000000000005,24,1,362,0,0,False,False,True,False,True,False,False,False,False,False,True
1336.1999999999998,59,2,230,1,1,True,False,False,False,False,False,True,False,True,False,False
1347.0,72,2,326,1,1,True,False,False,False,True,False,False,False,True,False,False
249.0,1,2,230,0,1,False,False,True,False,False,False,False,True,False,True,False
1222.8000000000002,27,1,381,1,0,False,True,False,False,False,True,False,False,True,False,False
960.6,14,0,239,1,0,False,False,True,False,False,True,False,False,False,False,True
1266.6,71,0,272,1,0,False,False,True,False,False,False,True,False,True,False,False
939.6,13,2,1453,1,1,False,False,False,True,False,True,False,False,False,False,True
826.1999999999999,44,1,376,0,0,True,False,False,False,False,True,False,False,True,False,False
959.4,33,0,270,1,0,False,False,True,False,True,False,False,False,True,False,False
665.4000000000001,72,0,536,0,0,True,False,False,False,False,True,False,False,True,False,False
958.8,1,1,460,1,0,True,False,False,False,False,False,True,False,False,True,False
1279.1999999999998,19,0,389,1,0,True,False,False,False,False,False,True,False,False,False,True
1229.4,64,0,280,1,0,False,False,True,False,False,True,False,False,True,False,False
552.0,2,1,457,0,0,True,False,False,False,False,True,False,False,False,True,False
303.0,1,1,503,0,0,False,False,True,False,False,False,True,False,False,True,False
237.0,61,1,421,0,0,False,True,False,False,False,False,False,True,True,False,False
240.0,29,0,640,0,0,False,False,True,False,False,False,True,False,True,False,False
1041.6,23,1,468,1,0,False,False,True,False,False,False,True,False,False,False,True
705.0,57,0,3230,0,0,False,False,False,True,True,False,False,False,True,False,False
543.0,72,0,420,0,0,False,False,True,False,False,True,False,False,True,False,False
679.2,66,1,501,0,0,False,False,True,False,True,False,False,False,True,False,False
1010.4,65,1,280,1,0,False,False,True,False,True,False,False,False,True,False,False
960.0,8,2,2133,1,1,False,False,False,True,True,False,False,False,False,False,True
841.8000000000001,4,1,452,0,0,False,False,True,False,False,False,True,False,False,False,True
297.0,71,1,451,0,0,True,False,False,False,True,False,False,False,True,False,False
242.4,1,0,476,0,0,False,False,True,False,False,False,True,False,False,True,False
600.5999999999999,4,0,565,0,0,False,False,True,False,False,False,False,True,False,False,True
232.2,12,0,186,0,0,False,False,True,False,True,False,False,False,False,False,True
607.2,24,0,253,0,0,False,True,False,False,False,False,False,True,False,False,True
973.8,31,3,434,1,1,False,False,True,False,False,False,False,True,True,False,False
662.4000000000001,1,0,291,0,0,False,False,True,False,False,False,False,True,False,True,False
1078.8000000000002,30,2,906,1,1,True,False,False,False,False,True,False,False,True,False,False
1023.6,47,1,477,1,0,False,True,False,False,False,True,False,False,True,False,False
1296.0,54,2,388,1,1,False,False,True,False,False,True,False,False,True,False,False
1122.0,50,1,322,1,0,False,False,True,False,False,True,False,False,True,False,False
1015.2,1,1,327,1,0,True,False,False,False,False,False,False,True,False,True,False
243.0,72,1,404,0,0,False,False,True,False,False,True,False,False,True,False,False
301.79999999999995,29,0,416,0,0,False,False,True,False,False,False,True,False,True,False,False
652.8,2,1,2134,0,0,False,False,False,True,False,False,False,True,False,True,False
355.20000000000005,10,0,359,0,0,False,True,False,False,False,False,False,True,False,False,True
877.8000000000001,18,0,601,1,0,False,True,False,False,False,False,True,False,False,False,True
1140.0,11,1,607,1,0,False,False,True,False,False,False,True,False,False,False,True
237.0,16,0,437,0,0,False,False,True,False,False,False,False,True,False,False,True
1039.1999999999998,72,3,198,1,1,False,True,False,False,True,False,False,False,True,False,False
1310.4,72,3,480,1,1,False,False,True,False,True,False,False,False,True,False,False
896.4000000000001,41,3,633,1,1,False,True,False,False,False,True,False,False,True,False,False
1132.8000000000002,65,0,605,1,0,False,True,False,False,False,False,True,False,True,False,False
657.5999999999999,13,0,510,0,0,False,False,True,False,False,False,True,False,False,False,True
904.2,4,3,613,1,1,True,False,False,False,False,False,True,False,False,False,True
780.0,41,0,408,0,0,True,False,False,False,False,False,False,True,True,False,False
892.8000000000001,15,3,3002,1,1,False,False,False,True,False,False,True,False,False,False,True
582.5999999999999,1,3,297,0,1,False,False,True,False,False,False,False,True,False,True,False
1188.0,42,2,443,1,1,False,False,True,False,False,False,True,False,True,False,False
1122.0,51,0,599,1,0,False,True,False,False,False,False,True,False,True,False,False
844.8000000000001,2,0,311,1,0,False,False,True,False,False,False,True,False,False,True,False
482.4,1,2,270,0,1,True,False,False,False,False,False,True,False,False,True,False
1004.4,32,0,414,1,0,False,False,True,False,False,True,False,False,True,False,False
238.2,10,0,366,0,0,False,True,False,False,False,False,False,True,False,False,True
714.5999999999999,67,1,497,0,0,False,False,True,False,False,False,True,False,True,False,False
1381.1999999999998,61,3,332,1,1,False,True,False,False,False,True,False,False,True,False,False
1372.1999999999998,50,1,657,1,0,False,False,True,False,False,True,False,False,True,False,False
535.2,2,1,206,0,0,False,False,True,False,False,True,False,False,False,True,False
540.0,29,0,588,0,0,False,False,True,False,False,False,True,False,True,False,False
493.8,3,1,285,0,0,True,False,False,False,False,False,True,False,False,True,False
1282.8000000000002,13,3,130,1,1,False,False,True,False,False,False,True,False,False,False,True
1078.1999999999998,57,0,435,1,0,True,False,False,False,False,False,True,False,True,False,False
598.2,31,1,361,0,0,True,False,False,False,True,False,False,False,True,False,False
1359.6,45,2,233,1,1,False,False,True,False,False,False,False,True,True,False,False
1057.1999999999998,61,1,1154,1,0,False,False,False,True,False,False,False,True,True,False,False
298.79999999999995,50,1,398,0,0,False,False,True,False,True,False,False,False,True,False,False
1260.0,19,1,546,1,0,True,False,False,False,False,False,False,True,False,False,True
232.2,59,0,487,0,0,False,True,False,False,False,False,False,True,True,False,False
291.0,71,0,408,0,0,False,False,True,False,False,True,False,False,True,False,False
1133.4,16,2,471,1,1,False,False,True,False,False,False,True,False,False,False,True
717.0,57,2,395,0,1,False,False,True,False,False,False,True,False,True,False,False
297.6,1,2,185,0,1,True,False,False,False,True,False,False,False,False,True,False
1284.6,20,3,186,1,1,False,False,True,False,False,False,True,False,False,False,True
847.1999999999999,1,1,2337,1,0,False,False,False,True,False,False,False,True,False,True,False
1024.8000000000002,5,1,375,1,0,False,False,True,False,False,False,True,False,False,False,True
1260.6,52,2,527,1,1,True,False,False,False,False,False,True,False,True,False,False
779.4000000000001,21,1,513,0,0,False,False,True,False,True,False,False,False,False,False,True
660.0,14,1,490,0,0,False,True,False,False,False,False,True,False,False,False,True
606.5999999999999,5,2,357,0,1,False,True,False,False,True,False,False,False,False,False,True
661.8,6,2,1395,0,1,False,False,False,True,False,False,False,True,False,False,True
614.4000000000001,10,0,461,0,0,False,False,True,False,False,False,True,False,False,False,True
304.79999999999995,1,0,478,0,0,False,False,True,False,False,False,False,True,False,True,False
653.4000000000001,68,0,50,0,0,False,False,True,False,False,False,False,True,True,False,False
1141.8000000000002,18,1,1832,1,0,False,False,False,True,False,False,False,True,False,False,True
912.0,22,0,296,1,0,False,False,True,False,False,True,False,False,False,False,True
532.2,20,1,417,0,0,False,True,False,False,False,False,True,False,False,False,True
840.0,1,1,279,0,0,False,False,True,False,False,False,True,False,False,True,False
894.0,8,0,394,1,0,True,False,False,False,False,False,True,False,False,False,True
538.2,10,1,368,0,0,True,False,False,False,False,True,False,False,False,False,True
913.2,24,0,376,1,0,False,True,False,False,False,False,True,False,False,False,True
734.4000000000001,35,0,292,0,0,False,False,True,False,False,False,False,True,True,False,False
1041.6,23,2,304,1,1,False,False,True,False,False,False,False,True,False,False,True
1072.1999999999998,6,0,237,1,0,False,False,True,False,False,False,True,False,False,False,True
236.4,12,0,457,0,0,False,False,True,False,False,False,False,True,False,False,True
243.0,1,1,2956,0,0,False,False,False,True,False,False,False,True,False,True,False
912.6,71,2,284,1,1,False,True,False,False,False,False,True,False,True,False,False
1209.6,35,0,628,1,0,True,False,False,False,False,False,True,False,True,False,False
894.5999999999999,40,1,352,1,0,False,False,True,False,False,False,True,False,True,False,False
883.1999999999999,1,0,3724,1,0,False,False,False,True,False,False,False,True,False,True,False
778.8000000000001,23,0,303,0,0,False,True,False,False,True,False,False,False,False,False,True
1145.4,4,1,96,1,0,False,True,False,False,False,False,True,False,False,False,True
1084.8000000000002,4,1,460,1,0,False,False,True,False,False,False,True,False,False,False,True
723.5999999999999,68,1,437,0,0,False,True,False,False,False,True,False,False,True,False,False
982.2,38,1,405,1,0,False,True,False,False,False,False,False,True,True,False,False
297.6,52,3,1986,0,1,False,False,False,True,False,False,False,True,True,False,False
898.8000000000001,32,1,394,1,0,True,False,False,False,False,False,True,False,True,False,False
906.6,29,0,323,1,0,False,False,True,False,False,False,False,True,True,False,False
1213.8000000000002,38,2,354,1,1,False,False,True,False,False,False,True,False,True,False,False
945.0,48,0,526,1,0,False,True,False,False,False,True,False,False,True,False,False
231.0,1,0,427,0,0,False,True,False,False,True,False,False,False,False,True,False
1068.6,22,0,491,1,0,False,False,True,False,False,False,True,False,False,False,True
1380.6,43,0,2314,1,0,False,False,False,True,False,True,False,False,True,False,False
832.1999999999999,5,3,348,0,1,True,False,False,False,False,False,True,False,False,False,True
967.2,5,2,226,1,1,True,False,False,False,False,False,True,False,False,False,True
1320.6,51,1,344,1,0,False,False,True,False,False,True,False,False,True,False,False
238.8,71,0,50,0,0,True,False,False,False,False,True,False,False,True,False,False
963.6,38,0,2027,1,0,False,False,False,True,False,True,False,False,True,False,False
1117.8000000000002,24,0,387,1,0,False,True,False,False,False,False,True,False,False,False,True
1098.0,35,0,484,1,0,False,True,False,False,False,True,False,False,True,False,False
989.4,54,1,359,1,0,True,False,False,False,True,False,False,False,True,False,False
720.0,72,1,452,0,0,False,True,False,False,False,False,True,False,True,False,False
537.5999999999999,1,1,73,0,0,False,False,True,False,False,False,True,False,False,True,False
583.2,9,0,391,0,0,False,True,False,False,False,False,False,True,False,False,True
720.5999999999999,69,3,148,0,1,False,True,False,False,True,False,False,False,True,False,False
1232.4,52,1,218,1,0,False,False,True,False,False,True,False,False,True,False,False
994.8,11,1,371,1,0,True,False,False,False,False,False,True,False,False,False,True
844.1999999999999,2,1,3521,0,0,False,False,False,True,False,False,True,False,False,True,False
430.8,28,0,455,0,0,False,True,False,False,False,False,True,False,True,False,False
991.8,17,0,402,1,0,False,False,True,False,False,True,False,False,False,False,True
238.2,35,0,397,0,0,False,True,False,False,False,False,False,True,True,False,False
230.4,8,2,292,0,1,False,False,True,False,False,False,False,True,False,False,True
1138.8000000000002,46,0,318,1,0,False,False,True,False,False,True,False,False,True,False,False
886.1999999999999,7,0,464,1,0,False,True,False,False,False,False,True,False,False,False,True
967.2,2,0,192,1,0,False,False,True,False,False,False,False,True,False,True,False
909.6,68,0,488,1,0,False,True,False,False,True,False,False,False,True,False,False
1255.1999999999998,43,2,341,1,1,False,False,True,False,False,False,True,False,True,False,False
1057.8000000000002,68,1,523,1,0,False,False,True,False,False,False,True,False,True,False,False
1137.6,36,1,544,1,0,False,False,True,False,False,True,False,False,True,False,False
1240.8000000000002,63,0,149,1,0,True,False,False,False,False,False,True,False,True,False,False
655.8,32,1,312,0,0,False,True,False,False,True,False,False,False,True,False,False
1029.0,71,1,1815,1,0,False,False,False,True,False,True,False,False,True,False,False
809.4000000000001,66,0,128,0,0,False,False,True,False,True,False,False,False,True,False,False
246.0,63,0,245,0,0,False,False,True,False,False,False,False,True,True,False,False
243.0,41,0,766,0,0,True,False,False,False,False,True,False,False,True,False,False
865.1999999999999,1,1,491,1,0,False,False,True,False,False,False,True,False,False,True,False
1084.8000000000002,2,1,687,1,0,False,False,True,False,False,False,True,False,False,True,False
233.4,70,0,524,0,0,False,True,False,False,True,False,False,False,True,False,False
539.4000000000001,23,0,288,0,0,False,False,True,False,False,False,True,False,False,False,True
1164.0,64,1,342,1,0,True,False,False,False,True,False,False,False,True,False,False
753.5999999999999,37,1,488,0,0,False,True,False,False,False,True,False,False,True,False,False
535.2,17,2,465,0,1,False,False,True,False,False,False,False,True,False,False,True
1069.8000000000002,7,1,313,1,0,False,False,True,False,False,False,True,False,False,False,True
1017.6,4,0,173,1,0,False,False,True,False,True,False,False,False,False,False,True
502.8,21,0,893,0,0,True,False,False,False,False,False,True,False,False,False,True
963.0,10,1,2387,1,0,False,False,False,True,True,False,False,False,False,False,True
649.2,16,0,351,0,0,False,False,True,False,False,False,True,False,False,False,True
1263.0,64,1,417,1,0,False,False,True,False,False,False,True,False,True,False,False
369.0,27,3,2305,0,1,False,False,False,True,False,True,False,False,True,False,False
1165.1999999999998,42,1,418,1,0,False,True,False,False,False,False,True,False,True,False,False
242.4,5,0,593,0,0,False,False,True,False,False,False,False,True,False,False,True
1185.6,41,1,381,1,0,False,False,True,False,True,False,False,False,True,False,False
603.5999999999999,58,1,225,0,0,False,False,True,False,False,True,False,False,True,False,False
246.6,47,1,2370,0,0,False,False,False,True,False,False,False,True,True,False,False
910.8,18,3,330,1,1,True,False,False,False,True,False,False,False,False,False,True
1158.0,5,0,613,1,0,False,False,True,False,True,False,False,False,False,False,True
719.4000000000001,23,3,575,0,1,False,True,False,False,True,False,False,False,False,False,True
229.8,1,3,416,0,1,False,False,True,False,False,False,False,True,False,True,False
1183.8000000000002,71,0,208,1,0,False,False,True,False,False,True,False,False,True,False,False
1351.1999999999998,72,0,216,1,0,False,False,True,False,False,True,False,False,True,False,False
247.2,33,0,402,0,0,True,False,False,False,False,False,False,True,True,False,False
1027.8000000000002,2,0,450,1,0,False,True,False,False,False,False,True,False,False,True,False
429.0,24,0,343,0,0,False,True,False,False,False,False,False,True,False,False,True
1197.0,56,1,327,1,0,False,False,True,False,False,True,False,False,True,False,False
1153.1999999999998,37,0,311,1,0,False,False,True,False,False,True,False,False,True,False,False
1021.2,43,0,396,1,0,False,False,True,False,False,True,False,False,True,False,False
304.20000000000005,1,2,593,0,1,False,False,False,True,False,False,False,True,False,True,False
1259.4,25,0,234,1,0,False,False,True,False,True,False,False,False,True,False,False
1075.8000000000002,61,2,1998,1,1,False,False,False,True,False,False,True,False,True,False,False
1041.0,17,0,581,1,0,False,False,True,False,False,False,True,False,False,False,True
1034.4,41,0,277,1,0,False,False,True,False,True,False,False,False,True,False,False
607.8,1,1,427,0,0,False,True,False,False,False,False,False,True,False,True,False
777.5999999999999,72,1,433,0,0,False,False,True,False,True,False,False,False,True,False,False
1090.1999999999998,1,2,594,1,1,False,False,True,False,False,True,False,False,False,True,False
1297.1999999999998,48,1,589,1,0,False,False,True,False,True,False,False,False,True,False,False
239.4,11,2,2453,0,1,False,False,False,True,False,False,False,True,False,False,True
1025.4,55,0,2119,1,0,False,False,False,True,False,False,True,False,True,False,False
657.0,42,0,300,0,0,False,False,True,False,False,False,True,False,True,False,False
1084.8000000000002,44,2,363,1,1,False,True,False,False,False,False,False,True,True,False,False
528.0,1,2,334,0,1,False,False,True,False,False,False,True,False,False,True,False
1147.1999999999998,27,3,483,1,1,False,False,True,False,True,False,False,False,True,False,False
1017.6,27,0,463,1,0,False,False,True,False,True,False,False,False,True,False,False
531.5999999999999,2,0,488,0,0,True,False,False,False,False,False,True,False,False,True,False
238.8,19,2,588,0,1,False,False,True,False,False,False,False,True,False,False,True
1140.6,42,0,679,1,0,False,False,True,False,False,False,True,False,True,False,False
1080.6,66,3,418,1,1,False,False,True,False,False,True,False,False,True,False,False
1318.8000000000002,33,2,564,1,1,False,False,True,False,True,False,False,False,True,False,False
887.4000000000001,34,0,347,1,0,False,True,False,False,False,True,False,False,True,False,False
655.2,33,2,577,0,1,False,False,True,False,False,False,True,False,True,False,False
240.6,23,2,559,0,1,False,False,True,False,False,False,False,True,False,False,True
237.0,32,0,551,0,0,False,True,False,False,True,False,False,False,True,False,False
240.6,11,3,414,0,1,False,False,True,False,False,True,False,False,False,False,True
1193.4,69,1,1965,1,0,False,False,False,True,False,True,False,False,True,False,False
670.8,68,2,190,0,1,False,True,False,False,True,False,False,False,True,False,False
236.4,20,0,393,0,0,False,False,True,False,False,False,False,True,False,False,True
237.6,72,2,3726,0,1,False,False,False,True,False,True,False,False,True,False,False
1144.8000000000002,60,0,353,1,0,False,False,True,False,True,False,False,False,True,False,False
1127.4,32,0,517,1,0,False,True,False,False,False,False,False,True,True,False,False
238.8,1,3,526,0,1,False,False,True,False,False,False,False,True,False,True,False
235.2,1,0,357,0,0,False,False,True,False,False,False,False,True,False,True,False
976.2,3,0,597,1,0,False,True,False,False,False,False,True,False,False,True,False
293.4,46,3,50,0,1,True,False,False,False,True,False,False,False,True,False,False
899.4000000000001,29,3,216,1,1,True,False,False,False,False,False,True,False,True,False,False
1048.1999999999998,51,1,262,1,0,False,True,False,False,False,False,True,False,True,False,False
847.8000000000001,48,1,277,1,0,False,False,True,False,True,False,False,False,True,False,False
879.0,16,0,450,1,0,False,False,True,False,True,False,False,False,False,False,True
1184.4,70,0,443,1,0,False,False,True,False,True,False,False,False,True,False,False
297.6,40,0,459,0,0,False,True,False,False,False,False,False,True,True,False,False
999.6,22,1,489,1,0,False,False,True,False,False,False,True,False,False,False,True
903.6,1,2,257,1,1,True,False,False,False,True,False,False,False,False,True,False
291.6,5,2,217,0,1,False,False,True,False,False,False,False,True,False,False,True
838.1999999999999,7,2,459,0,1,False,False,True,False,True,False,False,False,False,False,True
1206.6,29,0,305,1,0,False,False,True,False,False,True,False,False,True,False,False
308.4,44,1,164,0,0,True,False,False,False,False,False,False,True,True,False,False
488.4,10,0,3277,0,0,False,False,False,True,True,False,False,False,False,False,True
619.8,55,1,609,0,0,False,True,False,False,True,False,False,False,True,False,False
1261.1999999999998,52,0,633,1,0,False,False,True,False,True,False,False,False,True,False,False
1031.4,10,2,428,1,1,True,False,False,False,False,False,True,False,False,False,True
907.2,18,0,493,1,0,False,False,True,False,True,False,False,False,False,False,True
699.0,68,0,605,0,0,True,False,False,False,True,False,False,False,True,False,False
232.8,61,0,303,0,0,False,True,False,False,False,False,False,True,True,False,False
782.4000000000001,72,2,566,0,1,False,False,True,False,False,True,False,False,True,False,False
641.4000000000001,2,1,441,0,0,False,True,False,False,False,False,True,False,False,True,False
544.8,12,0,3230,0,0,False,False,False,True,True,False,False,False,False,False,True
237.0,41,0,427,0,0,False,False,True,False,False,False,True,False,True,False,False
533.4000000000001,26,1,594,0,0,True,False,False,False,False,True,False,False,True,False,False
250.2,36,0,433,0,0,False,False,True,False,True,False,False,False,True,False,False
1368.6,72,2,177,1,1,False,False,True,False,False,True,False,False,True,False,False
1078.1999999999998,35,1,617,1,0,False,False,True,False,True,False,False,False,True,False,False
660.5999999999999,1,0,257,0,0,False,False,True,False,False,False,False,True,False,True,False
1355.4,16,0,587,1,0,False,True,False,False,False,False,True,False,False,False,True
1218.6,49,3,386,1,1,False,False,True,False,False,True,False,False,True,False,False
1375.8000000000002,54,0,3440,1,0,False,False,False,True,False,False,False,True,True,False,False
777.5999999999999,18,0,570,0,0,False,False,True,False,False,False,True,False,False,False,True
964.8,36,2,464,1,1,True,False,False,False,False,False,True,False,True,False,False
1270.8000000000002,60,3,476,1,1,False,True,False,False,False,False,True,False,True,False,False
834.5999999999999,1,3,463,0,1,True,False,False,False,False,False,False,True,False,True,False
300.6,52,2,97,0,1,False,False,True,False,True,False,False,False,True,False,False
1137.0,8,0,417,1,0,False,False,True,False,False,False,True,False,False,False,True
1266.0,72,0,232,1,0,False,False,True,False,True,False,False,False,True,False,False
296.4,64,2,425,0,1,False,True,False,False,False,False,False,True,True,False,False
837.0,22,1,228,0,0,True,False,False,False,False,False,False,True,False,False,True
722.4000000000001,60,0,222,0,0,False,False,True,False,True,False,False,False,True,False,False
972.6,28,3,640,1,1,False,False,True,False,False,False,True,False,True,False,False
292.79999999999995,61,0,560,0,0,True,False,False,False,False,False,False,True,True,False,False
1249.8000000000002,24,1,399,1,0,False,False,True,False,False,False,True,False,False,False,True
1114.8000000000002,28,0,2647,1,0,False,False,False,True,True,False,False,False,True,False,False
969.6,30,1,362,1,0,False,True,False,False,True,False,False,False,True,False,False
240.0,2,0,485,0,0,True,False,False,False,False,False,False,True,False,True,False
901.2,1,0,298,1,0,False,False,True,False,False,False,True,False,False,True,False
235.8,6,0,549,0,0,False,False,True,False,False,False,False,True,False,False,True
833.4000000000001,24,1,362,0,0,False,True,False,False,True,False,False,False,False,False,True
1213.8000000000002,4,1,337,1,0,True,False,False,False,False,False,True,False,False,False,True
1197.6,7,1,403,1,0,False,False,True,False,False,False,True,False,False,False,True
1392.6,72,3,311,1,1,False,False,True,False,True,False,False,False,True,False,False
480.6,70,0,449,0,0,False,True,False,False,False,False,False,True,True,False,False
1225.1999999999998,64,0,319,1,0,True,False,False,False,False,False,True,False,True,False,False
1076.4,72,2,470,1,1,True,False,False,False,False,False,True,False,True,False,False
238.8,44,0,582,0,0,True,False,False,False,False,False,False,True,True,False,False
671.4000000000001,13,3,292,0,1,False,False,True,False,False,False,True,False,False,False,True
247.8,17,0,380,0,0,False,False,True,False,False,False,False,True,False,False,True
660.0,1,3,469,0,1,False,True,False,False,False,False,True,False,False,True,False
840.5999999999999,9,0,334,0,0,True,False,False,False,False,False,False,True,False,False,True
643.2,24,2,469,0,1,False,False,True,False,False,False,False,True,False,False,True
896.4000000000001,1,1,483,1,0,False,False,True,False,False,False,True,False,False,True,False
963.0,24,3,3366,1,1,False,False,False,True,False,False,True,False,False,False,True
912.6,35,0,309,1,0,False,False,True,False,False,False,True,False,True,False,False
908.4,7,1,258,1,0,False,False,True,False,False,False,True,False,False,False,True
1153.1999999999998,5,3,353,1,1,False,True,False,False,False,False,True,False,False,False,True
828.0,15,1,254,0,0,False,True,False,False,True,False,False,False,False,False,True
235.8,11,1,2951,0,0,False,False,False,True,False,False,False,True,False,False,True
543.5999999999999,48,1,225,0,0,False,False,True,False,True,False,False,False,True,False,False
977.4,20,1,749,1,0,False,True,False,False,False,False,True,False,False,False,True
1302.0,72,1,594,1,0,False,True,False,False,True,False,False,False,True,False,False
1002.6,8,1,401,1,0,False,True,False,False,False,False,True,False,False,False,True
1014.0,72,3,530,1,1,False,True,False,False,False,True,False,False,True,False,False
1201.8000000000002,15,0,154,1,0,False,False,True,False,False,False,True,False,False,False,True
1063.1999999999998,72,0,778,1,0,False,False,True,False,True,False,False,False,True,False,False
630.5999999999999,0,3,311,0,1,False,False,True,False,True,False,False,False,False,True,False
892.1999999999999,1,2,381,1,1,False,False,True,False,False,False,True,False,False,True,False
1257.6,63,1,121,1,0,False,True,False,False,True,False,False,False,True,False,False
708.0,2,1,472,0,0,True,False,False,False,False,False,True,False,False,True,False
892.8000000000001,2,0,1614,1,0,False,False,False,True,False,False,True,False,False,True,False
768.5999999999999,61,0,2581,0,0,False,False,False,True,True,False,False,False,True,False,False
244.8,1,1,318,0,0,False,False,True,False,False,False,False,True,False,True,False
525.0,22,0,238,0,0,False,False,True,False,True,False,False,False,False,False,True
730.8,28,1,279,0,0,False,False,True,False,False,False,False,True,True,False,False
237.6,70,0,433,0,0,False,False,True,False,True,False,False,False,True,False,False
341.4,5,3,207,0,1,False,False,True,False,False,False,True,False,False,False,True
1196.4,12,3,287,1,1,False,True,False,False,True,False,False,False,False,False,True
1395.0,34,1,499,1,0,True,False,False,False,False,True,False,False,True,False,False
968.4,71,1,790,1,0,False,False,True,False,False,True,False,False,True,False,False
782.4000000000001,70,0,471,0,0,False,False,True,False,True,False,False,False,True,False,False
1008.6,52,2,1766,1,1,False,False,False,True,True,False,False,False,True,False,False
953.4,69,1,344,1,0,False,False,True,False,False,True,False,False,True,False,False
1129.1999999999998,20,0,404,1,0,True,False,False,False,False,False,True,False,False,False,True
936.0,11,3,2220,1,1,False,False,False,True,False,False,False,True,False,False,True
1130.4,2,2,535,1,1,True,False,False,False,False,False,True,False,False,True,False
966.0,6,3,432,1,1,False,False,True,False,False,False,True,False,False,False,True
238.2,1,1,3226,0,0,False,False,False,True,False,False,False,True,False,True,False
1131.6,20,1,352,1,0,False,True,False,False,False,True,False,False,False,False,True
1277.4,61,0,598,1,0,False,True,False,False,False,False,True,False,True,False,False
892.1999999999999,5,3,375,1,1,False,False,True,False,False,False,True,False,False,False,True
1265.4,56,2,254,1,1,False,False,True,False,True,False,False,False,True,False,False
1140.0,30,0,726,1,0,False,True,False,False,False,True,False,False,True,False,False
1257.6,40,0,126,1,0,False,True,False,False,True,False,False,False,True,False,False
651.5999999999999,28,0,289,0,0,True,False,False,False,False,False,False,True,True,False,False
840.5999999999999,5,2,1998,0,1,False,False,False,True,False,False,True,False,False,False,True
902.4,27,3,4506,1,1,False,False,False,True,True,False,False,False,True,False,False
240.6,12,0,671,0,0,False,False,True,False,False,True,False,False,False,False,True
1264.8000000000002,67,1,3695,1,0,False,False,False,True,False,False,True,False,True,False,False
619.2,29,0,350,0,0,False,True,False,False,False,False,True,False,True,False,False
1026.0,55,3,763,1,1,True,False,False,False,True,False,False,False,True,False,False
907.2,23,2,455,1,1,True,False,False,False,True,False,False,False,False,False,True
1200.6,34,2,546,1,1,False,False,True,False,False,False,True,False,True,False,False
1095.0,52,1,426,1,0,True,False,False,False,False,False,True,False,True,False,False
1389.0,72,0,392,1,0,False,False,True,False,False,True,False,False,True,False,False
1136.4,58,0,362,1,0,False,False,True,False,False,True,False,False,True,False,False
235.2,35,0,368,0,0,False,True,False,False,False,False,False,True,True,False,False
1198.8000000000002,56,2,491,1,1,False,False,True,False,True,False,False,False,True,False,False
253.2,24,2,2793,0,1,False,False,False,True,False,True,False,False,False,False,True
240.6,70,3,395,0,1,False,False,True,False,False,True,False,False,True,False,False
959.4,2,3,626,1,1,False,False,True,False,False,False,True,False,False,True,False
1285.8000000000002,68,1,50,1,0,False,True,False,False,False,True,False,False,True,False,False
1020.0,1,2,2907,1,1,False,False,False,True,False,False,True,False,False,True,False
1074.6,12,3,507,1,1,True,False,False,False,False,False,True,False,False,False,True
978.6,63,2,3417,1,1,False,False,False,True,True,False,False,False,True,False,False
701.4000000000001,33,0,2448,0,0,False,False,False,True,False,False,False,True,True,False,False
1147.8000000000002,69,1,431,1,0,False,False,True,False,False,True,False,False,True,False,False
967.2,60,0,547,1,0,False,False,True,False,True,False,False,False,True,False,False
1357.1999999999998,72,3,623,1,1,False,False,True,False,True,False,False,False,True,False,False
707.4000000000001,11,1,354,0,0,False,True,False,False,False,False,False,True,False,False,True
234.6,1,0,2713,0,0,False,False,False,True,False,False,False,True,False,True,False
1032.6,10,1,651,1,0,False,False,True,False,True,False,False,False,False,False,True
546.5999999999999,13,1,800,0,0,False,False,False,True,False,True,False,False,False,False,True
947.4,34,0,296,1,0,False,True,False,False,True,False,False,False,True,False,False
1035.6,39,0,619,1,0,False,False,True,False,False,False,False,True,True,False,False
1260.6,65,1,563,1,0,False,False,True,False,True,False,False,False,True,False,False
1222.8000000000002,50,1,478,1,0,True,False,False,False,True,False,False,False,True,False,False
237.0,15,2,2141,0,1,False,False,False,True,False,False,False,True,False,False,True
1323.6,72,1,267,1,0,True,False,False,False,True,False,False,False,True,False,False
1387.1999999999998,72,2,311,1,1,False,False,True,False,True,False,False,False,True,False,False
232.2,55,1,632,0,0,True,False,False,False,True,False,False,False,True,False,False
307.20000000000005,23,1,305,0,0,False,False,True,False,False,True,False,False,False,False,True
964.2,32,2,415,1,1,False,False,True,False,True,False,False,False,True,False,False
825.0,56,0,286,0,0,True,False,False,False,True,False,False,False,True,False,False
238.8,1,0,526,0,0,False,False,True,False,True,False,False,False,False,True,False
847.1999999999999,38,0,2069,1,0,False,False,False,True,False,False,False,True,True,False,False
842.4000000000001,11,2,385,0,1,False,False,True,False,False,False,True,False,False,False,True
591.5999999999999,1,1,147,0,0,False,True,False,False,False,False,True,False,False,True,False
1287.0,56,1,157,1,0,True,False,False,False,False,False,True,False,True,False,False
283.20000000000005,3,0,401,0,0,False,False,True,False,False,False,False,True,False,True,False
836.4000000000001,7,0,1439,0,0,False,False,False,True,False,True,False,False,False,False,True
1194.0,59,0,715,1,0,False,False,True,False,False,True,False,False,True,False,False
771.5999999999999,7,0,90,0,0,False,True,False,False,True,False,False,False,False,False,True
850.1999999999999,71,1,279,1,0,False,False,True,False,False,True,False,False,True,False,False
1222.8000000000002,15,0,402,1,0,False,False,True,False,False,False,True,False,False,False,True
882.0,71,0,345,1,0,False,False,True,False,False,True,False,False,True,False,False
1203.0,35,3,234,1,1,False,False,True,False,False,False,True,False,True,False,False
484.8,11,0,256,0,0,True,False,False,False,False,True,False,False,False,False,True
231.0,60,1,251,0,0,False,False,True,False,False,True,False,False,True,False,False
715.2,47,2,356,0,1,False,False,True,False,True,False,False,False,True,False,False
778.8000000000001,11,0,692,0,0,False,False,True,False,False,True,False,False,False,False,True
1203.6,56,1,411,1,0,False,False,True,False,False,True,False,False,True,False,False
1330.1999999999998,28,2,3446,1,1,False,False,False,True,False,False,True,False,True,False,False
972.6,61,3,476,1,1,True,False,False,False,False,False,False,True,True,False,False
1176.6,31,0,567,1,0,False,False,True,False,True,False,False,False,True,False,False
846.0,9,3,50,1,1,True,False,False,False,False,False,True,False,False,False,True
1134.6,35,1,354,1,0,False,True,False,False,False,False,True,False,True,False,False
235.8,2,0,596,0,0,False,False,True,False,False,False,False,True,False,True,False
228.0,12,1,2042,0,0,False,False,False,True,False,False,False,True,False,False,True
903.6,1,3,664,1,1,False,True,False,False,False,False,False,True,False,True,False
1070.4,4,1,3687,1,0,False,False,False,True,False,False,True,False,False,False,True
228.0,1,0,329,0,0,True,False,False,False,False,False,False,True,False,True,False
240.0,3,1,324,0,0,False,False,True,False,False,False,False,True,False,True,False
1028.4,1,0,247,1,0,True,False,False,False,False,False,True,False,False,True,False
759.0,52,0,1996,0,0,False,False,False,True,False,True,False,False,True,False,False
241.2,5,0,215,0,0,False,True,False,False,False,False,False,True,False,False,True
1189.8000000000002,72,0,464,1,0,False,True,False,False,False,False,True,False,True,False,False
1084.8000000000002,71,0,181,1,0,False,False,True,False,False,False,True,False,True,False,False
1342.8000000000002,72,0,490,1,0,True,False,False,False,False,True,False,False,True,False,False
298.79999999999995,46,1,3002,0,0,False,False,False,True,False,False,True,False,True,False,False
1002.0,63,0,150,1,0,False,False,True,False,False,True,False,False,True,False,False
1011.6,30,0,632,1,0,False,False,True,False,False,True,False,False,True,False,False
547.2,1,2,477,0,1,False,True,False,False,False,False,False,True,False,True,False
739.8,12,1,512,0,0,False,False,True,False,False,False,False,True,False,False,True
658.2,16,1,286,0,0,False,False,True,False,False,False,False,True,False,False,True
786.5999999999999,4,0,493,0,0,False,True,False,False,False,False,False,True,False,False,True
1084.1999999999998,51,0,568,1,0,False,False,True,False,False,True,False,False,True,False,False
244.8,65,0,385,0,0,False,False,True,False,False,True,False,False,True,False,False
894.5999999999999,16,0,700,1,0,False,False,True,False,False,True,False,False,False,False,True
239.4,2,0,406,0,0,False,False,True,False,False,False,False,True,False,True,False
891.0,66,0,3412,1,0,False,False,False,True,True,False,False,False,True,False,False
1303.8000000000002,46,0,443,1,0,False,True,False,False,False,False,True,False,True,False,False
1314.6,32,0,487,1,0,False,False,True,False,True,False,False,False,True,False,False
1039.8000000000002,72,1,149,1,0,False,False,True,False,False,True,False,False,True,False,False
972.0,38,0,455,1,0,False,True,False,False,False,True,False,False,True,False,False
574.2,51,0,289,0,0,False,False,True,False,False,True,False,False,True,False,False
1374.6,72,1,273,1,0,False,False,True,False,True,False,False,False,True,False,False
1263.0,65,1,661,1,0,False,False,True,False,True,False,False,False,True,False,False
359.4,9,0,367,0,0,True,False,False,False,False,False,True,False,False,False,True
780.0,9,2,1697,0,1,False,False,False,True,False,False,False,True,False,False,True
246.6,66,1,2212,0,0,False,False,False,True,False,False,False,True,True,False,False
1317.6,44,0,1459,1,0,False,False,False,True,False,True,False,False,True,False,False
834.0,50,2,3647,0,1,False,False,False,True,True,False,False,False,True,False,False
586.2,15,3,295,0,1,False,True,False,False,False,False,False,True,False,False,True
303.0,8,0,479,0,0,False,True,False,False,False,True,False,False,False,False,True
1234.1999999999998,66,0,603,1,0,False,False,True,False,False,True,False,False,True,False,False
1050.6,57,2,324,1,1,False,True,False,False,True,False,False,False,True,False,False
942.6,7,1,2925,1,0,False,False,False,True,True,False,False,False,False,False,True
414.6,10,0,245,0,0,False,True,False,False,True,False,False,False,False,False,True
1104.6,62,0,766,1,0,False,False,True,False,False,False,True,False,True,False,False
1020.6,40,0,540,1,0,False,False,True,False,False,False,True,False,True,False,False
236.4,20,1,371,0,0,False,True,False,False,False,False,False,True,False,False,True
240.0,7,1,1881,0,0,False,False,False,True,True,False,False,False,False,False,True
1141.8000000000002,25,0,382,1,0,True,False,False,False,False,False,True,False,True,False,False
1011.0,23,1,349,1,0,False,False,True,False,False,False,True,False,False,False,True
1255.1999999999998,66,1,4062,1,0,False,False,False,True,False,True,False,False,True,False,False
1339.8000000000002,72,0,216,1,0,False,True,False,False,False,False,True,False,True,False,False
1080.6,49,0,420,1,0,True,False,False,False,False,True,False,False,True,False,False
1329.0,43,1,397,1,0,False,True,False,False,True,False,False,False,True,False,False
660.0,46,2,382,0,1,False,True,False,False,True,False,False,False,True,False,False
1078.1999999999998,72,1,383,1,0,False,True,False,False,False,True,False,False,True,False,False
244.2,10,1,2407,0,0,False,False,False,True,False,False,False,True,False,False,True
654.5999999999999,40,0,530,0,0,True,False,False,False,True,False,False,False,True,False,False
1266.0,65,0,491,1,0,False,False,True,False,False,False,True,False,True,False,False
1193.4,31,1,462,1,0,False,False,True,False,True,False,False,False,True,False,False
850.8000000000001,68,0,50,1,0,True,False,False,False,False,True,False,False,True,False,False
1254.6,56,0,444,1,0,False,True,False,False,True,False,False,False,True,False,False
1023.0,10,0,151,1,0,False,True,False,False,False,False,True,False,False,False,True
304.79999999999995,68,0,496,0,0,False,True,False,False,True,False,False,False,True,False,False
673.8,43,0,621,0,0,False,False,True,False,False,False,True,False,True,False,False
1074.6,1,0,1759,1,0,False,False,False,True,False,False,True,False,False,True,False
1078.1999999999998,49,0,2290,1,0,False,False,False,True,True,False,False,False,True,False,False
303.0,15,0,310,0,0,False,False,True,False,False,False,True,False,False,False,True
1134.6,20,2,585,1,1,False,False,True,False,False,False,True,False,False,False,True
548.4000000000001,1,1,414,0,0,True,False,False,False,False,False,False,True,False,True,False
835.8000000000001,50,1,659,0,0,False,False,True,False,False,False,True,False,True,False,False
1074.0,2,2,462,1,1,True,False,False,False,False,False,True,False,False,True,False
840.0,24,1,436,0,0,False,False,True,False,False,True,False,False,False,False,True
834.5999999999999,3,0,410,0,0,False,True,False,False,True,False,False,False,False,True,False
895.1999999999999,1,1,522,1,0,True,False,False,False,False,False,False,True,False,True,False
241.2,35,1,1109,0,0,False,False,False,True,False,False,False,True,True,False,False
297.6,17,1,412,0,0,False,False,True,False,False,False,False,True,False,False,True
235.8,8,0,2443,0,0,False,False,False,True,False,False,True,False,False,False,True
1141.1999999999998,10,0,508,1,0,False,False,True,False,False,True,False,False,False,False,True
1066.1999999999998,68,0,371,1,0,False,False,True,False,False,True,False,False,True,False,False
945.6,45,0,244,1,0,True,False,False,False,True,False,False,False,True,False,False
238.2,2,1,2505,0,0,False,False,False,True,False,False,False,True,False,True,False
244.2,37,1,237,0,0,False,True,False,False,True,False,False,False,True,False,False
291.0,4,0,111,0,0,False,False,True,False,False,False,False,True,False,False,True
543.0,10,3,509,0,1,False,False,True,False,False,False,False,True,False,False,True
240.6,1,1,486,0,0,False,False,True,False,False,False,False,True,False,True,False
834.5999999999999,65,0,470,0,0,False,True,False,False,False,False,False,True,True,False,False
234.0,57,0,3542,0,0,False,False,False,True,True,False,False,False,True,False,False
897.0,3,0,300,1,0,False,True,False,False,False,False,False,True,False,True,False
835.8000000000001,2,0,185,0,0,True,False,False,False,False,False,True,False,False,True,False
362.4,49,0,389,0,0,False,False,True,False,True,False,False,False,True,False,False
547.8,4,0,347,0,0,False,False,True,False,False,False,False,True,False,False,True
693.5999999999999,70,0,273,0,0,False,False,True,False,True,False,False,False,True,False,False
238.2,53,0,388,0,0,False,False,True,False,True,False,False,False,True,False,False
306.6,53,2,308,0,1,False,False,True,False,False,True,False,False,True,False,False
900.5999999999999,1,0,124,1,0,True,False,False,False,False,False,False,True,False,True,False
298.20000000000005,22,1,333,0,0,False,False,True,False,False,True,False,False,False,False,True
589.8,52,0,229,0,0,True,False,False,False,False,False,True,False,True,False,False
1324.1999999999998,65,3,434,1,1,False,False,True,False,False,False,True,False,True,False,False
294.6,48,0,301,0,0,True,False,False,False,True,False,False,False,True,False,False
416.4,2,0,566,0,0,False,True,False,False,False,False,True,False,False,True,False
1295.4,3,3,640,1,1,True,False,False,False,False,False,False,True,False,True,False
976.8,45,2,501,1,1,False,False,True,False,True,False,False,False,True,False,False
960.0,1,2,1259,1,1,False,False,False,True,False,False,True,False,False,True,False
885.5999999999999,61,0,625,1,0,True,False,False,False,True,False,False,False,True,False,False
772.8000000000001,3,0,636,0,0,False,False,True,False,False,True,False,False,False,True,False
1245.0,40,1,402,1,0,False,False,True,False,False,True,False,False,True,False,False
853.1999999999999,1,3,598,1,1,False,False,True,False,False,False,False,True,False,True,False
598.8,1,1,317,0,0,True,False,False,False,False,False,True,False,False,True,False
295.20000000000005,51,1,120,0,0,False,True,False,False,True,False,False,False,True,False,False
591.0,2,0,285,0,0,False,True,False,False,False,False,True,False,False,True,False
361.2000000000001,52,2,659,0,1,False,False,True,False,False,False,False,True,True,False,False
1000.8,51,0,176,1,0,False,False,True,False,True,False,False,False,True,False,False
245.4,1,0,399,0,0,True,False,False,False,False,False,False,True,False,True,False
903.0,31,0,405,1,0,False,False,True,False,True,False,False,False,True,False,False
246.6,47,1,323,0,0,False,True,False,False,False,True,False,False,True,False,False
901.2,3,0,333,1,0,True,False,False,False,False,True,False,False,False,True,False
240.6,22,0,410,0,0,False,False,True,False,False,False,False,True,False,False,True
247.8,1,1,2050,0,0,False,False,False,True,False,False,False,True,False,True,False
1021.8,72,0,186,1,0,False,False,True,False,True,False,False,False,True,False,False
601.8,3,1,432,0,0,False,True,False,False,False,False,True,False,False,True,False
1019.4,47,0,561,1,0,False,False,True,False,True,False,False,False,True,False,False
798.0,72,1,3195,0,0,False,False,False,True,False,True,False,False,True,False,False
759.5999999999999,66,1,278,0,0,False,False,True,False,True,False,False,False,True,False,False
997.8,35,0,212,1,0,False,True,False,False,False,False,True,False,True,False,False
1018.8,29,0,357,1,0,False,True,False,False,False,False,True,False,True,False,False
246.6,2,0,635,0,0,False,False,True,False,False,False,False,True,False,True,False
591.0,4,0,3016,0,0,False,False,False,True,False,False,False,True,False,False,True
958.2,25,3,505,1,1,False,False,True,False,True,False,False,False,True,False,False
715.2,65,0,3211,0,0,False,False,False,True,False,False,False,True,True,False,False
1255.8000000000002,27,2,463,1,1,False,False,True,False,True,False,False,False,True,False,False
903.6,29,0,2596,1,0,False,False,False,True,False,True,False,False,True,False,False
961.2,29,1,499,1,0,False,False,True,False,False,True,False,False,True,False,False
234.6,1,2,318,0,1,False,False,True,False,False,False,False,True,False,True,False
972.0,20,1,187,1,0,False,False,True,False,False,False,False,True,False,False,True
296.4,58,1,3078,0,0,False,False,False,True,False,True,False,False,True,False,False
1032.0,14,0,585,1,0,False,False,True,False,False,False,False,True,False,False,True
304.79999999999995,72,0,232,0,0,True,False,False,False,False,False,False,True,True,False,False
1069.8000000000002,46,3,523,1,1,True,False,False,False,False,True,False,False,True,False,False
699.0,71,2,652,0,1,False,False,True,False,True,False,False,False,True,False,False
1027.8000000000002,32,3,399,1,1,False,True,False,False,True,False,False,False,True,False,False
604.2,26,0,277,0,0,False,False,True,False,False,True,False,False,True,False,False
964.2,68,1,418,1,0,False,False,True,False,False,True,False,False,True,False,False
242.4,2,3,2059,0,1,False,False,False,True,False,False,False,True,False,True,False
246.6,61,0,2006,0,0,False,False,False,True,False,True,False,False,True,False,False
1031.4,4,0,464,1,0,False,True,False,False,False,False,True,False,False,False,True
544.2,3,1,159,0,0,False,False,True,False,False,False,True,False,False,True,False
1134.0,33,1,183,1,0,False,False,True,False,False,False,True,False,True,False,False
255.0,9,2,402,0,1,False,False,True,False,False,False,False,True,False,False,True
315.0,22,0,2482,0,0,False,False,False,True,False,False,False,True,False,False,True
970.2,5,2,451,1,1,False,True,False,False,False,False,True,False,False,False,True
1100.4,30,0,4000,1,0,False,False,False,True,False,True,False,False,True,False,False
890.4000000000001,65,0,415,1,0,False,False,True,False,False,True,False,False,True,False,False
1047.0,45,0,489,1,0,False,False,True,False,False,False,True,False,True,False,False
244.2,5,2,253,0,1,False,False,True,False,False,False,False,True,False,False,True
906.0,25,1,515,1,0,False,False,True,False,False,False,True,False,True,False,False
948.6,72,1,321,1,0,False,False,True,False,True,False,False,False,True,False,False
1081.8000000000002,27,0,410,1,0,True,False,False,False,True,False,False,False,True,False,False
607.2,32,2,383,0,1,True,False,False,False,False,True,False,False,True,False,False
1325.4,30,0,554,1,0,False,True,False,False,False,True,False,False,True,False,False
1212.0,70,2,203,1,1,False,True,False,False,False,True,False,False,True,False,False
952.2,42,0,57,1,0,False,False,True,False,True,False,False,False,True,False,False
1078.1999999999998,72,0,367,1,0,True,False,False,False,True,False,False,False,True,False,False
780.0,47,1,470,0,0,False,False,True,False,False,False,False,True,True,False,False
965.4,2,0,422,1,0,True,False,False,False,False,False,True,False,False,True,False
1182.6,10,1,584,1,0,False,True,False,False,False,False,True,False,False,False,True
289.20000000000005,61,1,465,0,0,False,False,True,False,False,False,False,True,True,False,False
528.5999999999999,5,0,315,0,0,True,False,False,False,False,True,False,False,False,False,True
1329.6,72,2,51,1,1,False,False,True,False,False,True,False,False,True,False,False
1379.4,72,0,364,1,0,False,True,False,False,True,False,False,False,True,False,False
900.5999999999999,3,1,554,1,0,False,True,False,False,False,False,False,True,False,True,False
231.0,48,3,341,0,1,False,False,True,False,False,False,False,True,True,False,False
1080.6,63,1,404,1,0,False,False,True,False,False,True,False,False,True,False,False
680.4000000000001,27,0,2837,0,0,False,False,False,True,False,False,False,True,True,False,False
961.8,70,3,1687,1,1,False,False,False,True,False,True,False,False,True,False,False
856.1999999999999,7,1,493,1,0,False,False,True,False,False,True,False,False,False,False,True
243.0,0,0,645,0,0,True,False,False,False,False,False,False,True,False,True,False
1084.1999999999998,2,0,374,1,0,False,False,True,False,False,False,True,False,False,True,False
1182.6,20,2,230,1,1,False,False,True,False,False,False,True,False,False,False,True
236.4,66,1,390,0,0,False,False,True,False,True,False,False,False,True,False,False
238.2,3,1,66,0,0,False,False,True,False,False,False,False,True,False,True,False
1030.8000000000002,15,2,450,1,1,False,False,True,False,True,False,False,False,False,False,True
1084.1999999999998,72,2,467,1,1,True,False,False,False,True,False,False,False,True,False,False
249.6,1,0,651,0,0,False,False,True,False,False,False,False,True,False,True,False
1071.0,22,0,370,1,0,False,False,True,False,False,False,True,False,False,False,True
843.5999999999999,3,0,461,0,0,False,False,True,False,False,False,True,False,False,True,False
802.1999999999999,72,1,1810,0,0,False,False,False,True,True,False,False,False,True,False,False
238.8,65,0,346,0,0,True,False,False,False,False,False,False,True,True,False,False
429.6,11,1,171,0,0,False,False,True,False,False,False,False,True,False,False,True
946.2,22,2,370,1,1,False,False,True,False,False,False,False,True,False,False,True
244.8,14,2,354,0,1,False,False,True,False,True,False,False,False,False,False,True
891.0,41,0,444,1,0,False,False,True,False,False,False,True,False,True,False,False
777.5999999999999,17,2,306,0,1,False,False,True,False,False,False,False,True,False,False,True
245.4,11,0,412,0,0,False,False,True,False,False,True,False,False,False,False,True
1120.1999999999998,15,2,349,1,1,False,False,True,False,False,False,True,False,False,False,True
238.8,1,0,350,0,0,False,True,False,False,False,False,False,True,False,True,False
1066.8000000000002,5,0,412,1,0,False,False,True,False,False,False,False,True,False,False,True
1149.6,33,2,406,1,1,True,False,False,False,False,False,True,False,True,False,False
1327.8000000000002,72,0,514,1,0,True,False,False,False,False,True,False,False,True,False,False
483.6,3,0,381,0,0,False,True,False,False,False,False,False,True,False,True,False
984.0,2,1,347,1,0,False,False,True,False,False,False,True,False,False,True,False
1284.0,59,1,372,1,0,False,False,True,False,False,True,False,False,True,False,False
544.2,2,1,292,0,0,False,False,True,False,False,False,True,False,False,True,False
880.1999999999999,71,1,2212,1,0,False,False,False,True,False,True,False,False,True,False,False
537.5999999999999,5,1,704,0,0,False,True,False,False,False,False,False,True,False,False,True
657.0,27,0,263,0,0,True,False,False,False,False,True,False,False,True,False,False
626.4000000000001,1,0,358,0,0,True,False,False,False,False,False,True,False,False,True,False
487.2000000000001,63,0,341,0,0,False,False,True,False,True,False,False,False,True,False,False
1320.0,46,3,362,1,1,False,True,False,False,False,False,True,False,True,False,False
663.5999999999999,72,1,350,0,0,False,False,True,False,True,False,False,False,True,False,False
730.2,34,0,441,0,0,False,False,True,False,True,False,False,False,True,False,False
940.8,24,1,143,1,0,False,False,True,False,False,False,True,False,False,False,True
835.8000000000001,72,3,555,0,1,False,False,True,False,True,False,False,False,True,False,False
718.2,60,0,494,0,0,True,False,False,False,False,True,False,False,True,False,False
922.8,68,1,213,1,0,False,False,True,False,False,True,False,False,True,False,False
238.2,8,1,59,0,0,False,True,False,False,False,False,False,True,False,False,True
811.8000000000001,34,1,253,0,0,False,True,False,False,False,True,False,False,True,False,False
540.0,6,0,2305,0,0,False,False,False,True,False,True,False,False,False,False,True
770.4000000000001,2,2,787,0,1,False,False,True,False,False,False,False,True,False,True,False
980.4,31,3,481,1,1,True,False,False,False,False,True,False,False,True,False,False
306.6,20,1,128,0,0,False,True,False,False,True,False,False,False,False,False,True
240.0,1,1,296,0,0,False,False,True,False,False,False,True,False,False,True,False
1161.0,62,3,392,1,1,False,False,True,False,False,False,True,False,True,False,False
907.8,70,1,438,1,0,False,True,False,False,False,True,False,False,True,False,False
1182.0,10,0,202,1,0,True,False,False,False,False,False,True,False,False,False,True
285.6,39,1,379,0,0,False,True,False,False,False,False,False,True,True,False,False
770.4000000000001,46,1,292,0,0,True,False,False,False,False,True,False,False,True,False,False
1024.1999999999998,6,0,234,1,0,False,True,False,False,False,False,True,False,False,False,True
921.6,72,1,438,1,0,False,False,True,False,True,False,False,False,True,False,False
662.4000000000001,18,3,516,0,1,False,False,True,False,False,True,False,False,False,False,True
1302.6,71,3,526,1,1,False,False,True,False,False,True,False,False,True,False,False
1215.6,40,1,2959,1,0,False,False,False,True,False,False,True,False,True,False,False
834.5999999999999,1,0,2102,0,0,False,False,False,True,False,False,True,False,False,True,False
1239.0,58,3,507,1,1,False,False,True,False,True,False,False,False,True,False,False
1248.0,70,2,446,1,1,False,True,False,False,False,True,False,False,True,False,False
303.0,42,0,420,0,0,False,False,True,False,False,False,True,False,True,False,False
364.8,34,3,308,0,1,False,False,True,False,True,False,False,False,True,False,False
240.6,5,2,325,0,1,False,False,True,False,True,False,False,False,False,False,True
1015.2,25,1,411,1,0,False,False,True,False,False,False,False,True,True,False,False
1034.4,2,1,765,1,0,False,False,True,False,False,False,False,True,False,True,False
1244.4,55,0,445,1,0,False,False,True,False,True,False,False,False,True,False,False
1334.4,21,0,308,1,0,False,False,True,False,False,False,True,False,False,False,True
1056.0,70,0,275,1,0,False,False,True,False,False,True,False,False,True,False,False
1276.1999999999998,61,2,326,1,1,False,True,False,False,False,False,True,False,True,False,False
949.8,43,0,726,1,0,False,False,True,False,False,True,False,False,True,False,False
1237.1999999999998,47,0,340,1,0,True,False,False,False,False,False,True,False,True,False,False
767.4000000000001,5,0,536,0,0,False,False,True,False,False,True,False,False,False,False,True
309.6,62,1,343,0,0,False,False,True,False,False,True,False,False,True,False,False
1073.4,16,3,439,1,1,False,False,True,False,False,True,False,False,False,False,True
1147.1999999999998,7,0,518,1,0,False,False,True,False,True,False,False,False,False,False,True
306.6,14,0,314,0,0,True,False,False,False,False,False,False,True,False,False,True
1091.4,60,1,303,1,0,False,False,True,False,False,False,True,False,True,False,False
538.2,34,1,648,0,0,True,False,False,False,False,False,True,False,True,False,False
1302.6,50,0,547,1,0,True,False,False,False,False,False,True,False,True,False,False
300.6,38,1,518,0,0,False,True,False,False,False,True,False,False,True,False,False
889.1999999999999,70,0,518,1,0,False,True,False,False,False,True,False,False,True,False,False
1065.6,37,0,2867,1,0,False,False,False,True,False,False,True,False,True,False,False
946.2,4,1,702,1,0,False,False,True,False,False,False,True,False,False,False,True
1119.0,60,0,406,1,0,False,True,False,False,False,False,True,False,True,False,False
856.8000000000001,62,3,486,1,1,False,False,True,False,False,True,False,False,True,False,False
532.8,1,0,182,0,0,False,False,True,False,False,False,False,True,False,True,False
950.4,36,1,276,1,0,False,True,False,False,False,True,False,False,True,False,False
244.8,44,1,219,0,0,False,True,False,False,False,True,False,False,True,False,False
1200.0,55,0,591,1,0,True,False,False,False,False,False,True,False,True,False,False
1260.0,72,1,50,1,0,False,False,True,False,False,True,False,False,True,False,False
237.6,12,0,339,0,0,True,False,False,False,True,False,False,False,False,False,True
370.2000000000001,13,3,50,0,1,False,False,True,False,True,False,False,False,False,False,True
1078.8000000000002,1,0,275,1,0,False,False,True,False,False,False,True,False,False,True,False
246.6,15,0,326,0,0,False,False,True,False,False,False,False,True,False,False,True
1018.2,65,0,607,1,0,False,False,True,False,True,False,False,False,True,False,False
397.8,12,3,459,0,1,False,False,True,False,False,True,False,False,False,False,True
1104.0,72,1,275,1,0,False,True,False,False,False,True,False,False,True,False,False
1077.6,72,1,559,1,0,True,False,False,False,False,True,False,False,True,False,False
1389.6,72,0,402,1,0,False,False,True,False,True,False,False,False,True,False,False
1021.8,52,1,405,1,0,False,True,False,False,False,False,False,True,True,False,False
298.20000000000005,2,0,219,0,0,True,False,False,False,False,False,False,True,False,True,False
772.1999999999999,5,2,1707,0,1,False,False,False,True,False,False,True,False,False,False,True
246.0,68,0,276,0,0,False,True,False,False,False,True,False,False,True,False,False
1201.8000000000002,62,0,406,1,0,False,False,True,False,False,False,True,False,True,False,False
1032.6,72,0,411,1,0,True,False,False,False,False,True,False,False,True,False,False
609.5999999999999,1,1,631,0,0,False,True,False,False,False,False,True,False,False,True,False
1068.0,66,1,457,1,0,False,False,True,False,False,False,True,False,True,False,False
777.5999999999999,72,0,50,0,0,False,False,True,False,False,True,False,False,True,False,False
237.6,26,2,439,0,1,True,False,False,False,False,True,False,False,True,False,False
1120.8000000000002,64,1,182,1,0,False,False,True,False,True,False,False,False,True,False,False
883.8000000000001,20,1,255,1,0,True,False,False,False,False,False,True,False,False,False,True
1141.1999999999998,3,0,278,1,0,False,False,True,False,False,False,True,False,False,True,False
1135.8000000000002,22,0,1969,1,0,False,False,False,True,False,True,False,False,False,False,True
967.2,4,1,193,1,0,False,False,True,False,False,False,False,True,False,False,True
468.0,62,0,430,0,0,False,True,False,False,True,False,False,False,True,False,False
246.0,5,0,188,0,0,True,False,False,False,False,False,False,True,False,False,True
1026.6,59,2,453,1,1,False,False,True,False,False,False,True,False,True,False,False
316.79999999999995,3,3,735,0,1,False,True,False,False,False,False,False,True,False,True,False
1178.4,72,0,200,1,0,False,False,True,False,True,False,False,False,True,False,False
1170.6,57,0,357,1,0,False,False,True,False,False,True,False,False,True,False,False
239.4,66,1,50,0,0,False,False,True,False,False,True,False,False,True,False,False
609.5999999999999,60,0,2259,0,0,False,False,False,True,False,False,True,False,True,False,False
1196.4,45,0,496,1,0,False,False,True,False,True,False,False,False,True,False,False
417.6,3,0,508,0,0,False,False,True,False,False,True,False,False,False,True,False
1261.1999999999998,15,1,411,1,0,False,False,True,False,False,False,True,False,False,False,True
721.8,51,1,533,0,0,False,True,False,False,True,False,False,False,True,False,False
777.0,60,0,4536,0,0,False,False,False,True,False,False,True,False,True,False,False
655.8,33,0,656,0,0,False,False,True,False,True,False,False,False,True,False,False
1321.1999999999998,10,0,321,1,0,False,False,True,False,False,False,True,False,False,False,True
231.6,26,1,182,0,0,True,False,False,False,False,True,False,False,True,False,False
1006.8,6,0,339,1,0,False,False,True,False,False,False,True,False,False,False,True
1335.0,67,0,257,1,0,True,False,False,False,False,False,True,False,True,False,False
429.6,49,2,467,0,1,True,False,False,False,False,True,False,False,True,False,False
240.6,1,0,1555,0,0,False,False,False,True,False,False,False,True,False,True,False
1012.2,7,1,389,1,0,False,False,True,False,False,False,True,False,False,False,True
1326.0,27,0,525,1,0,True,False,False,False,True,False,False,False,True,False,False
1094.4,37,0,2419,1,0,False,False,False,True,False,True,False,False,True,False,False
1206.6,63,0,258,1,0,False,True,False,False,False,False,True,False,True,False,False
1071.6,31,1,576,1,0,False,False,True,False,False,False,True,False,True,False,False
1246.1999999999998,50,2,118,1,1,False,False,True,False,True,False,False,False,True,False,False
973.2,32,2,350,1,1,False,False,True,False,False,True,False,False,True,False,False
295.20000000000005,1,0,393,0,0,False,True,False,False,False,False,True,False,False,True,False
974.4,63,1,402,1,0,False,True,False,False,False,True,False,False,True,False,False
1131.6,30,0,427,1,0,False,False,True,False,False,True,False,False,True,False,False
1393.1999999999998,71,0,491,1,0,False,True,False,False,True,False,False,False,True,False,False
1266.6,53,2,394,1,1,False,False,True,False,False,False,True,False,True,False,False
1186.8000000000002,12,0,344,1,0,False,True,False,False,True,False,False,False,False,False,True
1132.8000000000002,50,0,338,1,0,True,False,False,False,False,True,False,False,True,False,False
234.0,2,0,308,0,0,False,False,True,False,False,False,False,True,False,True,False
1179.6,9,0,518,1,0,False,False,True,False,False,True,False,False,False,False,True
1126.1999999999998,17,0,303,1,0,False,False,True,False,False,False,True,False,False,False,True
1267.1999999999998,56,1,527,1,0,False,True,False,False,False,True,False,False,True,False,False
976.2,67,0,2515,1,0,False,False,False,True,False,True,False,False,True,False,False
1206.0,9,2,321,1,1,True,False,False,False,False,False,True,False,False,False,True
676.8,4,2,492,0,1,False,False,True,False,False,False,True,False,False,False,True
784.1999999999999,19,0,290,0,0,True,False,False,False,True,False,False,False,False,False,True
239.4,8,0,495,0,0,False,False,True,False,False,False,False,True,False,False,True
1335.0,71,0,431,1,0,False,True,False,False,False,False,True,False,True,False,False
874.1999999999999,10,1,310,1,0,False,False,True,False,False,False,True,False,False,False,True
1068.0,15,0,479,1,0,True,False,False,False,False,True,False,False,False,False,True
1273.1999999999998,72,1,481,1,0,False,True,False,False,True,False,False,False,True,False,False
240.6,12,0,3426,0,0,False,False,False,True,False,True,False,False,False,False,True
302.4,72,1,544,0,0,True,False,False,False,True,False,False,False,True,False,False
882.5999999999999,1,0,473,1,0,False,False,True,False,False,False,True,False,False,True,False
904.8,23,0,230,1,0,False,False,True,False,True,False,False,False,False,False,True
786.5999999999999,72,3,767,0,1,True,False,False,False,True,False,False,False,True,False,False
968.4,26,2,189,1,1,False,False,True,False,False,False,True,False,True,False,False
1254.6,21,0,542,1,0,False,False,True,False,False,False,False,True,False,False,True
289.79999999999995,60,2,464,0,1,False,True,False,False,True,False,False,False,True,False,False
245.4,12,1,223,0,0,False,True,False,False,False,False,False,True,False,False,True
904.8,16,2,381,1,1,False,False,True,False,False,False,True,False,False,False,True
956.4,63,2,388,1,1,False,False,True,False,False,True,False,False,True,False,False
980.4,22,0,595,1,0,False,False,True,False,False,False,True,False,False,False,True
915.6,32,0,293,1,0,False,False,True,False,True,False,False,False,True,False,False
952.8,3,0,360,1,0,True,False,False,False,False,False,True,False,False,True,False
973.8,13,1,50,1,0,True,False,False,False,False,False,True,False,False,False,True
1245.0,68,1,660,1,0,False,True,False,False,False,True,False,False,True,False,False
1037.4,30,0,239,1,0,False,False,True,False,False,False,True,False,True,False,False
901.2,16,0,449,1,0,True,False,False,False,True,False,False,False,False,False,True
967.2,33,2,384,1,1,False,True,False,False,True,False,False,False,True,False,False
231.6,72,3,385,0,1,False,False,True,False,False,True,False,False,True,False,False
1015.2,4,1,521,1,0,True,False,False,False,False,False,True,False,False,False,True
403.2000000000001,12,0,3837,0,0,False,False,False,True,False,False,False,True,False,False,True
999.0,4,0,2701,1,0,False,False,False,True,False,False,True,False,False,False,True
970.2,0,0,3024,1,0,False,False,False,True,False,False,False,True,False,True,False
948.6,6,3,449,1,1,False,False,True,False,False,False,True,False,False,False,True
1296.6,65,0,552,1,0,False,False,True,False,False,True,False,False,True,False,False
238.8,15,1,2129,0,0,False,False,False,True,False,False,False,True,False,False,True
252.6,24,0,561,0,0,False,False,True,False,True,False,False,False,False,False,True
361.8,13,1,566,0,0,False,False,True,False,False,False,True,False,False,False,True
958.2,24,1,3366,1,0,False,False,False,True,False,True,False,False,False,False,True
786.0,72,2,1971,0,1,False,False,False,True,True,False,False,False,True,False,False
1249.1999999999998,54,0,374,1,0,False,True,False,False,True,False,False,False,True,False,False
892.8000000000001,3,0,2691,1,0,False,False,False,True,True,False,False,False,False,True,False
246.0,4,0,194,0,0,True,False,False,False,False,False,False,True,False,False,True
1096.1999999999998,32,3,3775,1,1,False,False,False,True,False,False,False,True,True,False,False
1188.6,35,2,398,1,1,False,False,True,False,False,False,True,False,True,False,False
246.0,35,1,442,0,0,False,False,True,False,True,False,False,False,True,False,False
539.4000000000001,2,1,313,0,0,False,False,True,False,False,False,False,True,False,True,False
907.2,8,1,200,1,0,False,False,True,False,False,False,True,False,False,False,True
661.2,22,0,309,0,0,False,False,True,False,False,False,False,True,False,False,True
707.4000000000001,15,3,432,0,1,False,False,True,False,False,False,True,False,False,False,True
1141.1999999999998,22,0,501,1,0,False,True,False,False,False,False,True,False,False,False,True
536.4000000000001,1,0,424,0,0,True,False,False,False,False,True,False,False,False,True,False
305.4,71,1,452,0,0,False,False,True,False,True,False,False,False,True,False,False
681.0,4,0,2230,0,0,False,False,False,True,False,False,True,False,False,False,True
981.0,25,0,2896,1,0,False,False,False,True,True,False,False,False,True,False,False
1033.1999999999998,32,1,622,1,0,False,False,True,False,False,False,True,False,True,False,False
357.6,7,0,505,0,0,True,False,False,False,True,False,False,False,False,False,True
246.0,17,1,521,0,0,False,True,False,False,False,False,False,True,False,False,True
730.8,8,0,444,0,0,False,False,True,False,True,False,False,False,False,False,True
879.0,56,0,1297,1,0,False,False,False,True,True,False,False,False,True,False,False
548.4000000000001,1,0,243,0,0,False,False,True,False,False,False,False,True,False,True,False
1203.6,8,0,2863,1,0,False,False,False,True,False,True,False,False,False,False,True
231.0,7,1,398,0,0,False,False,True,False,False,False,True,False,False,False,True
250.2,3,0,465,0,0,True,False,False,False,False,False,False,True,False,True,False
928.2,71,1,651,1,0,False,False,True,False,False,True,False,False,True,False,False
1152.0,2,1,508,1,0,False,True,False,False,False,False,True,False,False,True,False
1086.6,1,1,588,1,0,False,False,True,False,False,False,True,False,False,True,False
1126.1999999999998,49,3,2575,1,1,False,False,False,True,True,False,False,False,True,False,False
841.1999999999999,58,1,1854,0,0,False,False,False,True,True,False,False,False,True,False,False
364.2000000000001,44,0,391,0,0,False,True,False,False,False,False,True,False,True,False,False
911.4,59,0,279,1,0,False,True,False,False,False,True,False,False,True,False,False
1296.6,71,0,633,1,0,False,True,False,False,False,False,True,False,True,False,False
838.8000000000001,1,1,518,0,0,True,False,False,False,False,False,True,False,False,True,False
903.0,11,0,478,1,0,False,True,False,False,False,False,True,False,False,False,True
1245.0,62,1,585,1,0,True,False,False,False,False,False,True,False,True,False,False
659.4000000000001,35,1,96,0,0,True,False,False,False,True,False,False,False,True,False,False
234.0,20,0,488,0,0,False,False,True,False,True,False,False,False,False,False,True
235.2,40,2,203,0,1,False,False,True,False,False,False,False,True,True,False,False
574.2,39,0,398,0,0,False,False,True,False,False,False,True,False,True,False,False
1039.1999999999998,1,0,353,1,0,True,False,False,False,False,False,True,False,False,True,False
285.0,72,1,499,0,0,False,False,True,False,True,False,False,False,True,False,False
967.2,33,1,434,1,0,False,True,False,False,True,False,False,False,True,False,False
525.5999999999999,12,1,601,0,0,True,False,False,False,True,False,False,False,False,False,True
237.0,1,0,309,0,0,False,False,True,False,True,False,False,False,False,True,False
229.8,27,0,506,0,0,False,True,False,False,False,False,False,True,True,False,False
235.2,34,2,424,0,1,False,False,True,False,False,True,False,False,True,False,False
963.6,56,2,154,1,1,False,False,True,False,True,False,False,False,True,False,False
292.20000000000005,58,1,1765,0,0,False,False,False,True,False,True,False,False,True,False,False
303.0,22,0,377,0,0,False,False,True,False,False,True,False,False,False,False,True
313.20000000000005,10,1,566,0,0,False,False,True,False,False,True,False,False,False,False,True
240.0,13,0,469,0,0,True,False,False,False,False,True,False,False,False,False,True
1023.6,35,0,224,1,0,False,False,True,False,False,True,False,False,True,False,False
840.0,34,3,378,0,1,True,False,False,False,False,True,False,False,True,False,False
1131.6,4,0,702,1,0,True,False,False,False,False,False,True,False,False,False,True
248.4,72,3,416,0,1,False,False,True,False,True,False,False,False,True,False,False
843.5999999999999,2,0,350,0,0,False,False,True,False,False,False,True,False,False,True,False
1144.1999999999998,7,0,2893,1,0,False,False,False,True,False,False,True,False,False,False,True
906.0,27,1,514,1,0,False,True,False,False,False,False,True,False,True,False,False
834.5999999999999,4,2,331,0,1,False,False,True,False,False,False,False,True,False,False,True
238.2,37,1,2902,0,0,False,False,False,True,False,False,False,True,True,False,False
240.0,21,2,350,0,1,False,False,True,False,False,False,False,True,False,False,True
1150.1999999999998,53,1,507,1,0,True,False,False,False,False,True,False,False,True,False,False
1081.1999999999998,18,1,425,1,0,False,False,True,False,False,False,True,False,False,False,True
827.4000000000001,2,2,472,0,1,False,False,True,False,False,False,True,False,False,True,False
1194.6,32,0,286,1,0,False,False,True,False,False,True,False,False,True,False,False
249.0,23,1,276,0,0,True,False,False,False,False,False,True,False,False,False,True
601.8,3,0,3256,0,0,False,False,False,True,False,False,False,True,False,True,False
703.8,71,3,388,0,1,True,False,False,False,False,False,False,True,True,False,False
1150.8000000000002,9,3,442,1,1,False,False,True,False,True,False,False,False,False,False,True
594.0,1,0,354,0,0,False,False,True,False,False,False,True,False,False,True,False
689.4000000000001,18,1,534,0,0,False,False,True,False,False,False,True,False,False,False,True
643.8,12,3,308,0,1,False,True,False,False,False,True,False,False,False,False,True
961.2,71,0,379,1,0,False,True,False,False,False,False,False,True,True,False,False
292.79999999999995,64,1,517,0,0,False,True,False,False,True,False,False,False,True,False,False
480.6,4,3,575,0,1,False,False,True,False,False,False,True,False,False,False,True
234.0,23,0,321,0,0,True,False,False,False,False,False,False,True,False,False,True
612.5999999999999,39,1,693,0,0,False,False,True,False,False,True,False,False,True,False,False
652.2,28,0,446,0,0,True,False,False,False,False,False,False,True,True,False,False
1016.4,5,3,243,1,1,False,False,True,False,False,False,True,False,False,False,True
1033.1999999999998,45,3,455,1,1,False,True,False,False,False,False,True,False,True,False,False
844.1999999999999,37,3,342,0,1,False,False,True,False,False,False,False,True,True,False,False
1320.0,60,1,465,1,0,False,False,True,False,True,False,False,False,True,False,False
1207.1999999999998,8,2,393,1,1,False,True,False,False,False,False,True,False,False,False,True
1138.8000000000002,47,2,411,1,1,False,False,True,False,False,True,False,False,True,False,False
1005.0,26,0,263,1,0,False,False,True,False,False,False,True,False,True,False,False
1059.6,3,2,3292,1,1,False,False,False,True,False,False,False,True,False,True,False
837.0,50,0,1575,0,0,False,False,False,True,True,False,False,False,True,False,False
859.1999999999999,27,1,233,1,0,True,False,False,False,True,False,False,False,True,False,False
1105.1999999999998,8,0,455,1,0,False,False,True,False,False,False,True,False,False,False,True
283.79999999999995,62,0,640,0,0,False,True,False,False,True,False,False,False,True,False,False
982.2,71,0,347,1,0,False,True,False,False,True,False,False,False,True,False,False
301.20000000000005,66,1,505,0,0,False,False,True,False,False,False,False,True,True,False,False
1376.4,68,0,561,1,0,False,True,False,False,True,False,False,False,True,False,False
589.8,13,1,522,0,0,False,False,True,False,False,False,True,False,False,False,True
970.8,56,0,353,1,0,False,False,True,False,False,False,True,False,True,False,False
953.4,38,0,236,1,0,False,False,True,False,False,False,True,False,True,False,False
1085.4,14,1,68,1,0,False,False,True,False,False,True,False,False,False,False,True
231.6,16,2,2289,0,1,False,False,False,True,True,False,False,False,False,False,True
842.4000000000001,14,0,3442,0,0,False,False,False,True,False,False,True,False,False,False,True
837.0,32,1,231,0,0,True,False,False,False,True,False,False,False,True,False,False
651.0,8,2,3060,0,1,False,False,False,True,True,False,False,False,False,False,True
1191.6,43,1,257,1,0,False,False,True,False,True,False,False,False,True,False,False
888.0,52,0,415,1,0,True,False,False,False,False,True,False,False,True,False,False
603.0,3,0,506,0,0,True,False,False,False,False,False,False,True,False,True,False
237.6,29,2,301,0,1,False,False,True,False,False,False,False,True,True,False,False
235.8,1,0,425,0,0,False,True,False,False,False,False,False,True,False,True,False
523.8,12,2,337,0,1,True,False,False,False,False,False,True,False,False,False,True
426.0,16,1,505,0,0,False,True,False,False,False,True,False,False,False,False,True
969.0,40,3,435,1,1,True,False,False,False,False,False,False,True,True,False,False
474.0,5,2,408,0,1,False,False,True,False,False,False,True,False,False,False,True
1165.1999999999998,40,3,633,1,1,False,False,True,False,True,False,False,False,True,False,False
234.6,36,0,499,0,0,False,False,True,False,False,False,False,True,True,False,False
960.0,5,2,296,1,1,False,True,False,False,False,False,True,False,False,False,True
1016.4,10,0,387,1,0,True,False,False,False,False,False,False,True,False,False,True
1074.6,2,1,388,1,0,True,False,False,False,True,False,False,False,False,True,False
1087.1999999999998,23,1,412,1,0,False,False,True,False,False,False,True,False,False,False,True
240.6,26,2,778,0,1,False,False,True,False,True,False,False,False,True,False,False
1348.8000000000002,72,3,455,1,1,True,False,False,False,False,False,True,False,True,False,False
602.4000000000001,34,2,94,0,1,False,True,False,False,True,False,False,False,True,False,False
747.0,10,0,318,0,0,False,False,True,False,True,False,False,False,False,False,True
668.4000000000001,14,0,110,0,0,False,True,False,False,False,False,False,True,False,False,True
1080.6,23,1,2236,1,0,False,False,False,True,True,False,False,False,False,False,True
235.8,47,0,910,0,0,False,False,False,True,False,False,False,True,True,False,False
1071.0,24,0,269,1,0,False,True,False,False,False,False,True,False,False,False,True
1188.6,49,0,171,1,0,False,False,True,False,True,False,False,False,True,False,False
648.0,20,0,457,0,0,True,False,False,False,False,False,False,True,False,False,True
837.0,2,0,2500,0,0,False,False,False,True,True,False,False,False,False,True,False
588.5999999999999,2,0,445,0,0,False,False,True,False,False,True,False,False,False,True,False
681.0,22,0,384,0,0,False,False,True,False,True,False,False,False,False,False,True
1176.6,7,0,1384,1,0,False,False,False,True,True,False,False,False,False,False,True
253.2,1,3,477,0,1,False,False,True,False,False,False,False,True,False,True,False
1159.8000000000002,59,0,688,1,0,False,False,True,False,True,False,False,False,True,False,False
294.0,58,0,461,0,0,False,True,False,False,False,True,False,False,True,False,False
1374.0,41,1,336,1,0,False,False,True,False,True,False,False,False,True,False,False
950.4,59,0,185,1,0,False,True,False,False,False,True,False,False,True,False,False
834.5999999999999,3,3,263,0,1,False,False,True,False,False,False,True,False,False,True,False
240.6,32,2,2862,0,1,False,False,False,True,True,False,False,False,True,False,False
1186.1999999999998,46,0,560,1,0,False,False,True,False,False,False,True,False,True,False,False
309.0,0,0,439,0,0,False,False,True,False,False,False,False,True,False,True,False
971.4,2,2,519,1,1,False,False,True,False,False,False,True,False,False,True,False
235.2,52,3,506,0,1,True,False,False,False,False,True,False,False,True,False,False
891.5999999999999,13,1,475,1,0,True,False,False,False,False,False,True,False,False,False,True
1076.4,11,1,301,1,0,False,False,True,False,True,False,False,False,False,False,True
1051.8000000000002,32,0,2639,1,0,False,False,False,True,True,False,False,False,True,False,False
1205.4,17,3,272,1,1,False,True,False,False,False,True,False,False,False,False,True
897.0,16,0,402,1,0,True,False,False,False,False,True,False,False,False,False,True
1289.4,51,3,449,1,1,False,False,True,False,True,False,False,False,True,False,False
904.2,29,1,3843,1,0,False,False,False,True,True,False,False,False,True,False,False
779.4000000000001,70,1,203,0,0,False,False,True,False,False,True,False,False,True,False,False
1205.4,71,1,472,1,0,False,False,True,False,False,False,True,False,True,False,False
822.0,41,0,622,0,0,True,False,False,False,True,False,False,False,True,False,False
966.6,1,0,513,1,0,False,True,False,False,False,False,True,False,False,True,False
975.0,7,0,524,1,0,False,False,True,False,True,False,False,False,False,False,True
1084.8000000000002,25,0,488,1,0,False,False,True,False,False,False,True,False,True,False,False
1074.6,67,2,3538,1,1,False,False,False,True,False,False,True,False,True,False,False
668.4000000000001,5,0,236,0,0,False,True,False,False,False,False,False,True,False,False,True
297.6,15,0,192,0,0,False,False,True,False,False,False,True,False,False,False,True
240.0,20,3,399,0,1,True,False,False,False,False,False,True,False,False,False,True
673.8,3,2,75,0,1,False,False,True,False,False,False,False,True,False,True,False
1262.4,54,3,584,1,1,False,False,True,False,False,False,True,False,True,False,False
234.6,42,3,583,0,1,True,False,False,False,False,False,False,True,True,False,False
957.0,9,0,334,1,0,False,False,True,False,False,False,True,False,False,False,True
1169.4,63,0,344,1,0,False,False,True,False,True,False,False,False,True,False,False
291.0,69,2,389,0,1,False,True,False,False,True,False,False,False,True,False,False
295.20000000000005,69,1,407,0,0,True,False,False,False,False,True,False,False,True,False,False
601.8,40,0,419,0,0,False,False,True,False,False,False,False,True,True,False,False
475.2000000000001,60,2,483,0,1,True,False,False,False,True,False,False,False,True,False,False
1132.8000000000002,4,0,2361,1,0,False,False,False,True,True,False,False,False,False,False,True
1078.1999999999998,71,0,541,1,0,False,False,True,False,False,False,False,True,True,False,False
947.4,37,1,2856,1,0,False,False,False,True,False,True,False,False,True,False,False
1186.1999999999998,32,1,308,1,0,False,False,True,False,False,True,False,False,True,False,False
646.2,39,1,600,0,0,False,False,True,False,False,True,False,False,True,False,False
291.0,38,0,1413,0,0,False,False,False,True,False,False,True,False,True,False,False
1073.4,52,2,386,1,1,True,False,False,False,False,True,False,False,True,False,False
1263.0,48,0,545,1,0,False,False,True,False,False,True,False,False,True,False,False
714.0,70,0,291,0,0,False,False,True,False,True,False,False,False,True,False,False
846.5999999999999,20,2,446,1,1,False,True,False,False,False,True,False,False,False,False,True
990.0,50,3,481,1,1,False,False,True,False,False,True,False,False,True,False,False
538.2,19,2,270,0,1,False,False,True,False,False,True,False,False,False,False,True
739.2,25,2,389,0,1,False,False,True,False,True,False,False,False,True,False,False
588.5999999999999,12,1,2374,0,0,False,False,False,True,True,False,False,False,False,False,True
1267.8000000000002,39,1,317,1,0,False,False,True,False,False,False,True,False,True,False,False
895.8000000000001,7,0,745,1,0,False,False,True,False,False,False,False,True,False,False,True
795.0,23,0,285,0,0,True,False,False,False,False,False,False,True,False,False,True
232.8,27,0,550,0,0,True,False,False,False,False,False,True,False,True,False,False
1032.6,47,0,341,1,0,False,True,False,False,False,True,False,False,True,False,False
229.8,26,1,237,0,0,False,False,True,False,False,True,False,False,True,False,False
776.4000000000001,14,1,415,0,0,False,True,False,False,True,False,False,False,False,False,True
1248.6,11,0,497,1,0,False,False,True,False,True,False,False,False,False,False,True
231.0,2,0,538,0,0,False,False,True,False,False,False,False,True,False,True,False
983.4,26,1,3749,1,0,False,False,False,True,False,False,True,False,True,False,False
1375.8000000000002,72,0,841,1,0,False,False,True,False,True,False,False,False,True,False,False
240.0,63,2,437,0,1,False,False,True,False,False,True,False,False,True,False,False
237.6,71,1,300,0,0,False,False,True,False,False,False,False,True,True,False,False
781.8000000000001,11,1,467,0,0,False,False,True,False,True,False,False,False,False,False,True
235.8,14,1,360,0,0,False,False,True,False,False,False,False,True,False,False,True
1067.4,13,2,538,1,1,True,False,False,False,False,True,False,False,False,False,True
242.4,6,0,205,0,0,False,False,True,False,False,False,False,True,False,False,True
902.4,11,1,755,1,0,False,False,True,False,False,True,False,False,False,False,True
681.5999999999999,18,1,528,0,0,False,False,True,False,False,True,False,False,False,False,True
426.6,1,0,147,0,0,True,False,False,False,False,False,True,False,False,True,False
906.0,32,2,293,1,1,False,True,False,False,True,False,False,False,True,False,False
427.2000000000001,29,2,522,0,1,False,False,True,False,False,False,False,True,True,False,False
723.0,3,1,576,0,0,True,False,False,False,False,False,True,False,False,True,False
1141.8000000000002,2,2,209,1,1,False,False,True,False,False,False,True,False,False,True,False
1159.8000000000002,13,2,506,1,1,False,False,True,False,False,False,False,True,False,False,True
484.2000000000001,41,1,107,0,0,False,False,True,False,False,False,True,False,True,False,False
226.2,1,2,386,0,1,False,False,True,False,False,False,True,False,False,True,False
658.2,7,1,566,0,0,False,False,True,False,False,False,False,True,False,False,True
771.5999999999999,52,1,2058,0,0,False,False,False,True,False,False,False,True,True,False,False
295.79999999999995,45,1,173,0,0,False,False,True,False,True,False,False,False,True,False,False
913.2,70,2,421,1,1,False,True,False,False,False,True,False,False,True,False,False
224.4,53,0,309,0,0,False,False,True,False,False,False,False,True,True,False,False
1175.4,62,2,494,1,1,False,False,True,False,False,True,False,False,True,False,False
1129.1999999999998,60,2,267,1,1,False,False,True,False,False,True,False,False,True,False,False
964.8,3,0,284,1,0,True,False,False,False,False,False,True,False,False,True,False
1141.1999999999998,23,2,96,1,1,False,False,True,False,False,False,True,False,False,False,True
376.2000000000001,1,0,2635,0,0,False,False,False,True,False,False,False,True,False,True,False
868.1999999999999,67,0,375,1,0,False,False,True,False,True,False,False,False,True,False,False
1077.0,12,1,221,1,0,False,False,True,False,True,False,False,False,False,False,True
992.4,71,0,429,1,0,False,False,True,False,True,False,False,False,True,False,False
238.8,25,2,554,0,1,False,False,True,False,False,True,False,False,True,False,False
645.5999999999999,5,2,367,0,1,False,False,True,False,False,False,True,False,False,False,True
618.5999999999999,26,1,440,0,0,False,False,True,False,False,True,False,False,True,False,False
235.8,1,0,2718,0,0,False,False,False,True,False,False,False,True,False,True,False
528.5999999999999,70,0,219,0,0,False,False,True,False,False,True,False,False,True,False,False
1368.0,72,1,708,1,0,False,True,False,False,False,False,True,False,True,False,False
1132.8000000000002,60,3,329,1,1,False,False,True,False,False,False,True,False,True,False,False
1204.8000000000002,32,1,498,1,0,False,True,False,False,False,False,True,False,True,False,False
238.2,1,0,515,0,0,False,True,False,False,False,False,True,False,False,True,False
651.0,14,1,379,0,0,False,False,True,False,False,False,False,True,False,False,True
960.0,13,1,491,1,0,False,False,True,False,False,True,False,False,False,False,True
1318.8000000000002,6,2,2696,1,1,False,False,False,True,False,True,False,False,False,False,True
950.4,46,0,187,1,0,True,False,False,False,False,False,False,True,True,False,False
1216.1999999999998,15,2,350,1,1,False,False,True,False,False,False,True,False,False,False,True
1131.6,43,1,308,1,0,False,False,True,False,False,False,True,False,True,False,False
597.5999999999999,39,3,330,0,1,True,False,False,False,True,False,False,False,True,False,False
720.5999999999999,21,0,204,0,0,False,False,True,False,True,False,False,False,False,False,True
645.0,57,1,568,0,0,False,True,False,False,False,False,True,False,True,False,False
1121.4,53,3,640,1,1,False,False,True,False,False,False,True,False,True,False,False
1054.8000000000002,18,0,546,1,0,False,False,True,False,False,False,False,True,False,False,True
721.8,1,3,590,0,1,False,True,False,False,False,False,True,False,False,True,False
732.5999999999999,58,1,348,0,0,False,True,False,False,True,False,False,False,True,False,False
1248.6,71,0,304,1,0,False,False,True,False,True,False,False,False,True,False,False
1191.0,35,0,283,1,0,False,True,False,False,False,False,True,False,True,False,False
1028.4,3,1,3015,1,0,False,False,False,True,False,True,False,False,False,True,False
1258.1999999999998,38,0,434,1,0,False,True,False,False,False,False,True,False,True,False,False
829.8000000000001,35,1,388,0,0,False,False,True,False,False,True,False,False,True,False,False
1085.4,7,0,594,1,0,False,True,False,False,False,False,True,False,False,False,True
893.4000000000001,47,1,2823,1,0,False,False,False,True,False,False,False,True,True,False,False
605.4000000000001,14,0,1829,0,0,False,False,False,True,False,False,True,False,False,False,True
720.0,20,2,297,0,1,False,True,False,False,False,False,True,False,False,False,True
1023.0,66,3,502,1,1,False,False,True,False,False,False,True,False,True,False,False
233.4,15,3,3333,0,1,False,False,False,True,False,True,False,False,False,False,True
249.0,42,1,2941,0,0,False,False,False,True,True,False,False,False,True,False,False
946.8,17,0,684,1,0,False,False,True,False,False,False,True,False,False,False,True
1254.0,37,2,645,1,1,False,False,True,False,False,True,False,False,True,False,False
592.8,12,0,466,0,0,False,False,True,False,False,False,True,False,False,False,True
1131.0,53,0,1829,1,0,False,False,False,True,True,False,False,False,True,False,False
300.0,60,0,203,0,0,False,False,True,False,False,False,False,True,True,False,False
306.6,18,1,341,0,0,False,True,False,False,False,True,False,False,False,False,True
898.8000000000001,1,2,512,1,1,True,False,False,False,False,False,True,False,False,True,False
841.8000000000001,3,1,3961,0,0,False,False,False,True,False,False,True,False,False,True,False
832.8000000000001,9,0,462,0,0,True,False,False,False,False,True,False,False,False,False,True
963.0,1,0,575,1,0,True,False,False,False,False,False,True,False,False,True,False
1117.8000000000002,56,3,363,1,1,False,False,True,False,False,False,True,False,True,False,False
828.0,17,0,493,0,0,False,True,False,False,False,False,True,False,False,False,True
796.1999999999999,11,1,523,0,0,False,False,True,False,False,False,True,False,False,False,True
834.5999999999999,7,0,103,0,0,True,False,False,False,False,False,True,False,False,False,True
242.4,69,2,337,0,1,False,False,True,False,True,False,False,False,True,False,False
1032.0,19,1,542,1,0,True,False,False,False,True,False,False,False,False,False,True
963.6,3,0,441,1,0,False,True,False,False,False,False,True,False,False,True,False
244.8,54,0,1542,0,0,False,False,False,True,False,True,False,False,True,False,False
285.0,62,1,50,0,0,False,False,True,False,False,True,False,False,True,False,False
1086.6,24,1,345,1,0,False,False,True,False,False,True,False,False,False,False,True
845.4000000000001,62,0,2442,1,0,False,False,False,True,False,True,False,False,True,False,False
789.0,17,3,267,0,1,False,False,True,False,True,False,False,False,False,False,True
295.20000000000005,9,0,421,0,0,True,False,False,False,False,False,False,True,False,False,True
831.0,64,0,475,0,0,False,False,True,False,False,False,False,True,True,False,False
910.8,2,3,3036,1,1,False,False,False,True,False,False,True,False,False,True,False
550.2,1,0,50,0,0,False,False,True,False,False,False,False,True,False,True,False
599.4000000000001,16,1,202,0,0,False,True,False,False,False,False,True,False,False,False,True
295.79999999999995,72,0,2256,0,0,False,False,False,True,True,False,False,False,True,False,False
1084.8000000000002,30,0,485,1,0,False,False,True,False,True,False,False,False,True,False,False
1210.1999999999998,49,3,473,1,1,False,False,True,False,False,False,False,True,True,False,False
904.2,61,0,470,1,0,False,False,True,False,False,True,False,False,True,False,False
1046.4,47,2,342,1,1,False,True,False,False,False,False,True,False,True,False,False
772.8000000000001,20,0,350,0,0,False,True,False,False,False,True,False,False,False,False,True
939.6,34,0,1917,1,0,False,False,False,True,False,False,True,False,True,False,False
296.4,70,0,515,0,0,False,True,False,False,True,False,False,False,True,False,False
1270.1999999999998,54,1,261,1,0,False,False,True,False,False,False,True,False,True,False,False
1179.6,61,0,527,1,0,False,False,True,False,False,False,False,True,True,False,False
923.4,3,2,431,1,1,False,False,True,False,False,False,True,False,False,True,False
233.4,13,1,393,0,0,False,False,True,False,False,False,False,True,False,False,True
1153.8000000000002,16,3,301,1,1,True,False,False,False,False,False,True,False,False,False,True
704.4000000000001,3,0,196,0,0,True,False,False,False,False,True,False,False,False,True,False
241.8,25,2,302,0,1,False,False,True,False,False,False,False,True,True,False,False
774.0,30,2,350,0,1,False,True,False,False,False,False,False,True,True,False,False
342.0,21,2,50,0,1,True,False,False,False,False,False,True,False,False,False,True
543.5999999999999,1,2,370,0,1,False,False,True,False,False,False,True,False,False,True,False
232.8,15,2,538,0,1,False,False,True,False,True,False,False,False,False,False,True
1085.4,23,1,485,1,0,False,False,True,False,False,False,True,False,False,False,True
1261.8000000000002,45,0,325,1,0,False,True,False,False,False,False,True,False,True,False,False
997.8,24,0,407,1,0,True,False,False,False,True,False,False,False,False,False,True
1081.8000000000002,11,3,2055,1,1,False,False,False,True,False,False,True,False,False,False,True
540.5999999999999,1,1,422,0,0,False,False,True,False,False,False,False,True,False,True,False
1238.4,56,2,631,1,1,False,False,True,False,True,False,False,False,True,False,False
909.6,1,1,3274,1,0,False,False,False,True,False,False,True,False,False,True,False
233.4,1,0,478,0,0,True,False,False,False,False,False,True,False,False,True,False
951.6,7,0,326,1,0,False,True,False,False,False,False,True,False,False,False,True
1065.6,55,1,512,1,0,False,True,False,False,False,True,False,False,True,False,False
370.8,2,0,146,0,0,False,False,True,False,False,False,True,False,False,True,False
1030.8000000000002,72,0,362,1,0,True,False,False,False,False,True,False,False,True,False,False
410.4,45,1,2966,0,0,False,False,False,True,False,False,True,False,True,False,False
241.8,47,0,511,0,0,False,False,True,False,False,False,False,True,True,False,False
1143.0,46,1,3035,1,0,False,False,False,True,False,True,False,False,True,False,False
603.5999999999999,2,0,444,0,0,False,False,True,False,False,False,False,True,False,True,False
961.8,2,2,370,1,1,False,False,True,False,False,False,True,False,False,True,False
615.0,12,0,480,0,0,False,False,True,False,False,False,True,False,False,False,True
1075.1999999999998,68,1,257,1,0,False,False,True,False,True,False,False,False,True,False,False
1142.4,69,0,273,1,0,False,False,True,False,False,True,False,False,True,False,False
1137.6,56,0,409,1,0,False,False,True,False,False,True,False,False,True,False,False
963.0,4,0,425,1,0,False,True,False,False,False,False,True,False,False,False,True
913.2,64,1,126,1,0,False,True,False,False,True,False,False,False,True,False,False
1321.8000000000002,59,1,468,1,0,False,False,True,False,False,False,True,False,True,False,False
1386.6,62,0,515,1,0,False,False,True,False,True,False,False,False,True,False,False
295.79999999999995,63,1,388,0,0,False,True,False,False,False,True,False,False,True,False,False
643.2,53,2,756,0,1,False,False,True,False,False,False,True,False,True,False,False
233.4,5,2,297,0,1,False,False,True,False,False,False,False,True,False,False,True
1058.4,49,0,345,1,0,True,False,False,False,False,False,True,False,True,False,False
1213.8000000000002,62,1,2183,1,0,False,False,False,True,True,False,False,False,True,False,False
681.5999999999999,55,0,388,0,0,True,False,False,False,False,False,False,True,True,False,False
1192.8000000000002,71,0,350,1,0,False,True,False,False,False,False,True,False,True,False,False
241.2,72,3,188,0,1,False,False,True,False,False,True,False,False,True,False,False
728.4000000000001,36,0,2062,0,0,False,False,False,True,False,True,False,False,True,False,False
251.4,25,1,385,0,0,False,False,True,False,True,False,False,False,True,False,False
1378.1999999999998,72,1,584,1,0,False,False,True,False,True,False,False,False,True,False,False
231.0,36,1,730,0,0,False,False,True,False,True,False,False,False,True,False,False
753.5999999999999,1,1,600,0,0,True,False,False,False,False,False,False,True,False,True,False
1266.0,72,0,283,1,0,False,False,True,False,False,False,True,False,True,False,False
238.2,59,0,295,0,0,True,False,False,False,False,False,False,True,True,False,False
1074.0,7,1,376,1,0,True,False,False,False,False,False,True,False,False,False,True
889.1999999999999,1,0,667,1,0,False,True,False,False,False,True,False,False,False,True,False
1290.0,30,0,2367,1,0,False,False,False,True,False,False,True,False,True,False,False
234.6,64,0,200,0,0,False,True,False,False,False,False,False,True,True,False,False
825.5999999999999,63,0,324,0,0,True,False,False,False,True,False,False,False,True,False,False
1013.4,72,0,513,1,0,False,False,True,False,False,True,False,False,True,False,False
900.0,8,0,3051,1,0,False,False,False,True,False,False,True,False,False,False,True
1014.0,62,1,369,1,0,False,True,False,False,True,False,False,False,True,False,False
1334.4,67,1,502,1,0,True,False,False,False,True,False,False,False,True,False,False
537.0,6,2,59,0,1,False,True,False,False,False,False,True,False,False,False,True
967.2,70,0,415,1,0,False,True,False,False,True,False,False,False,True,False,False
968.4,20,0,3188,1,0,False,False,False,True,True,False,False,False,False,False,True
907.2,5,0,275,1,0,True,False,False,False,False,False,True,False,False,False,True
691.2,24,1,274,0,0,False,True,False,False,False,False,True,False,False,False,True
528.5999999999999,11,1,120,0,0,False,False,True,False,False,False,True,False,False,False,True
1327.1999999999998,72,0,638,1,0,False,True,False,False,False,True,False,False,True,False,False
698.4000000000001,66,3,291,0,1,True,False,False,False,False,True,False,False,True,False,False
972.0,45,0,2692,1,0,False,False,False,True,False,False,False,True,True,False,False
236.4,69,1,490,0,0,True,False,False,False,True,False,False,False,True,False,False
1027.1999999999998,15,1,626,1,0,False,False,True,False,True,False,False,False,False,False,True
714.5999999999999,28,2,376,0,1,False,True,False,False,True,False,False,False,True,False,False
1386.6,70,1,319,1,0,False,True,False,False,False,True,False,False,True,False,False
906.6,36,2,425,1,1,True,False,False,False,False,False,False,True,True,False,False
1039.1999999999998,16,0,592,1,0,False,False,True,False,False,False,True,False,False,False,True
1022.4,18,2,374,1,1,True,False,False,False,False,False,True,False,False,False,True
1171.8000000000002,34,0,256,1,0,False,True,False,False,False,False,True,False,True,False,False
541.2,42,2,168,0,1,False,False,True,False,False,True,False,False,True,False,False
851.4000000000001,48,1,216,1,0,False,False,True,False,True,False,False,False,True,False,False
1314.6,47,2,529,1,1,False,False,True,False,False,False,True,False,True,False,False
1074.6,39,1,351,1,0,False,True,False,False,False,False,True,False,True,False,False
250.8,11,1,308,0,0,False,False,True,False,False,True,False,False,False,False,True
239.4,7,1,292,0,0,False,False,True,False,False,False,False,True,False,False,True
295.20000000000005,3,1,412,0,0,True,False,False,False,False,False,False,True,False,True,False
800.4000000000001,8,0,364,0,0,False,False,True,False,False,False,True,False,False,False,True
233.4,1,0,359,0,0,False,False,True,False,False,False,False,True,False,True,False
1137.6,32,0,602,1,0,False,True,False,False,False,False,False,True,True,False,False
790.1999999999999,60,0,630,0,0,False,True,False,False,True,False,False,False,True,False,False
239.4,10,2,1211,0,1,False,False,False,True,True,False,False,False,False,False,True
295.79999999999995,71,0,449,0,0,False,False,True,False,True,False,False,False,True,False,False
244.2,4,3,1878,0,1,False,False,False,True,False,False,False,True,False,False,True
831.0,1,0,362,0,0,False,True,False,False,False,False,True,False,False,True,False
615.0,43,0,446,0,0,False,False,True,False,True,False,False,False,True,False,False
1194.0,59,2,368,1,1,False,False,True,False,True,False,False,False,True,False,False
651.0,23,1,434,0,0,False,False,True,False,False,False,True,False,False,False,True
232.8,72,1,500,0,0,False,False,True,False,True,False,False,False,True,False,False
675.0,22,1,2735,0,0,False,False,False,True,False,True,False,False,False,False,True
301.79999999999995,1,1,302,0,0,False,True,False,False,False,False,False,True,False,True,False
287.4,69,0,305,0,0,False,False,True,False,True,False,False,False,True,False,False
424.8,50,3,184,0,1,False,False,True,False,False,False,False,True,True,False,False
302.4,1,3,271,0,1,False,False,True,False,False,False,True,False,False,True,False
540.0,2,1,694,0,0,False,True,False,False,False,False,False,True,False,True,False
904.2,15,0,281,1,0,False,False,True,False,True,False,False,False,False,False,True
244.8,31,1,220,0,0,False,True,False,False,True,False,False,False,True,False,False
241.8,1,0,447,0,0,False,False,True,False,False,False,False,True,False,True,False
1260.0,66,0,2411,1,0,False,False,False,True,False,True,False,False,True,False,False
672.5999999999999,0,0,370,0,0,True,False,False,False,False,True,False,False,False,True,False
656.4000000000001,3,1,611,0,0,False,False,True,False,False,True,False,False,False,True,False
240.0,8,2,482,0,1,False,True,False,False,False,False,False,True,False,False,True
876.5999999999999,64,1,320,1,0,True,False,False,False,False,True,False,False,True,False,False
246.0,28,1,336,0,0,False,False,True,False,False,False,False,True,True,False,False
1209.0,57,0,324,1,0,False,True,False,False,False,True,False,False,True,False,False
1047.0,14,0,531,1,0,False,False,True,False,False,False,True,False,False,False,True
239.4,19,0,353,0,0,False,True,False,False,False,False,False,True,False,False,True
959.4,10,3,131,1,1,False,False,True,False,False,False,True,False,False,False,True
595.8,51,0,392,0,0,True,False,False,False,False,False,True,False,True,False,False
787.8000000000001,67,2,1270,0,1,False,False,False,True,False,False,False,True,True,False,False
245.4,11,1,4247,0,0,False,False,False,True,False,False,True,False,False,False,True
731.4000000000001,72,0,1727,0,0,False,False,False,True,True,False,False,False,True,False,False
244.2,66,1,375,0,0,False,True,False,False,False,False,True,False,True,False,False
1060.1999999999998,18,1,438,1,0,False,False,True,False,False,False,True,False,False,False,True
234.0,9,2,356,0,1,True,False,False,False,False,False,True,False,False,False,True
902.4,9,3,356,1,1,True,False,False,False,False,True,False,False,False,False,True
1337.4,48,0,463,1,0,False,True,False,False,True,False,False,False,True,False,False
841.8000000000001,10,0,628,0,0,True,False,False,False,False,False,False,True,False,False,True
1137.0,9,1,515,1,0,False,True,False,False,False,False,True,False,False,False,True
1140.6,13,3,621,1,1,False,True,False,False,False,False,True,False,False,False,True
941.4,4,0,243,1,0,False,True,False,False,False,False,True,False,False,False,True
842.4000000000001,4,1,447,0,0,False,False,True,False,False,False,True,False,False,False,True
1104.0,72,1,423,1,0,False,False,True,False,True,False,False,False,True,False,False
1026.0,51,1,452,1,0,False,False,True,False,False,True,False,False,True,False,False
492.6,59,0,606,0,0,False,True,False,False,True,False,False,False,True,False,False
1027.1999999999998,10,1,366,1,0,False,False,True,False,False,False,True,False,False,False,True
985.8,61,3,339,1,1,False,False,True,False,False,False,True,False,True,False,False
1012.8,54,0,480,1,0,True,False,False,False,False,False,True,False,True,False,False
730.8,33,0,133,0,0,False,False,True,False,False,False,False,True,True,False,False
243.0,27,3,364,0,1,False,True,False,False,True,False,False,False,True,False,False
950.4,1,0,379,1,0,False,False,True,False,False,False,True,False,False,True,False
1143.6,23,2,261,1,1,False,False,True,False,False,False,False,True,False,False,True
238.2,1,1,3345,0,0,False,False,False,True,False,False,False,True,False,True,False
1012.2,45,0,240,1,0,False,True,False,False,False,False,False,True,True,False,False
238.2,39,2,2391,0,1,False,False,False,True,True,False,False,False,True,False,False
840.0,5,0,443,0,0,False,False,True,False,False,False,False,True,False,False,True
987.6,72,1,603,1,0,False,True,False,False,True,False,False,False,True,False,False
801.5999999999999,58,0,398,0,0,False,False,True,False,True,False,False,False,True,False,False
535.2,70,1,540,0,0,False,False,True,False,True,False,False,False,True,False,False
1181.4,61,0,505,1,0,False,False,True,False,True,False,False,False,True,False,False
848.4000000000001,2,0,418,1,0,False,False,True,False,False,False,False,True,False,True,False
299.4,46,3,236,0,1,False,False,True,False,False,False,False,True,True,False,False
599.4000000000001,1,0,184,0,0,False,False,True,False,True,False,False,False,False,True,False
831.0,22,1,415,0,0,True,False,False,False,False,False,True,False,False,False,True
1230.0,48,0,318,1,0,False,False,True,False,False,True,False,False,True,False,False
1038.6,64,2,537,1,1,False,False,True,False,False,True,False,False,True,False,False
291.6,72,0,511,0,0,False,False,True,False,True,False,False,False,True,False,False
700.2,12,3,372,0,1,False,True,False,False,False,True,False,False,False,False,True
1131.0,34,1,226,1,0,False,False,True,False,False,False,True,False,True,False,False
825.0,72,0,476,0,0,True,False,False,False,False,True,False,False,True,False,False
1029.6,29,0,247,1,0,True,False,False,False,False,False,True,False,True,False,False
241.2,33,0,286,0,0,False,False,True,False,False,True,False,False,True,False,False
244.2,1,1,253,0,0,False,True,False,False,False,False,False,True,False,True,False
1329.6,62,0,379,1,0,False,False,True,False,False,False,True,False,True,False,False
876.0,41,2,575,1,1,False,True,False,False,False,False,True,False,True,False,False
1200.6,64,0,399,1,0,False,False,True,False,False,True,False,False,True,False,False
994.2,4,0,333,1,0,False,False,True,False,False,True,False,False,False,False,True
1012.2,24,1,171,1,0,False,False,True,False,False,False,True,False,False,False,True
234.6,14,1,2941,0,0,False,False,False,True,False,False,False,True,False,False,True
239.4,3,0,282,0,0,False,False,True,False,False,False,False,True,False,True,False
1197.6,4,0,417,1,0,False,False,True,False,False,True,False,False,False,False,True
420.0,18,0,2216,0,0,False,False,False,True,False,False,True,False,False,False,True
795.0,8,1,525,0,0,False,True,False,False,False,False,True,False,False,False,True
279.6,35,1,376,0,0,True,False,False,False,True,False,False,False,True,False,False
912.0,1,1,391,1,0,False,False,True,False,False,False,True,False,False,True,False
303.6,66,2,2888,0,1,False,False,False,True,False,True,False,False,True,False,False
534.5999999999999,8,2,4185,0,1,False,False,False,True,False,False,False,True,False,False,True
1249.1999999999998,71,1,533,1,0,False,False,True,False,False,True,False,False,True,False,False
1110.6,43,2,2429,1,1,False,False,False,True,True,False,False,False,True,False,False
1126.1999999999998,2,0,400,1,0,False,False,True,False,False,False,True,False,False,True,False
1217.4,29,0,321,1,0,True,False,False,False,True,False,False,False,True,False,False
1011.6,15,0,257,1,0,False,False,True,False,False,False,True,False,False,False,True
1134.6,65,0,317,1,0,False,True,False,False,False,True,False,False,True,False,False
1146.0,35,1,284,1,0,False,False,True,False,False,False,True,False,True,False,False
1203.6,64,3,498,1,1,True,False,False,False,False,True,False,False,True,False,False
666.0,58,0,239,0,0,False,False,True,False,False,True,False,False,True,False,False
598.2,18,0,599,0,0,True,False,False,False,False,True,False,False,False,False,True
1074.6,67,1,512,1,0,True,False,False,False,True,False,False,False,True,False,False
229.8,63,3,403,0,1,False,False,True,False,False,False,False,True,True,False,False
1197.6,60,0,400,1,0,True,False,False,False,False,False,True,False,True,False,False
1012.8,9,1,316,1,0,True,False,False,False,False,True,False,False,False,False,True
1356.6,70,0,440,1,0,False,False,True,False,False,True,False,False,True,False,False
1213.1999999999998,15,0,563,1,0,False,False,True,False,False,False,True,False,False,False,True
239.4,48,3,294,0,1,False,True,False,False,False,False,False,True,True,False,False
889.8000000000001,12,3,169,1,1,False,False,True,False,False,False,True,False,False,False,True
1104.0,71,0,505,1,0,False,False,True,False,False,False,True,False,True,False,False
886.1999999999999,44,3,448,1,1,False,False,True,False,False,False,True,False,True,False,False
605.4000000000001,1,1,231,0,0,False,False,True,False,False,False,True,False,False,True,False
293.4,45,2,289,0,1,False,False,True,False,False,False,False,True,True,False,False
297.6,23,1,271,0,0,False,False,True,False,False,True,False,False,False,False,True
778.1999999999999,43,1,291,0,0,True,False,False,False,True,False,False,False,True,False,False
249.0,35,1,2241,0,0,False,False,False,True,True,False,False,False,True,False,False
827.4000000000001,9,1,360,0,0,False,False,True,False,False,False,False,True,False,False,True
1199.4,12,0,1979,1,0,False,False,False,True,False,False,False,True,False,False,True
1312.8000000000002,65,0,1893,1,0,False,False,False,True,False,True,False,False,True,False,False
1096.8000000000002,2,0,365,1,0,True,False,False,False,False,False,True,False,False,True,False
588.0,27,1,425,0,0,False,False,True,False,False,False,False,True,True,False,False
603.0,40,0,352,0,0,False,False,True,False,False,False,False,True,True,False,False
906.6,5,1,573,1,0,True,False,False,False,False,True,False,False,False,False,True
238.8,8,3,476,0,1,True,False,False,False,False,True,False,False,False,False,True
1173.6,58,0,1227,1,0,False,False,False,True,True,False,False,False,True,False,False
1203.6,52,1,2918,1,0,False,False,False,True,False,False,True,False,True,False,False
669.5999999999999,3,0,490,0,0,False,False,True,False,False,False,False,True,False,True,False
1333.8000000000002,41,2,334,1,1,False,True,False,False,False,False,True,False,True,False,False
1182.6,20,0,175,1,0,False,False,True,False,False,False,False,True,False,False,True
600.5999999999999,1,1,401,0,0,False,False,True,False,False,False,True,False,False,True,False
969.6,4,2,398,1,1,True,False,False,False,False,True,False,False,False,False,True
250.2,23,3,231,0,1,False,False,True,False,False,False,True,False,False,False,True
234.0,6,1,182,0,0,False,True,False,False,True,False,False,False,False,False,True
232.2,8,1,386,0,0,True,False,False,False,False,False,False,True,False,False,True
834.0,18,1,365,0,0,False,False,True,False,False,False,False,True,False,False,True
585.5999999999999,52,2,337,0,1,True,False,False,False,False,True,False,False,True,False,False
1134.0,31,1,387,1,0,True,False,False,False,False,False,True,False,True,False,False
247.8,29,0,234,0,0,False,True,False,False,False,False,False,True,True,False,False
1272.6,36,3,334,1,1,False,False,True,False,False,True,False,False,True,False,False
1200.0,16,1,479,1,0,False,False,True,False,False,False,True,False,False,False,True
1299.6,42,1,347,1,0,False,False,True,False,False,False,True,False,True,False,False
246.6,1,0,149,0,0,False,False,True,False,False,False,True,False,False,True,False
1195.8000000000002,60,1,329,1,0,False,False,True,False,False,False,True,False,True,False,False
1023.6,5,0,239,1,0,True,False,False,False,False,False,True,False,False,False,True
1150.8000000000002,22,1,440,1,0,False,False,True,False,False,True,False,False,False,False,True
240.0,36,0,2755,0,0,False,False,False,True,False,False,False,True,True,False,False
844.8000000000001,4,1,151,1,0,False,False,True,False,False,False,True,False,False,False,True
779.4000000000001,9,3,513,0,1,False,True,False,False,False,False,False,True,False,False,True
895.1999999999999,1,0,233,1,0,True,False,False,False,False,True,False,False,False,True,False
590.4000000000001,12,3,633,0,1,False,False,True,False,False,False,True,False,False,False,True
885.0,23,0,392,1,0,False,False,True,False,False,False,False,True,False,False,True
1107.6,62,2,1502,1,1,False,False,False,True,True,False,False,False,True,False,False
1185.6,37,2,1586,1,1,False,False,False,True,True,False,False,False,True,False,False
230.4,8,1,2778,0,0,False,False,False,True,False,False,False,True,False,False,True
1063.8000000000002,31,1,341,1,0,False,False,True,False,False,True,False,False,True,False,False
892.8000000000001,13,2,385,1,1,False,False,True,False,False,True,False,False,False,False,True
1185.0,24,0,641,1,0,True,False,False,False,False,False,True,False,False,False,True
1151.4,45,0,295,1,0,True,False,False,False,True,False,False,False,True,False,False
1264.8000000000002,69,1,408,1,0,False,True,False,False,False,True,False,False,True,False,False
243.0,2,2,612,0,1,True,False,False,False,False,False,False,True,False,True,False
1272.0,61,2,440,1,1,False,True,False,False,False,False,True,False,True,False,False
1256.4,41,2,159,1,1,False,False,True,False,False,False,True,False,True,False,False
588.5999999999999,44,0,475,0,0,False,False,True,False,False,False,True,False,True,False,False
426.6,39,2,225,0,1,False,False,True,False,False,False,False,True,True,False,False
781.1999999999999,72,0,611,0,0,False,True,False,False,False,True,False,False,True,False,False
1162.1999999999998,13,1,276,1,0,False,False,True,False,False,False,True,False,False,False,True
837.0,51,0,845,0,0,False,False,True,False,False,True,False,False,True,False,False
1190.4,71,0,3673,1,0,False,False,False,True,False,False,True,False,True,False,False
1160.4,22,0,1862,1,0,False,False,False,True,False,False,True,False,False,False,True
660.5999999999999,2,0,403,0,0,False,True,False,False,False,True,False,False,False,True,False
1281.6,56,1,513,1,0,True,False,False,False,False,False,True,False,True,False,False
615.0,1,0,517,0,0,False,False,True,False,False,False,False,True,False,True,False
693.0,23,0,466,0,0,False,True,False,False,False,False,False,True,False,False,True
850.1999999999999,66,0,3501,1,0,False,False,False,True,True,False,False,False,True,False,False
234.6,1,0,381,0,0,False,True,False,False,False,False,False,True,False,True,False
1058.4,19,0,344,1,0,False,False,True,False,False,False,True,False,False,False,True
954.0,11,0,347,1,0,False,False,True,False,True,False,False,False,False,False,True
237.0,8,1,528,0,0,True,False,False,False,False,False,False,True,False,False,True
1177.8000000000002,52,1,454,1,0,False,True,False,False,True,False,False,False,True,False,False
243.0,3,1,443,0,0,True,False,False,False,False,False,True,False,False,True,False
949.8,51,1,519,1,0,False,True,False,False,True,False,False,False,True,False,False
907.8,15,0,859,1,0,False,False,False,True,False,False,True,False,False,False,True
1131.0,64,2,446,1,1,True,False,False,False,False,False,True,False,True,False,False
482.4,37,1,2674,0,0,False,False,False,True,False,True,False,False,True,False,False
239.4,13,1,650,0,0,False,False,True,False,False,False,False,True,False,False,True
664.2,49,0,170,0,0,False,True,False,False,False,False,True,False,True,False,False
1225.8000000000002,45,0,633,1,0,True,False,False,False,True,False,False,False,True,False,False
853.1999999999999,18,0,411,1,0,False,False,True,False,False,False,True,False,False,False,True
896.4000000000001,1,0,473,1,0,False,False,True,False,False,False,True,False,False,True,False
649.2,68,1,651,0,0,False,False,True,False,True,False,False,False,True,False,False
235.8,54,1,484,0,0,True,False,False,False,False,True,False,False,True,False,False
1061.4,23,1,460,1,0,False,False,True,False,True,False,False,False,False,False,True
919.8,17,2,436,1,1,False,True,False,False,False,False,True,False,False,False,True
964.8,71,2,327,1,1,False,False,True,False,False,True,False,False,True,False,False
231.0,67,1,395,0,0,False,False,True,False,True,False,False,False,True,False,False
1017.6,14,3,1927,1,1,False,False,False,True,False,False,True,False,False,False,True
309.6,1,0,393,0,0,False,False,True,False,False,False,False,True,False,True,False
234.0,63,0,50,0,0,False,True,False,False,False,True,False,False,True,False,False
823.1999999999999,41,0,2843,0,0,False,False,False,True,False,False,True,False,True,False,False
1111.1999999999998,17,1,381,1,0,True,False,False,False,False,False,True,False,False,False,True
1206.6,56,2,349,1,1,False,False,True,False,False,False,True,False,True,False,False
246.6,5,0,432,0,0,True,False,False,False,False,True,False,False,False,False,True
511.2000000000001,2,3,1353,0,1,False,False,False,True,False,False,True,False,False,True,False
235.2,3,0,689,0,0,True,False,False,False,False,False,False,True,False,True,False
809.4000000000001,37,3,384,0,1,False,True,False,False,False,False,True,False,True,False,False
826.1999999999999,29,0,378,0,0,False,True,False,False,True,False,False,False,True,False,False
522.5999999999999,8,0,255,0,0,True,False,False,False,False,False,False,True,False,False,True
1318.1999999999998,63,1,403,1,0,True,False,False,False,False,True,False,False,True,False,False
247.8,7,0,608,0,0,False,False,True,False,False,False,False,True,False,False,True
1144.8000000000002,3,0,555,1,0,False,False,True,False,False,False,True,False,False,True,False
252.0,72,0,528,0,0,False,False,True,False,True,False,False,False,True,False,False
674.4000000000001,19,2,481,0,1,False,False,True,False,False,False,True,False,False,False,True
220.8,59,1,346,0,0,False,False,True,False,True,False,False,False,True,False,False
1080.0,2,0,182,1,0,False,False,True,False,False,True,False,False,False,True,False
309.0,35,1,369,0,0,True,False,False,False,False,False,True,False,True,False,False
235.2,14,1,364,0,0,False,False,True,False,False,True,False,False,False,False,True
904.2,14,0,3339,1,0,False,False,False,True,False,False,True,False,False,False,True
237.6,69,0,446,0,0,False,False,True,False,False,True,False,False,True,False,False
770.4000000000001,7,0,641,0,0,False,False,True,False,False,False,True,False,False,False,True
909.0,69,0,579,1,0,False,False,True,False,True,False,False,False,True,False,False
947.4,72,1,331,1,0,False,False,True,False,False,False,True,False,True,False,False
1210.1999999999998,8,0,1063,1,0,False,False,False,True,False,False,True,False,False,False,True
603.5999999999999,4,1,607,0,0,True,False,False,False,False,False,True,False,False,False,True
963.6,63,1,603,1,0,False,False,True,False,False,True,False,False,True,False,False
238.2,72,0,195,0,0,False,True,False,False,True,False,False,False,True,False,False
253.2,46,1,626,0,0,False,True,False,False,False,False,True,False,True,False,False
839.4000000000001,5,0,457,0,0,True,False,False,False,False,False,True,False,False,False,True
600.0,30,3,2628,0,1,False,False,False,True,False,False,False,True,True,False,False
1257.0,63,1,642,1,0,False,True,False,False,True,False,False,False,True,False,False
238.2,60,2,3575,0,1,False,False,False,True,True,False,False,False,True,False,False
1290.0,63,1,497,1,0,True,False,False,False,False,False,True,False,True,False,False
1030.8000000000002,25,0,470,1,0,False,False,True,False,False,False,True,False,True,False,False
550.2,1,1,492,0,0,False,False,True,False,False,False,False,True,False,True,False
969.6,6,3,339,1,1,True,False,False,False,False,False,True,False,False,False,True
303.0,22,1,2455,0,0,False,False,False,True,False,False,False,True,False,False,True
966.6,31,2,264,1,1,False,True,False,False,True,False,False,False,True,False,False
978.0,39,2,350,1,1,False,True,False,False,True,False,False,False,True,False,False
250.8,26,0,345,0,0,False,False,True,False,False,False,False,True,True,False,False
1273.1999999999998,53,0,304,1,0,False,True,False,False,True,False,False,False,True,False,False
1100.4,1,1,2609,1,0,False,False,False,True,False,False,True,False,False,True,False
807.0,12,0,351,0,0,False,False,True,False,False,False,True,False,False,False,True
1147.1999999999998,16,2,2901,1,1,False,False,False,True,False,True,False,False,False,False,True
244.2,2,3,156,0,1,True,False,False,False,False,False,False,True,False,True,False
540.5999999999999,39,0,382,0,0,False,False,True,False,True,False,False,False,True,False,False
899.4000000000001,1,0,419,1,0,False,True,False,False,False,False,True,False,False,True,False
415.8,7,2,353,0,1,False,False,True,False,False,False,False,True,False,False,True
832.1999999999999,4,0,2362,0,0,False,False,False,True,False,False,True,False,False,False,True
1144.1999999999998,10,2,162,1,1,False,False,True,False,False,False,True,False,False,False,True
978.6,55,0,453,1,0,False,True,False,False,False,False,True,False,True,False,False
904.8,72,1,497,1,0,True,False,False,False,True,False,False,False,True,False,False
813.5999999999999,10,0,474,0,0,False,False,True,False,False,True,False,False,False,False,True
1336.8000000000002,11,1,555,1,0,True,False,False,False,False,False,True,False,False,False,True
555.5999999999999,15,1,430,0,0,True,False,False,False,False,False,True,False,False,False,True
244.8,23,1,471,0,0,False,False,True,False,True,False,False,False,False,False,True
240.6,1,0,423,0,0,False,False,True,False,False,False,False,True,False,True,False
540.0,3,1,503,0,0,True,False,False,False,False,False,True,False,False,True,False
1153.1999999999998,47,2,163,1,1,True,False,False,False,False,False,True,False,True,False,False
235.8,15,0,265,0,0,False,False,True,False,False,False,False,True,False,False,True
1194.0,66,0,638,1,0,False,False,True,False,False,False,True,False,True,False,False
727.8,68,0,50,0,0,False,False,True,False,True,False,False,False,True,False,False
1183.1999999999998,17,1,378,1,0,True,False,False,False,True,False,False,False,False,False,True
714.0,7,1,575,0,0,False,False,True,False,False,False,False,True,False,False,True
965.4,12,1,386,1,0,False,True,False,False,False,False,True,False,False,False,True
860.4000000000001,21,0,339,1,0,True,False,False,False,True,False,False,False,False,False,True
432.0,21,0,419,0,0,False,False,True,False,False,False,False,True,False,False,True
782.4000000000001,56,1,347,0,0,False,True,False,False,True,False,False,False,True,False,False
587.4000000000001,6,1,404,0,0,False,False,True,False,False,True,False,False,False,False,True
642.0,65,3,297,0,1,True,False,False,False,True,False,False,False,True,False,False
965.4,42,0,566,1,0,False,False,True,False,False,True,False,False,True,False,False
1308.6,68,1,3638,1,0,False,False,False,True,True,False,False,False,True,False,False
315.6,48,0,2393,0,0,False,False,False,True,True,False,False,False,True,False,False
1281.6,50,0,192,1,0,False,False,True,False,False,False,True,False,True,False,False
779.4000000000001,7,1,321,0,0,False,False,True,False,False,False,True,False,False,False,True
232.2,63,1,372,0,0,False,False,True,False,False,False,True,False,True,False,False
253.2,17,3,475,0,1,False,False,True,False,False,True,False,False,False,False,True
935.4,42,0,248,1,0,True,False,False,False,False,True,False,False,True,False,False
226.2,4,0,284,0,0,True,False,False,False,False,False,False,True,False,False,True
312.0,62,1,476,0,0,False,True,False,False,True,False,False,False,True,False,False
896.4000000000001,2,1,540,1,0,False,True,False,False,False,False,True,False,False,True,False
844.1999999999999,2,0,306,0,0,False,True,False,False,False,False,True,False,False,True,False
1162.8000000000002,48,0,200,1,0,True,False,False,False,True,False,False,False,True,False,False
234.6,27,0,892,0,0,False,False,True,False,True,False,False,False,True,False,False
964.8,70,2,517,1,1,False,False,True,False,True,False,False,False,True,False,False
1065.6,1,0,359,1,0,False,False,True,False,False,False,True,False,False,True,False
1135.8000000000002,46,0,530,1,0,False,True,False,False,False,False,True,False,True,False,False
1083.0,30,0,381,1,0,False,False,True,False,False,False,True,False,True,False,False
775.8000000000001,15,0,530,0,0,False,False,True,False,True,False,False,False,False,False,True
1149.0,69,0,423,1,0,False,False,True,False,False,True,False,False,True,False,False
234.6,65,1,2573,0,0,False,False,False,True,False,True,False,False,True,False,False
1249.1999999999998,72,0,382,1,0,False,False,True,False,False,True,False,False,True,False,False
1068.6,13,2,182,1,1,False,False,True,False,True,False,False,False,False,False,True
241.2,17,0,690,0,0,False,False,True,False,False,False,False,True,False,False,True
1338.6,51,1,258,1,0,False,False,True,False,False,False,True,False,True,False,False
726.0,51,2,195,0,1,False,True,False,False,False,True,False,False,True,False,False
1091.4,72,1,368,1,0,False,False,True,False,True,False,False,False,True,False,False
1048.8000000000002,67,1,255,1,0,False,False,True,False,False,False,True,False,True,False,False
236.4,34,0,392,0,0,False,True,False,False,False,False,False,True,True,False,False
611.4000000000001,67,0,503,0,0,False,False,True,False,True,False,False,False,True,False,False
240.6,49,1,549,0,0,False,False,True,False,True,False,False,False,True,False,False
232.8,53,3,522,0,1,True,False,False,False,False,False,False,True,True,False,False
713.4000000000001,27,1,354,0,0,False,False,True,False,False,False,True,False,True,False,False
1137.0,23,1,407,1,0,False,False,True,False,False,False,True,False,False,False,True
978.0,69,1,461,1,0,False,False,True,False,False,True,False,False,True,False,False
348.6,2,1,136,0,0,False,True,False,False,True,False,False,False,False,True,False
1037.4,35,0,485,1,0,False,True,False,False,False,False,True,False,True,False,False
847.1999999999999,46,1,181,1,0,False,True,False,False,False,False,False,True,True,False,False
1166.4,54,3,4132,1,1,False,False,False,True,True,False,False,False,True,False,False
1179.0,56,0,339,1,0,False,False,True,False,False,False,True,False,True,False,False
909.0,9,1,372,1,0,False,False,True,False,True,False,False,False,False,False,True
710.4000000000001,20,0,284,0,0,True,False,False,False,True,False,False,False,False,False,True
910.8,11,1,305,1,0,True,False,False,False,False,False,False,True,False,False,True
1080.6,30,0,741,1,0,False,False,True,False,False,False,True,False,True,False,False
851.4000000000001,68,1,541,1,0,False,True,False,False,True,False,False,False,True,False,False
1231.1999999999998,38,2,167,1,1,False,False,True,False,False,False,True,False,True,False,False
1024.1999999999998,17,0,625,1,0,False,False,True,False,True,False,False,False,False,False,True
1273.1999999999998,48,1,578,1,0,False,False,True,False,False,True,False,False,True,False,False
525.5999999999999,1,2,357,0,1,False,False,True,False,False,False,True,False,False,True,False
708.0,63,3,2745,0,1,False,False,False,True,False,False,True,False,True,False,False
839.4000000000001,3,0,397,0,0,False,True,False,False,False,False,True,False,False,True,False
292.20000000000005,48,0,695,0,0,False,False,True,False,True,False,False,False,True,False,False
353.4,66,0,280,0,0,False,False,True,False,False,True,False,False,True,False,False
1012.8,68,3,421,1,1,True,False,False,False,False,True,False,False,True,False,False
540.5999999999999,17,3,335,0,1,False,False,True,False,False,False,True,False,False,False,True
247.8,7,1,185,0,0,False,True,False,False,False,False,False,True,False,False,True
1045.1999999999998,72,2,728,1,1,False,False,True,False,True,False,False,False,True,False,False
238.2,29,1,222,0,0,False,True,False,False,False,False,False,True,True,False,False
1084.1999999999998,37,1,433,1,0,False,False,True,False,False,False,True,False,True,False,False
1317.6,34,0,138,1,0,False,False,True,False,False,False,False,True,True,False,False
1015.8,42,2,340,1,1,False,False,True,False,False,False,True,False,True,False,False
786.0,59,0,463,0,0,False,False,True,False,False,False,False,True,True,False,False
954.0,11,2,276,1,1,False,False,True,False,True,False,False,False,False,False,True
971.4,60,2,2969,1,1,False,False,False,True,False,False,True,False,True,False,False
673.8,27,1,359,0,0,False,False,True,False,False,False,False,True,True,False,False
1029.6,1,0,574,1,0,False,False,True,False,False,False,False,True,False,True,False
949.2,1,0,604,1,0,False,True,False,False,False,False,True,False,False,True,False
412.8,17,0,311,0,0,False,True,False,False,False,False,False,True,False,False,True
249.0,58,0,411,0,0,True,False,False,False,False,False,False,True,True,False,False
225.6,1,0,427,0,0,False,True,False,False,False,False,False,True,False,True,False
531.5999999999999,3,3,492,0,1,False,True,False,False,False,False,False,True,False,True,False
1089.6,53,1,402,1,0,False,True,False,False,False,False,True,False,True,False,False
307.20000000000005,35,0,428,0,0,True,False,False,False,False,False,True,False,True,False,False
1271.4,50,0,363,1,0,True,False,False,False,False,True,False,False,True,False,False
849.5999999999999,68,0,417,1,0,False,False,True,False,False,True,False,False,True,False,False
304.79999999999995,47,1,594,0,0,False,False,True,False,False,False,True,False,True,False,False
1305.6,65,1,496,1,0,False,False,True,False,True,False,False,False,True,False,False
837.0,5,3,505,0,1,False,True,False,False,False,False,True,False,False,False,True
1135.8000000000002,51,1,3078,1,0,False,False,False,True,False,False,True,False,True,False,False
1152.6,46,3,376,1,1,False,True,False,False,True,False,False,False,True,False,False
922.2,9,2,447,1,1,False,False,True,False,False,False,True,False,False,False,True
243.0,8,0,1631,0,0,False,False,False,True,False,False,False,True,False,False,True
297.6,14,3,590,0,1,True,False,False,False,False,True,False,False,False,False,True
1387.8000000000002,45,0,50,1,0,False,False,True,False,False,False,True,False,True,False,False
895.1999999999999,8,2,2430,1,1,False,False,False,True,False,True,False,False,False,False,True
601.8,1,0,571,0,0,False,False,True,False,False,False,False,True,False,True,False
1237.8000000000002,66,2,195,1,1,True,False,False,False,True,False,False,False,True,False,False
865.1999999999999,72,2,459,1,1,True,False,False,False,False,True,False,False,True,False,False
1363.1999999999998,41,2,297,1,1,False,True,False,False,True,False,False,False,True,False,False
301.20000000000005,23,2,2204,0,1,False,False,False,True,False,False,False,True,False,False,True
946.8,29,0,541,1,0,True,False,False,False,False,False,True,False,True,False,False
961.8,4,0,429,1,0,False,True,False,False,False,False,True,False,False,False,True
304.79999999999995,6,0,94,0,0,False,False,True,False,False,False,False,True,False,False,True
1264.8000000000002,67,0,1718,1,0,False,False,False,True,False,True,False,False,True,False,False
549.0,7,1,546,0,0,False,False,True,False,False,False,False,True,False,False,True
293.4,56,0,467,0,0,False,False,True,False,False,False,False,True,True,False,False
300.0,72,3,662,0,1,True,False,False,False,False,True,False,False,True,False,False
1023.0,72,1,3846,1,0,False,False,False,True,False,False,True,False,True,False,False
235.2,23,2,348,0,1,False,False,True,False,False,True,False,False,False,False,True
601.8,35,0,775,0,0,False,False,True,False,False,False,False,True,True,False,False
846.5999999999999,27,2,403,1,1,False,False,True,False,False,False,True,False,True,False,False
720.5999999999999,26,3,255,0,1,False,False,True,False,False,False,True,False,True,False,False
316.79999999999995,12,1,304,0,0,False,False,True,False,False,False,False,True,False,False,True
241.8,40,1,694,0,0,False,False,False,True,False,False,False,True,True,False,False
706.2,7,2,641,0,1,False,False,True,False,False,False,False,True,False,False,True
1170.6,70,0,639,1,0,False,True,False,False,False,True,False,False,True,False,False
235.8,60,1,247,0,0,False,False,True,False,False,True,False,False,True,False,False
303.0,39,0,365,0,0,True,False,False,False,False,True,False,False,True,False,False
1373.4,72,0,414,1,0,False,False,True,False,False,True,False,False,True,False,False
416.4,1,0,255,0,0,False,False,True,False,False,False,True,False,False,True,False
848.4000000000001,54,0,136,1,0,False,False,True,False,False,False,True,False,True,False,False
1023.6,3,0,368,1,0,False,True,False,False,False,False,True,False,False,True,False
906.6,63,0,351,1,0,False,True,False,False,False,True,False,False,True,False,False
1017.6,71,3,341,1,1,False,False,True,False,False,False,True,False,True,False,False
247.8,42,1,433,0,0,False,False,True,False,False,False,False,True,True,False,False
245.4,47,3,614,0,1,False,False,True,False,True,False,False,False,True,False,False
1229.4,66,0,354,1,0,False,True,False,False,False,True,False,False,True,False,False
1252.8000000000002,21,0,425,1,0,False,True,False,False,True,False,False,False,False,False,True
427.8,11,1,509,0,0,False,False,True,False,False,False,True,False,False,False,True
1197.0,1,0,483,1,0,False,False,True,False,False,False,True,False,False,True,False
1085.4,55,0,307,1,0,False,False,True,False,False,False,True,False,True,False,False
1171.8000000000002,69,1,414,1,0,False,False,True,False,False,True,False,False,True,False,False
886.1999999999999,3,0,482,1,0,False,True,False,False,False,False,True,False,False,True,False
892.8000000000001,4,1,230,1,0,False,False,True,False,False,False,True,False,False,False,True
829.1999999999999,30,1,589,0,0,False,False,True,False,False,True,False,False,True,False,False
993.0,5,0,614,1,0,False,False,True,False,False,False,True,False,False,False,True
292.79999999999995,71,0,291,0,0,True,False,False,False,False,True,False,False,True,False,False
663.0,29,2,429,0,1,True,False,False,False,False,False,True,False,True,False,False
736.2,52,1,496,0,0,False,False,True,False,True,False,False,False,True,False,False
921.0,68,0,318,1,0,False,False,True,False,False,True,False,False,True,False,False
232.8,46,3,472,0,1,False,False,True,False,False,False,False,True,True,False,False
657.0,8,0,424,0,0,False,True,False,False,False,True,False,False,False,False,True
236.4,72,1,179,0,0,False,False,True,False,False,True,False,False,True,False,False
238.8,17,3,2867,0,1,False,False,False,True,True,False,False,False,False,False,True
1295.4,3,0,234,1,0,False,True,False,False,False,False,True,False,False,True,False
1005.6,2,0,540,1,0,True,False,False,False,True,False,False,False,False,True,False
891.0,9,0,299,1,0,False,False,True,False,False,True,False,False,False,False,True
676.8,51,0,375,0,0,True,False,False,False,False,True,False,False,True,False,False
241.2,6,0,3597,0,0,False,False,False,True,False,False,False,True,False,False,True
1138.8000000000002,3,1,474,1,0,False,False,True,False,False,False,True,False,False,True,False
1130.4,17,0,238,1,0,False,False,True,False,False,False,True,False,False,False,True
598.8,30,1,247,0,0,False,False,True,False,False,False,True,False,True,False,False
852.5999999999999,31,3,310,1,1,False,False,True,False,False,False,True,False,True,False,False
979.8,45,2,459,1,1,False,False,True,False,True,False,False,False,True,False,False
1073.4,64,1,453,1,0,False,True,False,False,True,False,False,False,True,False,False
718.2,1,0,273,0,0,False,False,True,False,False,False,True,False,False,True,False
835.1999999999999,1,1,224,0,0,True,False,False,False,False,False,True,False,False,True,False
1188.0,61,1,442,1,0,False,False,True,False,False,False,True,False,True,False,False
228.6,1,0,372,0,0,True,False,False,False,False,False,False,True,False,True,False
544.8,9,0,723,0,0,False,False,True,False,False,False,True,False,False,False,True
1373.4,72,2,2529,1,1,False,False,False,True,True,False,False,False,True,False,False
234.0,1,0,672,0,0,False,False,True,False,False,False,False,True,False,True,False
531.0,7,0,224,0,0,False,False,True,False,False,False,False,True,False,False,True
1086.6,66,0,164,1,0,True,False,False,False,True,False,False,False,True,False,False
838.8000000000001,1,0,231,0,0,False,False,True,False,False,False,True,False,False,True,False
244.8,40,2,3451,0,1,False,False,False,True,True,False,False,False,True,False,False
856.8000000000001,16,1,663,1,0,False,True,False,False,True,False,False,False,False,False,True
1045.8000000000002,2,2,282,1,1,False,True,False,False,True,False,False,False,False,True,False
298.20000000000005,67,0,330,0,0,False,True,False,False,False,True,False,False,True,False,False
1253.4,41,0,1564,1,0,False,False,False,True,True,False,False,False,True,False,False
237.6,56,1,128,0,0,False,False,True,False,False,True,False,False,True,False,False
1397.4,72,0,3074,1,0,False,False,False,True,True,False,False,False,True,False,False
1017.0,3,0,433,1,0,True,False,False,False,True,False,False,False,False,True,False
240.6,54,2,401,0,1,False,False,True,False,False,True,False,False,True,False,False
1329.0,52,0,189,1,0,False,False,True,False,False,False,True,False,True,False,False
1076.4,50,1,3811,1,0,False,False,False,True,True,False,False,False,True,False,False
1079.4,14,0,324,1,0,False,False,True,False,False,False,True,False,False,False,True
584.4000000000001,27,0,480,0,0,False,False,True,False,False,True,False,False,True,False,False
1159.1999999999998,72,0,181,1,0,False,False,True,False,True,False,False,False,True,False,False
891.5999999999999,62,3,371,1,1,False,True,False,False,False,True,False,False,True,False,False
651.5999999999999,12,2,443,0,1,False,False,True,False,False,False,True,False,False,False,True
898.1999999999999,44,3,449,1,1,False,True,False,False,True,False,False,False,True,False,False
959.4,54,1,2623,1,0,False,False,False,True,True,False,False,False,True,False,False
240.6,68,0,474,0,0,False,False,True,False,True,False,False,False,True,False,False
232.8,20,1,230,0,0,False,True,False,False,False,False,False,True,False,False,True
658.8,50,1,429,0,0,True,False,False,False,True,False,False,False,True,False,False
293.4,58,2,2591,0,1,False,False,False,True,False,True,False,False,True,False,False
1075.8000000000002,35,0,434,1,0,True,False,False,False,True,False,False,False,True,False,False
544.8,2,1,410,0,0,False,False,True,False,False,False,True,False,False,True,False
908.4,63,0,1481,1,0,False,False,False,True,False,False,False,True,True,False,False
1327.8000000000002,58,0,202,1,0,False,False,True,False,False,True,False,False,True,False,False
246.6,27,1,67,0,0,False,False,True,False,False,False,False,True,True,False,False
1381.8000000000002,71,1,522,1,0,False,False,True,False,False,True,False,False,True,False,False
702.5999999999999,63,0,524,0,0,False,False,True,False,False,True,False,False,True,False,False
1119.0,71,0,526,1,0,True,False,False,False,True,False,False,False,True,False,False
1358.4,41,1,446,1,0,False,False,True,False,False,False,True,False,True,False,False
1086.0,13,2,793,1,1,False,False,False,True,False,False,True,False,False,False,True
948.0,2,2,1678,1,1,False,False,False,True,False,False,True,False,False,True,False
232.2,68,3,425,0,1,False,True,False,False,True,False,False,False,True,False,False
585.0,1,2,420,0,1,False,False,True,False,False,False,False,True,False,True,False
1308.6,65,0,366,1,0,False,True,False,False,False,False,True,False,True,False,False
300.0,72,1,455,0,0,False,False,True,False,True,False,False,False,True,False,False
658.8,28,0,401,0,0,False,False,True,False,False,True,False,False,True,False,False
297.0,72,0,418,0,0,True,False,False,False,False,True,False,False,True,False,False
1093.8000000000002,2,2,304,1,1,False,False,True,False,False,False,True,False,False,True,False
241.8,18,0,547,0,0,False,False,True,False,True,False,False,False,False,False,True
1252.1999999999998,60,3,335,1,1,True,False,False,False,False,False,True,False,True,False,False
792.5999999999999,26,1,200,0,0,False,False,True,False,False,False,True,False,True,False,False
859.8000000000001,1,1,1883,1,0,False,False,False,True,False,False,True,False,False,True,False
244.2,4,1,347,0,0,False,False,True,False,False,False,False,True,False,False,True
1106.4,68,2,549,1,1,False,False,True,False,False,True,False,False,True,False,False
1011.0,38,1,393,1,0,False,False,True,False,False,True,False,False,True,False,False
1262.4,42,1,372,1,0,False,False,True,False,True,False,False,False,True,False,False
235.2,57,0,212,0,0,False,False,True,False,True,False,False,False,True,False,False
364.8,54,1,3128,0,0,False,False,False,True,False,False,True,False,True,False,False
937.2,12,0,302,1,0,False,True,False,False,True,False,False,False,False,False,True
738.0,44,1,384,0,0,True,False,False,False,False,False,False,True,True,False,False
832.8000000000001,42,1,622,0,0,False,False,True,False,True,False,False,False,True,False,False
297.0,72,1,476,0,0,False,True,False,False,True,False,False,False,True,False,False
1092.6,71,0,155,1,0,False,True,False,False,False,False,False,True,True,False,False
1075.8000000000002,19,0,134,1,0,True,False,False,False,False,False,False,True,False,False,True
883.8000000000001,23,1,390,1,0,False,False,True,False,False,True,False,False,False,False,True
232.8,30,0,218,0,0,False,True,False,False,False,True,False,False,True,False,False
314.4,35,0,497,0,0,True,False,False,False,True,False,False,False,True,False,False
1184.4,10,0,406,1,0,False,False,True,False,False,False,True,False,False,False,True
526.2,1,3,424,0,1,True,False,False,False,True,False,False,False,False,True,False
836.4000000000001,22,1,293,0,0,False,False,True,False,False,False,False,True,False,False,True
462.6,7,0,3893,0,0,False,False,False,True,False,False,False,True,False,False,True
637.2,36,0,826,0,0,True,False,False,False,False,False,False,True,True,False,False
247.8,34,0,2277,0,0,False,False,False,True,False,False,False,True,True,False,False
773.4000000000001,72,2,452,0,1,False,False,True,False,False,True,False,False,True,False,False
301.20000000000005,36,1,414,0,0,False,False,True,False,False,True,False,False,True,False,False
916.2,1,0,361,1,0,True,False,False,False,False,False,True,False,False,True,False
949.8,23,0,275,1,0,False,True,False,False,False,False,True,False,False,False,True
1020.0,32,0,237,1,0,False,False,True,False,False,False,True,False,True,False,False
1141.8000000000002,71,1,1591,1,0,False,False,False,True,False,True,False,False,True,False,False
952.2,23,2,460,1,1,False,True,False,False,False,False,False,True,False,False,True
1159.8000000000002,17,0,322,1,0,False,False,True,False,True,False,False,False,False,False,True
906.0,1,0,50,1,0,False,False,True,False,False,False,True,False,False,True,False
236.4,12,0,466,0,0,False,False,True,False,False,False,False,True,False,False,True
246.0,72,3,394,0,1,False,True,False,False,False,True,False,False,True,False,False
230.4,1,0,602,0,0,False,True,False,False,False,False,False,True,False,True,False
1180.1999999999998,72,2,455,1,1,False,True,False,False,True,False,False,False,True,False,False
892.1999999999999,60,1,178,1,0,True,False,False,False,True,False,False,False,True,False,False
616.2,61,0,65,0,0,True,False,False,False,False,True,False,False,True,False,False
547.8,6,0,292,0,0,False,True,False,False,False,False,False,True,False,False,True
1023.6,32,0,306,1,0,False,False,True,False,False,False,True,False,True,False,False
1038.6,31,1,3254,1,0,False,False,False,True,False,True,False,False,True,False,False
886.1999999999999,19,2,398,1,1,False,False,True,False,False,True,False,False,False,False,True
243.6,72,1,570,0,0,False,True,False,False,True,False,False,False,True,False,False
650.4000000000001,32,1,201,0,0,False,True,False,False,False,False,True,False,True,False,False
1087.8000000000002,65,0,544,1,0,False,False,True,False,False,False,True,False,True,False,False
610.8,45,3,508,0,1,True,False,False,False,True,False,False,False,True,False,False
300.6,42,2,97,0,1,False,False,True,False,False,False,True,False,True,False,False
898.1999999999999,8,0,3558,1,0,False,False,False,True,False,False,True,False,False,False,True
246.0,32,3,414,0,1,False,False,True,False,False,False,False,True,True,False,False
762.5999999999999,22,1,458,0,0,True,False,False,False,False,False,False,True,False,False,True
538.2,57,1,270,0,0,False,False,True,False,False,False,True,False,True,False,False
575.4000000000001,1,1,591,0,0,False,False,True,False,False,False,True,False,False,True,False
541.2,1,2,222,0,1,False,False,True,False,False,False,True,False,False,True,False
540.0,1,1,524,0,0,False,False,True,False,False,False,True,False,False,True,False
1152.0,24,0,523,1,0,False,False,True,False,False,False,True,False,False,False,True
240.6,1,0,253,0,0,False,True,False,False,True,False,False,False,False,True,False
1080.6,54,3,697,1,1,False,False,True,False,False,False,True,False,True,False,False
303.6,4,0,434,0,0,False,False,True,False,False,True,False,False,False,False,True
1303.8000000000002,65,0,498,1,0,False,False,True,False,True,False,False,False,True,False,False
291.6,56,0,170,0,0,True,False,False,False,False,False,True,False,True,False,False
911.4,45,0,4194,1,0,False,False,False,True,False,False,True,False,True,False,False
236.4,71,1,1520,0,0,False,False,False,True,False,True,False,False,True,False,False
796.8000000000001,59,3,3319,0,1,False,False,False,True,False,True,False,False,True,False,False
429.0,69,0,250,0,0,False,False,True,False,True,False,False,False,True,False,False
225.6,19,0,307,0,0,False,False,True,False,False,False,False,True,False,False,True
232.8,55,0,518,0,0,False,False,True,False,False,True,False,False,True,False,False
231.6,38,2,554,0,1,True,False,False,False,False,False,False,True,True,False,False
546.5999999999999,10,1,209,0,0,True,False,False,False,False,False,True,False,False,False,True
809.4000000000001,47,0,563,0,0,False,True,False,False,False,True,False,False,True,False,False
421.2000000000001,2,2,556,0,1,False,False,True,False,False,False,True,False,False,True,False
554.4000000000001,1,2,259,0,1,False,False,True,False,False,True,False,False,False,True,False
541.8,1,2,639,0,1,False,False,True,False,False,False,True,False,False,True,False
519.5999999999999,1,3,181,0,1,False,True,False,False,False,False,True,False,False,True,False
241.2,46,0,306,0,0,False,False,True,False,False,False,False,True,True,False,False
685.8,38,2,471,0,1,True,False,False,False,False,True,False,False,True,False,False
706.8,65,1,271,0,0,False,False,True,False,False,True,False,False,True,False,False
878.4000000000001,19,2,439,1,1,True,False,False,False,False,False,True,False,False,False,True
1024.1999999999998,52,1,2692,1,0,False,False,False,True,False,False,True,False,True,False,False
233.4,71,2,2350,0,1,False,False,False,True,False,False,False,True,True,False,False
551.4000000000001,1,1,524,0,0,False,True,False,False,False,False,False,True,False,True,False
606.0,52,0,365,0,0,False,True,False,False,False,False,True,False,True,False,False
301.20000000000005,6,1,434,0,0,False,True,False,False,False,False,False,True,False,False,True
728.4000000000001,26,3,571,0,1,False,True,False,False,False,False,False,True,True,False,False
1188.0,48,3,518,1,1,False,True,False,False,False,False,True,False,True,False,False
1252.8000000000002,64,0,517,1,0,True,False,False,False,True,False,False,False,True,False,False
1005.0,3,0,1580,1,0,False,False,False,True,False,False,True,False,False,True,False
528.5999999999999,1,0,2919,0,0,False,False,False,True,True,False,False,False,False,True,False
289.20000000000005,72,1,268,0,0,True,False,False,False,False,True,False,False,True,False,False
546.5999999999999,1,2,207,0,1,False,False,True,False,False,False,False,True,False,True,False
1125.6,51,0,389,1,0,False,False,True,False,False,False,True,False,True,False,False
236.4,41,1,264,0,0,False,True,False,False,True,False,False,False,True,False,False
847.8000000000001,72,2,518,1,1,False,True,False,False,False,True,False,False,True,False,False
1037.4,43,1,522,1,0,True,False,False,False,False,True,False,False,True,False,False
1369.1999999999998,72,1,114,1,0,False,False,True,False,False,True,False,False,True,False,False
1142.4,47,1,275,1,0,False,True,False,False,False,True,False,False,True,False,False
1062.6,72,1,181,1,0,False,True,False,False,False,True,False,False,True,False,False
249.0,3,0,330,0,0,False,False,True,False,False,True,False,False,False,True,False
840.5999999999999,1,1,468,0,0,False,True,False,False,False,False,True,False,False,True,False
1032.0,2,1,363,1,0,True,False,False,False,False,False,True,False,False,True,False
535.8,26,2,311,0,1,False,False,True,False,True,False,False,False,True,False,False
722.4000000000001,29,1,595,0,0,False,True,False,False,False,False,False,True,True,False,False
1206.0,35,2,54,1,1,False,True,False,False,True,False,False,False,True,False,False
665.4000000000001,27,0,585,0,0,False,False,True,False,True,False,False,False,True,False,False
843.5999999999999,24,1,318,0,0,False,False,True,False,False,True,False,False,False,False,True
724.8,67,0,388,0,0,True,False,False,False,True,False,False,False,True,False,False
871.8000000000001,16,0,320,1,0,False,False,True,False,False,False,True,False,False,False,True
669.5999999999999,23,1,631,0,0,False,False,True,False,True,False,False,False,False,False,True
373.2000000000001,14,3,215,0,1,False,False,True,False,False,False,False,True,False,False,True
252.0,1,0,2509,0,0,False,False,False,True,False,False,True,False,False,True,False
541.2,1,0,479,0,0,False,True,False,False,False,False,False,True,False,True,False
611.4000000000001,4,2,158,0,1,False,True,False,False,False,True,False,False,False,False,True
829.1999999999999,16,0,262,0,0,False,False,True,False,False,False,True,False,False,False,True
527.4000000000001,46,1,377,0,0,True,False,False,False,False,False,True,False,True,False,False
1038.0,68,1,267,1,0,False,False,True,False,True,False,False,False,True,False,False
839.4000000000001,38,1,277,0,0,False,False,True,False,False,False,True,False,True,False,False
604.8,30,0,347,0,0,False,True,False,False,True,False,False,False,True,False,False
947.4,5,0,497,1,0,False,False,True,False,False,False,True,False,False,False,True
1091.4,17,2,348,1,1,True,False,False,False,False,True,False,False,False,False,True
238.8,4,1,561,0,0,True,False,False,False,False,False,False,True,False,False,True
241.8,12,0,250,0,0,False,False,True,False,False,False,True,False,False,False,True
1087.1999999999998,72,2,212,1,1,True,False,False,False,False,True,False,False,True,False,False
1104.0,3,0,4041,1,0,False,False,False,True,False,False,True,False,False,True,False
1133.4,56,1,301,1,0,True,False,False,False,False,False,True,False,True,False,False
298.20000000000005,41,0,203,0,0,False,False,True,False,False,False,False,True,True,False,False
432.0,40,3,138,0,1,False,True,False,False,False,True,False,False,True,False,False
942.0,7,0,561,1,0,False,False,True,False,False,False,True,False,False,False,True
239.4,69,0,348,0,0,True,False,False,False,False,True,False,False,True,False,False
247.8,7,0,361,0,0,False,False,True,False,False,False,False,True,False,False,True
366.0,5,0,376,0,0,False,True,False,False,False,False,True,False,False,False,True
1273.1999999999998,72,2,551,1,1,False,False,True,False,False,True,False,False,True,False,False
246.0,44,3,373,0,1,False,False,True,False,True,False,False,False,True,False,False
1146.0,65,0,751,1,0,False,True,False,False,False,False,True,False,True,False,False
775.1999999999999,3,0,420,0,0,True,False,False,False,False,False,True,False,False,True,False
613.2,24,1,559,0,0,False,True,False,False,False,True,False,False,False,False,True
1017.6,44,2,520,1,1,True,False,False,False,True,False,False,False,True,False,False
1069.1999999999998,72,1,394,1,0,False,False,True,False,False,True,False,False,True,False,False
659.4000000000001,24,0,311,0,0,False,True,False,False,False,False,True,False,False,False,True
610.8,1,0,449,0,0,False,True,False,False,False,False,False,True,False,True,False
245.4,22,1,476,0,0,False,False,True,False,True,False,False,False,False,False,True
1031.4,70,0,314,1,0,False,True,False,False,False,True,False,False,True,False,False
724.2,25,1,2633,0,0,False,False,False,True,False,False,True,False,True,False,False
237.6,37,0,585,0,0,False,True,False,False,True,False,False,False,True,False,False
1024.1999999999998,22,2,4155,1,1,False,False,False,True,True,False,False,False,False,False,True
865.1999999999999,59,0,528,1,0,False,True,False,False,True,False,False,False,True,False,False
1197.6,49,1,679,1,0,False,False,True,False,False,False,True,False,True,False,False
1288.1999999999998,47,1,305,1,0,False,False,True,False,True,False,False,False,True,False,False
234.6,31,1,505,0,0,False,True,False,False,False,False,False,True,True,False,False
972.6,1,0,600,1,0,False,False,True,False,False,False,True,False,False,True,False
246.0,3,1,265,0,0,False,False,True,False,False,False,True,False,False,True,False
1341.6,53,1,327,1,0,False,False,True,False,True,False,False,False,True,False,False
242.4,1,1,660,0,0,False,True,False,False,False,False,False,True,False,True,False
236.4,20,1,253,0,0,False,False,True,False,False,False,False,True,False,False,True
949.2,3,1,1427,1,0,False,False,False,True,False,False,True,False,False,True,False
238.2,51,2,629,0,1,False,True,False,False,True,False,False,False,True,False,False
726.0,51,0,579,0,0,False,False,True,False,True,False,False,False,True,False,False
234.6,13,2,2845,0,1,False,False,False,True,False,False,False,True,False,False,True
250.8,1,1,393,0,0,False,True,False,False,False,False,False,True,False,True,False
252.6,1,0,334,0,0,False,True,False,False,False,False,False,True,False,True,False
858.0,63,0,442,1,0,False,True,False,False,False,False,True,False,True,False,False
655.8,3,0,636,0,0,False,False,True,False,False,False,False,True,False,True,False
230.4,46,2,2690,0,1,False,False,False,True,False,True,False,False,True,False,False
597.5999999999999,1,1,725,0,0,False,False,True,False,False,True,False,False,False,True,False
306.0,8,2,265,0,1,True,False,False,False,False,False,False,True,False,False,True
246.0,71,1,397,0,0,True,False,False,False,True,False,False,False,True,False,False
1084.8000000000002,55,0,344,1,0,False,True,False,False,False,True,False,False,True,False,False
1083.0,70,0,237,1,0,False,False,True,False,True,False,False,False,True,False,False
969.0,2,0,377,1,0,False,False,True,False,False,False,True,False,False,True,False
1255.1999999999998,67,0,462,1,0,False,False,True,False,True,False,False,False,True,False,False
1102.1999999999998,65,0,478,1,0,False,True,False,False,True,False,False,False,True,False,False
602.4000000000001,14,0,725,0,0,False,False,True,False,False,True,False,False,False,False,True
1146.0,20,1,469,1,0,False,True,False,False,True,False,False,False,False,False,True
904.2,1,1,572,1,0,False,False,True,False,False,False,True,False,False,True,False
905.4,1,3,409,1,1,True,False,False,False,False,False,True,False,False,True,False
1144.8000000000002,49,3,651,1,1,False,False,True,False,True,False,False,False,True,False,False
1215.6,72,1,759,1,0,True,False,False,False,True,False,False,False,True,False,False
637.2,46,0,479,0,0,True,False,False,False,False,False,True,False,True,False,False
1018.2,24,1,251,1,0,False,True,False,False,True,False,False,False,False,False,True
411.0,5,2,2060,0,1,False,False,False,True,False,False,True,False,False,False,True
1063.1999999999998,33,0,442,1,0,False,False,True,False,False,True,False,False,True,False,False
721.8,42,0,468,0,0,False,True,False,False,True,False,False,False,True,False,False
1199.4,23,2,504,1,1,False,False,True,False,False,True,False,False,False,False,True
848.4000000000001,8,0,469,1,0,False,False,True,False,True,False,False,False,False,False,True
657.5999999999999,66,1,401,0,0,False,True,False,False,False,False,False,True,True,False,False
594.5999999999999,24,1,304,0,0,False,True,False,False,True,False,False,False,False,False,True
657.5999999999999,24,0,460,0,0,False,True,False,False,False,True,False,False,False,False,True
943.2,69,0,678,1,0,False,False,True,False,False,True,False,False,True,False,False
1203.6,53,0,552,1,0,False,False,True,False,False,False,False,True,True,False,False
643.2,60,0,480,0,0,False,False,True,False,False,False,True,False,True,False,False
973.2,7,0,554,1,0,False,False,True,False,False,False,True,False,False,False,True
232.2,20,2,344,0,1,False,False,True,False,False,True,False,False,False,False,True
1027.1999999999998,23,0,323,1,0,False,False,True,False,False,False,True,False,False,False,True
969.6,72,1,287,1,0,False,False,True,False,False,False,True,False,True,False,False
899.4000000000001,11,0,381,1,0,True,False,False,False,False,False,True,False,False,False,True
235.2,21,3,336,0,1,False,False,True,False,False,False,False,True,False,False,True
1122.6,1,0,3466,1,0,False,False,False,True,False,False,True,False,False,True,False
1088.4,31,0,328,1,0,False,False,True,False,False,False,True,False,True,False,False
837.0,57,2,279,0,1,True,False,False,False,False,False,False,True,True,False,False
240.0,45,2,691,0,1,False,True,False,False,True,False,False,False,True,False,False
1143.0,10,0,332,1,0,False,False,True,False,False,False,True,False,False,False,True
1225.1999999999998,58,2,423,1,1,False,True,False,False,False,True,False,False,True,False,False
239.4,14,1,467,0,0,False,False,True,False,False,False,False,True,False,False,True
970.2,27,1,229,1,0,False,True,False,False,False,False,False,True,True,False,False
1090.8000000000002,14,0,585,1,0,False,False,True,False,True,False,False,False,False,False,True
350.4,12,0,495,0,0,True,False,False,False,False,False,False,True,False,False,True
1119.6,69,1,633,1,0,False,False,True,False,True,False,False,False,True,False,False
1069.8000000000002,25,1,298,1,0,False,False,True,False,True,False,False,False,True,False,False
1306.1999999999998,58,0,2579,1,0,False,False,False,True,False,False,True,False,True,False,False
556.2,35,1,405,0,0,False,False,True,False,False,True,False,False,True,False,False
1017.0,16,2,439,1,1,True,False,False,False,False,False,True,False,False,False,True
945.0,45,0,181,1,0,False,True,False,False,False,True,False,False,True,False,False
1002.6,17,1,2588,1,0,False,False,False,True,False,False,True,False,False,False,True
548.4000000000001,1,0,186,0,0,False,False,True,False,False,False,True,False,False,True,False
235.2,22,2,453,0,1,True,False,False,False,False,False,False,True,False,False,True
839.4000000000001,1,1,797,0,0,False,False,False,True,False,False,True,False,False,True,False
814.1999999999999,67,3,122,0,1,False,False,True,False,False,False,False,True,True,False,False
1267.8000000000002,67,0,522,1,0,False,False,True,False,True,False,False,False,True,False,False
535.2,2,0,317,0,0,False,False,True,False,False,False,True,False,False,True,False
899.4000000000001,23,0,251,1,0,True,False,False,False,False,False,True,False,False,False,True
906.0,9,0,590,1,0,False,False,True,False,False,True,False,False,False,False,True
241.8,5,0,449,0,0,False,True,False,False,False,False,False,True,False,False,True
542.4000000000001,54,3,530,0,1,False,False,True,False,False,True,False,False,True,False,False
1143.0,57,0,375,1,0,False,False,True,False,False,False,True,False,True,False,False
1078.1999999999998,24,0,801,1,0,False,True,False,False,False,False,False,True,False,False,True
1205.4,49,2,309,1,1,True,False,False,False,False,False,False,True,True,False,False
565.8,5,0,661,0,0,False,True,False,False,False,False,True,False,False,False,True
962.4,2,2,390,1,1,True,False,False,False,False,False,True,False,False,True,False
1045.1999999999998,4,0,151,1,0,False,True,False,False,False,False,False,True,False,False,True
951.0,70,1,472,1,0,False,False,True,False,True,False,False,False,True,False,False
910.8,5,0,447,1,0,False,False,True,False,True,False,False,False,False,False,True
1028.4,53,0,242,1,0,False,True,False,False,False,False,True,False,True,False,False
1185.0,47,3,261,1,1,True,False,False,False,False,False,True,False,True,False,False
241.2,31,0,396,0,0,True,False,False,False,False,True,False,False,True,False,False
741.5999999999999,13,1,452,0,0,False,False,True,False,True,False,False,False,False,False,True
598.8,28,0,50,0,0,False,False,True,False,False,False,False,True,True,False,False
1037.4,10,0,557,1,0,False,False,True,False,False,False,True,False,False,False,True
244.8,38,2,325,0,1,True,False,False,False,True,False,False,False,True,False,False
543.5999999999999,1,0,200,0,0,True,False,False,False,False,False,False,True,False,True,False
1249.1999999999998,67,1,3252,1,0,False,False,False,True,False,False,True,False,True,False,False
904.8,52,3,396,1,1,False,False,True,False,False,False,False,True,True,False,False
1297.8000000000002,62,1,582,1,0,False,True,False,False,False,False,False,True,True,False,False
1035.0,16,3,465,1,1,False,True,False,False,False,False,True,False,False,False,True
972.0,5,0,399,1,0,False,False,True,False,False,False,True,False,False,False,True
1148.4,12,0,377,1,0,False,True,False,False,False,False,True,False,False,False,True
1402.1999999999998,72,0,472,1,0,False,False,True,False,True,False,False,False,True,False,False
1269.0,71,1,337,1,0,False,False,True,False,True,False,False,False,True,False,False
241.8,24,3,272,0,1,True,False,False,False,False,False,False,True,False,False,True
235.2,15,0,2987,0,0,False,False,False,True,False,False,False,True,False,False,True
1087.1999999999998,67,1,378,1,0,False,False,True,False,False,True,False,False,True,False,False
731.4000000000001,2,0,405,0,0,False,True,False,False,True,False,False,False,False,True,False
300.6,5,1,563,0,0,False,False,True,False,False,False,False,True,False,False,True
1057.8000000000002,15,1,2408,1,0,False,False,False,True,False,False,True,False,False,False,True
242.4,1,3,2512,0,1,False,False,False,True,False,False,False,True,False,True,False
723.5999999999999,41,1,2020,0,0,False,False,False,True,True,False,False,False,True,False,False
767.4000000000001,43,0,2844,0,0,False,False,False,True,False,False,True,False,True,False,False
891.5999999999999,1,0,452,1,0,False,False,True,False,False,False,True,False,False,True,False
847.1999999999999,1,0,535,1,0,False,False,True,False,False,False,False,True,False,True,False
1089.6,26,0,313,1,0,False,True,False,False,False,False,True,False,True,False,False
952.2,22,0,331,1,0,False,False,True,False,False,False,True,False,False,False,True
1086.6,71,2,3133,1,1,False,False,False,True,True,False,False,False,True,False,False
233.4,7,1,437,0,0,False,False,True,False,False,False,False,True,False,False,True
773.4000000000001,28,1,264,0,0,False,False,True,False,True,False,False,False,True,False,False
835.8000000000001,16,0,595,0,0,False,False,True,False,False,False,True,False,False,False,True
234.0,7,2,145,0,1,True,False,False,False,False,False,False,True,False,False,True
1326.0,69,1,517,1,0,False,False,True,False,True,False,False,False,True,False,False
296.4,1,0,210,0,0,False,True,False,False,False,False,False,True,False,True,False
928.8,3,1,682,1,0,False,False,True,False,False,False,True,False,False,True,False
1161.6,21,1,168,1,0,False,False,True,False,True,False,False,False,False,False,True
1024.8000000000002,69,0,572,1,0,False,True,False,False,True,False,False,False,True,False,False
571.2,71,1,2434,0,0,False,False,False,True,True,False,False,False,True,False,False
232.8,69,1,345,0,0,False,True,False,False,False,False,False,True,True,False,False
1246.1999999999998,48,0,427,1,0,True,False,False,False,False,False,True,False,True,False,False
1000.2,47,3,494,1,1,False,False,True,False,True,False,False,False,True,False,False
592.8,2,2,264,0,1,False,False,True,False,False,False,True,False,False,True,False
1301.4,45,1,277,1,0,True,False,False,False,False,True,False,False,True,False,False
972.0,51,1,497,1,0,False,False,True,False,True,False,False,False,True,False,False
950.4,22,0,143,1,0,False,True,False,False,False,False,True,False,False,False,True
1039.8000000000002,72,1,2032,1,0,False,False,False,True,True,False,False,False,True,False,False
1115.4,37,1,856,1,0,False,False,True,False,False,False,True,False,True,False,False
1084.1999999999998,71,0,1725,1,0,False,False,False,True,False,False,True,False,True,False,False
584.4000000000001,7,1,572,0,0,False,False,True,False,False,False,True,False,False,False,True
301.79999999999995,66,2,312,0,1,False,False,True,False,False,True,False,False,True,False,False
916.8,51,1,476,1,0,False,False,True,False,True,False,False,False,True,False,False
234.6,30,0,498,0,0,True,False,False,False,True,False,False,False,True,False,False
1024.1999999999998,34,2,569,1,1,False,False,True,False,False,False,True,False,True,False,False
297.6,64,0,2339,0,0,False,False,False,True,False,False,False,True,True,False,False
1237.8000000000002,65,0,698,1,0,True,False,False,False,True,False,False,False,True,False,False
1209.0,47,0,311,1,0,False,True,False,False,False,False,False,True,True,False,False
1147.1999999999998,1,0,435,1,0,False,True,False,False,False,False,True,False,False,True,False
717.0,49,2,436,0,1,False,True,False,False,False,True,False,False,True,False,False
1129.1999999999998,67,1,231,1,0,False,False,True,False,False,True,False,False,True,False,False
232.2,39,0,357,0,0,False,True,False,False,True,False,False,False,True,False,False
238.8,14,2,424,0,1,False,True,False,False,False,False,False,True,False,False,True
1297.8000000000002,43,2,335,1,1,True,False,False,False,False,True,False,False,True,False,False
1212.6,56,2,766,1,1,True,False,False,False,False,False,True,False,True,False,False
709.2,14,0,274,0,0,True,False,False,False,False,True,False,False,False,False,True
856.1999999999999,1,1,576,1,0,True,False,False,False,False,False,True,False,False,True,False
670.2,16,3,528,0,1,False,True,False,False,False,False,False,True,False,False,True
1272.6,70,2,2488,1,1,False,False,False,True,False,False,True,False,True,False,False
1009.2,72,0,270,1,0,True,False,False,False,False,True,False,False,True,False,False
903.6,23,0,284,1,0,False,False,True,False,False,True,False,False,False,False,True
296.4,21,1,322,0,0,True,False,False,False,False,False,False,True,False,False,True
241.8,1,3,132,0,1,False,False,True,False,False,False,False,True,False,True,False
837.0,1,1,249,0,0,False,True,False,False,True,False,False,False,False,True,False
1118.4,32,1,1314,1,0,False,False,False,True,False,False,True,False,True,False,False
970.2,17,0,601,1,0,True,False,False,False,False,False,True,False,False,False,True
403.8,4,1,492,0,0,False,False,True,False,False,False,True,False,False,False,True
669.5999999999999,36,2,3128,0,1,False,False,False,True,False,False,True,False,True,False,False
476.4,50,0,488,0,0,False,True,False,False,False,True,False,False,True,False,False
354.0,48,2,425,0,1,False,False,True,False,False,True,False,False,True,False,False
241.8,50,3,3668,0,1,False,False,False,True,False,True,False,False,True,False,False
954.6,72,0,308,1,0,False,True,False,False,False,True,False,False,True,False,False
297.6,10,1,2585,0,0,False,False,False,True,False,True,False,False,False,False,True
235.8,18,0,512,0,0,False,False,True,False,False,False,False,True,False,False,True
959.4,1,2,201,1,1,False,True,False,False,False,False,True,False,False,True,False
231.6,1,1,864,0,0,False,True,False,False,False,False,True,False,False,True,False
1128.6,9,1,404,1,0,False,False,True,False,False,False,True,False,False,False,True
1089.0,2,2,421,1,1,False,False,True,False,False,False,False,True,False,True,False
946.2,40,0,588,1,0,True,False,False,False,False,True,False,False,True,False,False
1194.0,69,3,537,1,1,False,True,False,False,True,False,False,False,True,False,False
1190.4,37,1,2530,1,0,False,False,False,True,False,False,True,False,True,False,False
966.6,18,0,419,1,0,False,False,True,False,False,True,False,False,False,False,True
842.4000000000001,11,1,174,0,0,False,False,True,False,False,False,True,False,False,False,True
1022.4,8,2,316,1,1,False,False,True,False,False,True,False,False,False,False,True
903.0,3,0,477,1,0,False,False,True,False,False,False,True,False,False,True,False
713.4000000000001,55,2,466,0,1,False,True,False,False,False,True,False,False,True,False,False
1120.1999999999998,33,3,583,1,1,False,True,False,False,False,False,True,False,True,False,False
539.4000000000001,46,0,381,0,0,False,True,False,False,True,False,False,False,True,False,False
313.20000000000005,34,3,191,0,1,False,False,True,False,True,False,False,False,True,False,False
242.4,3,0,558,0,0,False,True,False,False,False,False,True,False,False,True,False
255.0,30,0,615,0,0,False,False,True,False,False,False,False,True,True,False,False
712.8,33,0,534,0,0,False,False,True,False,False,False,True,False,True,False,False
1140.0,45,2,375,1,1,True,False,False,False,False,True,False,False,True,False,False
742.8,40,1,556,0,0,False,True,False,False,False,False,False,True,True,False,False
1423.8000000000002,71,0,5243,1,0,False,False,False,True,False,False,True,False,True,False,False
652.2,1,0,417,0,0,False,False,True,False,False,False,True,False,False,True,False
773.4000000000001,72,1,203,0,0,True,False,False,False,True,False,False,False,True,False,False
961.8,22,0,312,1,0,False,True,False,False,False,False,True,False,False,False,True
242.4,46,2,3000,0,1,False,False,False,True,True,False,False,False,True,False,False
252.0,55,2,159,0,1,False,False,True,False,False,False,False,True,True,False,False
245.4,1,1,425,0,0,True,False,False,False,False,False,False,True,False,True,False
910.2,12,3,457,1,1,True,False,False,False,False,False,False,True,False,False,True
965.4,31,0,630,1,0,True,False,False,False,False,False,True,False,True,False,False
299.4,5,3,596,0,1,False,False,True,False,False,False,True,False,False,False,True
906.0,67,1,529,1,0,False,False,True,False,False,False,True,False,True,False,False
533.4000000000001,1,1,75,0,0,False,False,True,False,False,False,False,True,False,True,False
508.2000000000001,40,0,538,0,0,False,False,True,False,False,False,True,False,True,False,False
894.5999999999999,41,2,505,1,1,True,False,False,False,False,True,False,False,True,False,False
903.6,1,0,438,1,0,False,False,True,False,False,False,True,False,False,True,False
1137.6,51,0,140,1,0,False,False,True,False,False,False,True,False,True,False,False
577.8,42,0,283,0,0,False,False,True,False,False,True,False,False,True,False,False
235.8,23,1,224,0,0,False,False,True,False,False,False,False,True,False,False,True
846.5999999999999,1,1,97,1,0,False,False,True,False,False,False,True,False,False,True,False
241.8,1,1,2497,0,0,False,False,False,True,False,False,False,True,False,True,False
1279.1999999999998,56,2,280,1,1,False,True,False,False,False,True,False,False,True,False,False
1092.0,15,0,793,1,0,False,False,True,False,False,False,True,False,False,False,True
304.79999999999995,12,1,374,0,0,False,False,True,False,True,False,False,False,False,False,True
839.4000000000001,54,0,594,0,0,False,False,True,False,True,False,False,False,True,False,False
802.1999999999999,7,2,164,0,1,False,False,True,False,False,False,True,False,False,False,True
1033.8000000000002,33,2,2075,1,1,False,False,False,True,False,True,False,False,True,False,False
241.8,16,1,2577,0,0,False,False,False,True,False,False,True,False,False,False,True
778.1999999999999,21,1,1773,0,0,False,False,False,True,False,False,False,True,False,False,True
898.1999999999999,30,0,2162,1,0,False,False,False,True,False,False,True,False,True,False,False
606.0,3,1,367,0,0,False,False,True,False,False,False,False,True,False,True,False
874.8000000000001,11,2,364,1,1,True,False,False,False,False,False,True,False,False,False,True
1380.6,62,1,678,1,0,True,False,False,False,False,True,False,False,True,False,False
228.0,18,0,456,0,0,True,False,False,False,False,False,True,False,False,False,True
234.6,6,1,471,0,0,False,False,True,False,False,False,False,True,False,False,True
1213.1999999999998,46,2,480,1,1,True,False,False,False,False,False,True,False,True,False,False
1009.2,21,0,491,1,0,True,False,False,False,False,False,True,False,False,False,True
289.79999999999995,68,0,387,0,0,True,False,False,False,True,False,False,False,True,False,False
601.2,1,1,351,0,0,False,False,True,False,False,False,True,False,False,True,False
895.1999999999999,25,2,2633,1,1,False,False,False,True,False,False,True,False,True,False,False
237.0,24,0,573,0,0,True,False,False,False,False,False,False,True,False,False,True
1020.0,30,0,3400,1,0,False,False,False,True,False,False,True,False,True,False,False
966.6,2,0,363,1,0,False,True,False,False,False,False,True,False,False,True,False
1281.6,51,0,515,1,0,True,False,False,False,True,False,False,False,True,False,False
1014.0,57,1,370,1,0,False,False,True,False,False,False,True,False,True,False,False
300.6,15,1,405,0,0,False,True,False,False,True,False,False,False,False,False,True
1004.4,72,1,328,1,0,False,True,False,False,True,False,False,False,True,False,False
909.6,2,1,372,1,0,True,False,False,False,False,False,True,False,False,True,False
1159.1999999999998,28,0,601,1,0,False,False,True,False,False,True,False,False,True,False,False
1182.0,29,2,413,1,1,False,True,False,False,False,False,True,False,True,False,False
1213.1999999999998,70,1,2608,1,0,False,False,False,True,False,True,False,False,True,False,False
242.4,13,3,1342,0,1,False,False,False,True,False,False,False,True,False,False,True
1128.6,59,1,353,1,0,False,True,False,False,False,False,True,False,True,False,False
1143.0,13,0,363,1,0,True,False,False,False,False,False,True,False,False,False,True
892.8000000000001,7,1,275,1,0,True,False,False,False,False,False,False,True,False,False,True
972.0,62,0,403,1,0,False,False,True,False,False,False,False,True,True,False,False
723.0,21,1,335,0,0,False,False,True,False,False,False,True,False,False,False,True
730.2,2,0,411,0,0,False,False,True,False,False,False,True,False,False,True,False
527.4000000000001,1,0,418,0,0,False,False,True,False,False,True,False,False,False,True,False
1032.6,4,2,256,1,1,False,True,False,False,False,False,True,False,False,False,True
243.0,19,0,340,0,0,True,False,False,False,False,True,False,False,False,False,True
1021.8,30,2,411,1,1,True,False,False,False,False,False,True,False,True,False,False
232.8,67,0,577,0,0,False,False,True,False,False,True,False,False,True,False,False
1231.8000000000002,72,1,438,1,0,False,False,True,False,False,True,False,False,True,False,False
238.8,53,1,300,0,0,False,True,False,False,False,True,False,False,True,False,False
234.6,5,1,459,0,0,False,True,False,False,False,False,True,False,False,False,True
1146.0,71,0,656,1,0,False,False,True,False,False,True,False,False,True,False,False
1009.8,50,0,537,1,0,True,False,False,False,False,True,False,False,True,False,False
1238.4,56,0,482,1,0,True,False,False,False,False,False,True,False,True,False,False
602.4000000000001,2,0,508,0,0,False,False,True,False,False,True,False,False,False,True,False
1062.6,2,1,615,1,0,True,False,False,False,False,False,True,False,False,True,False
657.0,24,3,561,0,1,False,False,True,False,False,False,True,False,False,False,True
239.4,46,2,2953,0,1,False,False,False,True,False,True,False,False,True,False,False
1395.0,71,2,560,1,1,False,True,False,False,False,False,True,False,True,False,False
374.4,29,2,237,0,1,False,False,True,False,False,False,True,False,True,False,False
293.4,69,1,174,0,0,True,False,False,False,True,False,False,False,True,False,False
1010.4,71,0,423,1,0,False,True,False,False,False,True,False,False,True,False,False
1095.6,1,3,2554,1,1,False,False,False,True,False,False,True,False,False,True,False
1027.8000000000002,56,1,318,1,0,False,False,True,False,True,False,False,False,True,False,False
254.4,56,1,523,0,0,False,False,True,False,False,False,False,True,True,False,False
954.0,1,0,120,1,0,False,False,True,False,False,False,True,False,False,True,False
306.6,28,0,319,0,0,False,True,False,False,False,False,False,True,True,False,False
242.4,19,1,2112,0,0,False,False,False,True,False,False,False,True,False,False,True
766.2,66,2,154,0,1,False,False,True,False,False,False,True,False,True,False,False
743.4000000000001,17,1,3695,0,0,False,False,False,True,False,False,False,True,False,False,True
309.0,52,0,1412,0,0,False,False,False,True,False,False,False,True,True,False,False
698.4000000000001,19,3,2029,0,1,False,False,False,True,False,False,True,False,False,False,True
1030.1999999999998,36,0,536,1,0,False,True,False,False,True,False,False,False,True,False,False
841.1999999999999,7,0,496,0,0,True,False,False,False,False,False,False,True,False,False,True
1258.8000000000002,72,0,233,1,0,False,True,False,False,False,True,False,False,True,False,False
1335.6,67,1,502,1,0,False,True,False,False,False,False,True,False,True,False,False
1198.1999999999998,34,3,443,1,1,False,False,True,False,False,False,True,False,True,False,False
1143.0,57,0,749,1,0,False,False,True,False,True,False,False,False,True,False,False
1035.0,7,2,460,1,1,False,False,True,False,False,False,True,False,False,False,True
1209.6,1,0,378,1,0,False,True,False,False,False,False,True,False,False,True,False
234.6,8,3,271,0,1,False,False,True,False,True,False,False,False,False,False,True
1248.0,69,2,288,1,1,False,False,True,False,False,False,True,False,True,False,False
1252.8000000000002,50,2,1839,1,1,False,False,False,True,False,False,False,True,True,False,False
234.0,10,0,605,0,0,False,False,True,False,False,False,False,True,False,False,True
303.0,12,3,402,0,1,False,False,True,False,False,True,False,False,False,False,True
1035.6,14,1,484,1,0,False,False,True,False,False,False,True,False,False,False,True
598.2,70,0,3711,0,0,False,False,False,True,True,False,False,False,True,False,False
1307.4,64,2,50,1,1,False,False,True,False,True,False,False,False,True,False,False
1078.8000000000002,66,0,591,1,0,False,True,False,False,False,True,False,False,True,False,False
984.0,71,2,408,1,1,False,True,False,False,False,True,False,False,True,False,False
1079.4,20,0,2848,1,0,False,False,False,True,False,False,True,False,False,False,True
952.2,72,1,275,1,0,False,True,False,False,True,False,False,False,True,False,False
768.5999999999999,71,1,286,0,0,True,False,False,False,False,True,False,False,True,False,False
1213.8000000000002,38,0,473,1,0,False,False,True,False,False,True,False,False,True,False,False
1079.4,28,0,757,1,0,False,False,True,False,False,False,True,False,True,False,False
917.4,17,0,550,1,0,False,False,True,False,False,False,True,False,False,False,True
469.2000000000001,33,1,589,0,0,False,False,True,False,False,False,True,False,True,False,False
415.2000000000001,23,0,371,0,0,False,False,True,False,False,False,False,True,False,False,True
234.6,58,1,309,0,0,False,False,True,False,False,False,True,False,True,False,False
1253.4,70,0,282,1,0,False,True,False,False,True,False,False,False,True,False,False
846.0,4,0,2109,1,0,False,False,False,True,False,False,True,False,False,False,True
244.2,45,1,92,0,0,False,False,True,False,False,False,False,True,True,False,False
840.0,10,0,1920,0,0,False,False,False,True,False,False,True,False,False,False,True
233.4,36,3,315,0,1,False,False,True,False,False,True,False,False,True,False,False
838.8000000000001,54,2,373,0,1,False,False,True,False,False,False,False,True,True,False,False
716.4000000000001,23,1,419,0,0,False,True,False,False,False,False,False,True,False,False,True
940.2,41,1,454,1,0,False,False,True,False,False,True,False,False,True,False,False
857.4000000000001,5,2,397,1,1,False,False,True,False,False,False,False,True,False,False,True
550.2,27,0,312,0,0,False,False,True,False,False,True,False,False,True,False,False
1150.1999999999998,1,0,105,1,0,True,False,False,False,False,False,True,False,False,True,False
428.4,67,0,2039,0,0,False,False,False,True,False,True,False,False,True,False,False
1074.6,72,2,254,1,1,False,False,True,False,False,True,False,False,True,False,False
299.4,56,0,469,0,0,True,False,False,False,False,True,False,False,True,False,False
298.20000000000005,44,1,3227,0,0,False,False,False,True,False,False,True,False,True,False,False
1209.6,66,3,540,1,1,False,True,False,False,False,False,True,False,True,False,False
772.8000000000001,34,2,513,0,1,True,False,False,False,False,False,False,True,True,False,False
1264.1999999999998,69,1,379,1,0,False,False,True,False,True,False,False,False,True,False,False
1229.4,1,0,321,1,0,False,False,True,False,False,False,True,False,False,True,False
235.8,40,2,287,0,1,False,True,False,False,False,True,False,False,True,False,False
653.4000000000001,30,1,173,0,0,False,True,False,False,True,False,False,False,True,False,False
846.0,11,0,548,1,0,False,True,False,False,False,False,False,True,False,False,True
241.2,15,0,373,0,0,False,True,False,False,False,True,False,False,False,False,True
832.1999999999999,11,3,213,0,1,True,False,False,False,False,False,True,False,False,False,True
237.6,64,1,276,0,0,True,False,False,False,True,False,False,False,True,False,False
892.8000000000001,72,2,269,1,1,True,False,False,False,True,False,False,False,True,False,False
1116.6,72,2,406,1,1,True,False,False,False,True,False,False,False,True,False,False
614.4000000000001,1,1,560,0,0,True,False,False,False,False,False,False,True,False,True,False
787.1999999999999,15,1,347,0,0,False,False,True,False,False,True,False,False,False,False,True
966.6,60,0,62,1,0,False,False,True,False,False,True,False,False,True,False,False
632.4000000000001,56,0,371,0,0,False,True,False,False,False,False,False,True,True,False,False
250.2,8,0,376,0,0,True,False,False,False,False,False,False,True,False,False,True
961.2,3,2,366,1,1,False,True,False,False,False,True,False,False,False,True,False
625.8,49,1,1998,0,0,False,False,False,True,False,True,False,False,True,False,False
962.4,2,2,432,1,1,False,False,True,False,False,False,True,False,False,True,False
1177.8000000000002,6,0,409,1,0,False,False,True,False,True,False,False,False,False,False,True
1379.4,70,1,2480,1,0,False,False,False,True,True,False,False,False,True,False,False
1355.4,12,1,461,1,0,False,False,True,False,False,False,False,True,False,False,True
1253.4,52,1,335,1,0,False,False,True,False,True,False,False,False,True,False,False
1363.8000000000002,72,1,327,1,0,False,False,True,False,False,True,False,False,True,False,False
247.2,40,0,607,0,0,False,False,True,False,True,False,False,False,True,False,False
850.8000000000001,1,1,2947,1,0,False,False,False,True,False,False,False,True,False,True,False
1042.1999999999998,3,0,524,1,0,False,False,True,False,False,False,True,False,False,True,False
1098.6,40,0,583,1,0,False,True,False,False,False,False,True,False,True,False,False
598.2,1,1,478,0,0,False,False,True,False,False,False,True,False,False,True,False
237.6,30,1,539,0,0,True,False,False,False,False,True,False,False,True,False,False
1198.1999999999998,23,3,163,1,1,False,False,True,False,False,False,True,False,False,False,True
894.0,1,1,430,1,0,False,True,False,False,False,False,True,False,False,True,False
1249.8000000000002,44,1,2353,1,0,False,False,False,True,False,False,True,False,True,False,False
1309.8000000000002,65,1,651,1,0,False,False,True,False,False,False,True,False,True,False,False
578.4000000000001,7,1,539,0,0,True,False,False,False,False,False,True,False,False,False,True
301.20000000000005,72,0,305,0,0,False,True,False,False,False,True,False,False,True,False,False
1201.8000000000002,8,0,455,1,0,False,False,True,False,False,True,False,False,False,False,True
782.4000000000001,16,0,425,0,0,False,False,True,False,False,True,False,False,False,False,True
1194.0,66,1,468,1,0,True,False,False,False,False,True,False,False,True,False,False
858.5999999999999,1,0,1684,1,0,False,False,False,True,False,False,False,True,False,True,False
670.8,3,0,454,0,0,False,False,True,False,False,False,False,True,False,True,False
1126.8000000000002,53,0,365,1,0,False,False,True,False,False,False,True,False,True,False,False
772.8000000000001,8,3,442,0,1,True,False,False,False,False,True,False,False,False,False,True
1300.8000000000002,69,0,1920,1,0,False,False,False,True,True,False,False,False,True,False,False
1023.6,5,1,2031,1,0,False,False,False,True,False,False,False,True,False,False,True
1289.4,72,0,576,1,0,False,False,True,False,False,False,False,True,True,False,False
585.0,13,1,1658,0,0,False,False,False,True,True,False,False,False,False,False,True
1027.8000000000002,4,0,253,1,0,False,False,True,False,False,False,True,False,False,False,True
1095.6,54,0,392,1,0,False,False,True,False,False,True,False,False,True,False,False
1031.4,72,1,284,1,0,False,True,False,False,True,False,False,False,True,False,False
1280.4,12,0,267,1,0,True,False,False,False,False,False,True,False,False,False,True
301.79999999999995,1,0,415,0,0,False,False,True,False,False,False,True,False,False,True,False
542.4000000000001,1,0,174,0,0,False,True,False,False,False,False,True,False,False,True,False
1324.1999999999998,54,0,1693,1,0,False,False,False,True,False,False,True,False,True,False,False
950.4,69,0,708,1,0,False,True,False,False,False,True,False,False,True,False,False
666.0,48,0,468,0,0,True,False,False,False,False,True,False,False,True,False,False
1239.0,48,2,1902,1,1,False,False,False,True,False,True,False,False,True,False,False
1083.0,8,1,462,1,0,False,False,True,False,False,False,True,False,False,False,True
1095.0,71,1,485,1,0,True,False,False,False,False,False,False,True,True,False,False
573.5999999999999,2,0,3295,0,0,False,False,False,True,False,False,True,False,False,True,False
1210.8000000000002,67,3,380,1,1,True,False,False,False,False,True,False,False,True,False,False
1172.4,34,0,3281,1,0,False,False,False,True,True,False,False,False,True,False,False
838.1999999999999,3,0,94,0,0,True,False,False,False,False,False,True,False,False,True,False
787.1999999999999,9,1,241,0,0,False,False,True,False,False,False,False,True,False,False,True
1255.8000000000002,71,0,424,1,0,False,False,True,False,True,False,False,False,True,False,False
1085.4,57,0,449,1,0,True,False,False,False,False,True,False,False,True,False,False
764.4000000000001,72,1,263,0,0,False,False,True,False,True,False,False,False,True,False,False
1254.0,48,2,438,1,1,False,False,True,False,False,False,True,False,True,False,False
241.2,18,1,2000,0,0,False,False,False,True,False,False,False,True,False,False,True
1251.6,43,1,358,1,0,True,False,False,False,False,True,False,False,True,False,False
1119.0,72,3,553,1,1,False,False,True,False,True,False,False,False,True,False,False
881.4000000000001,35,0,536,1,0,True,False,False,False,True,False,False,False,True,False,False
248.4,4,0,1702,0,0,False,False,False,True,False,False,False,True,False,False,True
303.0,49,0,241,0,0,False,True,False,False,False,False,False,True,True,False,False
1206.0,71,0,338,1,0,True,False,False,False,True,False,False,False,True,False,False
1087.1999999999998,11,0,395,1,0,False,False,True,False,False,False,True,False,False,False,True
1072.8000000000002,63,3,301,1,1,False,False,True,False,False,True,False,False,True,False,False
1145.4,65,1,556,1,0,False,False,True,False,True,False,False,False,True,False,False
245.4,49,1,452,0,0,False,True,False,False,False,True,False,False,True,False,False
1183.1999999999998,29,0,460,1,0,False,True,False,False,False,True,False,False,True,False,False
996.6,15,2,210,1,1,True,False,False,False,False,False,True,False,False,False,True
239.4,4,3,3433,0,1,False,False,False,True,False,False,True,False,False,False,True
1309.8000000000002,72,2,50,1,1,False,True,False,False,False,True,False,False,True,False,False
1028.4,26,0,3167,1,0,False,False,False,True,False,True,False,False,True,False,False
1224.6,35,1,540,1,0,False,False,True,False,True,False,False,False,True,False,False
1136.4,57,0,335,1,0,False,False,True,False,False,False,True,False,True,False,False
772.8000000000001,28,0,590,0,0,True,False,False,False,False,False,True,False,True,False,False
321.6,25,0,390,0,0,False,False,True,False,False,False,False,True,True,False,False
792.5999999999999,47,1,409,0,0,False,False,True,False,False,True,False,False,True,False,False
782.4000000000001,57,1,2771,0,0,False,False,False,True,True,False,False,False,True,False,False
1020.6,16,0,877,1,0,False,False,True,False,False,True,False,False,False,False,True
669.5999999999999,5,0,601,0,0,True,False,False,False,False,False,False,True,False,False,True
844.8000000000001,17,1,505,1,0,False,False,True,False,True,False,False,False,False,False,True
1257.0,56,0,263,1,0,False,False,True,False,True,False,False,False,True,False,False
239.4,72,0,421,0,0,False,False,True,False,True,False,False,False,True,False,False
1131.0,21,0,278,1,0,False,True,False,False,False,False,True,False,False,False,True
540.0,48,2,523,0,1,False,False,True,False,False,True,False,False,True,False,False
1378.8000000000002,68,0,421,1,0,False,True,False,False,True,False,False,False,True,False,False
1276.8000000000002,30,0,231,1,0,True,False,False,False,True,False,False,False,True,False,False
553.2,3,0,412,0,0,True,False,False,False,False,False,False,True,False,True,False
476.4,14,3,272,0,1,False,False,True,False,False,False,False,True,False,False,True
240.6,4,1,422,0,0,False,True,False,False,True,False,False,False,False,False,True
1149.0,71,1,271,1,0,False,True,False,False,False,True,False,False,True,False,False
292.79999999999995,8,0,404,0,0,True,False,False,False,False,False,False,True,False,False,True
403.2000000000001,61,1,512,0,0,True,False,False,False,True,False,False,False,True,False,False
1085.4,72,0,392,1,0,False,False,True,False,True,False,False,False,True,False,False
1008.0,5,1,2187,1,0,False,False,False,True,False,False,True,False,False,False,True
808.8000000000001,49,3,430,0,1,False,False,True,False,True,False,False,False,True,False,False
236.4,8,1,504,0,0,False,False,True,False,True,False,False,False,False,False,True
964.2,3,2,233,1,1,False,False,True,False,False,False,True,False,False,True,False
235.2,9,1,439,0,0,False,True,False,False,False,False,False,True,False,False,True
650.4000000000001,67,0,597,0,0,False,True,False,False,True,False,False,False,True,False,False
542.4000000000001,46,3,486,0,1,False,False,True,False,False,True,False,False,True,False,False
901.2,67,0,2546,1,0,False,False,False,True,False,False,False,True,True,False,False
236.4,55,1,495,0,0,False,False,True,False,False,False,True,False,True,False,False
873.0,33,0,467,1,0,False,True,False,False,True,False,False,False,True,False,False
240.6,62,0,513,0,0,False,False,True,False,False,True,False,False,True,False,False
551.4000000000001,1,0,96,0,0,False,False,True,False,False,False,False,True,False,True,False
470.4,49,0,166,0,0,False,False,True,False,False,False,True,False,True,False,False
537.0,1,1,550,0,0,False,False,True,False,False,False,True,False,False,True,False
991.8,14,1,174,1,0,False,True,False,False,False,False,True,False,False,False,True
1126.8000000000002,18,0,460,1,0,False,False,True,False,True,False,False,False,False,False,True
841.8000000000001,1,0,347,0,0,False,True,False,False,False,False,True,False,False,True,False
1026.6,1,1,250,1,0,False,False,True,False,False,True,False,False,False,True,False
1405.8000000000002,72,0,2779,1,0,False,False,False,True,False,True,False,False,True,False,False
1191.0,64,1,2660,1,0,False,False,False,True,False,True,False,False,True,False,False
1350.6,69,1,716,1,0,False,False,True,False,True,False,False,False,True,False,False
308.4,1,2,306,0,1,False,True,False,False,False,False,True,False,False,True,False
1083.6,71,1,616,1,0,False,False,True,False,False,True,False,False,True,False,False
592.8,66,0,452,0,0,False,True,False,False,False,True,False,False,True,False,False
232.8,2,1,300,0,0,False,False,True,False,False,False,False,True,False,True,False
1316.4,71,0,519,1,0,False,True,False,False,True,False,False,False,True,False,False
735.0,11,0,484,0,0,False,True,False,False,False,False,True,False,False,False,True
663.5999999999999,47,2,405,0,1,True,False,False,False,False,False,True,False,True,False,False
843.5999999999999,35,0,439,0,0,False,True,False,False,False,False,True,False,True,False,False
1276.1999999999998,32,2,310,1,1,False,True,False,False,True,False,False,False,True,False,False
1245.0,60,2,276,1,1,False,False,True,False,True,False,False,False,True,False,False
234.0,11,2,513,0,1,True,False,False,False,False,False,False,True,False,False,True
474.0,29,3,2320,0,1,False,False,False,True,False,True,False,False,True,False,False
312.6,21,0,387,0,0,False,False,True,False,False,False,True,False,False,False,True
1092.6,48,0,441,1,0,True,False,False,False,False,True,False,False,True,False,False
355.79999999999995,3,1,439,0,0,False,False,True,False,False,False,False,True,False,True,False
602.4000000000001,43,0,185,0,0,True,False,False,False,False,False,False,True,True,False,False
1263.6,5,1,592,1,0,True,False,False,False,False,False,True,False,False,False,True
665.4000000000001,1,1,418,0,0,False,False,True,False,False,False,True,False,False,True,False
1025.4,71,1,2337,1,0,False,False,False,True,False,False,True,False,True,False,False
237.6,8,0,464,0,0,False,False,True,False,False,False,True,False,False,False,True
711.0,8,0,435,0,0,False,False,True,False,False,False,True,False,False,False,True
1088.4,20,0,515,1,0,False,False,True,False,False,True,False,False,False,False,True
1244.4,33,0,2930,1,0,False,False,False,True,False,False,False,True,True,False,False
948.6,71,2,507,1,1,False,False,True,False,False,True,False,False,True,False,False
1088.4,31,0,602,1,0,False,False,True,False,False,False,True,False,True,False,False
1140.0,38,0,3206,1,0,False,False,False,True,False,True,False,False,True,False,False
1060.1999999999998,1,0,375,1,0,False,False,True,False,False,False,True,False,False,True,False
363.0,2,1,231,0,0,False,False,True,False,False,False,False,True,False,True,False
598.2,12,1,650,0,0,False,False,True,False,True,False,False,False,False,False,True
1116.0,9,0,364,1,0,False,False,True,False,True,False,False,False,False,False,True
654.5999999999999,11,0,329,0,0,False,True,False,False,False,False,True,False,False,False,True
236.4,6,0,139,0,0,False,False,True,False,False,False,False,True,False,False,True
1017.6,71,0,450,1,0,True,False,False,False,True,False,False,False,True,False,False
1133.4,42,1,2619,1,0,False,False,False,True,False,True,False,False,True,False,False
1130.4,8,1,172,1,0,False,False,True,False,False,False,True,False,False,False,True
1155.0,5,0,467,1,0,False,False,True,False,False,False,True,False,False,False,True
848.4000000000001,2,0,325,1,0,False,False,True,False,False,False,True,False,False,True,False
250.2,45,3,803,0,1,False,True,False,False,False,False,False,True,True,False,False
720.0,28,1,314,0,0,False,False,True,False,False,True,False,False,True,False,False
965.4,43,1,334,1,0,False,False,True,False,False,False,True,False,True,False,False
1019.4,60,0,268,1,0,True,False,False,False,False,False,True,False,True,False,False
402.6,42,1,591,0,0,False,False,True,False,False,False,False,True,True,False,False
595.8,7,0,344,0,0,False,False,True,False,False,True,False,False,False,False,True
242.4,25,1,291,0,0,True,False,False,False,True,False,False,False,True,False,False
1134.6,40,3,3065,1,1,False,False,False,True,False,True,False,False,True,False,False
1206.0,27,0,192,1,0,False,False,True,False,True,False,False,False,True,False,False
429.0,10,0,3000,0,0,False,False,False,True,False,False,True,False,False,False,True
1037.4,27,0,667,1,0,False,False,True,False,True,False,False,False,True,False,False
645.5999999999999,11,0,2953,0,0,False,False,False,True,True,False,False,False,False,False,True
462.6,4,0,495,0,0,False,True,False,False,False,True,False,False,False,False,True
478.8,68,0,530,0,0,True,False,False,False,True,False,False,False,True,False,False
840.5999999999999,1,2,656,0,1,True,False,False,False,False,False,True,False,False,True,False
241.2,18,1,581,0,0,True,False,False,False,False,False,False,True,False,False,True
1355.4,57,0,465,1,0,True,False,False,False,True,False,False,False,True,False,False
243.6,26,3,535,0,1,False,True,False,False,False,False,True,False,True,False,False
427.8,17,0,267,0,0,False,False,True,False,False,True,False,False,False,False,True
430.8,1,3,516,0,1,False,True,False,False,False,False,True,False,False,True,False
1191.0,38,0,1695,1,0,False,False,False,True,True,False,False,False,True,False,False
995.4,59,2,344,1,1,True,False,False,False,False,True,False,False,True,False,False
667.8,30,1,50,0,0,False,False,True,False,False,False,False,True,True,False,False
293.4,2,2,460,0,1,True,False,False,False,False,False,False,True,False,True,False
302.4,50,3,303,0,1,True,False,False,False,False,False,True,False,True,False,False
609.5999999999999,9,0,566,0,0,True,False,False,False,False,False,False,True,False,False,True
235.8,3,3,458,0,1,True,False,False,False,False,False,False,True,False,True,False
717.5999999999999,14,0,568,0,0,False,False,True,False,False,True,False,False,False,False,True
882.5999999999999,31,0,237,1,0,False,False,True,False,False,True,False,False,True,False,False
736.8,7,0,555,0,0,False,False,True,False,False,False,True,False,False,False,True
1240.1999999999998,8,1,715,1,0,False,False,True,False,True,False,False,False,False,False,True
238.8,17,0,514,0,0,False,True,False,False,True,False,False,False,False,False,True
233.4,32,1,518,0,0,True,False,False,False,False,True,False,False,True,False,False
978.0,2,1,425,1,0,True,False,False,False,False,False,False,True,False,True,False
1017.6,7,2,321,1,1,False,True,False,False,False,False,True,False,False,False,True
1314.6,72,2,514,1,1,False,False,True,False,False,True,False,False,True,False,False
1199.4,31,0,174,1,0,False,False,True,False,False,False,True,False,True,False,False
892.8000000000001,27,0,337,1,0,False,False,True,False,False,False,False,True,True,False,False
1080.0,18,0,134,1,0,False,False,True,False,False,True,False,False,False,False,True
898.8000000000001,7,0,294,1,0,False,True,False,False,False,False,True,False,False,False,True
1258.1999999999998,14,0,496,1,0,False,False,True,False,False,False,True,False,False,False,True
715.8,11,0,475,0,0,False,False,True,False,True,False,False,False,False,False,True
1325.4,72,0,407,1,0,False,False,True,False,True,False,False,False,True,False,False
1273.1999999999998,28,3,425,1,1,False,True,False,False,False,False,True,False,True,False,False
890.4000000000001,15,1,117,1,0,False,True,False,False,False,True,False,False,False,False,True
893.4000000000001,4,0,344,1,0,False,True,False,False,False,False,True,False,False,False,True
294.6,71,1,297,0,0,False,False,True,False,False,False,True,False,True,False,False
1072.1999999999998,5,0,301,1,0,True,False,False,False,False,False,True,False,False,False,True
294.6,47,0,489,0,0,False,False,True,False,False,False,False,True,True,False,False
1087.8000000000002,57,1,270,1,0,False,True,False,False,False,False,True,False,True,False,False
1260.6,50,1,2016,1,0,False,False,False,True,False,True,False,False,True,False,False
245.4,8,0,86,0,0,False,True,False,False,False,True,False,False,False,False,True
234.6,48,3,355,0,1,True,False,False,False,False,False,False,True,True,False,False
236.4,70,2,236,0,1,False,False,True,False,True,False,False,False,True,False,False
845.4000000000001,1,1,411,1,0,False,True,False,False,True,False,False,False,False,True,False
1027.8000000000002,8,1,257,1,0,False,False,True,False,True,False,False,False,False,False,True
925.8,1,1,415,1,0,False,True,False,False,False,False,True,False,False,True,False
423.0,1,0,378,0,0,False,False,True,False,True,False,False,False,False,True,False
246.6,60,0,650,0,0,False,False,True,False,False,False,False,True,True,False,False
1175.4,49,0,474,1,0,False,True,False,False,False,False,True,False,True,False,False
582.5999999999999,4,1,124,0,0,False,True,False,False,False,False,True,False,False,False,True
240.0,29,1,210,0,0,False,False,True,False,False,False,False,True,True,False,False
303.0,67,0,2544,0,0,False,False,False,True,False,True,False,False,True,False,False
1180.8000000000002,53,3,260,1,1,False,True,False,False,False,True,False,False,True,False,False
850.8000000000001,67,3,50,1,1,False,False,True,False,False,True,False,False,True,False,False
238.2,6,1,602,0,0,False,True,False,False,False,False,False,True,False,False,True
1276.1999999999998,47,1,3076,1,0,False,False,False,True,False,False,True,False,True,False,False
1194.0,53,2,478,1,1,False,True,False,False,False,False,False,True,True,False,False
1016.4,69,0,308,1,0,False,False,True,False,False,False,False,True,True,False,False
1032.6,3,2,464,1,1,False,False,True,False,False,False,False,True,False,True,False
534.5999999999999,4,0,294,0,0,False,True,False,False,False,False,False,True,False,False,True
910.2,56,2,430,1,1,True,False,False,False,False,True,False,False,True,False,False
1126.1999999999998,59,0,1763,1,0,False,False,False,True,True,False,False,False,True,False,False
300.0,61,2,627,0,1,False,False,True,False,True,False,False,False,True,False,False
540.0,2,3,164,0,1,False,True,False,False,False,False,True,False,False,True,False
1208.4,46,0,584,1,0,True,False,False,False,False,False,True,False,True,False,False
246.0,12,1,405,0,0,False,False,True,False,False,False,False,True,False,False,True
965.4,14,3,326,1,1,True,False,False,False,False,False,True,False,False,False,True
1085.4,28,1,425,1,0,True,False,False,False,False,False,True,False,True,False,False
725.4000000000001,24,2,510,0,1,False,False,True,False,True,False,False,False,False,False,True
663.0,31,1,605,0,0,True,False,False,False,False,False,True,False,True,False,False
941.4,68,0,446,1,0,False,False,True,False,False,False,True,False,True,False,False
1206.6,39,0,266,1,0,True,False,False,False,False,False,False,True,True,False,False
244.2,42,0,408,0,0,False,False,True,False,False,True,False,False,True,False,False
653.4000000000001,13,2,672,0,1,False,False,True,False,False,False,True,False,False,False,True
1089.0,6,0,602,1,0,False,True,False,False,False,False,True,False,False,False,True
904.2,35,1,3227,1,0,False,False,False,True,False,True,False,False,True,False,False
243.0,38,1,519,0,0,False,False,True,False,False,True,False,False,True,False,False
240.6,18,1,504,0,0,False,True,False,False,False,True,False,False,False,False,True
235.2,4,2,573,0,1,False,False,True,False,False,False,False,True,False,False,True
645.5999999999999,27,3,331,0,1,False,False,True,False,False,False,True,False,True,False,False
842.4000000000001,41,0,196,0,0,False,False,True,False,False,False,False,True,True,False,False
906.0,50,2,410,1,1,False,True,False,False,False,False,True,False,True,False,False
244.2,72,2,277,0,1,False,False,True,False,False,False,True,False,True,False,False
312.6,70,1,241,0,0,False,False,True,False,False,True,False,False,True,False,False
247.2,44,3,291,0,1,False,False,True,False,True,False,False,False,True,False,False
908.4,2,0,772,1,0,False,False,True,False,False,False,True,False,False,True,False
241.2,34,0,420,0,0,False,True,False,False,True,False,False,False,True,False,False
291.6,72,2,454,0,1,True,False,False,False,True,False,False,False,True,False,False
294.0,71,0,216,0,0,False,False,True,False,False,False,True,False,True,False,False
1326.0,64,2,123,1,1,True,False,False,False,False,True,False,False,True,False,False
303.0,72,2,1844,0,1,False,False,False,True,True,False,False,False,True,False,False
891.0,1,0,615,1,0,False,True,False,False,False,False,False,True,False,True,False
1081.1999999999998,29,2,450,1,1,False,True,False,False,True,False,False,False,True,False,False
825.0,23,0,489,0,0,True,False,False,False,True,False,False,False,False,False,True
230.4,52,1,510,0,0,False,False,True,False,False,False,False,True,True,False,False
1076.4,25,1,311,1,0,False,True,False,False,False,False,True,False,True,False,False
1381.1999999999998,64,3,3610,1,1,False,False,False,True,True,False,False,False,True,False,False
1156.8000000000002,16,0,305,1,0,False,True,False,False,False,False,True,False,False,False,True
834.0,1,1,610,0,0,True,False,False,False,True,False,False,False,False,True,False
1195.8000000000002,24,1,466,1,0,False,False,True,False,True,False,False,False,False,False,True
1097.4,2,1,1068,1,0,False,False,False,True,False,False,True,False,False,True,False
1017.0,34,1,287,1,0,False,True,False,False,False,False,False,True,True,False,False
1023.0,36,0,132,1,0,False,False,True,False,False,True,False,False,True,False,False
945.0,53,0,574,1,0,False,False,True,False,False,False,False,True,True,False,False
243.0,47,0,396,0,0,False,True,False,False,False,True,False,False,True,False,False
238.8,72,2,65,0,1,True,False,False,False,False,True,False,False,True,False,False
1173.0,72,0,456,1,0,False,True,False,False,False,True,False,False,True,False,False
232.8,1,0,319,0,0,True,False,False,False,False,False,False,True,False,True,False
999.6,9,3,177,1,1,False,False,True,False,False,False,True,False,False,False,True
961.2,8,0,651,1,0,False,False,True,False,True,False,False,False,False,False,True
752.4000000000001,45,3,416,0,1,False,False,True,False,False,True,False,False,True,False,False
1204.8000000000002,7,1,355,1,0,False,False,True,False,False,False,True,False,False,False,True
293.4,71,2,340,0,1,False,False,True,False,False,True,False,False,True,False,False
1213.1999999999998,41,0,173,1,0,False,False,True,False,True,False,False,False,True,False,False
610.8,67,0,1456,0,0,False,False,False,True,False,True,False,False,True,False,False
1286.4,69,1,3527,1,0,False,False,False,True,False,True,False,False,True,False,False
1106.4,70,2,328,1,1,False,False,True,False,True,False,False,False,True,False,False
303.6,25,1,403,0,0,False,False,True,False,True,False,False,False,True,False,False
1360.8000000000002,72,0,93,1,0,False,False,True,False,True,False,False,False,True,False,False
486.6,34,2,202,0,1,False,True,False,False,False,False,True,False,True,False,False
312.0,65,2,491,0,1,False,False,True,False,False,True,False,False,True,False,False
1343.4,70,1,456,1,0,False,False,True,False,False,True,False,False,True,False,False
645.5999999999999,72,2,663,0,1,True,False,False,False,False,True,False,False,True,False,False
865.1999999999999,35,2,601,1,1,True,False,False,False,False,False,False,True,True,False,False
1177.8000000000002,13,1,365,1,0,False,False,True,False,False,False,False,True,False,False,True
946.2,12,0,470,1,0,False,False,True,False,False,False,True,False,False,False,True
849.0,62,1,352,1,0,False,False,True,False,True,False,False,False,True,False,False
913.8,25,0,4143,1,0,False,False,False,True,False,True,False,False,True,False,False
469.2000000000001,52,0,572,0,0,False,True,False,False,False,False,False,True,True,False,False
839.4000000000001,8,0,425,0,0,False,False,True,False,False,True,False,False,False,False,True
240.6,2,0,2660,0,0,False,False,False,True,False,False,False,True,False,True,False
240.6,56,0,616,0,0,False,False,True,False,False,False,False,True,True,False,False
233.4,12,0,486,0,0,False,False,True,False,True,False,False,False,False,False,True
322.79999999999995,47,2,633,0,1,False,False,True,False,False,False,True,False,True,False,False
230.4,2,3,70,0,1,False,True,False,False,False,False,True,False,False,True,False
600.0,18,0,469,0,0,False,False,True,False,False,False,False,True,False,False,True
720.0,8,3,322,0,1,False,False,True,False,False,False,True,False,False,False,True
1014.6,45,1,663,1,0,False,False,True,False,False,False,False,True,True,False,False
545.4000000000001,3,0,631,0,0,False,False,True,False,False,False,False,True,False,True,False
240.6,38,0,2526,0,0,False,False,False,True,False,False,False,True,True,False,False
1386.6,72,1,630,1,0,False,False,True,False,False,False,True,False,True,False,False
1124.4,46,2,667,1,1,False,False,True,False,False,False,True,False,True,False,False
1188.0,71,1,2559,1,0,False,False,False,True,False,True,False,False,True,False,False
606.5999999999999,66,0,4477,0,0,False,False,False,True,True,False,False,False,True,False,False
1271.4,25,0,395,1,0,True,False,False,False,False,False,False,True,True,False,False
984.0,18,0,367,1,0,False,True,False,False,False,True,False,False,False,False,True
300.0,13,0,529,0,0,False,False,True,False,True,False,False,False,False,False,True
1098.6,65,0,2216,1,0,False,False,False,True,True,False,False,False,True,False,False
1149.0,60,0,2568,1,0,False,False,False,True,False,False,True,False,True,False,False
232.2,15,2,611,0,1,False,False,True,False,False,False,False,True,False,False,True
298.20000000000005,72,3,402,0,1,True,False,False,False,False,True,False,False,True,False,False
1128.6,30,0,145,1,0,False,False,True,False,False,True,False,False,True,False,False
1204.8000000000002,42,3,455,1,1,True,False,False,False,False,False,True,False,True,False,False
300.0,71,0,295,0,0,True,False,False,False,True,False,False,False,True,False,False
657.0,1,1,3192,0,0,False,False,False,True,False,False,False,True,False,True,False
1147.8000000000002,39,0,504,1,0,True,False,False,False,True,False,False,False,True,False,False
231.0,35,1,3677,0,0,False,False,False,True,True,False,False,False,True,False,False
1299.0,53,3,536,1,1,False,False,True,False,True,False,False,False,True,False,False
1135.1999999999998,1,1,563,1,0,False,False,True,False,False,False,True,False,False,True,False
1186.8000000000002,31,0,299,1,0,False,False,True,False,False,False,True,False,True,False,False
241.8,48,1,520,0,0,False,False,True,False,False,True,False,False,True,False,False
1215.6,30,0,4074,1,0,False,False,False,True,False,False,True,False,True,False,False
240.0,10,2,296,0,1,False,False,True,False,False,True,False,False,False,False,True
1263.6,12,1,669,1,0,False,False,True,False,False,False,True,False,False,False,True
838.1999999999999,57,0,317,0,0,False,True,False,False,True,False,False,False,True,False,False
783.0,58,1,272,0,0,True,False,False,False,False,True,False,False,True,False,False
237.6,37,1,444,0,0,False,False,True,False,False,False,False,True,True,False,False
235.2,44,0,507,0,0,False,False,True,False,False,False,False,True,True,False,False
240.6,27,1,536,0,0,False,False,True,False,False,True,False,False,True,False,False
592.8,8,0,1730,0,0,False,False,False,True,False,False,True,False,False,False,True
912.6,3,1,465,1,0,False,False,True,False,False,False,True,False,False,True,False
1060.8000000000002,25,2,1951,1,1,False,False,False,True,True,False,False,False,True,False,False
1207.1999999999998,57,2,176,1,1,False,False,True,False,False,False,True,False,True,False,False
233.4,12,1,260,0,0,False,False,True,False,False,False,False,True,False,False,True
243.6,62,1,287,0,0,True,False,False,False,True,False,False,False,True,False,False
1291.8000000000002,65,0,478,1,0,False,False,True,False,True,False,False,False,True,False,False
965.4,71,2,572,1,1,False,False,True,False,True,False,False,False,True,False,False
706.2,21,0,179,0,0,False,False,True,False,False,True,False,False,False,False,True
1315.1999999999998,71,1,452,1,0,False,True,False,False,False,False,True,False,True,False,False
901.8,7,0,223,1,0,False,True,False,False,False,False,True,False,False,False,True
876.0,72,0,494,1,0,False,False,True,False,False,True,False,False,True,False,False
841.1999999999999,1,1,306,0,0,False,False,True,False,False,False,True,False,False,True,False
1183.8000000000002,72,0,242,1,0,False,False,True,False,True,False,False,False,True,False,False
1337.4,64,1,3139,1,0,False,False,False,True,False,False,True,False,True,False,False
1378.8000000000002,72,0,2030,1,0,False,False,False,True,False,False,True,False,True,False,False
1206.6,29,0,352,1,0,False,True,False,False,True,False,False,False,True,False,False
244.8,13,1,67,0,0,False,True,False,False,False,False,False,True,False,False,True
1252.1999999999998,31,0,541,1,0,False,False,True,False,False,False,True,False,True,False,False
837.0,1,0,523,0,0,False,False,True,False,False,False,True,False,False,True,False
414.0,7,1,400,0,0,False,False,True,False,False,False,True,False,False,False,True
1266.6,61,0,170,1,0,False,False,True,False,False,False,True,False,True,False,False
361.2000000000001,39,2,581,0,1,False,False,True,False,False,True,False,False,True,False,False
843.5999999999999,10,0,300,0,0,False,True,False,False,False,False,True,False,False,False,True
965.4,14,0,331,1,0,False,True,False,False,False,True,False,False,False,False,True
962.4,1,1,746,1,0,True,False,False,False,False,False,False,True,False,True,False
1132.1999999999998,67,0,294,1,0,False,False,True,False,False,True,False,False,True,False,False
1096.1999999999998,72,0,511,1,0,False,True,False,False,True,False,False,False,True,False,False
535.2,6,0,484,0,0,True,False,False,False,True,False,False,False,False,False,True
235.2,1,0,458,0,0,False,True,False,False,False,False,False,True,False,True,False
238.8,25,2,442,0,1,False,False,True,False,False,False,True,False,True,False,False
1325.4,33,0,456,1,0,False,False,True,False,False,False,True,False,True,False,False
820.1999999999999,18,2,440,0,1,False,False,True,False,False,False,True,False,False,False,True
949.2,71,2,392,1,1,False,False,True,False,False,True,False,False,True,False,False
612.0,28,0,3709,0,0,False,False,False,True,False,False,True,False,True,False,False
966.6,2,3,203,1,1,False,False,True,False,False,True,False,False,False,True,False
800.4000000000001,17,0,553,0,0,False,False,True,False,False,False,False,True,False,False,True
1036.8000000000002,56,3,3157,1,1,False,False,False,True,False,False,True,False,True,False,False
600.5999999999999,60,0,3058,0,0,False,False,False,True,False,False,True,False,True,False,False
308.4,33,1,567,0,0,False,True,False,False,False,True,False,False,True,False,False
1000.8,1,1,2425,1,0,False,False,False,True,False,False,False,True,False,True,False
848.4000000000001,2,0,119,1,0,False,False,True,False,False,True,False,False,False,True,False
1015.8,63,1,389,1,0,False,False,True,False,False,True,False,False,True,False,False
1191.0,7,1,251,1,0,False,False,True,False,False,False,True,False,False,False,True
777.0,55,0,290,0,0,False,True,False,False,False,False,False,True,True,False,False
1201.8000000000002,65,0,213,1,0,True,False,False,False,True,False,False,False,True,False,False
1017.6,1,1,328,1,0,False,False,True,False,False,False,True,False,False,True,False
303.0,63,1,310,0,0,False,True,False,False,False,False,False,True,True,False,False
1356.0,70,3,50,1,1,False,False,True,False,False,True,False,False,True,False,False
487.8,36,2,505,0,1,False,True,False,False,False,True,False,False,True,False,False
1260.0,52,3,733,1,1,False,False,True,False,True,False,False,False,True,False,False
653.4000000000001,22,1,490,0,0,False,False,True,False,False,False,True,False,False,False,True
1139.4,22,0,369,1,0,True,False,False,False,True,False,False,False,False,False,True
718.8,5,0,391,0,0,False,True,False,False,False,True,False,False,False,False,True
1023.6,47,2,336,1,1,False,True,False,False,False,False,True,False,True,False,False
1000.2,33,1,413,1,0,False,False,True,False,False,False,True,False,True,False,False
402.0,18,0,394,0,0,False,False,True,False,False,True,False,False,False,False,True
237.6,1,0,273,0,0,False,False,True,False,False,True,False,False,False,True,False
981.6,56,3,652,1,1,True,False,False,False,False,True,False,False,True,False,False
240.0,2,1,176,0,0,True,False,False,False,False,False,False,True,False,True,False
715.2,35,0,507,0,0,False,False,True,False,False,False,True,False,True,False,False
300.0,64,1,384,0,0,False,False,True,False,False,True,False,False,True,False,False
1012.2,15,0,685,1,0,True,False,False,False,False,True,False,False,False,False,True
1084.1999999999998,24,0,451,1,0,False,False,True,False,False,False,True,False,False,False,True
666.5999999999999,1,0,346,0,0,False,True,False,False,False,False,False,True,False,True,False
904.2,70,0,362,1,0,False,False,True,False,False,True,False,False,True,False,False
1089.0,1,2,2531,1,1,False,False,False,True,False,False,True,False,False,True,False
1075.1999999999998,4,0,228,1,0,False,True,False,False,False,False,False,True,False,False,True
711.5999999999999,39,2,284,0,1,True,False,False,False,False,False,True,False,True,False,False
793.1999999999999,29,2,1072,0,1,False,False,False,True,False,False,True,False,True,False,False
225.6,14,0,261,0,0,False,False,True,False,False,False,False,True,False,False,True
1037.4,61,1,2575,1,0,False,False,False,True,False,True,False,False,True,False,False
625.2,13,1,445,0,0,True,False,False,False,False,True,False,False,False,False,True
568.8,66,2,103,0,1,False,False,True,False,False,False,False,True,True,False,False
591.0,2,0,379,0,0,False,False,True,False,False,False,True,False,False,True,False
1309.8000000000002,59,1,484,1,0,False,False,True,False,False,True,False,False,True,False,False
1139.4,62,1,375,1,0,False,True,False,False,False,True,False,False,True,False,False
1122.6,33,0,304,1,0,False,False,True,False,False,False,True,False,True,False,False
954.0,66,0,338,1,0,False,True,False,False,False,True,False,False,True,False,False
1380.6,72,1,318,1,0,False,False,True,False,False,True,False,False,True,False,False
237.0,1,1,304,0,0,True,False,False,False,False,False,False,True,False,True,False
1141.8000000000002,19,0,426,1,0,False,False,True,False,False,False,True,False,False,False,True
1141.8000000000002,51,1,746,1,0,False,False,True,False,False,False,False,True,True,False,False
1264.8000000000002,63,0,288,1,0,False,True,False,False,False,False,True,False,True,False,False
241.2,27,1,352,0,0,False,True,False,False,True,False,False,False,True,False,False
1216.1999999999998,22,0,392,1,0,False,False,True,False,True,False,False,False,False,False,True
240.6,4,2,296,0,1,False,False,True,False,False,False,False,True,False,False,True
248.4,42,0,564,0,0,False,False,True,False,False,False,False,True,True,False,False
244.2,29,0,603,0,0,False,False,False,True,False,False,False,True,True,False,False
840.5999999999999,4,0,2075,0,0,False,False,False,True,False,True,False,False,False,False,True
236.4,30,0,522,0,0,False,True,False,False,False,False,False,True,True,False,False
895.8000000000001,4,1,2264,1,0,False,False,False,True,False,False,True,False,False,False,True
1025.4,71,0,1843,1,0,False,False,False,True,True,False,False,False,True,False,False
484.8,46,2,466,0,1,False,False,True,False,False,True,False,False,True,False,False
604.8,4,0,535,0,0,True,False,False,False,False,False,False,True,False,False,True
955.8,7,0,431,1,0,True,False,False,False,False,False,False,True,False,False,True
1262.4,69,0,279,1,0,False,False,True,False,True,False,False,False,True,False,False
1207.8000000000002,72,0,468,1,0,False,False,True,False,True,False,False,False,True,False,False
958.2,19,0,339,1,0,False,False,True,False,False,False,True,False,False,False,True
1092.0,28,0,511,1,0,False,False,True,False,False,False,True,False,True,False,False
945.0,5,1,3686,1,0,False,False,False,True,False,False,True,False,False,False,True
1401.0,72,0,50,1,0,False,True,False,False,False,True,False,False,True,False,False
965.4,8,1,2588,1,0,False,False,False,True,False,True,False,False,False,False,True
709.2,7,1,1111,0,0,False,False,False,True,False,False,True,False,False,False,True
597.5999999999999,22,0,766,0,0,False,True,False,False,False,False,True,False,False,False,True
231.6,72,1,2125,0,0,False,False,False,True,True,False,False,False,True,False,False
235.8,8,3,511,0,1,False,False,True,False,False,True,False,False,False,False,True
976.8,52,1,394,1,0,False,False,True,False,False,True,False,False,True,False,False
466.8,68,1,279,0,0,False,True,False,False,False,False,False,True,True,False,False
1055.4,71,0,261,1,0,False,False,True,False,True,False,False,False,True,False,False
238.2,2,2,637,0,1,False,False,True,False,False,False,False,True,False,True,False
1156.1999999999998,34,2,543,1,1,True,False,False,False,False,False,True,False,True,False,False
289.79999999999995,35,1,4054,0,0,False,False,False,True,False,False,True,False,True,False,False
229.2,61,3,408,0,1,False,False,True,False,False,True,False,False,True,False,False
528.0,1,0,2730,0,0,False,False,False,True,False,False,True,False,False,True,False
601.2,1,0,2286,0,0,False,False,False,True,False,False,False,True,False,True,False
727.2,53,2,356,0,1,False,False,True,False,False,True,False,False,True,False,False
307.79999999999995,72,2,243,0,1,False,False,True,False,True,False,False,False,True,False,False
916.8,2,0,412,1,0,True,False,False,False,False,False,True,False,False,True,False
1184.4,3,0,281,1,0,False,False,True,False,False,False,True,False,False,True,False
1209.6,13,0,466,1,0,False,False,True,False,False,False,True,False,False,False,True
647.4000000000001,41,0,425,0,0,False,True,False,False,False,False,True,False,True,False,False
244.8,24,2,2730,0,1,False,False,False,True,False,True,False,False,False,False,True
1081.1999999999998,28,1,651,1,0,False,False,True,False,True,False,False,False,True,False,False
352.20000000000005,8,0,394,0,0,False,False,True,False,False,False,False,True,False,False,True
245.4,1,0,513,0,0,False,False,True,False,False,False,False,True,False,True,False
1141.1999999999998,54,0,707,1,0,True,False,False,False,True,False,False,False,True,False,False
303.0,41,0,595,0,0,False,False,True,False,True,False,False,False,True,False,False
538.8,19,1,572,0,0,False,True,False,False,False,False,False,True,False,False,True
1111.8000000000002,72,3,353,1,1,True,False,False,False,True,False,False,False,True,False,False
524.4000000000001,62,2,434,0,1,False,False,True,False,True,False,False,False,True,False,False
871.1999999999999,56,0,202,1,0,True,False,False,False,False,True,False,False,True,False,False
618.5999999999999,15,2,474,0,1,True,False,False,False,False,False,True,False,False,False,True
951.0,10,2,441,1,1,True,False,False,False,False,False,True,False,False,False,True
227.4,32,2,403,0,1,False,False,True,False,False,False,False,True,True,False,False
246.0,21,1,554,0,0,False,True,False,False,False,True,False,False,False,False,True
239.4,62,0,1533,0,0,False,False,False,True,True,False,False,False,True,False,False
294.0,2,0,645,0,0,True,False,False,False,False,False,True,False,False,True,False
247.2,27,0,535,0,0,False,False,True,False,False,False,False,True,True,False,False
1138.1999999999998,5,0,2443,1,0,False,False,False,True,True,False,False,False,False,False,True
732.5999999999999,25,0,377,0,0,False,False,True,False,False,False,True,False,True,False,False
1028.4,2,1,472,1,0,False,False,True,False,False,False,True,False,False,True,False
1279.8000000000002,49,1,628,1,0,False,False,True,False,True,False,False,False,True,False,False
1299.0,63,1,2581,1,0,False,False,False,True,False,True,False,False,True,False,False
244.8,4,0,421,0,0,False,True,False,False,False,True,False,False,False,False,True
663.5999999999999,1,3,402,0,1,False,True,False,False,False,False,False,True,False,True,False
243.0,11,3,667,0,1,True,False,False,False,False,False,False,True,False,False,True
875.4000000000001,52,2,344,1,1,False,False,True,False,True,False,False,False,True,False,False
1073.4,60,3,395,1,1,False,True,False,False,False,False,True,False,True,False,False
1255.8000000000002,64,1,619,1,0,False,False,True,False,False,True,False,False,True,False,False
902.4,43,3,422,1,1,False,False,True,False,True,False,False,False,True,False,False
1213.8000000000002,61,0,3409,1,0,False,False,False,True,True,False,False,False,True,False,False
532.8,1,0,263,0,0,True,False,False,False,False,False,False,True,False,True,False
1074.0,5,0,369,1,0,False,True,False,False,False,False,True,False,False,False,True
825.0,66,0,3687,0,0,False,False,False,True,True,False,False,False,True,False,False
1332.6,67,0,298,1,0,False,False,True,False,False,False,True,False,True,False,False
1188.0,42,1,377,1,0,False,False,True,False,False,True,False,False,True,False,False
1032.6,1,2,438,1,1,False,True,False,False,False,False,True,False,False,True,False
252.0,31,1,251,0,0,False,False,True,False,False,False,False,True,True,False,False
232.8,7,0,337,0,0,False,False,True,False,False,False,False,True,False,False,True
534.5999999999999,4,2,416,0,1,False,True,False,False,False,False,True,False,False,False,True
926.4,34,1,407,1,0,False,False,True,False,True,False,False,False,True,False,False
233.4,3,0,592,0,0,False,False,True,False,False,False,False,True,False,True,False
298.20000000000005,19,1,631,0,0,False,True,False,False,False,False,False,True,False,False,True
424.8,31,0,271,0,0,False,True,False,False,True,False,False,False,True,False,False
1147.8000000000002,1,0,416,1,0,True,False,False,False,False,False,False,True,False,True,False
496.2000000000001,3,3,501,0,1,False,True,False,False,False,False,False,True,False,True,False
235.2,46,0,627,0,0,False,False,True,False,False,False,True,False,True,False,False
251.4,1,1,507,0,0,True,False,False,False,False,False,False,True,False,True,False
1013.4,69,2,2732,1,1,False,False,False,True,True,False,False,False,True,False,False
243.0,5,1,499,0,0,False,False,True,False,False,False,False,True,False,False,True
235.8,1,0,501,0,0,False,False,True,False,True,False,False,False,False,True,False
247.8,26,0,1757,0,0,False,False,False,True,False,True,False,False,True,False,False
416.4,10,0,428,0,0,False,True,False,False,False,False,True,False,False,False,True
1191.6,25,1,3667,1,0,False,False,False,True,True,False,False,False,True,False,False
972.6,64,0,2334,1,0,False,False,False,True,False,False,True,False,True,False,False
811.1999999999999,30,0,419,0,0,False,True,False,False,False,False,True,False,True,False,False
841.8000000000001,13,3,363,0,1,True,False,False,False,False,False,True,False,False,False,True
1380.0,64,1,52,1,0,False,True,False,False,False,False,True,False,True,False,False
1017.6,46,0,403,1,0,False,False,True,False,True,False,False,False,True,False,False
236.4,12,1,445,0,0,True,False,False,False,False,False,False,True,False,False,True
237.0,15,1,323,0,0,False,False,True,False,True,False,False,False,False,False,True
1110.6,17,0,1576,1,0,False,False,False,True,False,False,True,False,False,False,True
757.8,13,0,267,0,0,True,False,False,False,False,False,False,True,False,False,True
888.0,67,2,3111,1,1,False,False,False,True,False,True,False,False,True,False,False
349.20000000000005,24,1,695,0,0,False,True,False,False,False,False,True,False,False,False,True
600.5999999999999,6,1,607,0,0,False,True,False,False,False,False,False,True,False,False,True
720.5999999999999,53,0,198,0,0,False,False,True,False,False,False,True,False,True,False,False
891.5999999999999,16,0,528,1,0,False,False,True,False,False,True,False,False,False,False,True
240.0,10,0,300,0,0,False,True,False,False,False,False,True,False,False,False,True
895.8000000000001,13,0,2034,1,0,False,False,False,True,False,False,False,True,False,False,True
1024.1999999999998,9,0,2130,1,0,False,False,False,True,False,False,True,False,False,False,True
891.5999999999999,25,0,505,1,0,False,False,True,False,False,False,False,True,True,False,False
532.8,7,2,543,0,1,False,True,False,False,False,False,True,False,False,False,True
1024.8000000000002,38,3,2421,1,1,False,False,False,True,True,False,False,False,True,False,False
1129.1999999999998,43,2,387,1,1,False,True,False,False,False,False,True,False,True,False,False
1177.1999999999998,4,2,469,1,1,False,True,False,False,True,False,False,False,False,False,True
1306.8000000000002,25,0,2954,1,0,False,False,False,True,False,False,True,False,True,False,False
674.4000000000001,27,3,3440,0,1,False,False,False,True,False,False,False,True,True,False,False
313.20000000000005,72,0,207,0,0,False,False,True,False,False,False,False,True,True,False,False
1025.4,71,3,403,1,1,True,False,False,False,False,True,False,False,True,False,False
1067.4,24,3,239,1,1,False,False,True,False,False,True,False,False,False,False,True
1315.8000000000002,50,1,392,1,0,True,False,False,False,False,False,True,False,True,False,False
892.1999999999999,57,3,366,1,1,False,False,True,False,True,False,False,False,True,False,False
586.2,15,1,392,0,0,False,False,True,False,False,False,True,False,False,False,True
961.2,4,0,280,1,0,True,False,False,False,False,False,True,False,False,False,True
672.5999999999999,28,0,176,0,0,False,False,True,False,False,False,True,False,True,False,False
894.5999999999999,9,1,824,1,0,False,False,False,True,False,False,True,False,False,False,True
1077.6,55,0,380,1,0,True,False,False,False,True,False,False,False,True,False,False
1211.4,3,1,335,1,0,True,False,False,False,False,False,True,False,False,True,False
1138.8000000000002,10,3,298,1,1,True,False,False,False,False,False,True,False,False,False,True
229.2,55,0,598,0,0,False,False,True,False,True,False,False,False,True,False,False
244.2,20,2,1812,0,1,False,False,False,True,False,False,False,True,False,False,True
1272.6,62,3,612,1,1,False,False,True,False,False,True,False,False,True,False,False
1258.8000000000002,32,3,643,1,1,False,False,True,False,False,False,True,False,True,False,False
235.8,43,3,107,0,1,True,False,False,False,True,False,False,False,True,False,False
289.20000000000005,9,1,413,0,0,False,False,True,False,True,False,False,False,False,False,True
718.2,60,3,340,0,1,False,True,False,False,True,False,False,False,True,False,False
1033.1999999999998,58,2,50,1,1,False,True,False,False,False,False,True,False,True,False,False
233.4,7,0,183,0,0,False,True,False,False,False,False,False,True,False,False,True
1165.1999999999998,2,1,516,1,0,True,False,False,False,False,False,True,False,False,True,False
439.8,37,1,702,0,0,False,False,True,False,False,False,True,False,True,False,False
1246.8000000000002,65,0,535,1,0,False,True,False,False,True,False,False,False,True,False,False
237.0,39,1,448,0,0,True,False,False,False,False,False,False,True,True,False,False
1248.6,66,1,396,1,0,False,True,False,False,False,False,True,False,True,False,False
294.6,68,0,652,0,0,False,False,True,False,False,False,False,True,True,False,False
584.4000000000001,62,1,722,0,0,False,True,False,False,True,False,False,False,True,False,False
1060.1999999999998,3,2,311,1,1,False,False,True,False,False,False,False,True,False,True,False
1314.6,72,1,100,1,0,False,False,True,False,False,False,True,False,True,False,False
247.8,41,0,85,0,0,True,False,False,False,False,True,False,False,True,False,False
1135.8000000000002,29,0,598,1,0,False,True,False,False,False,True,False,False,True,False,False
662.4000000000001,4,0,392,0,0,True,False,False,False,False,False,True,False,False,False,True
288.6,53,3,427,0,1,True,False,False,False,True,False,False,False,True,False,False
892.8000000000001,1,0,1067,1,0,False,False,False,True,False,False,True,False,False,True,False
958.8,41,1,287,1,0,False,False,True,False,False,True,False,False,True,False,False
245.4,39,0,355,0,0,False,False,True,False,True,False,False,False,True,False,False
231.0,63,0,431,0,0,False,False,True,False,False,False,False,True,True,False,False
316.20000000000005,15,2,340,0,1,True,False,False,False,False,False,True,False,False,False,True
525.5999999999999,13,1,244,0,0,False,False,True,False,False,False,True,False,False,False,True
601.8,1,0,282,0,0,False,False,True,False,False,False,False,True,False,True,False
245.4,1,0,581,0,0,False,True,False,False,False,False,False,True,False,True,False
836.4000000000001,8,0,436,0,0,False,False,True,False,False,False,True,False,False,False,True
736.8,60,1,491,0,0,False,False,True,False,False,False,True,False,True,False,False
1177.1999999999998,12,1,265,1,0,False,True,False,False,False,False,True,False,False,False,True
849.0,40,0,50,1,0,False,False,True,False,False,True,False,False,True,False,False
733.8,66,0,321,0,0,False,False,True,False,True,False,False,False,True,False,False
243.0,42,0,270,0,0,False,False,True,False,False,False,False,True,True,False,False
766.2,66,3,2779,0,1,False,False,False,True,False,True,False,False,True,False,False
1184.4,49,3,892,1,1,False,True,False,False,False,False,True,False,True,False,False
246.0,1,0,504,0,0,False,False,True,False,False,False,False,True,False,True,False
240.0,41,2,810,0,1,False,True,False,False,False,False,False,True,True,False,False
231.6,41,0,485,0,0,False,False,True,False,True,False,False,False,True,False,False
1012.8,23,0,305,1,0,True,False,False,False,False,False,False,True,False,False,True
301.20000000000005,3,2,452,0,1,False,False,True,False,False,False,True,False,False,True,False
579.0,4,3,3924,0,1,False,False,False,True,False,False,False,True,False,False,True
238.2,52,3,674,0,1,True,False,False,False,False,False,False,True,True,False,False
1195.1999999999998,4,1,313,1,0,True,False,False,False,False,False,True,False,False,False,True
1130.4,11,0,437,1,0,False,False,True,False,False,False,True,False,False,False,True
745.8,2,2,185,0,1,False,False,True,False,False,False,False,True,False,True,False
951.6,26,0,3159,1,0,False,False,False,True,True,False,False,False,True,False,False
675.0,24,1,633,0,0,False,False,True,False,False,True,False,False,False,False,True
243.6,12,0,405,0,0,True,False,False,False,False,False,False,True,False,False,True
1188.0,60,1,1966,1,0,False,False,False,True,False,False,True,False,True,False,False
1087.1999999999998,64,0,2788,1,0,False,False,False,True,False,False,False,True,True,False,False
1030.8000000000002,66,0,462,1,0,False,False,True,False,True,False,False,False,True,False,False
950.4,60,3,2564,1,1,False,False,False,True,True,False,False,False,True,False,False
844.1999999999999,17,0,2642,0,0,False,False,False,True,True,False,False,False,False,False,True
232.2,42,1,373,0,0,True,False,False,False,False,False,False,True,True,False,False
601.8,1,0,549,0,0,False,False,True,False,False,False,True,False,False,True,False
765.5999999999999,47,0,510,0,0,False,False,True,False,True,False,False,False,True,False,False
246.6,10,0,252,0,0,False,False,True,False,False,False,False,True,False,False,True
1062.6,70,0,248,1,0,False,False,True,False,False,True,False,False,True,False,False
1216.8000000000002,67,2,361,1,1,False,True,False,False,False,True,False,False,True,False,False
983.4,1,0,510,1,0,True,False,False,False,False,False,True,False,False,True,False
832.1999999999999,7,3,422,0,1,False,False,True,False,False,False,True,False,False,False,True
535.2,1,1,303,0,0,True,False,False,False,False,False,False,True,False,True,False
765.0,4,0,439,0,0,False,False,True,False,True,False,False,False,False,False,True
1311.0,66,1,350,1,0,False,False,True,False,True,False,False,False,True,False,False
1015.2,12,1,532,1,0,False,False,True,False,False,False,True,False,False,False,True
245.4,24,2,449,0,1,False,False,True,False,False,True,False,False,False,False,True
1029.0,26,0,352,1,0,True,False,False,False,False,False,True,False,True,False,False
1093.1999999999998,6,0,434,1,0,False,False,True,False,False,False,True,False,False,False,True
1295.4,57,2,597,1,1,False,True,False,False,False,False,True,False,True,False,False
1033.1999999999998,14,3,314,1,1,False,True,False,False,False,False,True,False,False,False,True
275.4,42,2,460,0,1,True,False,False,False,False,False,True,False,True,False,False
1136.4,25,0,389,1,0,False,False,True,False,True,False,False,False,True,False,False
233.4,64,2,464,0,1,False,False,True,False,False,True,False,False,True,False,False
1021.2,22,1,301,1,0,False,False,True,False,False,False,True,False,False,False,True
236.4,19,1,416,0,0,False,False,True,False,False,True,False,False,False,False,True
1189.8000000000002,61,0,566,1,0,False,False,True,False,False,False,True,False,True,False,False
1044.0,22,1,259,1,0,True,False,False,False,True,False,False,False,False,False,True
1235.4,70,0,200,1,0,False,True,False,False,False,False,True,False,True,False,False
959.4,12,0,206,1,0,False,True,False,False,True,False,False,False,False,False,True
768.0,31,2,224,0,1,False,True,False,False,False,False,True,False,True,False,False
778.8000000000001,11,0,489,0,0,False,False,True,False,False,False,True,False,False,False,True
309.0,68,0,189,0,0,False,False,True,False,False,False,False,True,True,False,False
1081.8000000000002,72,0,355,1,0,True,False,False,False,True,False,False,False,True,False,False
1393.1999999999998,67,3,492,1,1,True,False,False,False,False,True,False,False,True,False,False
1259.4,60,1,462,1,0,True,False,False,False,True,False,False,False,True,False,False
540.5999999999999,1,0,342,0,0,True,False,False,False,False,False,False,True,False,True,False
852.0,1,2,428,1,1,False,False,True,False,False,False,True,False,False,True,False
600.0,58,2,416,0,1,False,False,True,False,False,False,False,True,True,False,False
846.5999999999999,47,0,366,1,0,False,False,True,False,True,False,False,False,True,False,False
956.4,1,1,368,1,0,False,False,True,False,False,False,True,False,False,True,False
245.4,1,2,735,0,1,False,False,True,False,False,False,False,True,False,True,False
708.0,22,1,521,0,0,False,True,False,False,False,False,True,False,False,False,True
724.2,48,0,4484,0,0,False,False,False,True,False,True,False,False,True,False,False
238.2,37,2,325,0,1,True,False,False,False,True,False,False,False,True,False,False
239.4,13,1,2432,0,0,False,False,False,True,False,False,True,False,False,False,True
317.4,43,0,200,0,0,True,False,False,False,True,False,False,False,True,False,False
760.8,6,0,278,0,0,False,False,True,False,False,False,False,True,False,False,True
647.4000000000001,71,0,685,0,0,False,False,True,False,True,False,False,False,True,False,False
831.0,1,0,2082,0,0,False,False,False,True,False,False,True,False,False,True,False
1141.1999999999998,72,2,687,1,1,False,False,True,False,False,False,True,False,True,False,False
889.1999999999999,6,0,213,1,0,False,False,True,False,False,False,True,False,False,False,True
426.0,12,0,241,0,0,False,False,True,False,False,False,False,True,False,False,True
851.4000000000001,25,1,348,1,0,False,False,True,False,False,False,False,True,True,False,False
950.4,21,0,390,1,0,False,True,False,False,False,False,True,False,False,False,True
585.5999999999999,6,3,538,0,1,False,False,True,False,False,False,False,True,False,False,True
1068.0,20,0,467,1,0,False,True,False,False,False,False,False,True,False,False,True
1192.8000000000002,18,0,2166,1,0,False,False,False,True,False,False,True,False,False,False,True
665.4000000000001,43,0,380,0,0,False,False,True,False,False,False,True,False,True,False,False
304.79999999999995,35,0,352,0,0,False,False,True,False,False,True,False,False,True,False,False
882.0,1,0,262,1,0,False,False,True,False,True,False,False,False,False,True,False
1122.0,32,1,266,1,0,False,False,True,False,False,False,True,False,True,False,False
766.8,52,3,3322,0,1,False,False,False,True,False,True,False,False,True,False,False
778.1999999999999,32,0,1037,0,0,False,False,False,True,True,False,False,False,True,False,False
765.5999999999999,72,1,3793,0,0,False,False,False,True,True,False,False,False,True,False,False
533.4000000000001,51,1,348,0,0,False,False,True,False,False,True,False,False,True,False,False
239.4,68,2,284,0,1,False,True,False,False,True,False,False,False,True,False,False
520.2,8,0,510,0,0,False,True,False,False,False,False,False,True,False,False,True
595.8,49,0,622,0,0,False,True,False,False,False,True,False,False,True,False,False
1021.2,72,0,567,1,0,False,True,False,False,False,False,False,True,True,False,False
1146.0,9,1,475,1,0,False,True,False,False,False,False,True,False,False,False,True
1108.1999999999998,28,2,563,1,1,False,True,False,False,False,False,False,True,True,False,False
1077.6,54,0,1126,1,0,False,False,False,True,False,False,False,True,True,False,False
894.5999999999999,11,0,321,1,0,False,False,True,False,False,False,True,False,False,False,True
1236.6,50,3,1771,1,1,False,False,False,True,False,False,False,True,True,False,False
1392.0,69,2,583,1,1,False,False,True,False,False,False,True,False,True,False,False
838.8000000000001,1,3,342,0,1,False,False,True,False,False,False,True,False,False,True,False
1141.1999999999998,68,2,526,1,1,True,False,False,False,True,False,False,False,True,False,False
483.0,40,0,480,0,0,True,False,False,False,False,False,False,True,True,False,False
309.0,31,1,270,0,0,False,False,True,False,False,False,False,True,True,False,False
1264.1999999999998,33,1,311,1,0,False,False,True,False,True,False,False,False,True,False,False
1363.1999999999998,55,0,594,1,0,False,False,True,False,False,False,True,False,True,False,False
288.0,68,1,283,0,0,False,True,False,False,True,False,False,False,True,False,False
232.8,12,1,418,0,0,True,False,False,False,True,False,False,False,False,False,True
1033.1999999999998,71,0,282,1,0,True,False,False,False,True,False,False,False,True,False,False
1231.8000000000002,40,2,352,1,1,False,True,False,False,False,False,False,True,True,False,False
1114.1999999999998,64,1,393,1,0,False,False,True,False,False,False,True,False,True,False,False
1173.0,53,3,282,1,1,False,True,False,False,True,False,False,False,True,False,False
1005.6,12,0,255,1,0,False,False,True,False,False,False,False,True,False,False,True
653.4000000000001,53,0,442,0,0,True,False,False,False,False,False,True,False,True,False,False
1175.4,72,1,273,1,0,True,False,False,False,False,True,False,False,True,False,False
239.4,46,0,278,0,0,False,True,False,False,False,False,True,False,True,False,False
295.20000000000005,40,1,259,0,0,False,False,True,False,False,False,False,True,True,False,False
611.4000000000001,12,2,388,0,1,False,False,True,False,True,False,False,False,False,False,True
907.2,9,0,541,1,0,False,False,True,False,False,False,True,False,False,False,True
969.0,51,1,625,1,0,True,False,False,False,False,False,True,False,True,False,False
1084.8000000000002,49,1,291,1,0,False,True,False,False,False,True,False,False,True,False,False
1197.6,41,0,722,1,0,False,False,True,False,False,False,True,False,True,False,False
723.0,56,3,249,0,1,False,True,False,False,False,True,False,False,True,False,False
242.4,4,2,562,0,1,True,False,False,False,False,False,True,False,False,False,True
769.8000000000001,20,1,291,0,0,False,False,True,False,False,False,False,True,False,False,True
243.0,26,1,269,0,0,True,False,False,False,False,True,False,False,True,False,False
1270.1999999999998,20,1,288,1,0,True,False,False,False,True,False,False,False,False,False,True
905.4,7,3,392,1,1,True,False,False,False,False,False,False,True,False,False,True
1126.1999999999998,7,1,486,1,0,False,False,True,False,False,False,True,False,False,False,True
1188.0,51,1,500,1,0,False,False,True,False,False,False,True,False,True,False,False
963.6,4,2,258,1,1,False,False,True,False,False,False,False,True,False,False,True
234.6,1,0,251,0,0,False,False,True,False,False,True,False,False,False,True,False
1209.0,27,2,262,1,1,False,False,True,False,False,False,True,False,True,False,False
1209.0,22,0,383,1,0,False,True,False,False,False,False,True,False,False,False,True
645.0,12,0,368,0,0,False,True,False,False,False,False,False,True,False,False,True
372.0,3,0,257,0,0,True,False,False,False,False,False,False,True,False,True,False
307.20000000000005,34,3,440,0,1,False,False,True,False,False,True,False,False,True,False,False
700.2,24,2,739,0,1,False,True,False,False,False,False,True,False,False,False,True
960.0,51,1,2096,1,0,False,False,False,True,False,True,False,False,True,False,False
556.2,14,1,2153,0,0,False,False,False,True,False,False,True,False,False,False,True
1365.0,59,1,483,1,0,True,False,False,False,False,False,True,False,True,False,False
1084.8000000000002,3,3,2052,1,1,False,False,False,True,False,False,True,False,False,True,False
1311.6,65,1,500,1,0,True,False,False,False,False,False,True,False,True,False,False
843.0,5,0,292,0,0,False,False,True,False,False,False,False,True,False,False,True
1083.6,59,0,674,1,0,False,True,False,False,False,True,False,False,True,False,False
783.0,72,2,451,0,1,False,False,True,False,False,True,False,False,True,False,False
1201.8000000000002,62,1,306,1,0,False,False,True,False,False,False,True,False,True,False,False
1134.0,28,0,311,1,0,False,False,True,False,False,True,False,False,True,False,False
727.8,3,0,322,0,0,False,False,True,False,False,False,False,True,False,True,False
289.20000000000005,19,2,605,0,1,False,False,True,False,False,True,False,False,False,False,True
234.0,1,0,209,0,0,False,False,True,False,False,False,False,True,False,True,False
1031.4,24,1,299,1,0,False,False,True,False,False,False,True,False,False,False,True
642.0,57,3,315,0,1,True,False,False,False,False,False,True,False,True,False,False
305.4,72,0,397,0,0,False,False,True,False,False,True,False,False,True,False,False
246.0,67,0,2283,0,0,False,False,False,True,True,False,False,False,True,False,False
250.2,52,1,176,0,0,False,False,True,False,False,True,False,False,True,False,False
1078.8000000000002,71,2,340,1,1,True,False,False,False,False,True,False,False,True,False,False
312.0,26,1,385,0,0,True,False,False,False,False,False,False,True,True,False,False
1358.4,35,3,1997,1,1,False,False,False,True,False,False,False,True,True,False,False
828.5999999999999,55,0,3049,0,0,False,False,False,True,False,True,False,False,True,False,False
241.2,33,1,537,0,0,False,False,True,False,False,False,False,True,True,False,False
1315.8000000000002,72,1,388,1,0,True,False,False,False,False,False,True,False,True,False,False
230.4,1,2,434,0,1,True,False,False,False,False,False,False,True,False,True,False
406.8,10,0,75,0,0,True,False,False,False,False,False,False,True,False,False,True
1080.0,37,2,2163,1,1,False,False,False,True,False,False,True,False,True,False,False
408.0,12,1,550,0,0,False,False,True,False,False,False,False,True,False,False,True
244.8,1,0,336,0,0,True,False,False,False,False,False,False,True,False,True,False
463.2000000000001,62,0,289,0,0,False,False,True,False,False,True,False,False,True,False,False
303.0,1,2,741,0,1,False,True,False,False,True,False,False,False,False,True,False
727.2,18,0,672,0,0,False,False,True,False,False,False,False,True,False,False,True
1079.4,69,0,470,1,0,True,False,False,False,False,False,True,False,True,False,False
897.0,2,0,570,1,0,False,False,True,False,False,False,True,False,False,True,False
247.2,19,2,66,0,1,False,False,True,False,False,False,False,True,False,False,True
1013.4,12,1,281,1,0,False,True,False,False,False,False,True,False,False,False,True
244.8,9,2,2124,0,1,False,False,False,True,False,False,False,True,False,False,True
980.4,27,0,364,1,0,False,True,False,False,False,False,True,False,True,False,False
954.0,27,1,326,1,0,False,False,True,False,False,False,True,False,True,False,False
1069.8000000000002,1,1,50,1,0,False,False,True,False,False,False,False,True,False,True,False
243.6,24,2,2808,0,1,False,False,False,True,False,False,False,True,False,False,True
899.4000000000001,14,3,481,1,1,True,False,False,False,False,False,True,False,False,False,True
892.8000000000001,32,0,640,1,0,True,False,False,False,False,False,True,False,True,False,False
240.0,11,1,281,0,0,False,True,False,False,False,False,False,True,False,False,True
300.0,1,0,269,0,0,True,False,False,False,False,False,False,True,False,True,False
965.4,38,1,50,1,0,False,False,True,False,False,False,False,True,True,False,False
237.0,9,0,355,0,0,False,True,False,False,False,False,False,True,False,False,True
787.8000000000001,54,0,535,0,0,False,True,False,False,False,True,False,False,True,False,False
852.0,29,0,308,1,0,False,False,True,False,False,True,False,False,True,False,False
1070.4,44,1,4214,1,0,False,False,False,True,False,False,True,False,True,False,False
1041.0,59,0,361,1,0,False,True,False,False,False,False,True,False,True,False,False
663.5999999999999,3,1,422,0,0,False,False,True,False,False,False,True,False,False,True,False
738.0,18,0,195,0,0,False,False,True,False,False,False,False,True,False,False,True
301.20000000000005,67,0,443,0,0,False,False,True,False,False,True,False,False,True,False,False
661.8,22,2,103,0,1,False,True,False,False,False,False,True,False,False,False,True
408.6,33,0,504,0,0,False,False,True,False,False,True,False,False,True,False,False
239.4,5,0,508,0,0,False,False,True,False,False,False,False,True,False,False,True
239.4,2,1,3587,0,0,False,False,False,True,False,False,False,True,False,True,False
1076.4,72,0,1684,1,0,False,False,False,True,False,True,False,False,True,False,False
244.8,9,0,2628,0,0,False,False,False,True,False,False,False,True,False,False,True
315.6,67,0,484,0,0,False,True,False,False,False,False,False,True,True,False,False
1019.4,16,3,466,1,1,True,False,False,False,False,False,True,False,False,False,True
248.4,8,1,270,0,0,True,False,False,False,False,False,False,True,False,False,True
519.0,5,1,50,0,0,True,False,False,False,False,False,False,True,False,False,True
580.2,23,1,452,0,0,False,True,False,False,False,True,False,False,False,False,True
954.6,1,0,377,1,0,False,False,True,False,False,False,True,False,False,True,False
852.5999999999999,50,0,314,1,0,True,False,False,False,False,False,True,False,True,False,False
233.4,17,2,514,0,1,False,False,True,False,False,True,False,False,False,False,True
1329.6,68,0,393,1,0,False,False,True,False,True,False,False,False,True,False,False
1014.0,1,0,202,1,0,False,False,True,False,False,False,True,False,False,True,False
831.5999999999999,25,0,110,0,0,False,False,True,False,False,False,True,False,True,False,False
592.2,67,0,230,0,0,True,False,False,False,True,False,False,False,True,False,False
244.2,32,3,758,0,1,False,True,False,False,False,True,False,False,True,False,False
1267.1999999999998,67,0,508,1,0,False,True,False,False,False,False,True,False,True,False,False
773.4000000000001,72,1,2650,0,0,False,False,False,True,False,True,False,False,True,False,False
1303.1999999999998,71,0,372,1,0,False,True,False,False,False,True,False,False,True,False,False
598.8,1,3,362,0,1,False,False,True,False,False,False,True,False,False,True,False
363.6,46,0,575,0,0,False,True,False,False,True,False,False,False,True,False,False
364.8,2,0,2107,0,0,False,False,False,True,False,False,True,False,False,True,False
544.8,1,1,486,0,0,False,False,True,False,False,False,False,True,False,True,False
787.8000000000001,48,1,2221,0,0,False,False,False,True,False,False,True,False,True,False,False
1239.6,61,0,691,1,0,False,False,True,False,True,False,False,False,True,False,False
1009.8,32,0,511,1,0,False,False,True,False,True,False,False,False,True,False,False
533.4000000000001,2,0,586,0,0,False,False,True,False,False,False,True,False,False,True,False
237.0,3,0,312,0,0,False,False,True,False,False,False,True,False,False,True,False
1024.8000000000002,5,0,558,1,0,True,False,False,False,False,True,False,False,False,False,True
1078.8000000000002,71,1,353,1,0,True,False,False,False,True,False,False,False,True,False,False
660.5999999999999,37,0,416,0,0,False,False,True,False,False,False,False,True,True,False,False
1249.1999999999998,65,0,645,1,0,False,True,False,False,True,False,False,False,True,False,False
1279.1999999999998,67,1,1665,1,0,False,False,False,True,True,False,False,False,True,False,False
902.4,49,3,430,1,1,False,False,True,False,False,True,False,False,True,False,False
846.0,50,1,465,1,0,False,False,True,False,False,True,False,False,True,False,False
235.2,25,0,478,0,0,True,False,False,False,False,False,True,False,True,False,False
670.2,17,0,332,0,0,False,True,False,False,False,False,False,True,False,False,True
288.6,64,3,712,0,1,True,False,False,False,False,False,False,True,True,False,False
457.2000000000001,25,0,205,0,0,False,False,True,False,False,True,False,False,True,False,False
1276.8000000000002,23,0,3667,1,0,False,False,False,True,False,False,True,False,False,False,True
411.0,24,1,582,0,0,False,False,True,False,False,False,False,True,False,False,True
1200.6,37,1,685,1,0,False,False,True,False,False,False,True,False,True,False,False
823.8000000000001,21,1,161,0,0,False,True,False,False,False,False,True,False,False,False,True
549.5999999999999,1,0,269,0,0,False,False,True,False,False,False,False,True,False,True,False
909.0,10,0,623,1,0,False,False,True,False,False,False,False,True,False,False,True
1012.8,6,3,118,1,1,False,False,True,False,False,False,True,False,False,False,True
1156.8000000000002,51,0,159,1,0,False,False,True,False,False,True,False,False,True,False,False
246.6,10,1,2109,0,0,False,False,False,True,False,False,False,True,False,False,True
611.4000000000001,6,1,428,0,0,False,True,False,False,False,True,False,False,False,False,True
1086.0,47,1,638,1,0,False,False,True,False,False,False,False,True,True,False,False
952.8,61,0,372,1,0,False,False,True,False,False,False,True,False,True,False,False
705.0,52,0,308,0,0,False,False,True,False,True,False,False,False,True,False,False
713.4000000000001,35,1,446,0,0,False,True,False,False,False,True,False,False,True,False,False
1268.4,71,2,470,1,1,False,False,True,False,True,False,False,False,True,False,False
675.0,6,3,2852,0,1,False,False,False,True,False,False,True,False,False,False,True
639.5999999999999,45,0,373,0,0,False,False,True,False,False,True,False,False,True,False,False
1026.6,2,0,106,1,0,False,False,True,False,False,False,True,False,False,True,False
823.8000000000001,4,3,262,0,1,True,False,False,False,True,False,False,False,False,False,True
291.6,2,1,3636,0,0,False,False,False,True,False,False,False,True,False,True,False
934.2,4,2,428,1,1,False,False,True,False,False,False,True,False,False,False,True
718.8,51,0,351,0,0,True,False,False,False,False,True,False,False,True,False,False
287.4,60,1,567,0,0,False,True,False,False,False,True,False,False,True,False,False
241.8,9,1,230,0,0,True,False,False,False,False,False,False,True,False,False,True
1264.1999999999998,3,1,366,1,0,False,True,False,False,True,False,False,False,False,True,False
1147.8000000000002,17,0,2610,1,0,False,False,False,True,True,False,False,False,False,False,True
1044.6,8,0,333,1,0,True,False,False,False,False,False,True,False,False,False,True
972.0,46,1,415,1,0,False,False,True,False,False,False,False,True,True,False,False
989.4,68,0,371,1,0,False,True,False,False,False,True,False,False,True,False,False
642.0,1,1,190,0,0,False,True,False,False,False,False,False,True,False,True,False
246.0,4,3,427,0,1,False,False,True,False,True,False,False,False,False,False,True
301.20000000000005,1,0,200,0,0,False,False,True,False,False,False,False,True,False,True,False
652.8,28,2,424,0,1,False,False,True,False,False,True,False,False,True,False,False
703.2,39,0,606,0,0,False,True,False,False,False,True,False,False,True,False,False
1017.6,11,1,357,1,0,False,True,False,False,False,False,True,False,False,False,True
736.8,71,3,224,0,1,False,True,False,False,False,True,False,False,True,False,False
244.8,2,0,380,0,0,False,False,True,False,False,False,False,True,False,True,False
955.8,30,0,275,1,0,False,True,False,False,False,False,False,True,True,False,False
241.8,17,0,489,0,0,True,False,False,False,False,False,False,True,False,False,True
1133.4,55,0,377,1,0,False,False,True,False,False,True,False,False,True,False,False
957.6,58,1,656,1,0,False,True,False,False,True,False,False,False,True,False,False
650.4000000000001,5,3,3430,0,1,False,False,False,True,False,False,True,False,False,False,True
233.4,1,0,2377,0,0,False,False,False,True,False,False,True,False,False,True,False
888.5999999999999,9,0,507,1,0,False,True,False,False,False,False,True,False,False,False,True
589.8,26,0,341,0,0,True,False,False,False,True,False,False,False,True,False,False
232.8,50,1,405,0,0,False,False,True,False,False,True,False,False,True,False,False
1363.8000000000002,72,0,345,1,0,True,False,False,False,True,False,False,False,True,False,False
1272.0,43,1,514,1,0,False,False,True,False,False,True,False,False,True,False,False
311.4,56,1,614,0,0,False,False,True,False,True,False,False,False,True,False,False
229.2,1,1,519,0,0,False,False,True,False,False,False,False,True,False,True,False
1240.8000000000002,72,0,3237,1,0,False,False,False,True,False,False,True,False,True,False,False
1206.6,72,1,538,1,0,False,False,True,False,True,False,False,False,True,False,False
1144.8000000000002,36,0,482,1,0,False,False,True,False,False,False,True,False,True,False,False
901.8,5,0,229,1,0,False,False,True,False,True,False,False,False,False,False,True
1013.4,13,2,655,1,1,True,False,False,False,False,False,True,False,False,False,True
1069.8000000000002,44,1,670,1,0,True,False,False,False,False,True,False,False,True,False,False
1294.8000000000002,70,0,364,1,0,False,True,False,False,False,False,True,False,True,False,False
234.0,44,0,344,0,0,False,True,False,False,False,True,False,False,True,False,False
1031.4,32,0,491,1,0,False,True,False,False,False,True,False,False,True,False,False
299.4,69,0,482,0,0,False,False,True,False,False,True,False,False,True,False,False
712.8,16,0,369,0,0,True,False,False,False,False,False,True,False,False,False,True
234.0,68,0,212,0,0,False,False,True,False,True,False,False,False,True,False,False
839.4000000000001,16,1,445,0,0,False,False,True,False,False,True,False,False,False,False,True
994.2,68,1,482,1,0,False,False,True,False,True,False,False,False,True,False,False
228.0,4,1,508,0,0,False,True,False,False,False,False,False,True,False,False,True
466.2000000000001,26,1,452,0,0,False,True,False,False,False,True,False,False,True,False,False
367.2000000000001,29,0,359,0,0,False,True,False,False,False,False,True,False,True,False,False
244.2,5,3,549,0,1,False,False,True,False,False,True,False,False,False,False,True
1140.0,70,2,409,1,1,False,True,False,False,True,False,False,False,True,False,False
892.8000000000001,24,2,330,1,1,False,False,True,False,True,False,False,False,False,False,True
941.4,72,2,372,1,1,False,False,True,False,True,False,False,False,True,False,False
891.5999999999999,1,3,138,1,1,False,False,True,False,False,False,False,True,False,True,False
612.5999999999999,70,1,2354,0,0,False,False,False,True,True,False,False,False,True,False,False
230.4,36,0,503,0,0,False,False,True,False,True,False,False,False,True,False,False
1194.6,38,1,450,1,0,False,True,False,False,False,False,True,False,True,False,False
840.0,17,1,3716,0,0,False,False,False,True,False,False,True,False,False,False,True
1309.1999999999998,41,1,2289,1,0,False,False,False,True,True,False,False,False,True,False,False
543.5999999999999,1,1,473,0,0,False,True,False,False,False,False,True,False,False,True,False
358.20000000000005,2,0,518,0,0,False,False,True,False,True,False,False,False,False,True,False
917.4,14,0,751,1,0,False,False,True,False,False,False,True,False,False,False,True
1141.1999999999998,2,3,421,1,1,False,True,False,False,False,True,False,False,False,True,False
237.6,1,1,243,0,0,False,True,False,False,False,False,False,True,False,True,False
873.5999999999999,13,1,527,1,0,True,False,False,False,False,False,True,False,False,False,True
227.4,6,0,679,0,0,True,False,False,False,False,False,False,True,False,False,True
919.8,4,0,351,1,0,False,False,True,False,True,False,False,False,False,False,True
1189.8000000000002,5,2,526,1,1,False,False,True,False,False,False,False,True,False,False,True
1221.0,15,1,584,1,0,False,True,False,False,False,False,True,False,False,False,True
905.4,47,2,552,1,1,False,False,True,False,False,True,False,False,True,False,False
769.1999999999999,8,1,418,0,0,False,False,True,False,False,False,False,True,False,False,True
307.79999999999995,17,1,295,0,0,True,False,False,False,False,False,False,True,False,False,True
901.2,15,0,387,1,0,False,False,True,False,False,False,False,True,False,False,True
1150.1999999999998,26,1,468,1,0,True,False,False,False,True,False,False,False,True,False,False
652.8,23,0,3226,0,0,False,False,False,True,False,False,True,False,False,False,True
873.0,4,0,2767,1,0,False,False,False,True,False,False,True,False,False,False,True
238.2,29,1,343,0,0,False,False,True,False,False,False,False,True,True,False,False
228.6,25,3,483,0,1,False,False,True,False,False,False,False,True,True,False,False
539.4000000000001,9,0,529,0,0,False,True,False,False,False,False,False,True,False,False,True
594.5999999999999,18,2,456,0,1,False,False,True,False,False,False,False,True,False,False,True
1138.1999999999998,3,0,274,1,0,False,False,True,False,False,False,True,False,False,True,False
555.0,69,0,372,0,0,False,False,True,False,True,False,False,False,True,False,False
232.2,14,0,542,0,0,False,False,True,False,False,False,False,True,False,False,True
835.1999999999999,19,0,192,0,0,False,False,True,False,False,False,False,True,False,False,True
1088.4,39,1,825,1,0,False,False,False,True,False,False,True,False,True,False,False
1216.8000000000002,31,0,626,1,0,False,False,True,False,False,False,True,False,True,False,False
243.0,24,1,476,0,0,False,False,True,False,False,False,False,True,False,False,True
585.5999999999999,14,3,491,0,1,False,True,False,False,True,False,False,False,False,False,True
892.1999999999999,64,0,238,1,0,True,False,False,False,False,False,False,True,True,False,False
232.2,50,2,510,0,1,False,False,True,False,False,False,False,True,True,False,False
825.0,52,0,441,0,0,False,False,True,False,False,False,True,False,True,False,False
1202.4,28,1,162,1,0,False,True,False,False,False,False,True,False,True,False,False
250.2,21,0,613,0,0,True,False,False,False,False,True,False,False,False,False,True
1150.8000000000002,25,0,2626,1,0,False,False,False,True,False,False,True,False,True,False,False
232.2,17,0,340,0,0,False,True,False,False,False,False,False,True,False,False,True
540.0,58,0,343,0,0,False,False,True,False,False,True,False,False,True,False,False
978.0,17,0,97,1,0,False,True,False,False,True,False,False,False,False,False,True
306.0,51,1,489,0,0,False,False,True,False,False,False,False,True,True,False,False
586.8,72,2,2709,0,1,False,False,False,True,False,False,False,True,True,False,False
1009.2,52,2,2344,1,1,False,False,False,True,False,False,True,False,True,False,False
235.2,27,1,591,0,0,True,False,False,False,False,False,False,True,True,False,False
240.0,3,0,192,0,0,False,False,True,False,False,False,False,True,False,True,False
975.6,64,0,310,1,0,False,False,True,False,False,False,False,True,True,False,False
1142.4,45,0,272,1,0,False,True,False,False,False,True,False,False,True,False,False
437.4,3,0,2276,0,0,False,False,False,True,False,False,False,True,False,True,False
999.6,71,1,2553,1,0,False,False,False,True,False,True,False,False,True,False,False
300.6,1,1,464,0,0,False,False,True,False,False,False,False,True,False,True,False
243.6,58,0,347,0,0,False,False,True,False,False,True,False,False,True,False,False
1078.1999999999998,34,0,268,1,0,False,True,False,False,False,False,True,False,True,False,False
598.2,8,2,652,0,1,False,False,True,False,False,False,True,False,False,False,True
237.6,15,2,761,0,1,True,False,False,False,False,False,False,True,False,False,True
655.8,66,0,421,0,0,False,True,False,False,True,False,False,False,True,False,False
352.20000000000005,12,3,1894,0,1,False,False,False,True,False,True,False,False,False,False,True
229.8,58,3,621,0,1,False,True,False,False,True,False,False,False,True,False,False
229.2,3,0,1342,0,0,False,False,False,True,False,False,False,True,False,True,False
666.5999999999999,43,0,349,0,0,False,False,True,False,False,True,False,False,True,False,False
966.6,9,1,295,1,0,True,False,False,False,False,False,True,False,False,False,True
243.0,3,3,226,0,1,False,False,True,False,False,False,False,True,False,True,False
834.0,22,2,357,0,1,False,True,False,False,True,False,False,False,False,False,True
1272.0,40,0,270,1,0,False,False,True,False,True,False,False,False,True,False,False
306.0,68,0,401,0,0,False,True,False,False,True,False,False,False,True,False,False
1251.6,54,1,404,1,0,False,False,True,False,False,False,True,False,True,False,False
955.2,50,1,306,1,0,False,False,True,False,False,False,False,True,True,False,False
663.0,1,0,344,0,0,True,False,False,False,False,False,True,False,False,True,False
1056.6,72,2,365,1,1,False,False,True,False,True,False,False,False,True,False,False
244.8,40,1,3147,0,0,False,False,False,True,True,False,False,False,True,False,False
1411.1999999999998,72,2,377,1,1,True,False,False,False,True,False,False,False,True,False,False
240.0,6,2,523,0,1,False,False,True,False,False,False,False,True,False,False,True
235.8,5,1,2968,0,0,False,False,False,True,False,True,False,False,False,False,True
846.5999999999999,48,0,485,1,0,False,False,True,False,False,True,False,False,True,False,False
1126.1999999999998,1,1,608,1,0,False,False,True,False,False,False,True,False,False,True,False
789.5999999999999,64,0,232,0,0,False,False,True,False,False,False,False,True,True,False,False
240.6,17,1,329,0,0,True,False,False,False,False,True,False,False,False,False,True
960.0,40,0,664,1,0,False,False,True,False,False,False,True,False,True,False,False
424.8,41,1,361,0,0,False,True,False,False,False,True,False,False,True,False,False
955.2,51,0,50,1,0,False,True,False,False,True,False,False,False,True,False,False
963.0,41,0,369,1,0,True,False,False,False,False,False,True,False,True,False,False
605.4000000000001,1,0,420,0,0,False,False,True,False,False,False,False,True,False,True,False
245.4,2,0,406,0,0,False,False,False,True,False,False,False,True,False,True,False
955.2,68,1,3567,1,0,False,False,False,True,False,True,False,False,True,False,False
296.4,24,1,1929,0,0,False,False,False,True,False,False,False,True,False,False,True
927.6,70,1,449,1,0,True,False,False,False,False,True,False,False,True,False,False
357.0,3,0,366,0,0,True,False,False,False,False,False,True,False,False,True,False
538.8,2,0,206,0,0,False,False,True,False,True,False,False,False,False,True,False
357.6,3,0,239,0,0,False,True,False,False,False,True,False,False,False,True,False
895.8000000000001,7,0,259,1,0,False,False,True,False,False,False,True,False,False,False,True
863.4000000000001,13,2,562,1,1,False,False,True,False,False,False,True,False,False,False,True
249.0,7,0,377,0,0,False,True,False,False,False,False,False,True,False,False,True
675.5999999999999,12,0,321,0,0,False,False,True,False,False,False,False,True,False,False,True
1263.0,53,0,259,1,0,False,False,True,False,False,False,True,False,True,False,False
1130.4,12,0,579,1,0,True,False,False,False,False,False,True,False,False,False,True
234.6,63,1,619,0,0,False,False,True,False,False,False,False,True,True,False,False
1013.4,15,1,577,1,0,True,False,False,False,False,False,False,True,False,False,True
643.8,36,0,473,0,0,False,True,False,False,False,False,False,True,True,False,False
358.79999999999995,4,0,443,0,0,False,True,False,False,False,False,True,False,False,False,True
236.4,24,0,217,0,0,True,False,False,False,False,False,False,True,False,False,True
524.4000000000001,61,0,363,0,0,False,False,True,False,False,True,False,False,True,False,False
663.5999999999999,16,0,297,0,0,False,False,True,False,False,False,True,False,False,False,True
238.2,65,3,126,0,1,False,False,True,False,False,True,False,False,True,False,False
235.8,26,1,558,0,0,False,False,True,False,False,True,False,False,True,False,False
593.4000000000001,16,1,295,0,0,True,False,False,False,False,False,False,True,False,False,True
1278.6,54,0,579,1,0,True,False,False,False,True,False,False,False,True,False,False
241.2,1,0,532,0,0,False,False,True,False,False,False,False,True,False,True,False
245.4,5,1,483,0,0,False,False,True,False,False,False,False,True,False,False,True
476.4,19,1,491,0,0,False,False,True,False,False,False,True,False,False,False,True
654.0,10,1,307,0,0,False,False,True,False,False,True,False,False,False,False,True
1005.6,23,0,678,1,0,False,True,False,False,False,False,True,False,False,False,True
661.8,3,1,406,0,0,False,False,True,False,False,False,False,True,False,True,False
1339.1999999999998,72,0,445,1,0,False,True,False,False,True,False,False,False,True,False,False
1039.8000000000002,10,2,302,1,1,False,False,True,False,False,False,True,False,False,False,True
666.5999999999999,10,1,260,0,0,False,False,True,False,False,False,False,True,False,False,True
246.6,11,1,2881,0,0,False,False,False,True,False,False,False,True,False,False,True
1281.0,37,0,432,1,0,False,True,False,False,True,False,False,False,True,False,False
745.2,17,1,281,0,0,True,False,False,False,False,False,False,True,False,False,True
1254.0,36,0,184,1,0,True,False,False,False,False,True,False,False,True,False,False
1221.6,17,0,209,1,0,False,False,True,False,False,False,True,False,False,False,True
1327.1999999999998,66,0,579,1,0,False,False,True,False,False,True,False,False,True,False,False
1018.8,61,1,308,1,0,True,False,False,False,True,False,False,False,True,False,False
1118.4,22,0,349,1,0,True,False,False,False,False,False,False,True,False,False,True
292.79999999999995,1,0,617,0,0,True,False,False,False,False,False,True,False,False,True,False
846.5999999999999,6,2,231,1,1,False,False,True,False,False,True,False,False,False,False,True
941.4,31,0,290,1,0,True,False,False,False,False,False,True,False,True,False,False
1020.0,68,1,284,1,0,False,False,True,False,False,True,False,False,True,False,False
1049.4,34,0,3794,1,0,False,False,False,True,False,False,True,False,True,False,False
1029.6,52,0,699,1,0,True,False,False,False,True,False,False,False,True,False,False
1093.1999999999998,10,2,512,1,1,False,False,True,False,False,False,True,False,False,False,True
849.0,29,0,517,1,0,True,False,False,False,False,False,True,False,True,False,False
241.2,72,1,312,0,0,False,False,True,False,True,False,False,False,True,False,False
240.6,47,1,692,0,0,True,False,False,False,False,False,False,True,True,False,False
897.5999999999999,24,1,440,1,0,False,False,True,False,False,False,False,True,False,False,True
297.6,65,1,527,0,0,True,False,False,False,False,True,False,False,True,False,False
1210.1999999999998,4,0,384,1,0,False,False,True,False,False,False,False,True,False,False,True
1216.1999999999998,12,0,2285,1,0,False,False,False,True,False,False,True,False,False,False,True
980.4,1,1,649,1,0,False,True,False,False,False,False,True,False,False,True,False
819.0,33,1,480,0,0,False,True,False,False,False,False,True,False,True,False,False
1261.1999999999998,34,2,617,1,1,False,False,True,False,False,False,True,False,True,False,False
244.8,14,2,2704,0,1,False,False,False,True,False,False,False,True,False,False,True
949.8,4,2,272,1,1,False,False,True,False,False,False,True,False,False,False,True
240.0,13,1,312,0,0,False,True,False,False,False,False,False,True,False,False,True
952.8,65,0,415,1,0,False,False,True,False,True,False,False,False,True,False,False
686.4000000000001,23,2,306,0,1,True,False,False,False,False,True,False,False,False,False,True
703.2,55,1,233,0,0,False,False,True,False,False,False,True,False,True,False,False
1137.6,49,0,580,1,0,False,False,True,False,False,False,True,False,True,False,False
1230.0,60,2,318,1,1,False,False,True,False,True,False,False,False,True,False,False
244.2,69,2,420,0,1,False,False,True,False,False,True,False,False,True,False,False
1018.8,40,1,444,1,0,False,False,True,False,False,False,True,False,True,False,False
830.4000000000001,67,0,311,0,0,False,True,False,False,False,True,False,False,True,False,False
1145.4,35,0,617,1,0,True,False,False,False,False,False,True,False,True,False,False
1211.4,19,2,1606,1,1,False,False,False,True,False,False,True,False,False,False,True
250.2,13,3,439,0,1,False,True,False,False,False,False,False,True,False,False,True
1062.0,41,0,436,1,0,False,False,True,False,True,False,False,False,True,False,False
420.0,4,0,2456,0,0,False,False,False,True,False,False,False,True,False,False,True
661.8,24,2,205,0,1,False,False,True,False,False,False,True,False,False,False,True
611.4000000000001,5,0,3196,0,0,False,False,False,True,False,True,False,False,False,False,True
768.0,5,1,511,0,0,False,False,True,False,False,False,True,False,False,False,True
829.1999999999999,1,3,298,0,1,False,False,True,False,False,False,False,True,False,True,False
962.4,72,0,506,1,0,False,False,True,False,True,False,False,False,True,False,False
591.5999999999999,24,1,456,0,0,True,False,False,False,False,True,False,False,False,False,True
1012.2,42,0,207,1,0,False,False,True,False,False,True,False,False,True,False,False
240.6,4,0,271,0,0,False,True,False,False,False,False,False,True,False,False,True
1406.4,68,2,570,1,1,False,False,True,False,False,True,False,False,True,False,False
241.2,33,0,2747,0,0,False,False,False,True,False,False,False,True,True,False,False
835.1999999999999,1,3,315,0,1,True,False,False,False,False,False,True,False,False,True,False
1241.4,31,1,271,1,0,False,False,True,False,False,False,True,False,True,False,False
935.4,4,0,322,1,0,False,True,False,False,True,False,False,False,False,False,True
1319.4,69,0,333,1,0,True,False,False,False,False,False,True,False,True,False,False
1137.0,38,0,273,1,0,False,True,False,False,False,False,True,False,True,False,False
960.0,3,0,138,1,0,False,True,False,False,False,False,True,False,False,True,False
955.8,48,0,571,1,0,False,True,False,False,False,False,True,False,True,False,False
302.4,15,0,3276,0,0,False,False,False,True,False,False,False,True,False,False,True
238.8,25,1,209,0,0,False,False,True,False,False,True,False,False,True,False,False
941.4,1,1,420,1,0,True,False,False,False,False,False,True,False,False,True,False
537.5999999999999,48,1,264,0,0,False,False,True,False,False,False,True,False,True,False,False
243.6,1,1,360,0,0,False,False,True,False,False,False,False,True,False,True,False
230.4,1,0,2224,0,0,False,False,False,True,False,False,True,False,False,True,False
960.6,37,0,335,1,0,False,False,True,False,False,False,True,False,True,False,False
1288.1999999999998,66,1,700,1,0,False,False,True,False,True,False,False,False,True,False,False
574.2,26,1,333,0,0,False,True,False,False,True,False,False,False,True,False,False
849.5999999999999,63,0,278,1,0,True,False,False,False,False,True,False,False,True,False,False
354.0,10,2,285,0,1,True,False,False,False,False,False,False,True,False,False,True
849.0,2,2,556,1,1,True,False,False,False,False,False,True,False,False,True,False
709.2,18,1,152,0,0,True,False,False,False,False,True,False,False,False,False,True
306.6,64,0,285,0,0,False,False,True,False,False,False,False,True,True,False,False
1013.4,9,2,617,1,1,False,False,True,False,False,False,True,False,False,False,True
243.0,28,1,436,0,0,True,False,False,False,False,False,False,True,True,False,False
906.6,1,2,428,1,1,False,False,True,False,False,False,True,False,False,True,False
1027.8000000000002,4,2,719,1,1,False,True,False,False,False,False,True,False,False,False,True
841.8000000000001,38,2,436,0,1,False,True,False,False,False,True,False,False,True,False,False
1143.6,66,1,293,1,0,False,False,True,False,False,False,True,False,True,False,False
843.0,1,0,357,0,0,True,False,False,False,False,False,True,False,False,True,False
603.5999999999999,18,1,229,0,0,False,True,False,False,False,False,False,True,False,False,True
1173.6,51,1,588,1,0,False,True,False,False,False,False,True,False,True,False,False
238.2,0,1,486,0,0,True,False,False,False,False,False,False,True,False,True,False
555.5999999999999,1,0,568,0,0,False,True,False,False,False,False,False,True,False,True,False
232.2,12,0,581,0,0,False,False,True,False,True,False,False,False,False,False,True
1275.6,41,2,337,1,1,False,True,False,False,False,False,True,False,True,False,False
300.0,12,1,258,0,0,True,False,False,False,False,False,True,False,False,False,True
243.6,55,3,2458,0,1,False,False,False,True,False,False,False,True,True,False,False
904.2,7,2,1801,1,1,False,False,False,True,False,False,True,False,False,False,True
1072.8000000000002,12,1,2631,1,0,False,False,False,True,False,False,True,False,False,False,True
1056.0,68,1,569,1,0,False,False,True,False,False,True,False,False,True,False,False
997.8,5,2,374,1,1,True,False,False,False,False,True,False,False,False,False,True
525.5999999999999,49,1,422,0,0,True,False,False,False,False,False,False,True,True,False,False
744.5999999999999,40,1,385,0,0,False,False,True,False,False,True,False,False,True,False,False
241.2,16,0,520,0,0,False,False,True,False,True,False,False,False,False,False,True
889.8000000000001,10,1,299,1,0,True,False,False,False,False,False,False,True,False,False,True
1216.1999999999998,72,1,70,1,0,True,False,False,False,False,False,True,False,True,False,False
1008.6,2,0,470,1,0,True,False,False,False,False,False,True,False,False,True,False
250.8,23,0,548,0,0,True,False,False,False,False,False,False,True,False,False,True
1270.8000000000002,71,0,466,1,0,False,True,False,False,False,False,True,False,True,False,False
1194.0,11,0,303,1,0,False,True,False,False,False,False,True,False,False,False,True
529.8,1,0,229,0,0,False,True,False,False,False,False,False,True,False,True,False
646.8,16,0,474,0,0,False,False,True,False,False,False,False,True,False,False,True
1025.4,1,3,2613,1,1,False,False,False,True,False,False,False,True,False,True,False
1020.6,12,1,381,1,0,False,True,False,False,False,True,False,False,False,False,True
529.2,54,0,673,0,0,False,True,False,False,True,False,False,False,True,False,False
1082.4,68,0,257,1,0,False,True,False,False,False,True,False,False,True,False,False
610.2,4,1,666,0,0,False,True,False,False,False,False,False,True,False,False,True
710.4000000000001,1,0,404,0,0,False,False,True,False,False,False,True,False,False,True,False
641.4000000000001,27,2,124,0,1,False,False,True,False,False,False,False,True,True,False,False
239.4,21,1,373,0,0,False,False,True,False,False,False,False,True,False,False,True
998.4,13,2,543,1,1,False,False,True,False,False,False,True,False,False,False,True
895.8000000000001,64,0,345,1,0,True,False,False,False,False,True,False,False,True,False,False
658.8,1,1,178,0,0,False,False,True,False,False,False,True,False,False,True,False
690.0,57,0,375,0,0,False,False,True,False,True,False,False,False,True,False,False
1246.8000000000002,21,3,271,1,1,False,True,False,False,False,False,True,False,False,False,True
235.8,19,1,473,0,0,False,True,False,False,False,False,False,True,False,False,True
1125.6,31,0,516,1,0,False,False,True,False,False,False,True,False,True,False,False
1071.0,52,0,1654,1,0,False,False,False,True,False,False,False,True,True,False,False
1129.8000000000002,46,0,1935,1,0,False,False,False,True,False,False,True,False,True,False,False
667.2,11,1,513,0,0,False,False,True,False,False,False,True,False,False,False,True
584.4000000000001,53,0,271,0,0,False,False,True,False,True,False,False,False,True,False,False
231.0,11,1,237,0,0,True,False,False,False,False,False,False,True,False,False,True
1258.8000000000002,57,0,223,1,0,True,False,False,False,True,False,False,False,True,False,False
905.4,2,1,2781,1,0,False,False,False,True,False,False,False,True,False,True,False
658.2,2,2,446,0,1,False,False,True,False,False,False,False,True,False,True,False
238.8,71,2,297,0,1,False,False,True,False,True,False,False,False,True,False,False
232.8,1,2,400,0,1,False,True,False,False,False,False,False,True,False,True,False
300.6,68,0,629,0,0,False,False,True,False,False,True,False,False,True,False,False
1013.4,72,0,253,1,0,False,False,True,False,False,False,False,True,True,False,False
231.6,2,1,107,0,0,False,True,False,False,False,False,False,True,False,True,False
1141.1999999999998,1,0,468,1,0,False,False,True,False,False,False,True,False,False,True,False
958.2,41,0,2411,1,0,False,False,False,True,True,False,False,False,True,False,False
306.6,72,0,293,0,0,True,False,False,False,False,True,False,False,True,False,False
906.0,6,0,497,1,0,False,False,True,False,False,False,True,False,False,False,True
885.0,4,0,525,1,0,True,False,False,False,False,False,True,False,False,False,True
1152.6,12,2,68,1,1,False,False,True,False,False,False,True,False,False,False,True
820.8000000000001,58,0,302,0,0,True,False,False,False,False,False,True,False,True,False,False
247.8,7,1,747,0,0,False,False,True,False,False,False,False,True,False,False,True
661.8,65,0,487,0,0,False,False,True,False,False,False,False,True,True,False,False
847.1999999999999,1,1,501,1,0,False,True,False,False,False,False,False,True,False,True,False
239.4,56,0,575,0,0,False,True,False,False,False,True,False,False,True,False,False
228.0,4,2,402,0,1,True,False,False,False,False,False,False,True,False,False,True
529.2,58,2,519,0,1,False,False,True,False,False,False,False,True,True,False,False
1291.1999999999998,62,0,507,1,0,False,False,True,False,True,False,False,False,True,False,False
738.5999999999999,26,3,480,0,1,False,True,False,False,False,False,True,False,True,False,False
1088.4,62,3,351,1,1,False,True,False,False,True,False,False,False,True,False,False
1191.0,58,2,425,1,1,False,False,True,False,False,True,False,False,True,False,False
1100.4,68,2,2029,1,1,False,False,False,True,False,False,True,False,True,False,False
1208.4,61,0,2510,1,0,False,False,False,True,False,True,False,False,True,False,False
941.4,42,1,224,1,0,True,False,False,False,False,True,False,False,True,False,False
1011.6,18,0,281,1,0,True,False,False,False,True,False,False,False,False,False,True
234.6,56,0,357,0,0,False,False,True,False,True,False,False,False,True,False,False
1067.4,4,3,1745,1,1,False,False,False,True,False,False,True,False,False,False,True
245.4,4,0,324,0,0,False,False,True,False,False,True,False,False,False,False,True
667.2,35,1,2368,0,0,False,False,False,True,False,True,False,False,True,False,False
1041.6,64,2,460,1,1,False,True,False,False,True,False,False,False,True,False,False
251.4,31,2,542,0,1,True,False,False,False,False,False,False,True,True,False,False
240.6,67,3,2128,0,1,False,False,False,True,True,False,False,False,True,False,False
608.4000000000001,4,0,600,0,0,True,False,False,False,False,True,False,False,False,False,True
1363.8000000000002,70,0,540,1,0,True,False,False,False,False,False,True,False,True,False,False
640.8,3,0,475,0,0,True,False,False,False,False,True,False,False,False,True,False
1222.8000000000002,53,0,423,1,0,True,False,False,False,False,False,True,False,True,False,False
714.0,2,0,447,0,0,False,True,False,False,False,False,False,True,False,True,False
1053.6,29,0,578,1,0,False,False,True,False,False,True,False,False,True,False,False
502.8,47,2,583,0,1,False,False,True,False,False,False,False,True,True,False,False
996.0,68,1,600,1,0,False,False,True,False,False,False,True,False,True,False,False
838.1999999999999,12,0,406,0,0,False,True,False,False,False,False,False,True,False,False,True
675.5999999999999,8,1,483,0,0,False,True,False,False,True,False,False,False,False,False,True
1314.6,54,0,601,1,0,False,True,False,False,False,False,True,False,True,False,False
1105.8000000000002,69,0,306,1,0,True,False,False,False,False,False,False,True,True,False,False
834.0,26,2,352,0,1,True,False,False,False,True,False,False,False,True,False,False
1164.0,72,1,402,1,0,False,False,True,False,True,False,False,False,True,False,False
700.2,70,2,534,0,1,False,False,True,False,True,False,False,False,True,False,False
607.2,1,0,537,0,0,False,False,True,False,False,False,False,True,False,True,False
1074.0,10,2,365,1,1,False,False,True,False,False,False,True,False,False,False,True
844.8000000000001,28,1,1293,1,0,False,False,False,True,True,False,False,False,True,False,False
837.5999999999999,1,1,436,0,0,False,True,False,False,False,False,True,False,False,True,False
1131.6,21,1,262,1,0,False,True,False,False,False,False,True,False,False,False,True
1125.6,51,2,176,1,1,True,False,False,False,True,False,False,False,True,False,False
234.6,53,1,210,0,0,True,False,False,False,True,False,False,False,True,False,False
1151.4,53,1,448,1,0,False,False,True,False,False,False,True,False,True,False,False
1212.6,24,3,3588,1,1,False,False,False,True,False,False,True,False,False,False,True
1137.6,70,2,405,1,1,False,False,True,False,False,True,False,False,True,False,False
1293.0,61,0,431,1,0,False,False,True,False,False,False,True,False,True,False,False
655.2,11,1,577,0,0,False,False,True,False,False,False,False,True,False,False,True
855.5999999999999,2,0,168,1,0,False,True,False,False,False,True,False,False,False,True,False
234.0,25,0,478,0,0,False,False,True,False,True,False,False,False,True,False,False
675.5999999999999,41,1,398,0,0,False,False,True,False,False,True,False,False,True,False,False
1136.4,18,3,2952,1,1,False,False,False,True,False,False,True,False,False,False,True
1249.8000000000002,72,3,2113,1,1,False,False,False,True,True,False,False,False,True,False,False
1086.6,71,0,277,1,0,False,False,True,False,False,True,False,False,True,False,False
729.5999999999999,34,1,421,0,0,False,False,True,False,False,False,False,True,True,False,False
1185.6,29,0,647,1,0,True,False,False,False,False,True,False,False,True,False,False
1177.8000000000002,40,3,529,1,1,False,False,True,False,False,True,False,False,True,False,False
424.2000000000001,36,3,323,0,1,True,False,False,False,False,False,False,True,True,False,False
1237.8000000000002,46,1,198,1,0,False,True,False,False,False,False,True,False,True,False,False
1293.0,58,2,147,1,1,False,False,True,False,False,False,True,False,True,False,False
976.8,39,1,597,1,0,False,False,True,False,False,True,False,False,True,False,False
737.4000000000001,4,1,256,0,0,False,False,True,False,False,True,False,False,False,False,True
1148.4,52,0,351,1,0,False,False,True,False,False,True,False,False,True,False,False
1257.6,70,1,598,1,0,False,False,True,False,False,False,True,False,True,False,False
851.4000000000001,65,1,157,1,0,False,True,False,False,True,False,False,False,True,False,False
539.4000000000001,1,1,623,0,0,False,False,True,False,False,False,False,True,False,True,False
1171.8000000000002,70,0,361,1,0,False,True,False,False,False,False,True,False,True,False,False
427.8,29,3,227,0,1,False,True,False,False,False,False,False,True,True,False,False
1086.6,1,0,362,1,0,False,False,True,False,False,False,True,False,False,True,False
1023.0,67,1,291,1,0,False,False,True,False,False,False,False,True,True,False,False
234.0,1,1,466,0,0,False,False,True,False,False,False,False,True,False,True,False
1065.6,26,1,302,1,0,False,False,True,False,True,False,False,False,True,False,False
301.20000000000005,30,1,970,0,0,False,False,False,True,False,False,False,True,True,False,False
1200.6,48,0,366,1,0,False,False,True,False,False,True,False,False,True,False,False
668.4000000000001,55,0,1414,0,0,False,False,False,True,False,False,True,False,True,False,False
1022.4,7,1,430,1,0,False,False,True,False,False,False,False,True,False,False,True
1093.8000000000002,37,1,221,1,0,False,True,False,False,False,False,True,False,True,False,False
1006.2,31,0,326,1,0,False,True,False,False,True,False,False,False,True,False,False
550.8,4,1,2646,0,0,False,False,False,True,False,False,True,False,False,False,True
301.20000000000005,72,1,368,0,0,False,False,True,False,False,True,False,False,True,False,False
1096.8000000000002,5,1,437,1,0,False,False,True,False,False,False,True,False,False,False,True
236.4,1,2,502,0,1,False,True,False,False,False,False,False,True,False,True,False
1098.0,15,0,226,1,0,False,False,True,False,False,False,True,False,False,False,True
615.5999999999999,8,0,390,0,0,False,False,True,False,False,True,False,False,False,False,True
253.2,35,2,50,0,1,False,True,False,False,False,False,False,True,True,False,False
1257.0,56,1,437,1,0,False,True,False,False,False,False,True,False,True,False,False
1273.8000000000002,42,1,354,1,0,False,True,False,False,True,False,False,False,True,False,False
1029.0,65,2,252,1,1,False,True,False,False,False,False,True,False,True,False,False
243.6,2,2,2752,0,1,False,False,False,True,False,False,False,True,False,True,False
1209.0,65,3,3438,1,1,False,False,False,True,False,False,True,False,True,False,False
889.8000000000001,18,1,328,1,0,False,True,False,False,False,False,True,False,False,False,True
942.6,23,1,1744,1,0,False,False,False,True,False,False,True,False,False,False,True
543.5999999999999,4,0,424,0,0,True,False,False,False,False,False,False,True,False,False,True
238.2,70,0,199,0,0,False,False,True,False,False,True,False,False,True,False,False
608.4000000000001,4,1,300,0,0,False,False,True,False,False,False,True,False,False,False,True
540.0,19,0,3477,0,0,False,False,False,True,True,False,False,False,False,False,True
933.6,18,3,409,1,1,False,True,False,False,False,False,True,False,False,False,True
1001.4,38,1,118,1,0,False,False,True,False,False,False,True,False,True,False,False
879.0,2,1,130,1,0,True,False,False,False,False,True,False,False,False,True,False
1137.6,47,0,424,1,0,False,False,True,False,True,False,False,False,True,False,False
241.2,52,0,3189,0,0,False,False,False,True,True,False,False,False,True,False,False
718.8,9,0,1205,0,0,False,False,False,True,False,False,False,True,False,False,True
1081.1999999999998,26,0,467,1,0,True,False,False,False,False,True,False,False,True,False,False
612.5999999999999,8,0,599,0,0,False,False,True,False,False,False,True,False,False,False,True
851.4000000000001,44,1,683,1,0,False,True,False,False,False,False,True,False,True,False,False
350.4,3,2,449,0,1,False,False,True,False,False,False,False,True,False,True,False
559.2,2,2,476,0,1,False,False,True,False,True,False,False,False,False,True,False
1024.1999999999998,9,1,80,1,0,False,False,True,False,True,False,False,False,False,False,True
904.2,1,0,714,1,0,False,True,False,False,False,False,True,False,False,True,False
891.5999999999999,25,2,313,1,1,False,True,False,False,True,False,False,False,True,False,False
831.5999999999999,2,2,259,0,1,False,False,True,False,False,False,True,False,False,True,False
902.4,43,0,361,1,0,False,True,False,False,False,False,True,False,True,False,False
250.8,1,1,3709,0,0,False,False,False,True,False,False,False,True,False,True,False
1131.6,58,0,4266,1,0,False,False,False,True,False,False,True,False,True,False,False
917.4,59,2,418,1,1,True,False,False,False,False,False,False,True,True,False,False
648.0,44,3,549,0,1,False,False,True,False,False,False,True,False,True,False,False
1251.0,66,0,406,1,0,True,False,False,False,False,False,True,False,True,False,False
239.4,68,2,244,0,1,True,False,False,False,True,False,False,False,True,False,False
299.4,9,1,621,0,0,False,False,True,False,False,False,True,False,False,False,True
1017.0,19,3,306,1,1,False,False,True,False,False,False,True,False,False,False,True
237.0,4,1,630,0,0,False,False,True,False,False,False,False,True,False,False,True
1363.8000000000002,70,2,594,1,1,False,False,True,False,True,False,False,False,True,False,False
538.8,1,0,492,0,0,False,True,False,False,False,False,False,True,False,True,False
903.0,8,0,674,1,0,False,True,False,False,False,False,True,False,False,False,True
295.20000000000005,53,0,4285,0,0,False,False,False,True,False,False,False,True,True,False,False
300.0,51,3,373,0,1,False,True,False,False,True,False,False,False,True,False,False
251.4,11,2,278,0,1,False,False,True,False,True,False,False,False,False,False,True
1327.1999999999998,60,2,120,1,1,True,False,False,False,False,False,True,False,True,False,False
666.0,17,3,736,0,1,False,False,True,False,False,True,False,False,False,False,True
519.5999999999999,3,0,334,0,0,True,False,False,False,False,False,True,False,False,True,False
1314.0,70,0,570,1,0,False,False,True,False,True,False,False,False,True,False,False
233.4,1,0,288,0,0,True,False,False,False,False,False,False,True,False,True,False
1018.2,43,0,630,1,0,False,False,True,False,False,False,True,False,True,False,False
235.2,16,0,294,0,0,False,False,True,False,False,False,False,True,False,False,True
641.4000000000001,57,1,221,0,0,False,False,True,False,False,False,True,False,True,False,False
237.6,37,0,2333,0,0,False,False,False,True,False,True,False,False,True,False,False
1345.1999999999998,72,0,320,1,0,True,False,False,False,False,True,False,False,True,False,False
1017.6,11,0,489,1,0,False,False,True,False,False,True,False,False,False,False,True
1140.6,50,0,392,1,0,True,False,False,False,False,False,True,False,True,False,False
604.2,5,3,494,0,1,False,True,False,False,False,False,True,False,False,False,True
895.1999999999999,1,2,356,1,1,False,True,False,False,True,False,False,False,False,True,False
236.4,16,3,300,0,1,True,False,False,False,False,False,False,True,False,False,True
890.4000000000001,2,0,312,1,0,False,False,True,False,False,False,True,False,False,True,False
828.0,17,0,706,0,0,False,False,True,False,False,False,False,True,False,False,True
232.2,16,2,433,0,1,True,False,False,False,False,True,False,False,False,False,True
713.4000000000001,15,0,102,0,0,True,False,False,False,False,False,True,False,False,False,True
237.6,10,0,321,0,0,True,False,False,False,False,False,False,True,False,False,True
1262.4,46,0,414,1,0,True,False,False,False,True,False,False,False,True,False,False
1310.4,64,0,676,1,0,False,False,True,False,False,True,False,False,True,False,False
949.8,1,0,554,1,0,True,False,False,False,False,False,False,True,False,True,False
643.8,25,0,261,0,0,False,False,True,False,False,False,False,True,True,False,False
1202.4,71,1,762,1,0,True,False,False,False,False,True,False,False,True,False,False
541.8,8,0,395,0,0,False,True,False,False,False,False,False,True,False,False,True
1303.8000000000002,72,0,586,1,0,False,True,False,False,True,False,False,False,True,False,False
487.8,49,2,226,0,1,False,True,False,False,True,False,False,False,True,False,False
664.2,29,0,50,0,0,False,False,True,False,False,True,False,False,True,False,False
1267.1999999999998,72,0,188,1,0,False,False,True,False,True,False,False,False,True,False,False
1125.6,31,2,50,1,1,True,False,False,False,False,False,True,False,True,False,False
1148.4,50,0,716,1,0,True,False,False,False,False,False,True,False,True,False,False
998.4,71,0,432,1,0,False,False,True,False,False,False,True,False,True,False,False
1080.6,70,1,1760,1,0,False,False,False,True,False,True,False,False,True,False,False
1171.8000000000002,71,0,467,1,0,False,True,False,False,False,True,False,False,True,False,False
816.5999999999999,61,1,428,0,0,False,False,True,False,True,False,False,False,True,False,False
1154.4,32,2,493,1,1,False,False,True,False,False,False,True,False,True,False,False
955.2,1,0,581,1,0,True,False,False,False,False,False,True,False,False,True,False
1225.1999999999998,68,1,2268,1,0,False,False,False,True,True,False,False,False,True,False,False
280.79999999999995,62,1,268,0,0,False,True,False,False,True,False,False,False,True,False,False
852.5999999999999,7,0,524,1,0,False,True,False,False,False,False,True,False,False,False,True
1023.0,20,1,520,1,0,False,False,True,False,False,False,True,False,False,False,True
233.4,6,0,415,0,0,False,True,False,False,False,False,False,True,False,False,True
713.4000000000001,33,1,726,0,0,False,False,True,False,True,False,False,False,True,False,False
1106.4,28,0,334,1,0,False,False,True,False,True,False,False,False,True,False,False
238.2,27,1,1780,0,0,False,False,False,True,False,True,False,False,True,False,False
526.8,7,0,462,0,0,True,False,False,False,False,False,False,True,False,False,True
966.0,26,2,298,1,1,False,False,True,False,False,False,True,False,True,False,False
1077.6,5,0,474,1,0,False,False,True,False,False,False,True,False,False,False,True
1086.0,30,0,275,1,0,False,True,False,False,False,True,False,False,True,False,False
1085.4,63,1,339,1,0,True,False,False,False,False,True,False,False,True,False,False
609.0,1,1,4012,0,0,False,False,False,True,False,False,True,False,False,True,False
1015.2,53,1,339,1,0,True,False,False,False,False,False,True,False,True,False,False
1075.8000000000002,14,1,280,1,0,False,True,False,False,False,True,False,False,False,False,True
1189.8000000000002,21,2,3436,1,1,False,False,False,True,True,False,False,False,False,False,True
239.4,17,2,242,0,1,False,False,True,False,False,False,False,True,False,False,True
246.0,16,0,296,0,0,False,False,True,False,False,False,False,True,False,False,True
745.2,35,1,486,0,0,False,False,True,False,False,False,True,False,True,False,False
954.0,32,2,540,1,1,False,True,False,False,False,False,True,False,True,False,False
234.6,28,3,583,0,1,True,False,False,False,True,False,False,False,True,False,False
244.2,1,2,287,0,1,True,False,False,False,False,False,False,True,False,True,False
620.4000000000001,59,0,489,0,0,False,False,True,False,False,False,True,False,True,False,False
279.6,72,0,330,0,0,False,False,True,False,True,False,False,False,True,False,False
784.8000000000001,36,1,309,0,0,False,False,True,False,False,False,False,True,True,False,False
781.1999999999999,40,1,580,0,0,False,False,True,False,False,False,False,True,True,False,False
974.4,40,1,317,1,0,False,True,False,False,False,False,True,False,True,False,False
874.8000000000001,9,1,441,1,0,True,False,False,False,False,False,False,True,False,False,True
894.0,63,2,423,1,1,True,False,False,False,False,True,False,False,True,False,False
966.0,3,0,1643,1,0,False,False,False,True,False,False,True,False,False,True,False
723.5999999999999,40,2,544,0,1,True,False,False,False,False,False,False,True,True,False,False
900.0,8,0,484,1,0,False,True,False,False,False,False,False,True,False,False,True
1081.8000000000002,34,0,102,1,0,False,False,True,False,False,False,False,True,True,False,False
480.0,5,1,441,0,0,False,True,False,False,False,False,False,True,False,False,True
1193.4,9,2,284,1,1,False,True,False,False,False,True,False,False,False,False,True
828.5999999999999,9,0,3377,0,0,False,False,False,True,False,True,False,False,False,False,True
716.4000000000001,31,0,183,0,0,False,False,True,False,True,False,False,False,True,False,False
238.2,50,3,346,0,1,False,False,True,False,True,False,False,False,True,False,False
1035.0,2,0,454,1,0,False,False,True,False,False,False,True,False,False,True,False
547.8,1,1,408,0,0,True,False,False,False,False,False,True,False,False,True,False
841.1999999999999,8,1,514,0,0,False,False,True,False,False,False,False,True,False,False,True
489.0,9,1,1285,0,0,False,False,False,True,False,False,True,False,False,False,True
842.4000000000001,2,1,3821,0,0,False,False,False,True,True,False,False,False,False,True,False
664.2,3,0,478,0,0,False,False,True,False,False,False,True,False,False,True,False
1148.4,25,1,603,1,0,False,True,False,False,False,True,False,False,True,False,False
555.5999999999999,1,0,531,0,0,True,False,False,False,False,False,True,False,False,True,False
975.6,45,1,398,1,0,False,True,False,False,False,False,False,True,True,False,False
1010.4,51,0,207,1,0,True,False,False,False,False,False,True,False,True,False,False
240.0,55,1,315,0,0,False,False,True,False,False,True,False,False,True,False,False
793.8000000000001,38,0,638,0,0,False,False,True,False,True,False,False,False,True,False,False
550.2,2,0,607,0,0,True,False,False,False,False,False,False,True,False,True,False
235.2,38,0,307,0,0,True,False,False,False,False,False,True,False,True,False,False
597.5999999999999,34,0,50,0,0,True,False,False,False,False,False,True,False,True,False,False
1221.0,70,2,2329,1,1,False,False,False,True,False,False,True,False,True,False,False
661.8,13,0,356,0,0,True,False,False,False,False,False,False,True,False,False,True
903.0,39,3,362,1,1,True,False,False,False,False,False,True,False,True,False,False
1247.4,61,3,479,1,1,True,False,False,False,False,False,True,False,True,False,False
1201.8000000000002,12,1,531,1,0,False,True,False,False,True,False,False,False,False,False,True
1195.8000000000002,41,0,548,1,0,False,False,True,False,False,True,False,False,True,False,False
884.4000000000001,21,0,466,1,0,True,False,False,False,False,False,True,False,False,False,True
600.5999999999999,55,2,129,0,1,False,False,True,False,True,False,False,False,True,False,False
723.0,69,0,348,0,0,False,True,False,False,True,False,False,False,True,False,False
1269.0,26,0,745,1,0,False,False,True,False,False,False,True,False,True,False,False
1047.6,69,1,456,1,0,False,True,False,False,False,True,False,False,True,False,False
580.2,18,2,455,0,1,False,True,False,False,False,False,True,False,False,False,True
651.0,47,2,453,0,1,False,False,True,False,False,False,True,False,True,False,False
1023.6,72,0,462,1,0,True,False,False,False,True,False,False,False,True,False,False
600.0,33,1,50,0,0,False,False,True,False,False,False,True,False,True,False,False
292.79999999999995,2,0,364,0,0,False,True,False,False,False,False,False,True,False,True,False
1091.4,72,0,394,1,0,False,False,True,False,False,True,False,False,True,False,False
867.0,37,2,592,1,1,False,False,True,False,True,False,False,False,True,False,False
1153.1999999999998,62,0,407,1,0,False,False,True,False,False,True,False,False,True,False,False
238.2,71,0,1182,0,0,False,False,False,True,False,True,False,False,True,False,False
663.5999999999999,23,0,464,0,0,False,False,True,False,True,False,False,False,False,False,True
241.2,16,2,279,0,1,True,False,False,False,False,False,False,True,False,False,True
834.0,9,2,217,0,1,False,False,True,False,False,False,False,True,False,False,True
301.79999999999995,17,1,274,0,0,False,False,True,False,False,False,False,True,False,False,True
251.4,4,2,481,0,1,False,False,True,False,True,False,False,False,False,False,True
594.5999999999999,1,0,588,0,0,False,False,True,False,False,False,True,False,False,True,False
955.8,24,1,2886,1,0,False,False,False,True,False,False,False,True,False,False,True
855.0,1,0,494,1,0,True,False,False,False,False,False,True,False,False,True,False
1365.6,72,0,470,1,0,False,True,False,False,True,False,False,False,True,False,False
294.6,72,1,415,0,0,False,False,True,False,False,False,True,False,True,False,False
236.4,11,3,504,0,1,False,False,True,False,False,True,False,False,False,False,True
243.0,9,0,50,0,0,False,True,False,False,False,False,False,True,False,False,True
601.8,2,0,416,0,0,True,False,False,False,False,True,False,False,False,True,False
1206.0,60,0,243,1,0,False,False,True,False,False,True,False,False,True,False,False
1150.8000000000002,29,0,3430,1,0,False,False,False,True,False,False,True,False,True,False,False
893.4000000000001,49,3,377,1,1,False,False,True,False,True,False,False,False,True,False,False
1249.1999999999998,30,1,404,1,0,False,False,True,False,False,False,True,False,True,False,False
228.6,53,1,174,0,0,False,True,False,False,False,True,False,False,True,False,False
300.0,39,2,552,0,1,False,False,True,False,False,False,False,True,True,False,False
228.6,9,0,3001,0,0,False,False,False,True,False,False,False,True,False,False,True
982.8,39,1,483,1,0,False,False,True,False,False,False,True,False,True,False,False
836.4000000000001,8,0,1849,0,0,False,False,False,True,False,False,True,False,False,False,True
1081.8000000000002,51,1,283,1,0,False,False,True,False,False,False,True,False,True,False,False
304.20000000000005,71,3,433,0,1,True,False,False,False,False,True,False,False,True,False,False
295.79999999999995,71,2,295,0,1,False,False,True,False,False,False,False,True,True,False,False
234.6,70,0,465,0,0,True,False,False,False,False,True,False,False,True,False,False
303.0,1,2,75,0,1,True,False,False,False,False,False,True,False,False,True,False
720.0,38,0,326,0,0,True,False,False,False,True,False,False,False,True,False,False
1078.8000000000002,28,0,669,1,0,False,True,False,False,False,True,False,False,True,False,False
232.8,32,0,2851,0,0,False,False,False,True,True,False,False,False,True,False,False
597.5999999999999,49,0,425,0,0,False,False,True,False,False,False,False,True,True,False,False
289.20000000000005,37,1,697,0,0,False,False,True,False,True,False,False,False,True,False,False
651.0,10,1,50,0,0,False,False,True,False,False,False,True,False,False,False,True
1318.8000000000002,67,3,277,1,1,False,False,True,False,False,True,False,False,True,False,False
426.0,7,1,339,0,0,True,False,False,False,False,True,False,False,False,False,True
1050.6,51,1,528,1,0,False,False,True,False,False,True,False,False,True,False,False
541.8,9,0,531,0,0,False,True,False,False,False,False,True,False,False,False,True
1060.8000000000002,9,0,270,1,0,False,True,False,False,False,False,False,True,False,False,True
609.5999999999999,4,1,549,0,0,False,True,False,False,False,False,False,True,False,False,True
1188.0,71,0,2177,1,0,False,False,False,True,False,False,True,False,True,False,False
1012.8,50,2,581,1,1,False,False,True,False,True,False,False,False,True,False,False
1158.6,24,0,245,1,0,False,True,False,False,False,False,True,False,False,False,True
717.0,22,0,381,0,0,False,False,True,False,True,False,False,False,False,False,True
1338.0,44,0,326,1,0,True,False,False,False,False,False,True,False,True,False,False
291.0,33,0,3344,0,0,False,False,False,True,True,False,False,False,True,False,False
901.2,1,0,321,1,0,True,False,False,False,False,False,True,False,False,True,False
841.8000000000001,54,1,393,0,0,False,False,True,False,False,True,False,False,True,False,False
1221.0,42,0,476,1,0,False,False,True,False,False,False,True,False,True,False,False
549.5999999999999,1,1,481,0,0,False,False,True,False,False,False,True,False,False,True,False
246.0,1,0,533,0,0,False,False,True,False,False,False,False,True,False,True,False
844.8000000000001,30,0,431,1,0,False,False,True,False,False,False,True,False,True,False,False
366.6,1,0,2165,0,0,False,False,False,True,False,False,False,True,False,True,False
1018.8,16,2,347,1,1,False,False,True,False,False,False,True,False,False,False,True
241.2,1,0,403,0,0,False,True,False,False,False,False,False,True,False,True,False
487.8,9,2,437,0,1,True,False,False,False,False,False,False,True,False,False,True
1212.0,46,0,2382,1,0,False,False,False,True,False,False,True,False,True,False,False
829.1999999999999,1,2,402,0,1,False,False,True,False,False,False,True,False,False,True,False
654.0,71,0,172,0,0,False,False,True,False,True,False,False,False,True,False,False
904.2,43,1,500,1,0,False,True,False,False,False,True,False,False,True,False,False
533.4000000000001,50,1,427,0,0,False,False,True,False,True,False,False,False,True,False,False
900.0,13,3,550,1,1,False,True,False,False,False,False,False,True,False,False,True
1200.0,19,0,400,1,0,False,False,True,False,True,False,False,False,False,False,True
1176.6,41,0,139,1,0,True,False,False,False,True,False,False,False,True,False,False
853.8000000000001,1,0,2213,1,0,False,False,False,True,False,False,True,False,False,True,False
649.8,24,2,370,0,1,False,True,False,False,False,True,False,False,False,False,True
766.8,40,1,511,0,0,False,False,True,False,True,False,False,False,True,False,False
829.8000000000001,3,2,89,0,1,False,False,True,False,True,False,False,False,False,True,False
775.8000000000001,37,0,2532,0,0,False,False,False,True,True,False,False,False,True,False,False
1305.0,67,0,477,1,0,False,True,False,False,False,True,False,False,True,False,False
1186.1999999999998,32,0,300,1,0,False,False,True,False,False,False,True,False,True,False,False
589.8,6,3,411,0,1,False,False,True,False,False,False,True,False,False,False,True
1075.1999999999998,32,1,305,1,0,False,False,True,False,False,False,True,False,True,False,False
999.0,59,3,1916,1,1,False,False,False,True,False,False,True,False,True,False,False
843.0,30,0,338,0,0,False,False,True,False,True,False,False,False,True,False,False
232.8,20,1,293,0,0,False,True,False,False,False,False,True,False,False,False,True
294.0,27,1,502,0,0,False,True,False,False,False,False,True,False,True,False,False
949.8,20,0,289,1,0,False,True,False,False,False,False,True,False,False,False,True
241.2,9,2,264,0,1,True,False,False,False,False,False,False,True,False,False,True
876.0,68,3,665,1,1,True,False,False,False,False,True,False,False,True,False,False
736.8,69,2,544,0,1,False,True,False,False,False,True,False,False,True,False,False
1011.6,26,1,120,1,0,False,False,True,False,False,False,False,True,True,False,False
238.8,69,0,285,0,0,False,False,True,False,True,False,False,False,True,False,False
244.8,11,0,436,0,0,False,True,False,False,False,False,False,True,False,False,True
609.0,1,3,448,0,1,False,True,False,False,False,False,False,True,False,True,False
245.4,10,0,1307,0,0,False,False,False,True,False,False,False,True,False,False,True
909.0,55,1,573,1,0,False,False,True,False,True,False,False,False,True,False,False
784.8000000000001,44,1,523,0,0,False,True,False,False,False,False,True,False,True,False,False
964.8,46,1,472,1,0,False,False,True,False,False,False,True,False,True,False,False
717.0,69,3,3585,0,1,False,False,False,True,True,False,False,False,True,False,False
942.0,11,0,467,1,0,False,False,True,False,False,False,True,False,False,False,True
1224.0,11,0,2858,1,0,False,False,False,True,False,False,True,False,False,False,True
587.4000000000001,29,0,633,0,0,False,False,True,False,True,False,False,False,True,False,False
1195.8000000000002,57,0,565,1,0,False,False,True,False,False,False,True,False,True,False,False
219.0,28,0,1826,0,0,False,False,False,True,False,True,False,False,True,False,False
654.5999999999999,42,0,494,0,0,False,False,True,False,False,True,False,False,True,False,False
247.8,2,2,1968,0,1,False,False,False,True,False,False,False,True,False,True,False
487.8,23,3,475,0,1,False,True,False,False,True,False,False,False,False,False,True
245.4,18,0,471,0,0,False,True,False,False,False,False,False,True,False,False,True
297.6,62,0,192,0,0,False,False,True,False,True,False,False,False,True,False,False
849.5999999999999,1,3,381,1,1,False,True,False,False,False,False,False,True,False,True,False
1068.6,16,0,439,1,0,False,True,False,False,False,True,False,False,False,False,True
1159.1999999999998,3,0,334,1,0,False,True,False,False,False,False,True,False,False,True,False
1065.6,67,0,2751,1,0,False,False,False,True,True,False,False,False,True,False,False
240.6,62,1,520,0,0,False,False,True,False,False,True,False,False,True,False,False
1254.0,57,0,395,1,0,False,False,True,False,False,True,False,False,True,False,False
837.5999999999999,2,3,433,0,1,False,False,True,False,False,False,True,False,False,True,False
925.8,23,0,607,1,0,False,False,True,False,True,False,False,False,False,False,True
420.6,25,1,470,0,0,False,False,True,False,True,False,False,False,True,False,False
1297.1999999999998,72,0,2660,1,0,False,False,False,True,True,False,False,False,True,False,False
1008.6,2,1,1733,1,0,False,False,False,True,False,False,True,False,False,True,False
242.4,8,1,500,0,0,False,False,True,False,True,False,False,False,False,False,True
607.2,5,2,449,0,1,True,False,False,False,False,False,False,True,False,False,True
590.4000000000001,35,2,592,0,1,False,True,False,False,False,False,True,False,True,False,False
295.20000000000005,24,1,407,0,0,True,False,False,False,False,False,True,False,False,False,True
859.8000000000001,2,3,1046,1,1,False,False,False,True,False,False,True,False,False,True,False
1258.8000000000002,72,2,1139,1,1,False,False,False,True,False,True,False,False,True,False,False
1278.0,41,2,510,1,1,False,False,True,False,False,False,True,False,True,False,False
592.2,4,0,314,0,0,False,False,True,False,False,False,True,False,False,False,True
906.0,26,0,465,1,0,False,False,True,False,True,False,False,False,True,False,False
1131.0,7,0,2591,1,0,False,False,False,True,False,False,True,False,False,False,True
827.4000000000001,1,1,374,0,0,False,False,True,False,False,False,True,False,False,True,False
702.0,4,0,2422,0,0,False,False,False,True,False,False,False,True,False,False,True
946.8,48,0,270,1,0,False,False,True,False,False,True,False,False,True,False,False
1126.1999999999998,2,2,397,1,1,True,False,False,False,False,False,True,False,False,True,False
950.4,12,2,312,1,1,False,False,True,False,False,False,True,False,False,False,True
1313.4,60,3,344,1,1,False,False,True,False,True,False,False,False,True,False,False
710.4000000000001,55,0,351,0,0,False,False,True,False,False,False,True,False,True,False,False
349.79999999999995,1,1,365,0,0,False,False,True,False,False,False,False,True,False,True,False
240.6,1,0,538,0,0,False,False,True,False,False,False,False,True,False,True,False
912.6,4,0,2396,1,0,False,False,False,True,False,False,True,False,False,False,True
293.4,1,0,553,0,0,False,False,True,False,False,False,False,True,False,True,False
798.0,42,0,630,0,0,False,False,True,False,False,True,False,False,True,False,False
594.5999999999999,1,0,528,0,0,True,False,False,False,True,False,False,False,False,True,False
1072.1999999999998,7,2,480,1,1,False,False,True,False,False,True,False,False,False,False,True
883.1999999999999,3,0,449,1,0,True,False,False,False,False,True,False,False,False,True,False
991.8,72,1,529,1,0,True,False,False,False,False,True,False,False,True,False,False
588.0,15,1,413,0,0,False,False,True,False,False,False,True,False,False,False,True
964.2,4,0,547,1,0,False,False,True,False,False,False,True,False,False,False,True
302.4,11,1,492,0,0,False,False,True,False,False,False,True,False,False,False,True
305.4,5,0,2212,0,0,False,False,False,True,False,False,False,True,False,False,True
669.5999999999999,1,1,534,0,0,False,True,False,False,False,False,True,False,False,True,False
1330.8000000000002,72,0,413,1,0,False,True,False,False,False,True,False,False,True,False,False
933.0,55,0,2415,1,0,False,False,False,True,False,True,False,False,True,False,False
314.4,40,0,328,0,0,False,False,True,False,False,False,True,False,True,False,False
238.8,57,1,424,0,0,True,False,False,False,True,False,False,False,True,False,False
948.6,1,3,3297,1,1,False,False,False,True,False,False,True,False,False,True,False
1140.0,1,0,533,1,0,False,True,False,False,False,False,True,False,False,True,False
302.4,1,1,453,0,0,True,False,False,False,False,False,False,True,False,True,False
970.2,52,1,2979,1,0,False,False,False,True,False,False,True,False,True,False,False
1180.8000000000002,41,3,590,1,1,False,False,True,False,False,False,True,False,True,False,False
676.2,43,2,377,0,1,False,False,True,False,False,False,False,True,True,False,False
231.6,47,1,232,0,0,False,True,False,False,True,False,False,False,True,False,False
604.8,3,1,595,0,0,False,False,True,False,True,False,False,False,False,True,False
952.8,66,2,320,1,1,True,False,False,False,False,True,False,False,True,False,False
663.0,55,0,296,0,0,False,False,True,False,False,True,False,False,True,False,False
229.2,29,0,1063,0,0,False,False,False,True,False,False,False,True,True,False,False
1008.6,12,0,485,1,0,False,True,False,False,False,False,True,False,False,False,True
1262.4,66,2,156,1,1,False,False,True,False,False,False,True,False,True,False,False
1216.8000000000002,35,2,287,1,1,True,False,False,False,False,False,True,False,True,False,False
1077.6,10,0,488,1,0,True,False,False,False,False,False,True,False,False,False,True
909.0,27,1,508,1,0,False,True,False,False,True,False,False,False,True,False,False
1143.6,58,1,302,1,0,False,False,True,False,False,False,True,False,True,False,False
1317.0,54,0,379,1,0,False,False,True,False,True,False,False,False,True,False,False
238.2,9,3,269,0,1,False,False,True,False,False,False,False,True,False,False,True
231.6,2,0,317,0,0,False,False,True,False,False,True,False,False,False,True,False
829.1999999999999,6,0,439,0,0,False,True,False,False,False,False,True,False,False,False,True
1095.0,26,1,324,1,0,True,False,False,False,False,False,True,False,True,False,False
243.0,9,1,363,0,0,False,True,False,False,False,False,False,True,False,False,True
657.0,8,0,180,0,0,True,False,False,False,False,False,False,True,False,False,True
977.4,12,1,3406,1,0,False,False,False,True,False,False,True,False,False,False,True
589.2,15,1,476,0,0,False,True,False,False,False,False,True,False,False,False,True
962.4,43,0,518,1,0,True,False,False,False,False,False,True,False,True,False,False
1203.6,42,0,593,1,0,False,True,False,False,False,False,True,False,True,False,False
783.0,31,1,276,0,0,True,False,False,False,False,True,False,False,True,False,False
1091.4,66,0,346,1,0,False,False,True,False,False,True,False,False,True,False,False
1025.4,18,3,115,1,1,False,False,True,False,False,False,True,False,False,False,True
240.0,1,2,871,0,1,True,False,False,False,False,False,False,True,False,True,False
1129.1999999999998,61,3,377,1,1,False,True,False,False,False,False,True,False,True,False,False
958.2,10,0,555,1,0,True,False,False,False,False,False,True,False,False,False,True
859.8000000000001,1,3,214,1,1,True,False,False,False,False,False,True,False,False,True,False
882.5999999999999,18,0,549,1,0,False,False,True,False,False,False,True,False,False,False,True
1255.8000000000002,24,0,678,1,0,False,True,False,False,False,False,True,False,False,False,True
231.6,3,0,390,0,0,False,False,True,False,False,False,False,True,False,True,False
241.8,50,0,248,0,0,False,True,False,False,False,True,False,False,True,False,False
534.5999999999999,1,1,2388,0,0,False,False,False,True,False,False,True,False,False,True,False
653.4000000000001,2,1,65,0,0,False,False,True,False,False,False,False,True,False,True,False
235.8,17,0,394,0,0,False,True,False,False,True,False,False,False,False,False,True
1260.0,69,1,3156,1,0,False,False,False,True,False,False,True,False,True,False,False
1064.4,72,0,394,1,0,False,False,True,False,False,True,False,False,True,False,False
891.0,3,1,357,1,0,True,False,False,False,False,False,True,False,False,True,False
901.8,50,0,479,1,0,False,True,False,False,True,False,False,False,True,False,False
243.0,53,2,490,0,1,True,False,False,False,False,False,False,True,True,False,False
1309.1999999999998,58,2,151,1,1,False,False,True,False,False,True,False,False,True,False,False
369.0,46,1,413,0,0,False,False,True,False,True,False,False,False,True,False,False
1354.8000000000002,72,0,765,1,0,False,True,False,False,False,True,False,False,True,False,False
890.4000000000001,1,0,199,1,0,False,False,True,False,False,False,True,False,False,True,False
1128.6,6,2,387,1,1,True,False,False,False,False,False,False,True,False,False,True
946.2,72,0,691,1,0,False,False,True,False,True,False,False,False,True,False,False
663.5999999999999,4,0,3383,0,0,False,False,False,True,False,False,False,True,False,False,True
232.2,52,0,322,0,0,False,True,False,False,False,False,False,True,True,False,False
304.20000000000005,0,1,430,0,0,False,False,True,False,False,False,False,True,False,True,False
245.4,2,1,399,0,0,False,False,True,False,False,False,False,True,False,True,False
232.2,65,2,287,0,1,False,True,False,False,True,False,False,False,True,False,False
1212.0,43,0,388,1,0,False,True,False,False,False,False,True,False,True,False,False
1202.4,4,0,358,1,0,False,False,True,False,False,False,True,False,False,False,True
1068.6,25,2,416,1,1,True,False,False,False,False,False,True,False,True,False,False
943.8,51,2,287,1,1,False,False,True,False,False,True,False,False,True,False,False
897.0,12,0,208,1,0,False,False,True,False,True,False,False,False,False,False,True
841.1999999999999,57,1,393,0,0,False,True,False,False,True,False,False,False,True,False,False
238.8,24,0,657,0,0,False,False,True,False,False,False,False,True,False,False,True
700.2,64,3,412,0,1,True,False,False,False,True,False,False,False,True,False,False
1267.8000000000002,4,0,350,1,0,False,False,True,False,False,False,True,False,False,False,True
1206.0,26,3,513,1,1,False,False,True,False,True,False,False,False,True,False,False
240.6,15,1,376,0,0,False,False,True,False,False,False,False,True,False,False,True
307.79999999999995,64,1,680,0,0,False,True,False,False,False,True,False,False,True,False,False
1158.0,36,0,399,1,0,False,True,False,False,False,False,True,False,True,False,False
1140.0,27,1,3060,1,0,False,False,False,True,False,True,False,False,True,False,False
850.1999999999999,1,0,286,1,0,False,False,True,False,False,False,False,True,False,True,False
1031.4,35,0,475,1,0,False,False,True,False,False,True,False,False,True,False,False
886.8000000000001,4,1,441,1,0,True,False,False,False,False,False,True,False,False,False,True
545.4000000000001,8,3,391,0,1,False,False,True,False,False,False,True,False,False,False,True
240.0,10,1,324,0,0,True,False,False,False,False,True,False,False,False,False,True
590.4000000000001,2,1,304,0,0,False,False,True,False,False,False,False,True,False,True,False
1313.4,58,0,442,1,0,True,False,False,False,True,False,False,False,True,False,False
999.0,51,0,494,1,0,False,False,True,False,False,True,False,False,True,False,False
231.0,46,0,380,0,0,False,True,False,False,False,False,False,True,True,False,False
235.8,1,1,443,0,0,False,False,True,False,True,False,False,False,False,True,False
873.5999999999999,46,3,394,1,1,False,False,True,False,True,False,False,False,True,False,False
1315.8000000000002,50,1,414,1,0,False,False,True,False,True,False,False,False,True,False,False
780.0,53,0,369,0,0,False,False,True,False,False,True,False,False,True,False,False
1369.1999999999998,61,0,402,1,0,False,False,True,False,False,False,True,False,True,False,False
247.8,5,1,804,0,0,False,True,False,False,True,False,False,False,False,False,True
1043.4,47,0,446,1,0,False,True,False,False,True,False,False,False,True,False,False
1137.0,54,2,3016,1,1,False,False,False,True,True,False,False,False,True,False,False
304.20000000000005,19,2,2850,0,1,False,False,False,True,False,True,False,False,False,False,True
1265.4,26,1,360,1,0,False,True,False,False,False,False,True,False,True,False,False
304.79999999999995,70,0,594,0,0,False,False,True,False,False,False,False,True,True,False,False
1230.6,17,0,356,1,0,False,True,False,False,False,False,True,False,False,False,True
1202.4,30,0,558,1,0,False,False,True,False,False,False,True,False,True,False,False
288.0,1,0,349,0,0,True,False,False,False,False,False,False,True,False,True,False
307.20000000000005,19,0,256,0,0,False,False,True,False,False,False,False,True,False,False,True
882.0,26,1,454,1,0,False,False,True,False,False,True,False,False,True,False,False
888.5999999999999,21,1,1616,1,0,False,False,False,True,True,False,False,False,False,False,True
1179.0,50,0,480,1,0,False,False,True,False,False,False,True,False,True,False,False
652.8,68,0,220,0,0,True,False,False,False,False,False,True,False,True,False,False
1218.6,3,0,352,1,0,True,False,False,False,True,False,False,False,False,True,False
1237.1999999999998,9,0,185,1,0,False,False,True,False,False,False,True,False,False,False,True
410.4,51,2,823,0,1,False,False,True,False,True,False,False,False,True,False,False
525.0,9,0,151,0,0,False,True,False,False,False,False,True,False,False,False,True
1343.4,41,0,401,1,0,False,True,False,False,False,False,True,False,True,False,False
1207.8000000000002,22,0,571,1,0,False,False,True,False,False,False,True,False,False,False,True
671.4000000000001,21,2,3329,0,1,False,False,False,True,False,False,True,False,False,False,True
1392.6,71,1,527,1,0,False,True,False,False,True,False,False,False,True,False,False
549.0,1,0,352,0,0,False,False,True,False,False,False,True,False,False,True,False
984.0,26,1,602,1,0,False,False,True,False,False,True,False,False,True,False,False
781.8000000000001,71,1,3230,0,0,False,False,False,True,True,False,False,False,True,False,False
537.5999999999999,4,3,431,0,1,False,False,True,False,False,True,False,False,False,False,True
957.6,12,0,436,1,0,True,False,False,False,False,False,True,False,False,False,True
1066.1999999999998,18,2,354,1,1,False,False,True,False,False,False,True,False,False,False,True
899.4000000000001,3,3,263,1,1,False,True,False,False,False,False,True,False,False,True,False
1282.1999999999998,72,3,585,1,1,True,False,False,False,True,False,False,False,True,False,False
899.4000000000001,11,1,596,1,0,True,False,False,False,False,False,True,False,False,False,True
961.8,1,1,267,1,0,False,False,True,False,False,True,False,False,False,True,False
231.6,13,0,376,0,0,False,False,True,False,False,True,False,False,False,False,True
1311.0,72,2,2385,1,1,False,False,False,True,False,False,True,False,True,False,False
673.2,42,1,395,0,0,False,False,True,False,False,True,False,False,True,False,False
236.4,17,1,409,0,0,False,False,True,False,False,True,False,False,False,False,True
615.5999999999999,7,0,542,0,0,True,False,False,False,False,False,False,True,False,False,True
1423.1999999999998,68,1,287,1,0,False,False,True,False,False,False,False,True,True,False,False
289.79999999999995,56,2,273,0,1,False,False,True,False,True,False,False,False,True,False,False
243.6,38,0,585,0,0,False,False,True,False,False,False,False,True,True,False,False
1386.0,72,2,330,1,1,False,True,False,False,False,False,True,False,True,False,False
300.6,48,1,1489,0,0,False,False,False,True,False,True,False,False,True,False,False
1309.1999999999998,52,2,327,1,1,False,False,True,False,False,False,True,False,True,False,False
235.8,35,0,350,0,0,False,False,True,False,False,False,False,True,True,False,False
1335.6,67,0,633,1,0,False,False,True,False,True,False,False,False,True,False,False
358.79999999999995,1,3,3239,0,1,False,False,False,True,False,False,False,True,False,True,False
967.2,53,0,572,1,0,False,False,True,False,False,False,False,True,True,False,False
249.6,34,2,522,0,1,True,False,False,False,False,False,False,True,True,False,False
422.4,3,1,541,0,0,False,False,True,False,False,True,False,False,False,True,False
945.6,1,1,296,1,0,True,False,False,False,False,False,True,False,False,True,False
1079.4,19,0,370,1,0,False,False,True,False,False,False,False,True,False,False,True
1392.6,60,1,1708,1,0,False,False,False,True,True,False,False,False,True,False,False
234.6,11,0,368,0,0,False,False,True,False,False,True,False,False,False,False,True
1276.8000000000002,47,0,502,1,0,False,False,True,False,False,False,True,False,True,False,False
592.8,18,0,420,0,0,True,False,False,False,False,False,True,False,False,False,True
1383.0,60,0,596,1,0,True,False,False,False,False,True,False,False,True,False,False
297.6,72,3,228,0,1,False,False,True,False,False,True,False,False,True,False,False
238.8,39,3,2900,0,1,False,False,False,True,False,False,False,True,True,False,False
975.0,59,0,212,1,0,False,True,False,False,False,True,False,False,True,False,False
839.4000000000001,2,1,414,0,0,True,False,False,False,False,False,False,True,False,True,False
829.1999999999999,1,0,511,0,0,False,False,True,False,False,False,True,False,False,True,False
1082.4,20,1,367,1,0,False,True,False,False,False,False,True,False,False,False,True
1122.6,6,2,482,1,1,False,True,False,False,True,False,False,False,False,False,True
1036.8000000000002,71,3,256,1,1,False,False,True,False,False,True,False,False,True,False,False
795.5999999999999,24,0,150,0,0,True,False,False,False,False,False,False,True,False,False,True
1135.8000000000002,67,2,483,1,1,False,False,True,False,False,True,False,False,True,False,False
970.2,1,0,661,1,0,False,False,True,False,False,False,False,True,False,True,False
984.6,48,3,250,1,1,False,True,False,False,False,False,False,True,True,False,False
865.1999999999999,37,0,3477,1,0,False,False,False,True,False,False,False,True,True,False,False
416.4,11,1,406,0,0,False,False,True,False,False,False,False,True,False,False,True
246.6,3,1,199,0,0,False,False,True,False,False,True,False,False,False,True,False
1151.4,18,1,230,1,0,True,False,False,False,False,True,False,False,False,False,True
537.5999999999999,50,0,402,0,0,False,False,True,False,True,False,False,False,True,False,False
1312.8000000000002,67,3,2176,1,1,False,False,False,True,False,False,True,False,True,False,False
852.5999999999999,25,0,1449,1,0,False,False,False,True,False,False,False,True,True,False,False
942.6,2,1,145,1,0,False,False,True,False,False,False,True,False,False,True,False
236.4,9,0,272,0,0,True,False,False,False,False,True,False,False,False,False,True
483.0,10,0,2655,0,0,False,False,False,True,False,False,False,True,False,False,True
238.2,70,1,399,0,0,False,True,False,False,False,True,False,False,True,False,False
819.0,9,0,324,0,0,False,True,False,False,True,False,False,False,False,False,True
241.8,4,0,2661,0,0,False,False,False,True,False,True,False,False,False,False,True
611.4000000000001,2,0,556,0,0,False,True,False,False,False,False,False,True,False,True,False
943.8,1,0,459,1,0,True,False,False,False,False,False,True,False,False,True,False
301.79999999999995,19,2,381,0,1,False,False,True,False,True,False,False,False,False,False,True
243.0,7,2,539,0,1,False,False,True,False,True,False,False,False,False,False,True
514.8,1,0,256,0,0,False,False,True,False,False,False,True,False,False,True,False
528.0,1,0,366,0,0,False,False,True,False,False,False,True,False,False,True,False
243.0,9,0,369,0,0,False,False,True,False,False,False,False,True,False,False,True
411.0,3,0,214,0,0,True,False,False,False,False,False,False,True,False,True,False
702.0,9,1,2164,0,0,False,False,False,True,False,False,False,True,False,False,True
669.5999999999999,5,1,840,0,0,False,False,False,True,False,True,False,False,False,False,True
1066.8000000000002,56,0,686,1,0,False,True,False,False,True,False,False,False,True,False,False
691.8,18,0,259,0,0,True,False,False,False,False,False,False,True,False,False,True
1154.4,49,0,637,1,0,False,True,False,False,False,False,True,False,True,False,False
949.8,70,2,405,1,1,True,False,False,False,False,False,False,True,True,False,False
1296.6,72,3,484,1,1,False,False,True,False,False,True,False,False,True,False,False
892.8000000000001,6,0,326,1,0,True,False,False,False,False,False,True,False,False,False,True
1137.6,17,0,2666,1,0,False,False,False,True,False,False,True,False,False,False,True
550.8,29,2,497,0,1,False,False,True,False,False,False,True,False,True,False,False
1263.6,6,3,499,1,1,False,True,False,False,False,False,True,False,False,False,True
1231.1999999999998,63,0,516,1,0,False,True,False,False,False,False,True,False,True,False,False
886.1999999999999,16,0,344,1,0,False,False,True,False,True,False,False,False,False,False,True
736.2,59,0,327,0,0,False,True,False,False,True,False,False,False,True,False,False
690.5999999999999,3,1,160,0,0,False,False,True,False,False,False,True,False,False,True,False
351.0,8,0,478,0,0,False,False,True,False,False,False,False,True,False,False,True
1014.6,7,0,562,1,0,True,False,False,False,False,False,True,False,False,False,True
235.2,68,1,642,0,0,False,True,False,False,False,True,False,False,True,False,False
1341.0,68,0,445,1,0,True,False,False,False,False,True,False,False,True,False,False
1278.0,52,2,1886,1,1,False,False,False,True,False,False,True,False,True,False,False
1292.4,72,0,145,1,0,False,False,True,False,False,True,False,False,True,False,False
231.6,32,0,556,0,0,False,True,False,False,False,False,False,True,True,False,False
240.6,72,1,1062,0,0,False,False,False,True,True,False,False,False,True,False,False
839.4000000000001,1,0,348,0,0,True,False,False,False,False,True,False,False,False,True,False
764.4000000000001,42,3,366,0,1,False,False,True,False,False,True,False,False,True,False,False
297.0,25,1,389,0,0,True,False,False,False,False,True,False,False,True,False,False
610.8,45,0,405,0,0,True,False,False,False,True,False,False,False,True,False,False
724.8,43,1,2610,0,0,False,False,False,True,False,True,False,False,True,False,False
951.0,37,0,50,1,0,True,False,False,False,False,False,False,True,True,False,False
1029.6,20,3,402,1,1,False,False,True,False,False,True,False,False,False,False,True
293.4,4,0,65,0,0,True,False,False,False,False,False,True,False,False,False,True
1321.1999999999998,63,1,3085,1,0,False,False,False,True,False,True,False,False,True,False,False
1088.4,3,0,316,1,0,False,False,True,False,False,False,False,True,False,True,False
303.6,66,0,76,0,0,True,False,False,False,False,True,False,False,True,False,False
1268.4,28,2,277,1,1,False,True,False,False,False,False,True,False,True,False,False
1022.4,8,2,314,1,1,False,True,False,False,False,False,True,False,False,False,True
292.20000000000005,71,0,578,0,0,False,True,False,False,False,False,False,True,True,False,False
291.0,1,0,429,0,0,False,False,True,False,False,False,True,False,False,True,False
301.20000000000005,72,2,451,0,1,False,True,False,False,True,False,False,False,True,False,False
654.5999999999999,16,3,577,0,1,True,False,False,False,True,False,False,False,False,False,True
1159.1999999999998,66,0,385,1,0,False,False,True,False,False,False,False,True,True,False,False
918.0,11,1,513,1,0,False,False,True,False,False,False,True,False,False,False,True
973.8,51,0,502,1,0,False,False,True,False,False,True,False,False,True,False,False
462.0,8,2,207,0,1,False,False,True,False,False,False,True,False,False,False,True
1114.8000000000002,14,0,3678,1,0,False,False,False,True,False,False,True,False,False,False,True
1122.0,4,0,1363,1,0,False,False,False,True,False,False,True,False,False,False,True
1016.4,70,2,537,1,1,True,False,False,False,False,False,False,True,True,False,False
792.0,70,0,172,0,0,False,True,False,False,False,False,True,False,True,False,False
1218.0,54,1,490,1,0,False,False,True,False,False,True,False,False,True,False,False
898.8000000000001,28,0,679,1,0,True,False,False,False,True,False,False,False,True,False,False
249.0,24,0,2329,0,0,False,False,False,True,False,False,False,True,False,False,True
737.4000000000001,69,0,361,0,0,False,True,False,False,False,True,False,False,True,False,False
654.0,42,1,2988,0,0,False,False,False,True,False,False,False,True,True,False,False
835.1999999999999,2,0,350,0,0,True,False,False,False,False,False,True,False,False,True,False
1197.0,39,1,3954,1,0,False,False,False,True,False,False,True,False,True,False,False
1317.0,45,2,428,1,1,False,False,True,False,True,False,False,False,True,False,False
970.2,72,2,2243,1,1,False,False,False,True,True,False,False,False,True,False,False
243.6,38,0,318,0,0,False,False,True,False,False,False,False,True,True,False,False
813.5999999999999,72,0,260,0,0,False,False,True,False,True,False,False,False,True,False,False
288.6,1,0,305,0,0,False,False,True,False,False,False,False,True,False,True,False
237.6,72,0,347,0,0,False,False,True,False,False,True,False,False,True,False,False
308.4,55,0,326,0,0,False,False,True,False,True,False,False,False,True,False,False
673.8,51,1,301,0,0,False,False,True,False,False,False,True,False,True,False,False
1040.4,63,0,4179,1,0,False,False,False,True,True,False,False,False,True,False,False
244.8,1,0,245,0,0,True,False,False,False,False,False,False,True,False,True,False
235.8,23,0,421,0,0,True,False,False,False,False,False,False,True,False,False,True
606.5999999999999,1,1,488,0,0,False,False,True,False,False,False,True,False,False,True,False
652.2,2,0,494,0,0,False,True,False,False,False,False,False,True,False,True,False
1297.1999999999998,52,1,391,1,0,True,False,False,False,False,True,False,False,True,False,False
653.4000000000001,36,0,363,0,0,False,False,True,False,False,False,False,True,True,False,False
544.2,1,2,2861,0,1,False,False,False,True,False,False,False,True,False,True,False
708.0,28,2,2713,0,1,False,False,False,True,False,False,False,True,True,False,False
833.4000000000001,7,0,361,0,0,False,False,True,False,False,False,True,False,False,False,True
1206.6,14,0,165,1,0,True,False,False,False,False,False,True,False,False,False,True
779.4000000000001,72,0,329,0,0,True,False,False,False,False,True,False,False,True,False,False
246.0,1,0,228,0,0,False,False,True,False,False,False,False,True,False,True,False
226.2,10,1,299,0,0,False,False,True,False,False,False,False,True,False,False,True
237.6,42,2,404,0,1,False,False,True,False,True,False,False,False,True,False,False
300.6,7,1,453,0,0,False,False,True,False,True,False,False,False,False,False,True
897.5999999999999,4,2,667,1,1,False,True,False,False,True,False,False,False,False,False,True
1371.6,72,0,319,1,0,False,True,False,False,False,True,False,False,True,False,False
293.4,20,0,516,0,0,False,False,True,False,False,False,True,False,False,False,True
1310.4,63,1,445,1,0,True,False,False,False,False,True,False,False,True,False,False
540.5999999999999,56,0,594,0,0,False,False,True,False,True,False,False,False,True,False,False
612.0,5,1,486,0,0,False,False,True,False,False,False,False,True,False,False,True
1325.4,72,0,248,1,0,False,False,True,False,True,False,False,False,True,False,False
1015.8,68,0,141,1,0,False,True,False,False,False,False,True,False,True,False,False
720.5999999999999,67,3,446,0,1,False,False,True,False,False,False,False,True,True,False,False
535.8,8,0,320,0,0,False,False,True,False,True,False,False,False,False,False,True
1119.0,52,3,252,1,1,False,False,True,False,True,False,False,False,True,False,False
243.0,18,3,209,0,1,True,False,False,False,False,False,False,True,False,False,True
305.4,59,2,424,0,1,True,False,False,False,False,False,False,True,True,False,False
247.2,60,1,626,0,0,False,False,True,False,False,False,False,True,True,False,False
1129.1999999999998,7,1,338,1,0,False,False,True,False,False,False,True,False,False,False,True
417.6,59,2,488,0,1,False,True,False,False,False,False,False,True,True,False,False
729.0,46,0,2418,0,0,False,False,False,True,True,False,False,False,True,False,False
616.2,5,1,206,0,0,False,False,True,False,False,False,True,False,False,False,True
768.5999999999999,59,1,510,0,0,True,False,False,False,False,True,False,False,True,False,False
1017.6,70,0,235,1,0,False,True,False,False,True,False,False,False,True,False,False
852.0,14,0,403,1,0,False,True,False,False,False,True,False,False,False,False,True
601.8,44,0,348,0,0,False,True,False,False,False,False,False,True,True,False,False
1135.1999999999998,64,1,533,1,0,True,False,False,False,False,True,False,False,True,False,False
717.0,58,2,1653,0,1,False,False,False,True,False,False,False,True,True,False,False
1203.0,46,0,458,1,0,False,False,True,False,False,False,True,False,True,False,False
1186.8000000000002,58,3,274,1,1,False,False,True,False,False,False,True,False,True,False,False
1172.4,72,1,323,1,0,False,True,False,False,False,True,False,False,True,False,False
483.6,30,2,50,0,1,False,False,True,False,False,False,True,False,True,False,False
723.0,11,1,4173,0,0,False,False,False,True,True,False,False,False,False,False,True
675.0,34,2,482,0,1,True,False,False,False,False,False,True,False,True,False,False
554.4000000000001,54,0,1886,0,0,False,False,False,True,True,False,False,False,True,False,False
607.2,3,2,231,0,1,True,False,False,False,False,False,True,False,False,True,False
298.79999999999995,72,0,325,0,0,False,False,True,False,False,False,False,True,True,False,False
1018.2,40,2,507,1,1,True,False,False,False,False,False,True,False,True,False,False
788.4000000000001,2,3,986,0,1,False,False,False,True,False,False,False,True,False,True,False
760.2,54,0,378,0,0,False,False,True,False,False,True,False,False,True,False,False
601.2,14,0,3916,0,0,False,False,False,True,True,False,False,False,False,False,True
846.0,1,2,229,1,1,False,False,True,False,False,False,True,False,False,True,False
1138.1999999999998,10,0,2564,1,0,False,False,False,True,False,False,True,False,False,False,True
601.8,1,2,730,0,1,False,True,False,False,False,False,True,False,False,True,False
237.0,1,0,494,0,0,False,False,True,False,False,False,False,True,False,True,False
775.8000000000001,56,0,2600,0,0,False,False,False,True,True,False,False,False,True,False,False
955.2,68,3,475,1,1,False,True,False,False,True,False,False,False,True,False,False
234.0,14,1,339,0,0,False,False,True,False,False,False,False,True,False,False,True
1194.6,68,2,594,1,1,False,False,True,False,False,False,True,False,True,False,False
888.0,55,0,340,1,0,False,False,True,False,False,False,True,False,True,False,False
466.8,16,1,106,0,0,False,True,False,False,False,False,True,False,False,False,True
954.6,9,1,341,1,0,True,False,False,False,False,False,True,False,False,False,True
785.4000000000001,14,1,254,0,0,True,False,False,False,False,False,True,False,False,False,True
1184.4,58,1,357,1,0,False,True,False,False,False,False,True,False,True,False,False
555.5999999999999,53,1,2292,0,0,False,False,False,True,True,False,False,False,True,False,False
1192.1999999999998,70,0,579,1,0,False,False,True,False,False,True,False,False,True,False,False
1149.6,14,0,3056,1,0,False,False,False,True,False,False,True,False,False,False,True
810.0,22,2,439,0,1,False,False,True,False,True,False,False,False,False,False,True
937.8,10,0,399,1,0,False,False,True,False,False,True,False,False,False,False,True
313.20000000000005,29,1,241,0,0,False,True,False,False,False,False,False,True,True,False,False
835.1999999999999,1,0,72,0,0,False,False,True,False,False,False,True,False,False,True,False
1012.2,49,1,2590,1,0,False,False,False,True,False,False,True,False,True,False,False
1202.4,68,1,519,1,0,True,False,False,False,False,False,True,False,True,False,False
936.6,1,0,383,1,0,False,False,True,False,False,False,True,False,False,True,False
484.2000000000001,30,0,319,0,0,False,False,True,False,False,True,False,False,True,False,False
950.4,72,0,469,1,0,True,False,False,False,False,True,False,False,True,False,False
250.8,10,1,2433,0,0,False,False,False,True,False,False,False,True,False,False,True
883.1999999999999,7,2,652,1,1,False,False,True,False,False,False,True,False,False,False,True
897.0,9,0,584,1,0,False,False,True,False,False,False,True,False,False,False,True
598.8,1,1,3267,0,0,False,False,False,True,False,False,False,True,False,True,False
826.8000000000001,20,0,513,0,0,False,True,False,False,False,True,False,False,False,False,True
243.0,1,1,206,0,0,False,False,True,False,False,False,False,True,False,True,False
912.0,29,3,499,1,1,False,False,True,False,False,True,False,False,True,False,False
888.0,1,0,456,1,0,True,False,False,False,False,False,True,False,False,True,False
987.6,3,1,2985,1,0,False,False,False,True,False,False,False,True,False,True,False
1072.8000000000002,20,0,473,1,0,True,False,False,False,True,False,False,False,False,False,True
1189.8000000000002,64,0,2862,1,0,False,False,False,True,False,True,False,False,True,False,False
242.4,1,0,805,0,0,True,False,False,False,False,False,False,True,False,True,False
353.4,6,0,388,0,0,False,False,True,False,True,False,False,False,False,False,True
237.6,50,1,3249,0,0,False,False,False,True,False,False,True,False,True,False,False
709.8,6,0,329,0,0,False,False,True,False,True,False,False,False,False,False,True
537.0,7,1,3132,0,0,False,False,False,True,False,False,True,False,False,False,True
1089.6,72,0,540,1,0,False,True,False,False,False,True,False,False,True,False,False
594.5999999999999,8,0,454,0,0,False,False,True,False,True,False,False,False,False,False,True
1280.4,67,1,650,1,0,True,False,False,False,False,True,False,False,True,False,False
1122.6,24,3,267,1,1,True,False,False,False,False,False,True,False,False,False,True
1133.4,72,0,326,1,0,False,False,True,False,False,True,False,False,True,False,False
233.4,33,2,431,0,1,False,True,False,False,True,False,False,False,True,False,False
300.6,2,1,532,0,0,False,False,True,False,False,False,True,False,False,True,False
815.4000000000001,70,1,426,0,0,False,False,True,False,False,False,False,True,True,False,False
783.0,22,1,592,0,0,True,False,False,False,True,False,False,False,False,False,True
1193.4,59,0,300,1,0,False,False,True,False,True,False,False,False,True,False,False
244.2,36,0,228,0,0,True,False,False,False,False,True,False,False,True,False,False
239.4,51,1,446,0,0,False,False,True,False,False,False,False,True,True,False,False
928.8,53,0,2438,1,0,False,False,False,True,True,False,False,False,True,False,False
236.4,20,3,2934,0,1,False,False,False,True,True,False,False,False,False,False,True
1196.4,63,0,395,1,0,False,False,True,False,False,True,False,False,True,False,False
897.5999999999999,40,0,348,1,0,False,False,True,False,False,True,False,False,True,False,False
229.8,35,1,388,0,0,True,False,False,False,False,False,False,True,True,False,False
947.4,26,0,2523,1,0,False,False,False,True,True,False,False,False,True,False,False
1146.6,27,1,354,1,0,False,False,True,False,False,False,True,False,True,False,False
754.2,53,1,369,0,0,False,True,False,False,False,True,False,False,True,False,False
858.5999999999999,34,3,339,1,1,False,False,True,False,False,True,False,False,True,False,False
1139.4,19,2,528,1,1,False,False,True,False,False,False,True,False,False,False,True
1033.1999999999998,43,1,429,1,0,False,True,False,False,False,True,False,False,True,False,False
234.6,6,1,738,0,0,False,False,True,False,False,False,False,True,False,False,True
297.6,56,3,424,0,1,True,False,False,False,False,False,False,True,True,False,False
471.6,57,0,2059,0,0,False,False,False,True,False,False,True,False,True,False,False
1008.6,34,0,800,1,0,True,False,False,False,False,False,False,True,True,False,False
435.0,10,0,2830,0,0,False,False,False,True,False,False,True,False,False,False,True
243.0,1,0,548,0,0,True,False,False,False,False,False,False,True,False,True,False
286.79999999999995,13,1,488,0,0,False,True,False,False,False,False,True,False,False,False,True
1183.1999999999998,56,1,493,1,0,False,True,False,False,False,False,True,False,True,False,False
1243.8000000000002,55,1,480,1,0,True,False,False,False,False,True,False,False,True,False,False
1114.8000000000002,36,0,234,1,0,False,True,False,False,False,True,False,False,True,False,False
238.8,47,1,455,0,0,False,False,True,False,True,False,False,False,True,False,False
241.2,12,0,1440,0,0,False,False,False,True,False,True,False,False,False,False,True
1025.4,1,1,373,1,0,True,False,False,False,False,False,True,False,False,True,False
966.0,24,1,1919,1,0,False,False,False,True,False,False,True,False,False,False,True
1198.8000000000002,63,0,453,1,0,False,True,False,False,True,False,False,False,True,False,False
478.2000000000001,35,0,2767,0,0,False,False,False,True,False,False,True,False,True,False,False
726.0,67,0,472,0,0,True,False,False,False,False,True,False,False,True,False,False
1017.6,25,2,443,1,1,False,False,True,False,False,False,True,False,True,False,False
1246.1999999999998,21,3,2014,1,1,False,False,False,True,False,False,False,True,False,False,True
813.5999999999999,13,1,360,0,0,False,False,True,False,True,False,False,False,False,False,True
902.4,35,0,538,1,0,False,True,False,False,False,False,True,False,True,False,False
298.20000000000005,71,0,560,0,0,False,True,False,False,True,False,False,False,True,False,False
232.2,29,1,227,0,0,False,False,True,False,False,True,False,False,True,False,False
592.2,71,2,170,0,1,False,False,True,False,False,False,True,False,True,False,False
1068.0,7,0,290,1,0,False,True,False,False,False,False,True,False,False,False,True
660.0,57,0,556,0,0,False,False,True,False,False,False,True,False,True,False,False
913.8,65,1,582,1,0,False,False,True,False,True,False,False,False,True,False,False
243.6,27,0,261,0,0,True,False,False,False,False,False,False,True,True,False,False
898.8000000000001,6,0,446,1,0,False,False,True,False,False,False,True,False,False,False,True
1408.1999999999998,72,0,675,1,0,False,True,False,False,False,True,False,False,True,False,False
237.0,1,1,462,0,0,True,False,False,False,False,False,False,True,False,True,False
542.4000000000001,11,2,613,0,1,False,False,True,False,False,True,False,False,False,False,True
302.4,39,3,549,0,1,False,False,True,False,False,False,False,True,True,False,False
1077.0,59,1,263,1,0,False,True,False,False,False,False,True,False,True,False,False
900.0,26,1,2348,1,0,False,False,False,True,True,False,False,False,True,False,False
599.4000000000001,2,0,405,0,0,True,False,False,False,False,False,False,True,False,True,False
788.4000000000001,72,1,415,0,0,True,False,False,False,True,False,False,False,True,False,False
804.5999999999999,65,0,3233,0,0,False,False,False,True,False,True,False,False,True,False,False
1330.8000000000002,72,1,461,1,0,False,False,True,False,False,True,False,False,True,False,False
1055.4,6,0,50,1,0,False,False,True,False,True,False,False,False,False,False,True
237.6,32,0,203,0,0,False,False,True,False,False,True,False,False,True,False,False
908.4,50,0,71,1,0,False,False,True,False,True,False,False,False,True,False,False
745.8,61,0,2640,0,0,False,False,False,True,False,False,False,True,True,False,False
1215.0,15,0,2692,1,0,False,False,False,True,False,False,True,False,False,False,True
1381.8000000000002,72,0,442,1,0,False,False,True,False,True,False,False,False,True,False,False
227.4,9,3,256,0,1,True,False,False,False,False,False,False,True,False,False,True
234.0,1,0,501,0,0,False,False,True,False,False,False,False,True,False,True,False
1038.6,12,1,507,1,0,False,False,True,False,False,False,True,False,False,False,True
343.20000000000005,37,2,1495,0,1,False,False,False,True,False,True,False,False,True,False,False
244.8,61,3,180,0,1,False,False,True,False,False,False,False,True,True,False,False
237.6,18,1,399,0,0,False,False,True,False,True,False,False,False,False,False,True
547.8,21,2,668,0,1,False,False,True,False,False,False,False,True,False,False,True
676.8,68,0,654,0,0,False,False,True,False,False,False,False,True,True,False,False
879.5999999999999,12,0,2950,1,0,False,False,False,True,False,True,False,False,False,False,True
292.20000000000005,2,0,290,0,0,True,False,False,False,False,False,True,False,False,True,False
1216.1999999999998,62,1,533,1,0,False,False,True,False,False,False,True,False,True,False,False
1183.8000000000002,29,1,332,1,0,False,False,True,False,False,False,True,False,True,False,False
403.2000000000001,1,0,1885,0,0,False,False,False,True,False,False,False,True,False,True,False
958.8,5,0,78,1,0,True,False,False,False,True,False,False,False,False,False,True
248.4,1,1,415,0,0,False,False,True,False,False,False,True,False,False,True,False
1248.6,62,0,305,1,0,False,False,True,False,False,False,True,False,True,False,False
243.0,36,1,2577,0,0,False,False,False,True,True,False,False,False,True,False,False
1239.6,28,1,55,1,0,False,True,False,False,False,False,True,False,True,False,False
884.4000000000001,69,1,425,1,0,False,False,True,False,False,True,False,False,True,False,False
1154.4,11,2,50,1,1,False,True,False,False,False,True,False,False,False,False,True
1305.0,63,2,563,1,1,False,False,True,False,False,False,True,False,True,False,False
241.8,23,1,478,0,0,False,True,False,False,True,False,False,False,False,False,True
237.0,10,1,358,0,0,False,True,False,False,False,True,False,False,False,False,True
311.4,71,1,484,0,0,True,False,False,False,False,True,False,False,True,False,False
840.5999999999999,45,0,253,0,0,False,True,False,False,False,False,True,False,True,False,False
288.6,70,0,410,0,0,False,False,True,False,False,False,False,True,True,False,False
1017.0,22,0,519,1,0,False,False,True,False,False,False,True,False,False,False,True
276.6,52,0,50,0,0,True,False,False,False,False,False,False,True,True,False,False
1249.8000000000002,55,1,332,1,0,False,False,True,False,False,False,True,False,True,False,False
719.4000000000001,65,2,396,0,1,False,False,True,False,False,True,False,False,True,False,False
234.6,72,0,370,0,0,False,False,True,False,True,False,False,False,True,False,False
235.2,10,0,3665,0,0,False,False,False,True,True,False,False,False,False,False,True
240.6,7,3,231,0,1,False,True,False,False,False,False,False,True,False,False,True
1026.6,5,0,306,1,0,False,False,True,False,False,False,True,False,False,False,True
943.2,24,1,112,1,0,False,False,True,False,False,True,False,False,False,False,True
1401.6,72,1,626,1,0,True,False,False,False,False,True,False,False,True,False,False
522.5999999999999,21,1,363,0,0,False,True,False,False,False,False,False,True,False,False,True
729.5999999999999,69,0,2149,0,0,False,False,False,True,False,True,False,False,True,False,False
658.8,44,0,392,0,0,True,False,False,False,True,False,False,False,True,False,False
782.4000000000001,61,0,495,0,0,True,False,False,False,False,False,True,False,True,False,False
1235.4,24,1,452,1,0,False,False,True,False,False,True,False,False,False,False,True
1087.1999999999998,1,1,797,1,0,True,False,False,False,False,False,True,False,False,True,False
609.5999999999999,6,0,468,0,0,False,False,True,False,True,False,False,False,False,False,True
1080.6,4,1,330,1,0,False,False,True,False,False,False,True,False,False,False,True
1298.4,72,2,315,1,1,True,False,False,False,False,False,True,False,True,False,False
1104.0,72,0,341,1,0,False,False,True,False,True,False,False,False,True,False,False
901.2,14,1,174,1,0,False,False,True,False,False,False,True,False,False,False,True
300.6,7,1,405,0,0,False,False,True,False,True,False,False,False,False,False,True
901.8,48,0,517,1,0,False,True,False,False,False,False,True,False,True,False,False
234.0,55,0,307,0,0,False,False,True,False,False,False,False,True,True,False,False
231.6,1,1,1854,0,0,False,False,False,True,False,True,False,False,False,True,False
1346.4,45,2,627,1,1,True,False,False,False,False,True,False,False,True,False,False
843.5999999999999,3,2,1358,0,1,False,False,False,True,False,False,False,True,False,True,False
235.2,71,1,89,0,0,False,False,True,False,False,False,False,True,True,False,False
243.0,8,1,227,0,0,True,False,False,False,False,False,False,True,False,False,True
910.2,3,0,168,1,0,False,False,True,False,False,False,True,False,False,True,False
967.8,69,1,457,1,0,False,False,True,False,True,False,False,False,True,False,False
822.0,1,1,345,0,0,False,False,True,False,False,False,True,False,False,True,False
1389.0,72,0,367,1,0,False,True,False,False,False,True,False,False,True,False,False
882.0,11,1,572,1,0,False,False,True,False,False,False,True,False,False,False,True
967.2,71,1,296,1,0,False,False,True,False,True,False,False,False,True,False,False
839.4000000000001,1,0,516,0,0,False,False,True,False,False,False,False,True,False,True,False
714.5999999999999,33,3,626,0,1,False,False,True,False,True,False,False,False,True,False,False
228.6,16,0,331,0,0,False,True,False,False,False,False,False,True,False,False,True
1147.8000000000002,56,0,510,1,0,True,False,False,False,False,False,True,False,True,False,False
239.4,1,0,2306,0,0,False,False,False,True,False,True,False,False,False,True,False
840.5999999999999,5,2,538,0,1,False,False,True,False,False,False,True,False,False,False,True
232.8,57,1,164,0,0,False,False,True,False,False,False,False,True,True,False,False
433.2000000000001,56,0,153,0,0,True,False,False,False,False,True,False,False,True,False,False
1128.0,8,1,341,1,0,False,False,True,False,False,False,True,False,False,False,True
733.8,22,0,266,0,0,True,False,False,False,False,False,False,True,False,False,True
237.0,1,2,322,0,1,False,False,True,False,False,False,False,True,False,True,False
769.1999999999999,40,1,367,0,0,True,False,False,False,False,True,False,False,True,False,False
237.0,46,0,508,0,0,False,False,True,False,False,True,False,False,True,False,False
236.4,63,3,338,0,1,False,False,True,False,False,False,False,True,True,False,False
1322.4,68,0,1840,1,0,False,False,False,True,False,False,True,False,True,False,False
1276.1999999999998,69,0,347,1,0,False,True,False,False,False,True,False,False,True,False,False
1086.6,56,1,284,1,0,False,False,True,False,False,False,True,False,True,False,False
790.8000000000001,10,3,259,0,1,False,True,False,False,False,False,False,True,False,False,True
1254.0,63,0,1209,1,0,False,False,False,True,False,True,False,False,True,False,False
630.0,24,0,410,0,0,False,False,True,False,False,False,False,True,False,False,True
673.2,19,0,314,0,0,False,False,True,False,False,False,False,True,False,False,True
1065.0,22,1,544,1,0,False,True,False,False,False,False,True,False,False,False,True
1013.4,29,0,182,1,0,False,False,True,False,False,False,True,False,True,False,False
903.6,13,1,2066,1,0,False,False,False,True,False,False,False,True,False,False,True
312.0,70,3,671,0,1,False,False,True,False,True,False,False,False,True,False,False
1192.8000000000002,49,1,259,1,0,False,False,True,False,False,False,True,False,True,False,False
1314.6,43,0,364,1,0,False,False,True,False,False,False,False,True,True,False,False
235.2,3,0,217,0,0,False,True,False,False,False,False,False,True,False,True,False
877.8000000000001,42,0,197,1,0,False,False,True,False,False,False,True,False,True,False,False
655.8,57,2,632,0,1,False,False,True,False,False,False,False,True,True,False,False
796.8000000000001,2,0,425,0,0,False,False,True,False,True,False,False,False,False,True,False
1386.6,72,0,420,1,0,True,False,False,False,False,True,False,False,True,False,False
1253.4,46,1,145,1,0,False,False,True,False,False,False,True,False,True,False,False
1200.6,66,0,2786,1,0,False,False,False,True,False,True,False,False,True,False,False
1224.0,62,1,573,1,0,False,False,True,False,False,False,True,False,True,False,False
1093.8000000000002,72,0,572,1,0,False,False,True,False,True,False,False,False,True,False,False
1076.4,35,2,500,1,1,False,True,False,False,False,False,True,False,True,False,False
1082.4,17,3,230,1,1,False,True,False,False,False,True,False,False,False,False,True
1108.8000000000002,72,1,446,1,0,True,False,False,False,False,False,True,False,True,False,False
238.8,28,3,500,0,1,True,False,False,False,False,False,False,True,True,False,False
301.79999999999995,56,0,1064,0,0,False,False,False,True,False,True,False,False,True,False,False
958.2,31,1,231,1,0,False,True,False,False,False,True,False,False,True,False,False
226.2,45,1,533,0,0,False,True,False,False,True,False,False,False,True,False,False
309.0,1,1,531,0,0,False,False,True,False,False,False,False,True,False,True,False
595.2,2,0,167,0,0,True,False,False,False,False,False,False,True,False,True,False
251.4,6,0,519,0,0,False,True,False,False,False,False,False,True,False,False,True
1164.6,48,0,414,1,0,False,True,False,False,False,False,True,False,True,False,False
304.79999999999995,25,0,517,0,0,False,False,True,False,True,False,False,False,True,False,False
236.4,64,0,304,0,0,False,False,True,False,True,False,False,False,True,False,False
420.0,50,1,496,0,0,True,False,False,False,False,False,False,True,True,False,False
1215.0,52,0,526,1,0,False,False,True,False,True,False,False,False,True,False,False
842.4000000000001,4,0,347,0,0,False,False,True,False,False,False,True,False,False,False,True
1091.4,32,1,402,1,0,False,False,True,False,False,False,True,False,True,False,False
886.1999999999999,45,1,302,1,0,True,False,False,False,False,True,False,False,True,False,False
1056.6,9,2,647,1,1,False,False,True,False,False,False,True,False,False,False,True
1271.4,66,1,381,1,0,True,False,False,False,False,True,False,False,True,False,False
1102.1999999999998,3,0,261,1,0,False,False,True,False,False,False,True,False,False,True,False
241.2,54,2,292,0,1,True,False,False,False,False,False,False,True,True,False,False
481.2000000000001,1,1,2601,0,0,False,False,False,True,False,False,True,False,False,True,False
1323.6,64,0,512,1,0,False,False,True,False,True,False,False,False,True,False,False
886.8000000000001,31,1,199,1,0,False,True,False,False,False,False,True,False,True,False,False
1077.6,14,3,677,1,1,False,False,True,False,False,False,False,True,False,False,True
1021.8,12,0,446,1,0,False,False,True,False,False,True,False,False,False,False,True
731.4000000000001,67,0,469,0,0,True,False,False,False,True,False,False,False,True,False,False
867.0,35,0,385,1,0,False,False,True,False,False,False,True,False,True,False,False
882.5999999999999,45,0,402,1,0,False,False,True,False,False,False,False,True,True,False,False
552.0,10,0,377,0,0,False,False,True,False,False,False,False,True,False,False,True
702.5999999999999,29,1,552,0,0,False,False,True,False,True,False,False,False,True,False,False
295.20000000000005,24,0,398,0,0,True,False,False,False,True,False,False,False,False,False,True
237.0,66,3,515,0,1,False,False,True,False,False,False,False,True,True,False,False
1036.1999999999998,51,2,334,1,1,True,False,False,False,False,False,False,True,True,False,False
306.0,45,1,429,0,0,True,False,False,False,False,False,False,True,True,False,False
228.0,49,2,279,0,1,False,False,True,False,False,True,False,False,True,False,False
234.6,29,0,582,0,0,False,False,True,False,False,False,False,True,True,False,False
1321.1999999999998,40,1,274,1,0,True,False,False,False,False,True,False,False,True,False,False
1158.6,37,1,351,1,0,False,False,True,False,False,False,True,False,True,False,False
837.0,25,2,352,0,1,False,False,True,False,False,False,True,False,True,False,False
607.2,22,2,346,0,1,False,False,True,False,False,False,True,False,False,False,True
787.1999999999999,72,0,508,0,0,False,True,False,False,True,False,False,False,True,False,False
481.2000000000001,7,3,2246,0,1,False,False,False,True,False,True,False,False,False,False,True
985.2,33,0,609,1,0,False,False,True,False,False,True,False,False,True,False,False
949.2,23,2,277,1,1,False,False,True,False,False,False,False,True,False,False,True
1215.0,24,3,425,1,1,True,False,False,False,False,False,True,False,False,False,True
954.6,1,0,1879,1,0,False,False,False,True,False,False,True,False,False,True,False
1087.8000000000002,69,1,463,1,0,False,True,False,False,False,False,False,True,True,False,False
246.6,3,0,2487,0,0,False,False,False,True,False,True,False,False,False,True,False
909.0,56,0,376,1,0,False,False,True,False,True,False,False,False,True,False,False
1320.0,65,1,3450,1,0,False,False,False,True,False,True,False,False,True,False,False
250.2,71,1,301,0,0,False,False,True,False,False,False,True,False,True,False,False
964.2,14,3,487,1,1,False,False,True,False,True,False,False,False,False,False,True
841.8000000000001,2,1,1884,0,0,False,False,False,True,False,False,True,False,False,True,False
1008.6,32,1,416,1,0,False,False,True,False,False,False,True,False,True,False,False
809.4000000000001,40,2,220,0,1,True,False,False,False,False,False,True,False,True,False,False
249.0,1,3,300,0,1,False,False,True,False,False,True,False,False,False,True,False
1069.1999999999998,1,0,387,1,0,True,False,False,False,False,False,True,False,False,True,False
838.8000000000001,7,3,672,0,1,True,False,False,False,False,False,False,True,False,False,True
613.2,15,0,415,0,0,False,False,True,False,False,False,True,False,False,False,True
1132.8000000000002,17,2,3823,1,1,False,False,False,True,False,False,True,False,False,False,True
939.0,19,0,433,1,0,False,False,True,False,False,False,True,False,False,False,True
306.6,71,0,341,0,0,True,False,False,False,True,False,False,False,True,False,False
720.0,54,0,630,0,0,False,True,False,False,True,False,False,False,True,False,False
1086.6,31,1,2849,1,0,False,False,False,True,False,True,False,False,True,False,False
916.8,11,0,303,1,0,False,True,False,False,False,False,True,False,False,False,True
1019.4,18,0,470,1,0,False,False,True,False,False,False,True,False,False,False,True
1321.1999999999998,72,1,356,1,0,False,False,True,False,True,False,False,False,True,False,False
1195.8000000000002,71,3,101,1,1,False,False,True,False,False,True,False,False,True,False,False
544.8,5,0,3248,0,0,False,False,False,True,False,True,False,False,False,False,True
828.0,38,0,564,0,0,False,True,False,False,False,True,False,False,True,False,False
583.8,5,0,3970,0,0,False,False,False,True,True,False,False,False,False,False,True
529.8,2,0,463,0,0,False,False,True,False,False,False,True,False,False,True,False
718.2,52,2,362,0,1,False,True,False,False,True,False,False,False,True,False,False
909.0,8,2,525,1,1,False,False,True,False,False,False,True,False,False,False,True
967.8,68,1,527,1,0,True,False,False,False,False,False,True,False,True,False,False
246.6,69,0,645,0,0,True,False,False,False,False,True,False,False,True,False,False
796.8000000000001,42,2,393,0,1,False,False,True,False,False,True,False,False,True,False,False
1202.4,50,1,375,1,0,False,False,True,False,False,False,False,True,True,False,False
229.2,1,2,292,0,1,False,False,True,False,False,False,False,True,False,True,False
963.6,1,1,2929,1,0,False,False,False,True,False,False,True,False,False,True,False
534.5999999999999,33,2,167,0,1,False,True,False,False,False,True,False,False,True,False,False
244.2,7,1,3120,0,0,False,False,False,True,False,False,False,True,False,False,True
1101.6,64,0,488,1,0,False,False,True,False,False,False,True,False,True,False,False
898.8000000000001,1,3,2968,1,1,False,False,False,True,False,False,True,False,False,True,False
242.4,59,1,2610,0,0,False,False,False,True,True,False,False,False,True,False,False
604.2,6,1,629,0,0,False,False,True,False,False,False,True,False,False,False,True
225.6,3,0,530,0,0,False,True,False,False,False,False,False,True,False,True,False
245.4,15,1,308,0,0,False,False,True,False,False,True,False,False,False,False,True
777.0,13,1,311,0,0,False,True,False,False,False,False,True,False,False,False,True
1184.4,23,0,268,1,0,True,False,False,False,False,True,False,False,False,False,True
1073.4,31,0,482,1,0,False,False,True,False,False,False,True,False,True,False,False
705.0,29,1,249,0,0,True,False,False,False,False,False,True,False,True,False,False
248.4,49,2,562,0,1,False,True,False,False,False,True,False,False,True,False,False
1027.1999999999998,56,1,598,1,0,False,False,True,False,True,False,False,False,True,False,False
963.6,63,0,268,1,0,False,True,False,False,False,True,False,False,True,False,False
957.6,63,1,372,1,0,False,True,False,False,False,True,False,False,True,False,False
958.2,24,0,402,1,0,False,False,True,False,False,False,True,False,False,False,True
649.2,36,0,532,0,0,False,False,True,False,False,True,False,False,True,False,False
970.2,9,0,641,1,0,False,False,True,False,False,False,True,False,False,False,True
297.0,3,0,147,0,0,False,False,True,False,False,False,True,False,False,True,False
970.8,21,0,352,1,0,False,False,True,False,False,False,False,True,False,False,True
294.0,13,0,360,0,0,False,False,True,False,True,False,False,False,False,False,True
241.8,1,0,189,0,0,False,False,True,False,True,False,False,False,False,True,False
240.6,25,0,327,0,0,True,False,False,False,False,False,False,True,True,False,False
235.2,71,1,464,0,0,False,False,True,False,True,False,False,False,True,False,False
1371.6,66,1,2277,1,0,False,False,False,True,True,False,False,False,True,False,False
1203.6,45,0,168,1,0,False,True,False,False,False,False,True,False,True,False,False
960.0,22,2,4799,1,1,False,False,False,True,False,True,False,False,False,False,True
250.2,67,0,439,0,0,False,False,True,False,True,False,False,False,True,False,False
1079.4,68,1,416,1,0,True,False,False,False,True,False,False,False,True,False,False
240.0,0,0,235,0,0,False,True,False,False,False,False,False,True,False,True,False
1090.1999999999998,49,0,439,1,0,True,False,False,False,False,True,False,False,True,False,False
585.0,4,1,375,0,0,False,False,True,False,False,False,False,True,False,False,True
960.0,63,1,116,1,0,False,False,True,False,False,True,False,False,True,False,False
956.4,2,2,1643,1,1,False,False,False,True,True,False,False,False,False,True,False
244.2,21,1,519,0,0,False,False,True,False,False,False,False,True,False,False,True
690.5999999999999,55,3,691,0,1,False,True,False,False,True,False,False,False,True,False,False
243.0,1,0,455,0,0,False,False,True,False,False,False,False,True,False,True,False
232.8,17,0,565,0,0,False,True,False,False,False,False,False,True,False,False,True
1204.8000000000002,30,0,376,1,0,True,False,False,False,True,False,False,False,True,False,False
695.4000000000001,22,0,387,0,0,False,True,False,False,False,False,False,True,False,False,True
714.0,9,1,563,0,0,True,False,False,False,True,False,False,False,False,False,True
230.4,1,1,649,0,0,False,True,False,False,False,False,False,True,False,True,False
1038.0,21,0,595,1,0,False,True,False,False,False,False,True,False,False,False,True
714.5999999999999,19,3,240,0,1,True,False,False,False,False,False,True,False,False,False,True
1247.4,69,2,389,1,1,True,False,False,False,False,False,True,False,True,False,False
301.20000000000005,1,0,2722,0,0,False,False,False,True,False,False,True,False,False,True,False
1247.4,72,0,361,1,0,False,False,True,False,True,False,False,False,True,False,False
827.4000000000001,70,0,458,0,0,False,True,False,False,False,True,False,False,True,False,False
1237.1999999999998,66,0,523,1,0,False,False,True,False,True,False,False,False,True,False,False
296.4,7,0,550,0,0,False,False,True,False,False,False,True,False,False,False,True
1322.4,46,1,652,1,0,False,True,False,False,False,False,True,False,True,False,False
587.4000000000001,39,0,350,0,0,True,False,False,False,False,True,False,False,True,False,False
749.4000000000001,32,0,195,0,0,True,False,False,False,True,False,False,False,True,False,False
1074.6,24,3,453,1,1,False,False,True,False,False,False,True,False,False,False,True
1002.6,6,1,682,1,0,False,False,True,False,False,True,False,False,False,False,True
946.8,37,3,328,1,1,True,False,False,False,False,True,False,False,True,False,False
244.2,8,0,503,0,0,False,False,True,False,False,False,False,True,False,False,True
857.4000000000001,72,0,504,1,0,False,True,False,False,True,False,False,False,True,False,False
556.2,71,1,428,0,0,False,False,True,False,False,True,False,False,True,False,False
1135.8000000000002,16,0,401,1,0,False,False,True,False,True,False,False,False,False,False,True
598.8,57,0,261,0,0,True,False,False,False,True,False,False,False,True,False,False
305.4,66,1,57,0,0,False,False,True,False,True,False,False,False,True,False,False
1069.8000000000002,17,1,233,1,0,False,False,True,False,False,False,True,False,False,False,True
249.0,21,0,341,0,0,False,False,True,False,False,False,False,True,False,False,True
793.1999999999999,66,1,564,0,0,True,False,False,False,False,True,False,False,True,False,False
904.8,17,0,384,1,0,True,False,False,False,True,False,False,False,False,False,True
845.4000000000001,1,0,322,1,0,False,False,True,False,False,False,False,True,False,True,False
723.5999999999999,58,0,266,0,0,False,False,True,False,False,True,False,False,True,False,False
252.6,8,0,498,0,0,False,True,False,False,False,True,False,False,False,False,True
832.1999999999999,27,0,603,0,0,False,False,True,False,False,True,False,False,True,False,False
1066.1999999999998,34,3,3350,1,1,False,False,False,True,False,False,False,True,True,False,False
1164.0,30,1,490,1,0,False,False,True,False,True,False,False,False,True,False,False
796.8000000000001,33,1,178,0,0,False,False,True,False,False,True,False,False,True,False,False
297.0,1,0,2218,0,0,False,False,False,True,False,False,True,False,False,True,False
830.4000000000001,14,0,692,0,0,False,False,True,False,False,False,False,True,False,False,True
954.0,16,0,568,1,0,True,False,False,False,False,True,False,False,False,False,True
1207.8000000000002,49,0,169,1,0,False,False,True,False,False,True,False,False,True,False,False
1239.6,19,0,391,1,0,False,False,True,False,False,False,True,False,False,False,True
956.4,70,2,454,1,1,True,False,False,False,True,False,False,False,True,False,False
736.8,32,1,285,0,0,False,False,True,False,True,False,False,False,True,False,False
837.5999999999999,18,1,652,0,0,False,False,False,True,False,False,True,False,False,False,True
486.6,37,1,414,0,0,False,False,True,False,False,False,False,True,True,False,False
907.8,4,3,281,1,1,False,True,False,False,False,False,True,False,False,False,True
1088.4,16,0,1872,1,0,False,False,False,True,False,False,True,False,False,False,True
966.0,17,0,346,1,0,False,False,True,False,True,False,False,False,False,False,True
727.2,19,0,379,0,0,True,False,False,False,False,False,True,False,False,False,True
1213.8000000000002,60,2,398,1,1,False,True,False,False,False,True,False,False,True,False,False
299.4,51,3,267,0,1,False,False,True,False,False,False,False,True,True,False,False
243.6,28,0,366,0,0,False,True,False,False,False,True,False,False,True,False,False
720.0,43,2,136,0,1,False,True,False,False,False,False,True,False,True,False,False
243.0,42,2,446,0,1,False,False,True,False,False,False,True,False,True,False,False
942.0,3,0,50,1,0,False,False,True,False,False,False,True,False,False,True,False
537.0,1,0,356,0,0,False,False,True,False,False,False,False,True,False,True,False
238.2,3,0,537,0,0,False,False,True,False,False,False,False,True,False,True,False
1176.0,63,3,1652,1,1,False,False,False,True,False,True,False,False,True,False,False
958.8,3,0,507,1,0,False,True,False,False,False,False,True,False,False,True,False
1292.4,68,2,573,1,1,True,False,False,False,False,False,True,False,True,False,False
1196.4,30,0,50,1,0,False,False,True,False,False,False,True,False,True,False,False
1256.4,60,1,377,1,0,False,False,True,False,False,False,True,False,True,False,False
703.2,15,0,199,0,0,False,False,False,True,False,True,False,False,False,False,True
1126.8000000000002,45,1,382,1,0,False,True,False,False,True,False,False,False,True,False,False
1037.4,70,2,398,1,1,False,True,False,False,False,True,False,False,True,False,False
1182.0,10,2,50,1,1,False,False,True,False,False,False,True,False,False,False,True
232.8,4,2,688,0,1,False,False,True,False,False,False,False,True,False,False,True
605.4000000000001,1,0,442,0,0,False,False,True,False,False,False,False,True,False,True,False
299.4,68,1,272,0,0,True,False,False,False,False,True,False,False,True,False,False
900.0,22,0,619,1,0,False,False,True,False,True,False,False,False,False,False,True
1135.8000000000002,38,0,130,1,0,True,False,False,False,False,False,True,False,True,False,False
1203.0,1,1,1516,1,0,False,False,False,True,False,True,False,False,False,True,False
938.4,18,0,55,1,0,False,False,True,False,False,False,True,False,False,False,True
1130.4,29,1,670,1,0,False,True,False,False,False,False,True,False,True,False,False
1061.4,16,3,449,1,1,True,False,False,False,False,False,True,False,False,False,True
838.1999999999999,1,0,498,0,0,True,False,False,False,False,False,True,False,False,True,False
980.4,12,1,445,1,0,False,False,True,False,True,False,False,False,False,False,True
600.5999999999999,31,0,486,0,0,False,False,True,False,False,False,True,False,True,False,False
958.8,4,0,411,1,0,False,False,True,False,False,False,True,False,False,False,True
834.5999999999999,48,0,440,0,0,False,False,True,False,False,False,False,True,True,False,False
304.79999999999995,15,3,416,0,1,False,True,False,False,False,True,False,False,False,False,True
1081.1999999999998,50,2,308,1,1,True,False,False,False,False,True,False,False,True,False,False
535.8,7,3,393,0,1,False,False,True,False,True,False,False,False,False,False,True
1005.0,41,3,2718,1,1,False,False,False,True,True,False,False,False,True,False,False
964.2,68,0,416,1,0,False,True,False,False,False,True,False,False,True,False,False
1177.1999999999998,26,0,178,1,0,False,False,True,False,True,False,False,False,True,False,False
640.2,57,1,198,0,0,False,False,True,False,False,True,False,False,True,False,False
234.6,3,1,3366,0,0,False,False,False,True,False,False,True,False,False,True,False
250.8,1,0,353,0,0,True,False,False,False,False,False,False,True,False,True,False
587.4000000000001,19,0,2967,0,0,False,False,False,True,True,False,False,False,False,False,True
650.4000000000001,3,1,236,0,0,False,False,True,False,False,False,True,False,False,True,False
293.4,59,1,179,0,0,False,False,True,False,False,False,True,False,True,False,False
832.8000000000001,1,0,273,0,0,False,False,True,False,False,False,False,True,False,True,False
481.8,42,1,366,0,0,False,True,False,False,True,False,False,False,True,False,False
898.8000000000001,7,1,1967,1,0,False,False,False,True,False,False,True,False,False,False,True
307.20000000000005,67,1,594,0,0,False,False,True,False,False,True,False,False,True,False,False
844.1999999999999,1,0,426,0,0,True,False,False,False,False,False,True,False,False,True,False
1100.4,66,1,677,1,0,False,True,False,False,True,False,False,False,True,False,False
1070.4,61,0,2823,1,0,False,False,False,True,False,False,False,True,True,False,False
289.20000000000005,4,0,50,0,0,True,False,False,False,False,True,False,False,False,False,True
889.8000000000001,42,2,558,1,1,False,False,True,False,False,True,False,False,True,False,False
646.2,64,1,173,0,0,True,False,False,False,True,False,False,False,True,False,False
1387.1999999999998,54,0,434,1,0,False,False,True,False,True,False,False,False,True,False,False
237.0,1,1,283,0,0,False,False,True,False,False,True,False,False,False,True,False
288.6,54,1,721,0,0,True,False,False,False,True,False,False,False,True,False,False
303.6,18,2,615,0,1,True,False,False,False,False,True,False,False,False,False,True
1011.6,3,1,288,1,0,False,True,False,False,False,False,True,False,False,True,False
841.1999999999999,1,1,380,0,0,False,True,False,False,False,False,True,False,False,True,False
1077.0,72,1,2695,1,0,False,False,False,True,False,True,False,False,True,False,False
1175.4,60,0,529,1,0,True,False,False,False,False,False,True,False,True,False,False
240.0,11,0,404,0,0,False,False,True,False,False,False,False,True,False,False,True
939.6,12,0,246,1,0,True,False,False,False,False,False,True,False,False,False,True
1246.8000000000002,61,1,292,1,0,False,True,False,False,False,True,False,False,True,False,False
248.4,39,1,399,0,0,False,True,False,False,False,True,False,False,True,False,False
1161.6,55,0,585,1,0,False,False,True,False,False,False,True,False,True,False,False
1132.8000000000002,17,0,464,1,0,False,True,False,False,False,False,True,False,False,False,True
241.8,37,1,283,0,0,True,False,False,False,False,True,False,False,True,False,False
312.0,72,0,497,0,0,False,True,False,False,False,False,False,True,True,False,False
928.2,72,1,341,1,0,True,False,False,False,False,True,False,False,True,False,False
792.5999999999999,8,0,533,0,0,False,False,True,False,True,False,False,False,False,False,True
238.8,22,1,4521,0,0,False,False,False,True,False,False,False,True,False,False,True
1011.6,1,3,346,1,1,True,False,False,False,False,False,True,False,False,True,False
817.8000000000001,38,0,3141,0,0,False,False,False,True,False,True,False,False,True,False,False
970.2,17,1,288,1,0,False,True,False,False,False,False,True,False,False,False,True
906.0,70,0,383,1,0,False,True,False,False,True,False,False,False,True,False,False
1109.4,72,1,404,1,0,True,False,False,False,False,True,False,False,True,False,False
967.2,28,1,370,1,0,True,False,False,False,False,False,True,False,True,False,False
998.4,15,0,769,1,0,False,False,True,False,True,False,False,False,False,False,True
1050.6,72,1,354,1,0,True,False,False,False,True,False,False,False,True,False,False
1194.6,11,2,488,1,1,False,False,True,False,False,False,True,False,False,False,True
975.0,8,0,110,1,0,False,False,True,False,False,False,True,False,False,False,True
1312.8000000000002,57,0,464,1,0,True,False,False,False,True,False,False,False,True,False,False
239.4,1,2,571,0,1,False,False,True,False,True,False,False,False,False,True,False
546.5999999999999,46,1,320,0,0,True,False,False,False,False,False,True,False,True,False,False
248.4,30,2,50,0,1,False,False,True,False,False,True,False,False,True,False,False
903.6,10,1,394,1,0,False,False,True,False,False,False,True,False,False,False,True
1191.0,23,2,402,1,1,False,True,False,False,False,False,True,False,False,False,True
1120.8000000000002,32,0,508,1,0,False,False,True,False,False,True,False,False,True,False,False
885.0,13,1,4108,1,0,False,False,False,True,False,True,False,False,False,False,True
965.4,39,3,342,1,1,False,False,True,False,False,False,True,False,True,False,False
1057.8000000000002,44,1,271,1,0,False,False,True,False,False,True,False,False,True,False,False
590.4000000000001,9,0,224,0,0,False,False,True,False,False,False,False,True,False,False,True
235.8,67,0,429,0,0,False,False,True,False,False,False,False,True,True,False,False
952.2,9,0,2883,1,0,False,False,False,True,True,False,False,False,False,False,True
957.0,15,0,318,1,0,False,False,True,False,False,False,True,False,False,False,True
1261.8000000000002,71,0,516,1,0,False,True,False,False,True,False,False,False,True,False,False
588.0,1,1,469,0,0,True,False,False,False,False,True,False,False,False,True,False
1200.6,30,1,2534,1,0,False,False,False,True,False,False,True,False,True,False,False
832.1999999999999,1,0,264,0,0,True,False,False,False,False,False,True,False,False,True,False
597.5999999999999,17,1,327,0,0,False,False,True,False,False,False,False,True,False,False,True
1029.6,3,0,50,1,0,False,False,True,False,False,False,True,False,False,True,False
956.4,67,0,435,1,0,True,False,False,False,False,False,True,False,True,False,False
251.4,1,0,2521,0,0,False,False,False,True,True,False,False,False,False,True,False
606.5999999999999,1,1,428,0,0,False,True,False,False,False,False,False,True,False,True,False
951.6,32,0,2903,1,0,False,False,False,True,False,False,False,True,True,False,False
234.0,41,0,457,0,0,False,False,True,False,True,False,False,False,True,False,False
966.6,1,0,383,1,0,False,False,True,False,False,False,True,False,False,True,False
529.8,1,2,2538,0,1,False,False,False,True,True,False,False,False,False,True,False
1014.0,12,0,1376,1,0,False,False,False,True,False,False,True,False,False,False,True
1266.0,62,1,312,1,0,False,True,False,False,False,False,True,False,True,False,False
1011.6,22,1,407,1,0,True,False,False,False,False,False,False,True,False,False,True
1112.4,17,2,289,1,1,False,False,True,False,False,True,False,False,False,False,True
315.0,72,3,529,0,1,False,False,True,False,True,False,False,False,True,False,False
1163.4,56,0,301,1,0,True,False,False,False,False,True,False,False,True,False,False
245.4,9,0,2673,0,0,False,False,False,True,False,True,False,False,False,False,True
1389.6,72,2,417,1,1,False,True,False,False,True,False,False,False,True,False,False
1298.4,20,1,511,1,0,False,False,True,False,True,False,False,False,False,False,True
242.4,19,1,535,0,0,False,False,True,False,False,False,False,True,False,False,True
813.0,2,1,3055,0,0,False,False,False,True,False,False,True,False,False,True,False
658.8,53,1,84,0,0,False,False,True,False,False,True,False,False,True,False,False
1023.0,27,3,579,1,1,True,False,False,False,False,False,True,False,True,False,False
241.8,6,3,629,0,1,True,False,False,False,True,False,False,False,False,False,True
1084.1999999999998,9,1,327,1,0,True,False,False,False,False,False,True,False,False,False,True
669.0,8,0,435,0,0,False,False,True,False,False,False,True,False,False,False,True
1375.1999999999998,71,2,1787,1,1,False,False,False,True,True,False,False,False,True,False,False
960.6,10,0,107,1,0,False,False,True,False,True,False,False,False,False,False,True
240.0,1,0,289,0,0,False,False,True,False,False,False,False,True,False,True,False
801.5999999999999,71,2,318,0,1,False,False,True,False,True,False,False,False,True,False,False
1203.6,68,0,346,1,0,False,False,True,False,False,False,True,False,True,False,False
1264.1999999999998,34,0,256,1,0,True,False,False,False,False,False,True,False,True,False,False
1022.4,26,0,289,1,0,False,False,True,False,False,False,True,False,True,False,False
585.5999999999999,22,2,398,0,1,False,False,True,False,False,True,False,False,False,False,True
227.4,7,1,284,0,0,True,False,False,False,False,False,False,True,False,False,True
837.5999999999999,20,1,481,0,0,False,False,True,False,True,False,False,False,False,False,True
1273.8000000000002,60,0,3045,1,0,False,False,False,True,False,False,True,False,True,False,False
246.6,72,2,757,0,1,False,False,True,False,False,False,True,False,True,False,False
1269.0,72,2,568,1,1,False,False,True,False,False,True,False,False,True,False,False
303.0,4,0,436,0,0,True,False,False,False,False,False,False,True,False,False,True
237.0,16,0,306,0,0,False,False,True,False,False,False,True,False,False,False,True
1258.1999999999998,62,0,444,1,0,False,True,False,False,False,False,True,False,True,False,False
731.4000000000001,10,3,448,0,1,False,False,True,False,False,False,False,True,False,False,True
973.8,31,1,323,1,0,False,False,True,False,False,False,True,False,True,False,False
229.2,71,3,517,0,1,False,False,True,False,False,True,False,False,True,False,False
249.6,58,0,190,0,0,False,False,True,False,False,False,False,True,True,False,False
1081.8000000000002,70,2,363,1,1,False,False,True,False,False,True,False,False,True,False,False
1081.1999999999998,71,2,2944,1,1,False,False,False,True,False,False,True,False,True,False,False
889.1999999999999,69,1,356,1,0,False,True,False,False,False,True,False,False,True,False,False
1020.6,1,3,368,1,1,False,False,True,False,False,False,True,False,False,True,False
1425.0,72,0,379,1,0,False,False,True,False,True,False,False,False,True,False,False
1030.8000000000002,26,0,274,1,0,True,False,False,False,False,True,False,False,True,False,False
1140.0,33,1,576,1,0,True,False,False,False,False,True,False,False,True,False,False
241.8,10,1,1685,0,0,False,False,False,True,False,False,False,True,False,False,True
1215.6,57,1,447,1,0,True,False,False,False,False,True,False,False,True,False,False
254.4,10,0,462,0,0,False,False,True,False,False,False,True,False,False,False,True
290.4,39,1,257,0,0,False,False,True,False,False,False,False,True,True,False,False
243.6,11,0,410,0,0,False,True,False,False,True,False,False,False,False,False,True
1233.6,21,0,263,1,0,False,True,False,False,False,False,True,False,False,False,True
1023.6,68,1,608,1,0,False,True,False,False,True,False,False,False,True,False,False
1075.1999999999998,18,1,229,1,0,False,False,True,False,False,True,False,False,False,False,True
1199.4,6,0,301,1,0,True,False,False,False,False,False,False,True,False,False,True
675.0,18,0,216,0,0,True,False,False,False,False,False,False,True,False,False,True
611.4000000000001,52,0,196,0,0,False,False,True,False,True,False,False,False,True,False,False
1390.1999999999998,56,0,3772,1,0,False,False,False,True,False,False,False,True,True,False,False
1243.8000000000002,45,2,481,1,1,False,False,True,False,True,False,False,False,True,False,False
313.20000000000005,67,3,421,0,1,False,False,True,False,False,False,False,True,True,False,False
421.2000000000001,3,0,301,0,0,False,False,True,False,False,False,False,True,False,True,False
1189.1999999999998,65,2,536,1,1,False,False,True,False,True,False,False,False,True,False,False
807.0,63,2,276,0,1,False,False,True,False,False,False,False,True,True,False,False
300.0,11,2,519,0,1,True,False,False,False,False,False,False,True,False,False,True
714.5999999999999,1,0,269,0,0,False,False,True,False,False,False,False,True,False,True,False
933.6,55,3,303,1,1,False,True,False,False,True,False,False,False,True,False,False
661.2,25,0,513,0,0,False,False,True,False,False,False,False,True,True,False,False
1413.6,72,0,529,1,0,False,False,True,False,True,False,False,False,True,False,False
289.79999999999995,72,0,489,0,0,True,False,False,False,False,True,False,False,True,False,False
543.0,65,1,242,0,0,False,True,False,False,False,False,False,True,True,False,False
954.0,54,0,332,1,0,True,False,False,False,False,False,True,False,True,False,False
243.0,7,0,423,0,0,True,False,False,False,False,False,False,True,False,False,True
777.0,72,0,272,0,0,False,False,True,False,True,False,False,False,True,False,False
655.2,21,2,605,0,1,False,False,True,False,True,False,False,False,False,False,True
248.4,2,2,50,0,1,True,False,False,False,True,False,False,False,False,True,False
1137.0,4,0,283,1,0,True,False,False,False,False,False,True,False,False,False,True
955.8,3,2,323,1,1,False,True,False,False,True,False,False,False,False,True,False
1389.6,72,2,224,1,1,False,False,False,True,False,True,False,False,True,False,False
593.4000000000001,6,2,1383,0,1,False,False,False,True,False,False,True,False,False,False,True
1005.6,52,0,493,1,0,False,False,True,False,False,True,False,False,True,False,False
1144.1999999999998,69,1,404,1,0,False,True,False,False,True,False,False,False,True,False,False
1136.4,8,3,635,1,1,True,False,False,False,False,False,True,False,False,False,True
888.5999999999999,8,1,3736,1,0,False,False,False,True,True,False,False,False,False,False,True
1075.1999999999998,63,0,464,1,0,False,False,True,False,True,False,False,False,True,False,False
1399.1999999999998,60,1,446,1,0,False,False,True,False,False,True,False,False,True,False,False
650.4000000000001,12,1,409,0,0,False,False,True,False,True,False,False,False,False,False,True
231.6,13,1,50,0,0,False,False,True,False,False,False,False,True,False,False,True
780.5999999999999,22,0,190,0,0,True,False,False,False,False,False,False,True,False,False,True
1110.0,5,0,415,1,0,False,False,True,False,False,False,True,False,False,False,True
233.4,1,2,492,0,1,False,False,True,False,False,False,False,True,False,True,False
288.6,72,2,443,0,1,False,False,True,False,True,False,False,False,True,False,False
225.0,2,0,266,0,0,False,True,False,False,True,False,False,False,False,True,False
241.8,40,3,540,0,1,False,True,False,False,True,False,False,False,True,False,False
240.0,44,0,622,0,0,False,False,True,False,True,False,False,False,True,False,False
852.0,71,1,540,1,0,False,False,True,False,True,False,False,False,True,False,False
906.6,2,2,548,1,1,False,False,True,False,False,False,True,False,False,True,False
1123.1999999999998,26,2,316,1,1,False,True,False,False,False,False,True,False,True,False,False
840.0,1,3,561,0,1,False,False,True,False,False,False,True,False,False,True,False
292.79999999999995,1,0,421,0,0,True,False,False,False,False,False,False,True,False,True,False
897.5999999999999,65,2,476,1,1,False,True,False,False,True,False,False,False,True,False,False
783.0,3,0,454,0,0,False,False,True,False,False,False,False,True,False,True,False
606.5999999999999,13,1,2402,0,0,False,False,False,True,False,False,False,True,False,False,True
1252.8000000000002,33,1,270,1,0,False,False,True,False,False,False,True,False,True,False,False
848.4000000000001,1,1,2434,1,0,False,False,False,True,False,False,False,True,False,True,False
543.0,4,0,548,0,0,False,False,True,False,False,False,False,True,False,False,True
843.5999999999999,2,2,333,0,1,False,True,False,False,False,False,True,False,False,True,False
1307.4,72,0,3214,1,0,False,False,False,True,False,True,False,False,True,False,False
317.4,37,0,510,0,0,True,False,False,False,False,False,False,True,True,False,False
1034.4,15,1,355,1,0,False,False,True,False,False,False,True,False,False,False,True
235.8,23,1,608,0,0,False,False,True,False,False,True,False,False,False,False,True
614.4000000000001,30,2,346,0,1,False,True,False,False,False,True,False,False,True,False,False
228.6,42,0,626,0,0,True,False,False,False,False,False,True,False,True,False,False
897.0,32,0,465,1,0,True,False,False,False,False,False,False,True,True,False,False
909.6,22,2,397,1,1,False,False,True,False,True,False,False,False,False,False,True
301.20000000000005,42,1,266,0,0,False,False,True,False,False,True,False,False,True,False,False
533.4000000000001,8,0,386,0,0,False,True,False,False,False,False,False,True,False,False,True
1251.6,65,1,369,1,0,False,False,True,False,False,True,False,False,True,False,False
234.0,2,1,211,0,0,False,False,True,False,False,False,False,True,False,True,False
1068.0,70,1,367,1,0,False,False,True,False,True,False,False,False,True,False,False
241.8,22,1,279,0,0,False,True,False,False,False,True,False,False,False,False,True
898.8000000000001,4,2,487,1,1,True,False,False,False,False,False,True,False,False,False,True
898.8000000000001,2,2,595,1,1,True,False,False,False,False,True,False,False,False,True,False
433.8,67,1,215,0,0,False,False,True,False,True,False,False,False,True,False,False
230.4,25,0,656,0,0,False,True,False,False,False,True,False,False,True,False,False
231.0,20,2,380,0,1,True,False,False,False,True,False,False,False,False,False,True
734.4000000000001,2,1,253,0,0,False,False,True,False,False,True,False,False,False,True,False
245.4,51,1,3106,0,0,False,False,False,True,False,False,False,True,True,False,False
420.6,46,0,333,0,0,False,False,True,False,True,False,False,False,True,False,False
1203.0,25,2,387,1,1,False,False,True,False,False,False,True,False,True,False,False
528.0,13,1,339,0,0,False,False,True,False,False,False,False,True,False,False,True
1233.6,25,0,277,1,0,False,False,True,False,False,False,False,True,True,False,False
604.2,26,0,3079,0,0,False,False,False,True,False,False,False,True,True,False,False
1200.0,43,2,357,1,1,False,False,True,False,False,False,True,False,True,False,False
240.0,19,0,184,0,0,False,False,True,False,False,False,True,False,False,False,True
1198.1999999999998,10,3,482,1,1,False,False,True,False,False,False,True,False,False,False,True
1130.4,2,1,219,1,0,True,False,False,False,True,False,False,False,False,True,False
1036.8000000000002,72,1,227,1,0,False,True,False,False,True,False,False,False,True,False,False
700.8,18,0,578,0,0,False,True,False,False,False,True,False,False,False,False,True
1006.2,9,0,220,1,0,False,True,False,False,False,False,True,False,False,False,True
1059.6,27,3,52,1,1,False,False,True,False,False,True,False,False,True,False,False
1129.1999999999998,24,0,493,1,0,False,False,True,False,False,False,True,False,False,False,True
1248.6,69,2,2256,1,1,False,False,False,True,True,False,False,False,True,False,False
1306.8000000000002,46,0,367,1,0,False,False,True,False,False,True,False,False,True,False,False
1288.8000000000002,72,0,352,1,0,False,False,True,False,True,False,False,False,True,False,False
1136.4,22,0,2685,1,0,False,False,False,True,False,True,False,False,False,False,True
1090.1999999999998,70,1,287,1,0,False,False,True,False,False,False,True,False,True,False,False
238.8,2,3,621,0,1,False,False,True,False,False,False,True,False,False,True,False
796.8000000000001,31,0,178,0,0,False,True,False,False,False,True,False,False,True,False,False
1207.8000000000002,56,0,466,1,0,False,False,True,False,True,False,False,False,True,False,False
1208.4,16,0,3013,1,0,False,False,False,True,True,False,False,False,False,False,True
307.20000000000005,52,1,286,0,0,False,True,False,False,False,True,False,False,True,False,False
238.2,13,0,246,0,0,False,True,False,False,False,False,False,True,False,False,True
249.0,35,2,3313,0,1,False,False,False,True,False,False,False,True,True,False,False
1149.6,59,1,251,1,0,False,False,True,False,False,False,True,False,True,False,False
1135.8000000000002,72,1,309,1,0,False,False,True,False,False,False,True,False,True,False,False
966.6,66,0,533,1,0,False,False,True,False,True,False,False,False,True,False,False
1279.8000000000002,49,3,405,1,1,False,False,True,False,False,True,False,False,True,False,False
550.2,2,0,130,0,0,True,False,False,False,False,False,False,True,False,True,False
1252.1999999999998,21,0,662,1,0,True,False,False,False,False,False,True,False,False,False,True
665.4000000000001,54,1,320,0,0,False,False,True,False,False,False,True,False,True,False,False
946.2,24,1,339,1,0,False,False,True,False,False,False,True,False,False,False,True
733.8,1,0,438,0,0,False,False,True,False,False,False,True,False,False,True,False
947.4,6,0,493,1,0,False,False,True,False,False,False,True,False,False,False,True
533.4000000000001,1,2,694,0,1,False,False,True,False,False,False,False,True,False,True,False
1310.4,49,0,150,1,0,False,True,False,False,False,True,False,False,True,False,False
735.5999999999999,56,2,523,0,1,True,False,False,False,False,True,False,False,True,False,False
1162.1999999999998,56,1,3094,1,0,False,False,False,True,False,False,True,False,True,False,False
486.6,6,0,379,0,0,False,False,True,False,False,False,False,True,False,False,True
237.6,32,1,518,0,0,False,False,True,False,False,False,False,True,True,False,False
1299.0,50,0,540,1,0,False,True,False,False,False,False,True,False,True,False,False
1260.6,58,2,192,1,1,True,False,False,False,True,False,False,False,True,False,False
1085.4,65,1,662,1,0,True,False,False,False,False,False,False,True,True,False,False
1036.8000000000002,64,0,166,1,0,True,False,False,False,False,True,False,False,True,False,False
802.8000000000001,66,1,229,0,0,False,True,False,False,True,False,False,False,True,False,False
1328.4,38,3,2290,1,1,False,False,False,True,False,False,True,False,True,False,False
240.0,20,0,688,0,0,False,False,True,False,False,False,False,True,False,False,True
1018.8,36,3,353,1,1,False,True,False,False,False,False,True,False,True,False,False
1225.1999999999998,64,0,395,1,0,False,False,True,False,False,False,True,False,True,False,False
243.0,1,0,614,0,0,False,False,True,False,False,False,False,True,False,True,False
841.8000000000001,60,0,354,0,0,False,True,False,False,False,True,False,False,True,False,False
892.1999999999999,1,0,223,1,0,False,False,True,False,False,False,True,False,False,True,False
960.6,50,0,337,1,0,False,False,True,False,True,False,False,False,True,False,False
744.5999999999999,1,0,605,0,0,False,False,True,False,False,False,False,True,False,True,False
590.4000000000001,72,3,410,0,1,False,False,True,False,False,False,True,False,True,False,False
246.0,60,2,689,0,1,False,False,True,False,True,False,False,False,True,False,False
459.0,46,1,510,0,0,False,False,True,False,False,False,False,True,True,False,False
659.4000000000001,69,0,303,0,0,False,False,True,False,False,True,False,False,True,False,False
1159.1999999999998,31,0,407,1,0,False,False,True,False,True,False,False,False,True,False,False
238.8,19,0,272,0,0,True,False,False,False,False,False,False,True,False,False,True
238.8,71,1,299,0,0,False,False,True,False,False,True,False,False,True,False,False
1015.2,12,3,1071,1,1,False,False,True,False,False,False,True,False,False,False,True
960.0,39,0,552,1,0,False,True,False,False,False,True,False,False,True,False,False
1023.0,44,0,529,1,0,True,False,False,False,True,False,False,False,True,False,False
975.0,56,1,2001,1,0,False,False,False,True,False,True,False,False,True,False,False
1386.0,72,0,635,1,0,False,False,True,False,True,False,False,False,True,False,False
1249.1999999999998,5,0,564,1,0,False,True,False,False,False,False,False,True,False,False,True
948.0,11,1,4005,1,0,False,False,False,True,True,False,False,False,False,False,True
469.2000000000001,24,1,3966,0,0,False,False,False,True,True,False,False,False,False,False,True
1135.8000000000002,15,0,1316,1,0,False,False,False,True,False,False,True,False,False,False,True
249.6,72,0,233,0,0,True,False,False,False,False,False,False,True,True,False,False
714.0,56,3,249,0,1,True,False,False,False,False,True,False,False,True,False,False
240.6,64,0,258,0,0,False,True,False,False,True,False,False,False,True,False,False
1205.4,34,0,448,1,0,False,False,True,False,False,False,True,False,True,False,False
918.0,2,0,314,1,0,False,True,False,False,False,False,True,False,False,True,False
247.2,35,0,710,0,0,True,False,False,False,True,False,False,False,True,False,False
243.6,22,0,685,0,0,False,False,True,False,False,True,False,False,False,False,True
590.4000000000001,5,2,399,0,1,True,False,False,False,False,False,True,False,False,False,True
474.6,9,0,693,0,0,False,False,True,False,False,False,False,True,False,False,True
277.79999999999995,11,0,623,0,0,False,True,False,False,False,True,False,False,False,False,True
245.4,23,1,332,0,0,True,False,False,False,False,False,False,True,False,False,True
970.2,4,1,98,1,0,False,False,True,False,False,False,True,False,False,False,True
303.0,68,2,367,0,1,False,True,False,False,True,False,False,False,True,False,False
1095.0,33,2,303,1,1,False,False,True,False,False,False,True,False,True,False,False
869.4000000000001,31,0,430,1,0,False,False,True,False,True,False,False,False,True,False,False
721.2,1,2,413,0,1,False,False,True,False,False,False,False,True,False,True,False
236.4,56,1,409,0,0,False,False,True,False,True,False,False,False,True,False,False
947.4,1,3,478,1,1,False,False,True,False,False,False,True,False,False,True,False
901.2,66,1,218,1,0,True,False,False,False,False,False,True,False,True,False,False
300.0,72,3,461,0,1,True,False,False,False,True,False,False,False,True,False,False
829.8000000000001,34,2,334,0,1,False,False,True,False,False,True,False,False,True,False,False
1098.6,58,0,2659,1,0,False,False,False,True,False,False,True,False,True,False,False
541.8,2,1,543,0,0,False,False,True,False,False,False,True,False,False,True,False
429.6,37,3,216,0,1,False,False,True,False,False,True,False,False,True,False,False
1357.8000000000002,71,2,357,1,1,False,False,True,False,False,True,False,False,True,False,False
238.2,1,0,382,0,0,True,False,False,False,False,True,False,False,False,True,False
237.6,71,1,322,0,0,True,False,False,False,False,True,False,False,True,False,False
238.8,35,0,534,0,0,False,False,True,False,False,False,True,False,True,False,False
236.4,6,0,291,0,0,False,False,True,False,False,False,False,True,False,False,True
952.8,3,0,316,1,0,False,False,True,False,False,False,True,False,False,True,False
709.2,69,0,293,0,0,False,True,False,False,True,False,False,False,True,False,False
647.4000000000001,44,2,563,0,1,False,True,False,False,False,False,False,True,True,False,False
1093.8000000000002,53,0,326,1,0,False,False,True,False,False,False,True,False,True,False,False
1191.6,24,2,2868,1,1,False,False,False,True,False,True,False,False,False,False,True
827.4000000000001,5,0,696,0,0,False,False,True,False,False,False,True,False,False,False,True
618.5999999999999,2,0,388,0,0,True,False,False,False,False,False,False,True,False,True,False
292.79999999999995,62,0,3389,0,0,False,False,False,True,False,False,False,True,True,False,False
1161.6,19,0,650,1,0,False,False,True,False,False,False,True,False,False,False,True
840.5999999999999,9,0,3321,0,0,False,False,False,True,False,False,False,True,False,False,True
234.0,53,0,397,0,0,True,False,False,False,False,True,False,False,True,False,False
945.0,5,1,496,1,0,False,False,True,False,False,False,False,True,False,False,True
830.4000000000001,71,0,206,0,0,False,False,True,False,False,False,True,False,True,False,False
234.6,1,0,282,0,0,True,False,False,False,False,False,False,True,False,True,False
967.8,18,0,309,1,0,False,False,True,False,False,False,True,False,False,False,True
1243.8000000000002,72,2,736,1,1,False,False,True,False,False,False,True,False,True,False,False
656.4000000000001,4,3,278,0,1,False,True,False,False,False,False,False,True,False,False,True
649.8,59,1,275,0,0,True,False,False,False,False,True,False,False,True,False,False
853.1999999999999,1,0,1664,1,0,False,False,False,True,False,False,False,True,False,True,False
1018.2,31,0,483,1,0,True,False,False,False,False,False,True,False,True,False,False
240.0,3,3,421,0,1,False,True,False,False,True,False,False,False,False,True,False
1275.0,65,0,563,1,0,False,False,True,False,False,False,True,False,True,False,False
1191.0,49,0,500,1,0,False,True,False,False,False,True,False,False,True,False,False
232.2,2,0,1395,0,0,False,False,False,True,False,False,False,True,False,True,False
249.6,53,0,278,0,0,False,False,True,False,True,False,False,False,True,False,False
1137.0,55,0,604,1,0,False,False,True,False,False,False,True,False,True,False,False
1368.6,72,2,369,1,1,False,False,True,False,False,True,False,False,True,False,False
898.8000000000001,36,0,578,1,0,False,True,False,False,True,False,False,False,True,False,False
237.6,10,1,377,0,0,True,False,False,False,True,False,False,False,False,False,True
1128.0,1,0,1725,1,0,False,False,False,True,False,False,True,False,False,True,False
970.2,72,0,354,1,0,True,False,False,False,True,False,False,False,True,False,False
655.8,28,3,254,0,1,False,False,True,False,True,False,False,False,True,False,False
1100.4,38,0,315,1,0,True,False,False,False,True,False,False,False,True,False,False
1423.1999999999998,61,2,430,1,1,True,False,False,False,False,False,True,False,True,False,False
294.6,52,1,476,0,0,False,False,True,False,False,False,False,True,True,False,False
233.4,67,0,161,0,0,True,False,False,False,False,False,False,True,True,False,False
1393.8000000000002,34,3,397,1,1,False,False,True,False,False,True,False,False,True,False,False
967.2,54,0,312,1,0,True,False,False,False,False,False,True,False,True,False,False
243.6,1,2,302,0,1,True,False,False,False,True,False,False,False,False,True,False
1078.1999999999998,15,0,2606,1,0,False,False,False,True,False,False,True,False,False,False,True
552.0,4,2,317,0,1,False,True,False,False,False,False,False,True,False,False,True
795.0,9,0,607,0,0,False,False,True,False,False,False,False,True,False,False,True
1197.6,46,1,578,1,0,False,True,False,False,False,False,True,False,True,False,False
1080.0,22,2,577,1,1,False,False,True,False,False,False,True,False,False,False,True
845.4000000000001,38,3,2104,1,1,False,False,False,True,True,False,False,False,True,False,False
900.0,55,3,1730,1,1,False,False,False,True,False,True,False,False,True,False,False
238.8,1,2,412,0,1,True,False,False,False,False,False,False,True,False,True,False
963.6,64,2,377,1,1,False,False,True,False,False,True,False,False,True,False,False
237.0,53,0,308,0,0,True,False,False,False,True,False,False,False,True,False,False
1011.6,58,0,223,1,0,True,False,False,False,False,False,True,False,True,False,False
648.5999999999999,56,0,2466,0,0,False,False,False,True,True,False,False,False,True,False,False
1258.8000000000002,72,0,339,1,0,False,False,True,False,False,True,False,False,True,False,False
647.4000000000001,1,0,503,0,0,False,False,True,False,False,False,True,False,False,True,False
1167.0,72,1,499,1,0,False,False,True,False,False,True,False,False,True,False,False
996.6,22,0,565,1,0,False,True,False,False,False,False,True,False,False,False,True
1266.0,8,1,211,1,0,False,True,False,False,False,False,True,False,False,False,True
972.0,16,0,460,1,0,True,False,False,False,False,False,True,False,False,False,True
493.2000000000001,39,0,290,0,0,False,False,True,False,True,False,False,False,True,False,False
540.0,12,1,216,0,0,False,False,True,False,True,False,False,False,False,False,True
894.5999999999999,54,2,335,1,1,False,True,False,False,True,False,False,False,True,False,False
482.4,18,1,560,0,0,True,False,False,False,False,False,False,True,False,False,True
846.0,32,1,344,1,0,True,False,False,False,False,False,False,True,True,False,False
237.0,41,0,634,0,0,True,False,False,False,False,False,False,True,True,False,False
295.79999999999995,67,1,482,0,0,False,False,True,False,True,False,False,False,True,False,False
1251.0,65,0,340,1,0,False,True,False,False,False,False,True,False,True,False,False
940.2,25,0,574,1,0,True,False,False,False,True,False,False,False,True,False,False
837.5999999999999,1,0,466,0,0,False,True,False,False,False,False,True,False,False,True,False
1316.4,67,0,260,1,0,False,False,True,False,False,True,False,False,True,False,False
885.0,7,0,678,1,0,False,False,True,False,False,False,False,True,False,False,True
401.4,43,3,438,0,1,False,False,True,False,False,True,False,False,True,False,False
1135.1999999999998,24,3,2515,1,1,False,False,False,True,False,False,True,False,False,False,True
654.5999999999999,9,0,271,0,0,False,False,True,False,False,False,True,False,False,False,True
242.4,69,0,576,0,0,False,False,True,False,True,False,False,False,True,False,False
243.6,37,0,477,0,0,False,False,True,False,True,False,False,False,True,False,False
472.8,20,0,494,0,0,False,True,False,False,False,True,False,False,False,False,True
829.8000000000001,7,3,323,0,1,False,False,True,False,True,False,False,False,False,False,True
915.0,37,0,3167,1,0,False,False,False,True,False,False,True,False,True,False,False
1126.8000000000002,5,2,536,1,1,False,False,True,False,False,False,False,True,False,False,True
616.2,41,0,299,0,0,False,False,True,False,False,False,True,False,True,False,False
1200.6,54,3,187,1,1,False,True,False,False,False,True,False,False,True,False,False
844.8000000000001,3,0,487,1,0,False,False,True,False,False,False,True,False,False,True,False
243.6,69,2,163,0,1,False,False,True,False,False,True,False,False,True,False,False
1133.4,53,0,422,1,0,False,False,True,False,False,True,False,False,True,False,False
556.8,18,1,332,0,0,True,False,False,False,False,True,False,False,False,False,True
1248.6,64,0,3474,1,0,False,False,False,True,False,True,False,False,True,False,False
1093.8000000000002,31,0,341,1,0,False,False,True,False,False,False,True,False,True,False,False
298.79999999999995,20,3,566,0,1,False,False,True,False,False,True,False,False,False,False,True
715.2,57,3,322,0,1,True,False,False,False,False,False,False,True,True,False,False
1302.0,63,2,3299,1,1,False,False,False,True,False,True,False,False,True,False,False
486.6,13,1,709,0,0,False,False,True,False,False,False,False,True,False,False,True
707.4000000000001,48,2,1645,0,1,False,False,False,True,True,False,False,False,True,False,False
851.4000000000001,2,0,2733,1,0,False,False,False,True,False,False,True,False,False,True,False
249.0,57,0,4699,0,0,False,False,False,True,False,False,False,True,True,False,False
1357.8000000000002,71,0,409,1,0,False,True,False,False,True,False,False,False,True,False,False
585.5999999999999,7,1,409,0,0,False,False,True,False,False,False,True,False,False,False,True
756.5999999999999,16,0,518,0,0,False,False,True,False,True,False,False,False,False,False,True
1210.1999999999998,34,0,406,1,0,True,False,False,False,False,False,True,False,True,False,False
1194.0,37,1,143,1,0,False,True,False,False,False,False,True,False,True,False,False
966.6,16,2,569,1,1,False,False,True,False,False,False,False,True,False,False,True
772.8000000000001,48,0,99,0,0,True,False,False,False,True,False,False,False,True,False,False
902.4,58,0,337,1,0,True,False,False,False,False,True,False,False,True,False,False
1018.8,72,0,581,1,0,True,False,False,False,True,False,False,False,True,False,False
231.6,7,0,346,0,0,True,False,False,False,False,False,False,True,False,False,True
1006.8,38,0,295,1,0,True,False,False,False,False,True,False,False,True,False,False
1409.4,48,1,531,1,0,False,False,True,False,False,False,True,False,True,False,False
1252.8000000000002,10,1,272,1,0,True,False,False,False,False,False,True,False,False,False,True
895.8000000000001,30,1,216,1,0,True,False,False,False,False,True,False,False,True,False,False
708.5999999999999,31,0,441,0,0,False,False,True,False,False,True,False,False,True,False,False
829.1999999999999,46,2,372,0,1,False,False,True,False,False,True,False,False,True,False,False
246.6,50,0,213,0,0,True,False,False,False,False,False,False,True,True,False,False
918.6,28,1,495,1,0,False,False,True,False,True,False,False,False,True,False,False
750.0,66,2,469,0,1,True,False,False,False,True,False,False,False,True,False,False
352.79999999999995,8,0,346,0,0,False,False,True,False,False,False,True,False,False,False,True
1138.8000000000002,41,0,356,1,0,False,False,True,False,True,False,False,False,True,False,False
1339.8000000000002,72,2,470,1,1,False,True,False,False,True,False,False,False,True,False,False
238.8,7,0,578,0,0,False,False,True,False,False,False,False,True,False,False,True
245.4,38,1,2273,0,0,False,False,False,True,False,False,False,True,True,False,False
1272.6,44,0,498,1,0,False,True,False,False,False,False,True,False,True,False,False
1361.4,47,1,484,1,0,False,False,True,False,True,False,False,False,True,False,False
1110.6,53,0,531,1,0,False,False,True,False,False,False,True,False,True,False,False
787.1999999999999,4,0,405,0,0,False,False,True,False,False,False,True,False,False,False,True
1012.2,20,1,263,1,0,False,False,True,False,False,False,True,False,False,False,True
535.8,2,0,2130,0,0,False,False,False,True,False,False,False,True,False,True,False
853.1999999999999,57,0,451,1,0,False,False,True,False,False,True,False,False,True,False,False
1021.8,44,0,672,1,0,False,False,True,False,False,False,True,False,True,False,False
596.4000000000001,24,0,327,0,0,False,True,False,False,False,False,False,True,False,False,True
362.4,15,0,520,0,0,False,False,True,False,True,False,False,False,False,False,True
303.0,3,0,350,0,0,False,False,True,False,False,False,True,False,False,True,False
1008.6,4,3,416,1,1,False,False,True,False,True,False,False,False,False,False,True
1028.4,37,0,627,1,0,True,False,False,False,False,False,True,False,True,False,False
896.4000000000001,1,1,514,1,0,True,False,False,False,False,False,True,False,False,True,False
676.2,24,0,213,0,0,True,False,False,False,False,True,False,False,False,False,True
1089.6,5,0,314,1,0,False,False,True,False,False,False,True,False,False,False,True
1290.6,33,3,588,1,1,False,False,True,False,False,False,True,False,True,False,False
238.2,58,0,421,0,0,False,True,False,False,False,False,False,True,True,False,False
1150.8000000000002,72,3,1580,1,1,False,False,False,True,True,False,False,False,True,False,False
286.20000000000005,71,0,277,0,0,True,False,False,False,False,False,False,True,True,False,False
1273.8000000000002,28,1,505,1,0,False,False,True,False,False,False,True,False,True,False,False
1006.2,51,1,549,1,0,False,False,True,False,False,True,False,False,True,False,False
1024.1999999999998,30,2,2514,1,1,False,False,False,True,True,False,False,False,True,False,False
1017.6,72,1,771,1,0,True,False,False,False,False,True,False,False,True,False,False
1090.1999999999998,36,1,523,1,0,True,False,False,False,False,False,True,False,True,False,False
913.2,14,0,2305,1,0,False,False,False,True,True,False,False,False,False,False,True
894.5999999999999,72,0,277,1,0,True,False,False,False,False,False,False,True,True,False,False
470.4,22,3,253,0,1,False,True,False,False,False,False,True,False,False,False,True
954.6,2,0,450,1,0,True,False,False,False,False,False,True,False,False,True,False
235.2,15,0,326,0,0,True,False,False,False,False,False,False,True,False,False,True
234.6,51,2,651,0,1,True,False,False,False,False,True,False,False,True,False,False
469.8,70,0,619,0,0,False,False,True,False,False,True,False,False,True,False,False
241.2,71,3,494,0,1,False,False,True,False,True,False,False,False,True,False,False
1199.4,39,1,223,1,0,False,True,False,False,False,True,False,False,True,False,False
717.5999999999999,61,1,299,0,0,False,True,False,False,False,False,True,False,True,False,False
597.0,52,2,588,0,1,True,False,False,False,True,False,False,False,True,False,False
429.0,1,0,315,0,0,False,False,True,False,False,False,True,False,False,True,False
1302.0,64,0,568,1,0,False,False,True,False,False,False,False,True,True,False,False
721.8,62,1,2879,0,0,False,False,False,True,False,True,False,False,True,False,False
228.6,30,0,407,0,0,False,False,True,False,False,False,False,True,True,False,False
552.0,4,1,294,0,0,False,False,True,False,False,False,True,False,False,False,True
1008.0,63,3,385,1,1,False,False,True,False,True,False,False,False,True,False,False
534.5999999999999,1,0,428,0,0,False,True,False,False,False,True,False,False,False,True,False
1241.4,15,0,554,1,0,False,False,True,False,False,False,True,False,False,False,True
967.8,27,3,267,1,1,True,False,False,False,False,True,False,False,True,False,False
686.4000000000001,4,0,360,0,0,False,False,True,False,False,False,False,True,False,False,True
1329.0,72,1,406,1,0,True,False,False,False,False,False,True,False,True,False,False
296.4,45,0,499,0,0,False,True,False,False,False,True,False,False,True,False,False
1164.6,45,3,263,1,1,False,False,True,False,False,False,True,False,True,False,False
916.2,36,1,202,1,0,False,False,True,False,False,False,False,True,True,False,False
1072.8000000000002,17,2,501,1,1,False,False,True,False,False,False,True,False,False,False,True
226.8,1,2,172,0,1,False,True,False,False,False,False,False,True,False,True,False
893.4000000000001,16,0,592,1,0,False,False,True,False,True,False,False,False,False,False,True
237.6,3,0,376,0,0,False,False,True,False,False,False,False,True,False,True,False
610.8,4,2,167,0,1,False,True,False,False,False,False,True,False,False,False,True
1012.8,71,0,327,1,0,False,False,True,False,False,True,False,False,True,False,False
292.79999999999995,10,2,456,0,1,False,False,True,False,False,False,False,True,False,False,True
240.6,20,3,2073,0,1,False,False,False,True,False,False,False,True,False,False,True
972.0,4,1,403,1,0,True,False,False,False,False,False,True,False,False,False,True
1180.1999999999998,26,1,511,1,0,False,False,True,False,False,False,True,False,True,False,False
666.0,4,2,369,0,1,False,False,True,False,False,True,False,False,False,False,True
612.0,5,2,259,0,1,True,False,False,False,False,False,False,True,False,False,True
1099.8000000000002,4,0,355,1,0,False,False,True,False,False,False,True,False,False,False,True
1011.6,29,0,612,1,0,True,False,False,False,False,False,True,False,True,False,False
1202.4,2,0,652,1,0,False,False,True,False,False,False,True,False,False,True,False
232.8,29,1,97,0,0,True,False,False,False,False,False,False,True,True,False,False
1090.1999999999998,1,1,563,1,0,False,False,True,False,False,False,True,False,False,True,False
832.8000000000001,1,1,437,0,0,True,False,False,False,False,False,False,True,False,True,False
1133.4,8,0,538,1,0,False,False,True,False,False,True,False,False,False,False,True
244.8,13,1,2059,0,0,False,False,False,True,False,False,True,False,False,False,True
1137.0,59,0,134,1,0,False,False,True,False,False,False,True,False,True,False,False
241.8,1,1,487,0,0,False,False,True,False,False,True,False,False,False,True,False
1148.4,50,1,1747,1,0,False,False,False,True,False,False,True,False,True,False,False
532.2,18,0,191,0,0,False,True,False,False,True,False,False,False,False,False,True
894.5999999999999,17,0,202,1,0,True,False,False,False,False,False,False,True,False,False,True
883.1999999999999,47,1,490,1,0,False,False,True,False,False,False,True,False,True,False,False
899.4000000000001,26,1,420,1,0,True,False,False,False,True,False,False,False,True,False,False
575.4000000000001,6,0,517,0,0,False,False,True,False,False,False,True,False,False,False,True
601.2,19,3,500,0,1,True,False,False,False,False,True,False,False,False,False,True
763.2,3,1,336,0,0,True,False,False,False,False,False,True,False,False,True,False
636.0,68,3,389,0,1,False,False,True,False,False,False,True,False,True,False,False
238.2,2,0,323,0,0,True,False,False,False,True,False,False,False,False,True,False
292.20000000000005,7,1,368,0,0,True,False,False,False,False,True,False,False,False,False,True
234.6,18,2,254,0,1,False,False,True,False,False,False,False,True,False,False,True
300.6,71,1,458,0,0,False,True,False,False,False,True,False,False,True,False,False
1125.6,13,1,561,1,0,False,False,True,False,False,True,False,False,False,False,True
442.2000000000001,3,0,277,0,0,True,False,False,False,False,False,False,True,False,True,False
1245.0,72,0,592,1,0,False,False,True,False,True,False,False,False,True,False,False
681.0,66,0,417,0,0,False,False,True,False,False,True,False,False,True,False,False
249.6,24,0,436,0,0,False,False,True,False,False,True,False,False,False,False,True
529.2,1,0,145,0,0,False,True,False,False,False,False,True,False,False,True,False
293.4,56,0,128,0,0,True,False,False,False,False,False,False,True,True,False,False
307.20000000000005,22,3,421,0,1,True,False,False,False,True,False,False,False,False,False,True
609.0,14,0,518,0,0,False,False,True,False,False,False,True,False,False,False,True
1252.8000000000002,61,1,299,1,0,False,False,True,False,False,True,False,False,True,False,False
471.6,40,2,3836,0,1,False,False,False,True,False,False,True,False,True,False,False
715.8,42,1,510,0,0,False,True,False,False,True,False,False,False,True,False,False
999.6,72,0,263,1,0,False,False,True,False,True,False,False,False,True,False,False
954.6,12,1,404,1,0,False,False,True,False,False,True,False,False,False,False,True
293.4,71,1,771,0,0,False,True,False,False,True,False,False,False,True,False,False
230.4,26,1,213,0,0,False,False,True,False,False,False,False,True,True,False,False
357.6,7,2,2922,0,1,False,False,False,True,False,False,False,True,False,False,True
546.0,6,3,351,0,1,False,True,False,False,False,False,False,True,False,False,True
1277.4,58,1,506,1,0,True,False,False,False,False,False,True,False,True,False,False
360.6,51,0,590,0,0,False,True,False,False,False,True,False,False,True,False,False
787.8000000000001,72,1,342,0,0,False,False,True,False,True,False,False,False,True,False,False
1152.6,18,0,567,1,0,True,False,False,False,False,False,True,False,False,False,True
901.2,7,2,733,1,1,False,True,False,False,True,False,False,False,False,False,True
888.5999999999999,47,0,409,1,0,False,False,True,False,False,False,False,True,True,False,False
536.4000000000001,2,0,517,0,0,False,True,False,False,False,False,True,False,False,True,False
1329.0,62,2,311,1,1,False,False,True,False,True,False,False,False,True,False,False
236.4,16,1,402,0,0,True,False,False,False,False,False,False,True,False,False,True
594.0,6,0,373,0,0,False,True,False,False,False,True,False,False,False,False,True
660.0,19,1,3137,0,0,False,False,False,True,False,True,False,False,False,False,True
527.4000000000001,69,2,580,0,1,False,False,True,False,False,True,False,False,True,False,False
892.1999999999999,11,0,383,1,0,False,False,True,False,False,False,True,False,False,False,True
1333.8000000000002,64,2,630,1,1,True,False,False,False,False,False,True,False,True,False,False
1256.4,39,0,629,1,0,True,False,False,False,False,True,False,False,True,False,False
668.4000000000001,15,2,527,0,1,False,False,True,False,False,False,False,True,False,False,True
247.2,25,2,322,0,1,False,False,True,False,False,False,False,True,True,False,False
235.8,6,0,308,0,0,False,False,True,False,False,True,False,False,False,False,True
1389.6,66,0,1850,1,0,False,False,False,True,True,False,False,False,True,False,False
1063.8000000000002,61,0,3259,1,0,False,False,False,True,False,True,False,False,True,False,False
1134.0,43,1,1530,1,0,False,False,False,True,False,False,True,False,True,False,False
241.2,12,1,501,0,0,False,True,False,False,False,False,False,True,False,False,True
415.8,23,1,237,0,0,True,False,False,False,True,False,False,False,False,False,True
627.5999999999999,71,0,523,0,0,False,False,True,False,True,False,False,False,True,False,False
780.0,34,0,402,0,0,False,False,True,False,False,False,False,True,True,False,False
238.2,5,0,600,0,0,False,True,False,False,False,True,False,False,False,False,True
425.4,41,0,571,0,0,True,False,False,False,False,False,False,True,True,False,False
236.4,72,1,3648,0,0,False,False,False,True,False,True,False,False,True,False,False
1147.1999999999998,14,2,619,1,1,False,True,False,False,False,False,True,False,False,False,True
238.2,41,1,421,0,0,False,True,False,False,False,False,False,True,True,False,False
982.2,23,0,226,1,0,True,False,False,False,False,True,False,False,False,False,True
1311.6,71,3,242,1,1,False,False,True,False,False,True,False,False,True,False,False
843.5999999999999,1,1,86,0,0,False,False,True,False,False,False,True,False,False,True,False
304.79999999999995,72,3,237,0,1,True,False,False,False,False,False,False,True,True,False,False
837.5999999999999,6,1,410,0,0,True,False,False,False,False,False,True,False,False,False,True
240.0,23,0,316,0,0,False,False,True,False,False,True,False,False,False,False,True
1026.6,10,0,372,1,0,False,True,False,False,False,False,True,False,False,False,True
1318.8000000000002,72,1,473,1,0,False,False,True,False,False,False,True,False,True,False,False
603.5999999999999,7,0,354,0,0,False,False,True,False,True,False,False,False,False,False,True
1134.0,6,0,231,1,0,True,False,False,False,False,False,False,True,False,False,True
1218.0,9,1,392,1,0,False,False,True,False,False,False,True,False,False,False,True
1069.8000000000002,12,1,265,1,0,True,False,False,False,False,False,True,False,False,False,True
232.8,1,1,359,0,0,False,False,True,False,False,False,False,True,False,True,False
358.79999999999995,48,0,601,0,0,False,True,False,False,True,False,False,False,True,False,False
945.6,20,0,359,1,0,False,False,True,False,False,False,True,False,False,False,True
1024.1999999999998,16,1,3916,1,0,False,False,False,True,False,True,False,False,False,False,True
955.8,2,3,614,1,1,False,True,False,False,False,False,False,True,False,True,False
231.6,10,1,313,0,0,False,True,False,False,False,False,False,True,False,False,True
955.2,2,3,233,1,1,False,False,True,False,False,False,True,False,False,True,False
1161.6,20,2,392,1,1,False,False,True,False,False,False,False,True,False,False,True
247.8,20,1,572,0,0,False,False,True,False,False,False,False,True,False,False,True
237.6,19,0,326,0,0,False,False,True,False,False,False,False,True,False,False,True
1087.1999999999998,19,1,536,1,0,False,True,False,False,False,False,True,False,False,False,True
1255.1999999999998,22,1,581,1,0,False,True,False,False,False,False,True,False,False,False,True
960.6,35,1,283,1,0,False,True,False,False,False,True,False,False,True,False,False
541.8,1,1,298,0,0,False,True,False,False,False,False,False,True,False,True,False
877.8000000000001,39,1,506,1,0,False,False,True,False,False,True,False,False,True,False,False
1189.1999999999998,54,0,422,1,0,False,False,True,False,False,False,True,False,True,False,False
242.4,1,1,297,0,0,False,False,True,False,True,False,False,False,False,True,False
1272.6,66,0,347,1,0,True,False,False,False,False,True,False,False,True,False,False
1264.1999999999998,56,2,389,1,1,False,True,False,False,False,False,False,True,True,False,False
547.8,18,0,165,0,0,False,False,True,False,False,True,False,False,False,False,True
959.4,16,0,514,1,0,False,False,True,False,False,True,False,False,False,False,True
653.4000000000001,68,0,328,0,0,True,False,False,False,False,True,False,False,True,False,False
301.20000000000005,53,1,273,0,0,False,False,False,True,False,True,False,False,True,False,False
1016.4,72,0,2480,1,0,False,False,False,True,False,True,False,False,True,False,False
910.2,9,0,288,1,0,False,False,True,False,False,False,True,False,False,False,True
585.5999999999999,30,1,653,0,0,False,False,True,False,False,False,False,True,True,False,False
1189.8000000000002,36,0,312,1,0,True,False,False,False,False,False,True,False,True,False,False
422.4,18,3,1621,0,1,False,False,False,True,False,False,True,False,False,False,True
915.0,55,3,476,1,1,False,False,True,False,False,False,True,False,True,False,False
670.8,39,1,300,0,0,True,False,False,False,False,False,True,False,True,False,False
988.2,21,0,1876,1,0,False,False,False,True,False,False,True,False,False,False,True
484.8,2,1,476,0,0,False,False,True,False,False,True,False,False,False,True,False
298.79999999999995,33,0,243,0,0,False,False,True,False,True,False,False,False,True,False,False
651.5999999999999,44,1,181,0,0,False,False,True,False,True,False,False,False,True,False,False
795.5999999999999,30,0,658,0,0,False,False,True,False,True,False,False,False,True,False,False
250.8,71,3,2963,0,1,False,False,False,True,True,False,False,False,True,False,False
904.2,4,0,360,1,0,False,False,True,False,False,False,True,False,False,False,True
1021.8,35,1,399,1,0,True,False,False,False,False,False,True,False,True,False,False
904.2,1,1,475,1,0,True,False,False,False,False,True,False,False,False,True,False
1253.4,23,1,546,1,0,False,False,True,False,False,False,True,False,False,False,True
593.4000000000001,22,0,286,0,0,False,True,False,False,False,True,False,False,False,False,True
233.4,49,3,454,0,1,True,False,False,False,False,True,False,False,True,False,False
1105.8000000000002,42,1,2094,1,0,False,False,False,True,False,False,True,False,True,False,False
1125.6,33,1,2348,1,0,False,False,False,True,False,False,True,False,True,False,False
238.2,7,0,424,0,0,False,False,True,False,False,False,False,True,False,False,True
1203.0,67,1,398,1,0,False,True,False,False,True,False,False,False,True,False,False
1148.4,15,0,510,1,0,False,True,False,False,False,False,True,False,False,False,True
1117.8000000000002,67,0,473,1,0,True,False,False,False,False,False,True,False,True,False,False
836.4000000000001,53,0,173,0,0,False,False,True,False,False,False,False,True,True,False,False
237.6,21,2,196,0,1,True,False,False,False,False,False,False,True,False,False,True
856.1999999999999,40,0,344,1,0,False,False,True,False,False,False,False,True,True,False,False
249.0,22,0,674,0,0,True,False,False,False,True,False,False,False,False,False,True
487.2000000000001,39,1,1818,0,0,False,False,False,True,False,False,True,False,True,False,False
244.8,45,2,368,0,1,False,True,False,False,False,False,True,False,True,False,False
244.2,2,0,319,0,0,False,True,False,False,False,False,False,True,False,True,False
237.0,57,1,316,0,0,False,False,True,False,True,False,False,False,True,False,False
652.8,8,0,426,0,0,False,False,True,False,False,False,True,False,False,False,True
1136.4,7,0,610,1,0,False,False,True,False,False,True,False,False,False,False,True
366.0,6,0,468,0,0,False,False,True,False,False,True,False,False,False,False,True
245.4,7,2,279,0,1,False,False,True,False,False,False,False,True,False,False,True
793.8000000000001,49,0,4702,0,0,False,False,False,True,True,False,False,False,True,False,False
1078.1999999999998,65,0,411,1,0,False,True,False,False,False,False,True,False,True,False,False
540.5999999999999,55,0,313,0,0,False,False,True,False,True,False,False,False,True,False,False
1042.1999999999998,71,2,611,1,1,True,False,False,False,True,False,False,False,True,False,False
1161.0,35,0,329,1,0,False,True,False,False,False,False,False,True,True,False,False
924.0,3,0,649,1,0,True,False,False,False,False,False,True,False,False,True,False
241.2,11,0,1803,0,0,False,False,False,True,False,True,False,False,False,False,True
903.6,1,0,614,1,0,False,False,True,False,False,False,True,False,False,True,False
1279.8000000000002,17,1,430,1,0,False,True,False,False,True,False,False,False,False,False,True
1321.8000000000002,72,1,593,1,0,False,True,False,False,False,True,False,False,True,False,False
994.2,28,0,685,1,0,False,False,True,False,True,False,False,False,True,False,False
241.2,18,0,230,0,0,False,False,True,False,False,False,False,True,False,False,True
1190.4,40,0,591,1,0,False,False,True,False,False,True,False,False,True,False,False
713.4000000000001,52,0,188,0,0,False,False,True,False,False,False,True,False,True,False,False
703.2,47,0,242,0,0,False,False,True,False,True,False,False,False,True,False,False
596.4000000000001,23,2,279,0,1,False,True,False,False,False,True,False,False,False,False,True
790.1999999999999,66,3,475,0,1,False,False,True,False,False,False,False,True,True,False,False
882.0,8,3,2526,1,1,False,False,False,True,False,False,True,False,False,False,True
1026.0,47,2,374,1,1,False,True,False,False,False,False,False,True,True,False,False
240.6,7,1,421,0,0,False,False,True,False,False,False,False,True,False,False,True
1363.8000000000002,71,1,488,1,0,False,False,True,False,False,True,False,False,True,False,False
1000.8,50,0,500,1,0,False,False,True,False,False,False,True,False,True,False,False
787.8000000000001,46,1,564,0,0,False,False,True,False,False,False,False,True,True,False,False
844.8000000000001,1,1,673,1,0,False,False,True,False,False,False,True,False,False,True,False
736.2,66,1,396,0,0,False,False,True,False,True,False,False,False,True,False,False
1030.8000000000002,42,2,321,1,1,False,True,False,False,False,True,False,False,True,False,False
907.8,5,0,492,1,0,False,True,False,False,False,False,False,True,False,False,True
597.0,7,0,228,0,0,False,False,True,False,False,False,True,False,False,False,True
850.8000000000001,29,3,298,1,1,False,False,True,False,False,True,False,False,True,False,False
598.2,27,0,549,0,0,False,True,False,False,False,False,False,True,True,False,False
903.6,15,1,381,1,0,True,False,False,False,False,True,False,False,False,False,True
241.2,25,3,1533,0,1,False,False,False,True,False,False,False,True,True,False,False
1128.0,11,1,176,1,0,False,True,False,False,False,False,True,False,False,False,True
1236.6,57,1,407,1,0,False,False,True,False,False,False,True,False,True,False,False
1420.1999999999998,67,0,571,1,0,False,False,True,False,True,False,False,False,True,False,False
1196.4,47,0,569,1,0,True,False,False,False,False,False,True,False,True,False,False
982.8,13,2,416,1,1,False,False,True,False,False,False,False,True,False,False,True
365.4,8,1,701,0,0,True,False,False,False,False,False,True,False,False,False,True
1153.1999999999998,44,1,2416,1,0,False,False,False,True,False,False,True,False,True,False,False
794.4000000000001,71,0,2389,0,0,False,False,False,True,False,False,True,False,True,False,False
1251.0,24,0,50,1,0,False,False,True,False,False,False,True,False,False,False,True
962.4,15,3,332,1,1,False,True,False,False,False,False,True,False,False,False,True
237.0,1,0,527,0,0,False,True,False,False,False,False,True,False,False,True,False
871.1999999999999,2,1,634,1,0,False,False,True,False,False,False,False,True,False,True,False
1398.0,55,0,275,1,0,False,False,True,False,False,False,True,False,True,False,False
1281.6,71,1,469,1,0,True,False,False,False,False,False,True,False,True,False,False
299.4,50,3,557,0,1,False,True,False,False,False,False,False,True,True,False,False
1071.0,1,1,401,1,0,False,False,True,False,False,False,True,False,False,True,False
231.0,5,0,57,0,0,False,False,True,False,False,False,False,True,False,False,True
1254.6,66,1,2697,1,0,False,False,False,True,True,False,False,False,True,False,False
1046.4,49,2,3109,1,1,False,False,False,True,False,False,False,True,True,False,False
369.0,3,0,257,0,0,False,True,False,False,False,False,True,False,False,True,False
308.4,66,2,361,0,1,False,True,False,False,False,True,False,False,True,False,False
1034.4,11,1,226,1,0,False,False,True,False,False,False,True,False,False,False,True
361.2000000000001,28,2,50,0,1,False,True,False,False,False,True,False,False,True,False,False
1192.1999999999998,65,1,554,1,0,False,False,True,False,False,False,True,False,True,False,False
230.4,62,0,399,0,0,True,False,False,False,False,True,False,False,True,False,False
241.2,2,0,639,0,0,False,True,False,False,True,False,False,False,False,True,False
244.2,2,0,528,0,0,False,False,True,False,False,True,False,False,False,True,False
307.79999999999995,55,3,346,0,1,False,False,True,False,False,True,False,False,True,False,False
1134.6,41,2,387,1,1,True,False,False,False,False,False,True,False,True,False,False
1250.4,17,1,484,1,0,False,False,True,False,False,False,True,False,False,False,True
1132.8000000000002,30,0,545,1,0,False,False,True,False,True,False,False,False,True,False,False
673.2,17,0,2758,0,0,False,False,False,True,False,False,False,True,False,False,True
819.0,16,2,565,0,1,False,False,True,False,True,False,False,False,False,False,True
297.0,72,1,2262,0,0,False,False,False,True,True,False,False,False,True,False,False
915.0,9,0,250,1,0,False,False,True,False,False,False,True,False,False,False,True
892.1999999999999,1,1,2448,1,0,False,False,False,True,False,False,True,False,False,True,False
649.8,23,0,430,0,0,False,False,True,False,False,False,True,False,False,False,True
233.4,8,0,219,0,0,False,False,True,False,True,False,False,False,False,False,True
419.4,19,1,199,0,0,True,False,False,False,False,False,False,True,False,False,True
643.8,7,0,467,0,0,False,True,False,False,False,False,True,False,False,False,True
835.8000000000001,1,3,339,0,1,False,False,True,False,False,False,True,False,False,True,False
1248.0,61,0,375,1,0,False,False,True,False,False,False,True,False,True,False,False
844.1999999999999,57,0,346,0,0,False,True,False,False,False,True,False,False,True,False,False
969.6,9,0,628,1,0,False,True,False,False,False,False,True,False,False,False,True
778.1999999999999,15,2,589,0,1,True,False,False,False,False,False,False,True,False,False,True
235.8,1,0,214,0,0,True,False,False,False,False,False,False,True,False,True,False
550.8,12,1,320,0,0,False,True,False,False,True,False,False,False,False,False,True
240.0,54,0,527,0,0,False,False,True,False,False,False,False,True,True,False,False
537.5999999999999,4,0,490,0,0,False,True,False,False,False,False,True,False,False,False,True
963.6,7,0,2466,1,0,False,False,False,True,False,False,False,True,False,False,True
244.2,20,2,229,0,1,False,False,True,False,False,False,False,True,False,False,True
549.5999999999999,26,2,297,0,1,False,False,True,False,False,False,False,True,True,False,False
1009.2,36,0,322,1,0,False,False,True,False,False,False,True,False,True,False,False
1307.4,53,1,441,1,0,False,False,True,False,True,False,False,False,True,False,False
832.1999999999999,3,3,655,0,1,False,False,True,False,False,False,True,False,False,True,False
772.1999999999999,68,0,296,0,0,False,True,False,False,False,True,False,False,True,False,False
1089.6,72,2,1679,1,1,False,False,False,True,False,True,False,False,True,False,False
299.4,12,0,383,0,0,False,True,False,False,False,True,False,False,False,False,True
955.2,34,3,554,1,1,False,False,True,False,False,False,False,True,True,False,False
1016.4,68,2,182,1,1,False,False,True,False,True,False,False,False,True,False,False
849.5999999999999,50,3,618,1,1,False,True,False,False,False,True,False,False,True,False,False
437.4,1,1,374,0,0,False,False,True,False,False,False,True,False,False,True,False
1252.8000000000002,41,0,289,1,0,False,True,False,False,False,False,True,False,True,False,False
1218.0,30,3,159,1,1,True,False,False,False,False,False,True,False,True,False,False
651.5999999999999,1,0,505,0,0,False,False,True,False,False,False,True,False,False,True,False
1247.4,29,0,374,1,0,False,False,True,False,False,False,True,False,True,False,False
1093.1999999999998,23,1,425,1,0,False,True,False,False,False,True,False,False,False,False,True
239.4,60,2,264,0,1,True,False,False,False,False,False,False,True,True,False,False
317.4,72,3,2244,0,1,False,False,False,True,False,True,False,False,True,False,False
1072.8000000000002,22,0,327,1,0,True,False,False,False,False,False,True,False,False,False,True
901.2,72,2,384,1,1,False,False,True,False,True,False,False,False,True,False,False
1297.1999999999998,66,1,299,1,0,True,False,False,False,True,False,False,False,True,False,False
1321.8000000000002,72,0,169,1,0,False,False,True,False,False,False,True,False,True,False,False
964.2,47,0,809,1,0,False,False,True,False,False,False,True,False,True,False,False
1338.0,51,0,195,1,0,True,False,False,False,False,False,True,False,True,False,False
1278.0,70,0,427,1,0,True,False,False,False,False,False,True,False,True,False,False
238.8,9,3,134,0,1,False,False,True,False,False,False,True,False,False,False,True
1333.1999999999998,59,1,100,1,0,False,False,True,False,False,False,False,True,True,False,False
848.4000000000001,3,1,414,1,0,False,False,True,False,False,False,False,True,False,True,False
298.20000000000005,38,3,426,0,1,False,False,True,False,False,False,True,False,True,False,False
1094.4,37,0,589,1,0,False,False,True,False,True,False,False,False,True,False,False
787.1999999999999,37,2,459,0,1,True,False,False,False,True,False,False,False,True,False,False
487.8,24,0,2380,0,0,False,False,False,True,False,True,False,False,False,False,True
713.4000000000001,14,2,1740,0,1,False,False,False,True,True,False,False,False,False,False,True
1319.4,72,0,3699,1,0,False,False,False,True,False,True,False,False,True,False,False
725.4000000000001,53,3,539,0,1,False,True,False,False,False,False,True,False,True,False,False
1018.8,8,0,1502,1,0,False,False,False,True,False,False,True,False,False,False,True
462.0,72,0,405,0,0,False,True,False,False,False,True,False,False,True,False,False
1110.6,17,2,421,1,1,False,False,True,False,False,False,True,False,False,False,True
882.5999999999999,2,0,348,1,0,False,True,False,False,True,False,False,False,False,True,False
241.8,8,1,515,0,0,False,True,False,False,True,False,False,False,False,False,True
416.4,48,0,524,0,0,True,False,False,False,False,False,False,True,True,False,False
294.0,10,1,371,0,0,True,False,False,False,False,False,False,True,False,False,True
236.4,0,0,357,0,0,False,False,True,False,False,False,False,True,False,True,False
247.2,1,0,3699,0,0,False,False,False,True,False,False,False,True,False,True,False
696.0,29,0,539,0,0,False,False,True,False,False,True,False,False,True,False,False
1289.4,65,1,2557,1,0,False,False,False,True,False,False,True,False,True,False,False
786.0,8,0,155,0,0,False,False,True,False,True,False,False,False,False,False,True
305.4,61,0,451,0,0,False,False,True,False,True,False,False,False,True,False,False
1201.8000000000002,45,0,504,1,0,False,False,True,False,True,False,False,False,True,False,False
1253.4,72,0,50,1,0,False,True,False,False,False,True,False,False,True,False,False
253.8,12,1,437,0,0,False,False,True,False,False,False,True,False,False,False,True
1154.4,7,2,337,1,1,True,False,False,False,False,False,True,False,False,False,True
532.8,9,0,366,0,0,False,False,True,False,False,False,False,True,False,False,True
1290.6,43,1,263,1,0,True,False,False,False,False,False,True,False,True,False,False
1132.1999999999998,58,1,2381,1,0,False,False,False,True,True,False,False,False,True,False,False
1185.0,16,0,608,1,0,False,False,True,False,False,False,True,False,False,False,True
243.6,2,1,333,0,0,False,False,True,False,False,False,False,True,False,True,False
1213.8000000000002,8,0,3272,1,0,False,False,False,True,False,False,True,False,False,False,True
1269.0,40,1,279,1,0,False,True,False,False,True,False,False,False,True,False,False
973.8,9,0,3107,1,0,False,False,False,True,False,False,True,False,False,False,True
1074.6,41,1,400,1,0,False,False,True,False,False,False,True,False,True,False,False
657.0,26,1,452,0,0,False,True,False,False,False,True,False,False,True,False,False
645.0,33,0,401,0,0,True,False,False,False,False,True,False,False,True,False,False
1269.0,68,0,496,1,0,False,False,True,False,False,True,False,False,True,False,False
1270.1999999999998,65,3,50,1,1,False,False,True,False,False,True,False,False,True,False,False
770.4000000000001,55,0,187,0,0,False,False,True,False,False,False,True,False,True,False,False
1064.4,20,1,2833,1,0,False,False,False,True,False,False,True,False,False,False,True
1052.4,19,3,865,1,1,False,False,False,True,False,True,False,False,False,False,True
1071.6,45,1,320,1,0,False,False,True,False,False,True,False,False,True,False,False
241.8,70,1,391,0,0,False,False,True,False,False,True,False,False,True,False,False
957.0,2,2,275,1,1,False,False,True,False,False,False,True,False,False,True,False
1134.6,27,2,296,1,1,False,False,True,False,False,False,False,True,True,False,False
240.6,12,1,440,0,0,False,False,True,False,False,False,True,False,False,False,True
806.4000000000001,72,1,551,0,0,True,False,False,False,False,True,False,False,True,False,False
1134.6,12,0,256,1,0,False,True,False,False,False,False,True,False,False,False,True
828.5999999999999,5,3,313,0,1,False,False,True,False,False,False,False,True,False,False,True
1290.0,71,1,290,1,0,True,False,False,False,False,False,True,False,True,False,False
876.0,35,0,50,1,0,False,True,False,False,False,False,True,False,True,False,False
1377.0,70,2,421,1,1,False,True,False,False,False,True,False,False,True,False,False
912.6,31,1,540,1,0,False,False,True,False,False,False,True,False,True,False,False
1155.0,52,0,552,1,0,False,False,True,False,True,False,False,False,True,False,False
1213.1999999999998,37,1,269,1,0,True,False,False,False,False,False,True,False,True,False,False
1256.4,69,0,212,1,0,False,True,False,False,True,False,False,False,True,False,False
934.8,30,2,403,1,1,False,False,True,False,False,False,False,True,True,False,False
1087.8000000000002,33,0,524,1,0,False,True,False,False,False,False,True,False,True,False,False
1325.4,54,2,423,1,1,True,False,False,False,False,False,True,False,True,False,False
824.4000000000001,59,1,443,0,0,False,False,True,False,True,False,False,False,True,False,False
538.2,55,0,571,0,0,False,True,False,False,False,False,True,False,True,False,False
357.6,69,3,289,0,1,True,False,False,False,False,True,False,False,True,False,False
1066.8000000000002,66,1,367,1,0,False,False,True,False,True,False,False,False,True,False,False
705.0,37,0,3807,0,0,False,False,False,True,False,False,False,True,True,False,False
238.2,9,1,370,0,0,False,True,False,False,False,True,False,False,False,False,True
1042.8000000000002,69,2,1486,1,1,False,False,False,True,True,False,False,False,True,False,False
715.8,10,0,299,0,0,False,False,True,False,False,False,False,True,False,False,True
663.0,40,0,259,0,0,False,False,True,False,False,False,False,True,True,False,False
796.8000000000001,13,0,2785,0,0,False,False,False,True,False,True,False,False,False,False,True
1081.1999999999998,6,0,265,1,0,False,False,True,False,False,False,True,False,False,False,True
241.8,69,2,440,0,1,False,False,True,False,True,False,False,False,True,False,False
1297.1999999999998,66,1,289,1,0,False,False,True,False,False,True,False,False,True,False,False
645.0,11,0,81,0,0,False,False,True,False,False,False,True,False,False,False,True
682.8,46,0,445,0,0,True,False,False,False,False,False,False,True,True,False,False
1071.6,6,0,422,1,0,False,False,True,False,False,False,True,False,False,False,True
1315.1999999999998,56,3,477,1,1,True,False,False,False,False,False,False,True,True,False,False
301.79999999999995,70,0,299,0,0,False,False,True,False,False,True,False,False,True,False,False
949.8,33,3,283,1,1,False,True,False,False,False,False,True,False,True,False,False
801.0,72,1,460,0,0,False,False,True,False,False,True,False,False,True,False,False
1142.4,3,0,3715,1,0,False,False,False,True,False,False,True,False,False,True,False
585.5999999999999,19,2,2508,0,1,False,False,False,True,False,False,False,True,False,False,True
548.4000000000001,5,1,463,0,0,False,False,True,False,False,False,True,False,False,False,True
968.4,71,1,351,1,0,True,False,False,False,False,True,False,False,True,False,False
894.0,8,3,168,1,1,False,False,True,False,False,False,True,False,False,False,True
246.6,1,0,545,0,0,False,True,False,False,False,True,False,False,False,True,False
955.8,1,0,536,1,0,True,False,False,False,False,False,True,False,False,True,False
1381.1999999999998,61,1,506,1,0,True,False,False,False,False,False,False,True,True,False,False
716.4000000000001,71,0,372,0,0,True,False,False,False,True,False,False,False,True,False,False
1037.4,68,0,489,1,0,False,False,True,False,False,True,False,False,True,False,False
404.4,46,0,534,0,0,False,False,True,False,False,True,False,False,True,False,False
961.2,33,0,643,1,0,False,False,True,False,True,False,False,False,True,False,False
1248.6,53,2,548,1,1,False,True,False,False,True,False,False,False,True,False,False
1305.0,50,0,2551,1,0,False,False,False,True,True,False,False,False,True,False,False
493.2000000000001,57,1,203,0,0,False,False,True,False,False,True,False,False,True,False,False
244.2,54,1,2624,0,0,False,False,False,True,True,False,False,False,True,False,False
1270.8000000000002,60,0,438,1,0,False,False,True,False,False,False,True,False,True,False,False
1215.6,28,0,506,1,0,False,False,True,False,False,True,False,False,True,False,False
960.6,1,2,3583,1,1,False,False,False,True,False,False,False,True,False,True,False
1070.4,29,0,385,1,0,False,True,False,False,False,False,True,False,True,False,False
786.0,10,2,715,0,1,True,False,False,False,False,False,True,False,False,False,True
485.4,43,2,136,0,1,False,False,True,False,False,False,True,False,True,False,False
845.4000000000001,13,0,2835,1,0,False,False,False,True,True,False,False,False,False,False,True
945.6,43,1,280,1,0,False,False,True,False,False,False,True,False,True,False,False
1003.8,19,1,113,1,0,False,False,True,False,False,False,True,False,False,False,True
1081.1999999999998,1,0,2338,1,0,False,False,False,True,False,False,True,False,False,True,False
989.4,69,2,181,1,1,True,False,False,False,False,True,False,False,True,False,False
243.0,61,2,375,0,1,False,False,True,False,False,True,False,False,True,False,False
795.0,43,0,405,0,0,False,False,True,False,True,False,False,False,True,False,False
234.0,6,1,567,0,0,False,True,False,False,True,False,False,False,False,False,True
615.0,1,3,173,0,1,False,False,True,False,False,False,False,True,False,True,False
1076.4,56,3,536,1,1,True,False,False,False,False,False,False,True,True,False,False
774.5999999999999,70,1,2578,0,0,False,False,False,True,True,False,False,False,True,False,False
547.2,1,1,554,0,0,False,False,True,False,False,False,True,False,False,True,False
1123.8000000000002,49,0,335,1,0,False,True,False,False,False,False,True,False,True,False,False
595.8,6,3,1434,0,1,False,False,False,True,True,False,False,False,False,False,True
883.1999999999999,32,0,217,1,0,False,False,True,False,False,False,False,True,True,False,False
1317.0,72,1,206,1,0,False,True,False,False,False,False,False,True,True,False,False
737.4000000000001,37,0,471,0,0,False,False,True,False,False,True,False,False,True,False,False
1276.8000000000002,69,0,621,1,0,False,True,False,False,False,True,False,False,True,False,False
982.8,26,0,315,1,0,False,False,True,False,True,False,False,False,True,False,False
1262.4,58,3,494,1,1,True,False,False,False,False,True,False,False,True,False,False
655.2,24,0,171,0,0,False,False,True,False,True,False,False,False,False,False,True
246.6,5,1,427,0,0,False,False,True,False,False,False,True,False,False,False,True
240.0,15,0,500,0,0,True,False,False,False,False,False,True,False,False,False,True
236.4,30,0,182,0,0,False,False,True,False,False,False,False,True,True,False,False
792.5999999999999,55,0,369,0,0,False,False,True,False,False,True,False,False,True,False,False
408.0,25,1,507,0,0,False,False,True,False,True,False,False,False,True,False,False
1110.0,10,0,50,1,0,False,False,True,False,False,False,False,True,False,False,True
648.5999999999999,44,0,600,0,0,True,False,False,False,False,True,False,False,True,False,False
706.8,47,0,2782,0,0,False,False,False,True,False,False,False,True,True,False,False
1060.1999999999998,13,0,507,1,0,False,False,True,False,False,False,True,False,False,False,True
1295.4,49,3,2169,1,1,False,False,False,True,True,False,False,False,True,False,False
1162.8000000000002,64,3,141,1,1,False,True,False,False,False,False,False,True,True,False,False
229.2,1,0,480,0,0,True,False,False,False,False,False,False,True,False,True,False
600.0,20,1,387,0,0,False,False,True,False,False,False,False,True,False,False,True
544.8,37,3,404,0,1,False,True,False,False,False,False,True,False,True,False,False
1025.4,30,0,563,1,0,False,True,False,False,False,False,True,False,True,False,False
1009.2,38,2,514,1,1,False,True,False,False,True,False,False,False,True,False,False
893.4000000000001,1,3,688,1,1,False,True,False,False,False,False,False,True,False,True,False
777.0,37,0,423,0,0,False,False,True,False,False,False,True,False,True,False,False
795.0,52,0,1947,0,0,False,False,False,True,False,True,False,False,True,False,False
922.8,71,3,371,1,1,False,True,False,False,False,True,False,False,True,False,False
1077.6,26,1,462,1,0,True,False,False,False,False,False,True,False,True,False,False
895.1999999999999,66,0,552,1,0,False,False,True,False,False,True,False,False,True,False,False
1403.4,72,0,1326,1,0,False,False,False,True,False,True,False,False,True,False,False
487.8,25,0,401,0,0,True,False,False,False,False,True,False,False,True,False,False
1372.1999999999998,69,1,3787,1,0,False,False,False,True,True,False,False,False,True,False,False
836.4000000000001,53,1,363,0,0,True,False,False,False,True,False,False,False,True,False,False
1146.0,12,3,539,1,1,True,False,False,False,False,False,False,True,False,False,True
1183.8000000000002,26,0,473,1,0,False,False,True,False,False,False,True,False,True,False,False
739.8,21,1,543,0,0,False,True,False,False,False,False,False,True,False,False,True
1072.1999999999998,1,1,278,1,0,False,False,True,False,False,False,True,False,False,True,False
1144.8000000000002,48,0,279,1,0,False,True,False,False,False,False,True,False,True,False,False
424.8,26,0,403,0,0,False,False,True,False,False,True,False,False,True,False,False
239.4,60,3,1274,0,1,False,False,False,True,False,False,False,True,True,False,False
231.0,18,2,359,0,1,False,True,False,False,False,False,False,True,False,False,True
355.79999999999995,10,1,437,0,0,False,False,True,False,False,False,True,False,False,False,True
1014.0,5,1,667,1,0,False,False,True,False,False,False,True,False,False,False,True
244.8,4,0,460,0,0,True,False,False,False,False,False,False,True,False,False,True
297.0,65,1,493,0,0,False,False,True,False,False,True,False,False,True,False,False
304.20000000000005,70,1,574,0,0,False,False,True,False,False,False,False,True,True,False,False
1088.4,18,1,255,1,0,False,False,True,False,False,True,False,False,False,False,True
240.0,62,3,375,0,1,True,False,False,False,True,False,False,False,True,False,False
717.0,66,1,763,0,0,True,False,False,False,False,False,True,False,True,False,False
990.0,65,0,2436,1,0,False,False,False,True,True,False,False,False,True,False,False
843.5999999999999,3,2,567,0,1,True,False,False,False,False,False,True,False,False,True,False
244.2,34,0,544,0,0,False,False,True,False,False,False,False,True,True,False,False
1089.6,16,0,178,1,0,True,False,False,False,True,False,False,False,False,False,True
1247.4,54,0,446,1,0,False,False,True,False,True,False,False,False,True,False,False
1259.4,50,0,422,1,0,False,False,True,False,False,False,True,False,True,False,False
1263.0,71,2,449,1,1,False,False,True,False,False,False,True,False,True,False,False
897.0,10,1,286,1,0,False,True,False,False,False,False,True,False,False,False,True
609.5999999999999,1,2,1606,0,1,False,False,False,True,False,False,True,False,False,True,False
285.0,18,1,328,0,0,False,False,True,False,False,False,False,True,False,False,True
735.5999999999999,4,0,385,0,0,True,False,False,False,False,False,True,False,False,False,True
909.6,58,2,577,1,1,False,False,True,False,False,False,False,True,True,False,False
1176.0,56,0,672,1,0,False,False,True,False,False,False,True,False,True,False,False
963.0,2,0,609,1,0,False,True,False,False,False,False,True,False,False,True,False
946.8,32,1,3188,1,0,False,False,False,True,False,False,True,False,True,False,False
624.0,56,0,249,0,0,True,False,False,False,False,False,False,True,True,False,False
1017.0,36,0,338,1,0,False,True,False,False,False,False,True,False,True,False,False
772.8000000000001,4,1,431,0,0,False,True,False,False,False,False,False,True,False,False,True
1025.4,53,1,305,1,0,False,False,True,False,True,False,False,False,True,False,False
549.5999999999999,10,0,486,0,0,False,True,False,False,False,True,False,False,False,False,True
366.0,4,3,508,0,1,True,False,False,False,False,False,True,False,False,False,True
238.8,1,1,480,0,0,False,False,True,False,False,False,False,True,False,True,False
829.8000000000001,51,2,553,0,1,True,False,False,False,False,False,False,True,True,False,False
1193.4,12,0,264,1,0,False,True,False,False,False,False,True,False,False,False,True
591.0,6,1,539,0,0,False,False,True,False,False,False,False,True,False,False,True
472.2000000000001,63,2,295,0,1,True,False,False,False,True,False,False,False,True,False,False
847.1999999999999,1,1,258,1,0,False,True,False,False,False,False,True,False,False,True,False
1261.1999999999998,48,1,479,1,0,False,False,True,False,False,True,False,False,True,False,False
972.0,5,0,582,1,0,False,False,True,False,False,True,False,False,False,False,True
241.2,35,0,473,0,0,False,False,True,False,False,True,False,False,True,False,False
1018.2,6,1,403,1,0,True,False,False,False,False,False,True,False,False,False,True
237.0,2,0,446,0,0,False,True,False,False,False,False,False,True,False,True,False
237.0,50,2,420,0,1,True,False,False,False,True,False,False,False,True,False,False
844.8000000000001,33,0,231,1,0,False,False,True,False,True,False,False,False,True,False,False
245.4,31,3,213,0,1,False,False,True,False,False,False,False,True,True,False,False
244.2,9,3,388,0,1,False,False,True,False,False,False,False,True,False,False,True
1034.4,54,0,411,1,0,False,True,False,False,False,False,True,False,True,False,False
1147.8000000000002,46,0,401,1,0,True,False,False,False,False,True,False,False,True,False,False
1245.6,34,2,3040,1,1,False,False,False,True,False,False,True,False,True,False,False
1166.4,71,3,367,1,1,False,False,True,False,False,False,True,False,True,False,False
762.5999999999999,63,0,484,0,0,True,False,False,False,False,False,False,True,True,False,False
299.4,51,0,2384,0,0,False,False,False,True,True,False,False,False,True,False,False
1069.8000000000002,26,1,673,1,0,False,False,True,False,False,False,True,False,True,False,False
1188.0,64,1,412,1,0,True,False,False,False,True,False,False,False,True,False,False
297.6,1,0,751,0,0,False,False,True,False,False,False,True,False,False,True,False
1026.6,61,1,452,1,0,False,False,True,False,True,False,False,False,True,False,False
1128.0,15,0,367,1,0,False,False,True,False,False,True,False,False,False,False,True
1267.8000000000002,64,0,265,1,0,False,True,False,False,False,True,False,False,True,False,False
603.5999999999999,18,0,183,0,0,False,False,True,False,False,False,True,False,False,False,True
1140.0,57,0,251,1,0,False,False,True,False,False,False,True,False,True,False,False
736.8,14,0,268,0,0,False,False,True,False,True,False,False,False,False,False,True
966.6,18,1,2815,1,0,False,False,False,True,False,True,False,False,False,False,True
942.0,72,0,321,1,0,True,False,False,False,True,False,False,False,True,False,False
1371.6,70,0,2649,1,0,False,False,False,True,False,True,False,False,True,False,False
240.6,38,0,592,0,0,False,False,True,False,False,False,False,True,True,False,False
751.8,68,3,386,0,1,False,False,True,False,False,True,False,False,True,False,False
970.2,13,0,711,1,0,False,False,True,False,False,False,True,False,False,False,True
1112.4,65,0,223,1,0,False,False,True,False,False,True,False,False,True,False,False
1205.4,30,1,377,1,0,False,True,False,False,False,False,True,False,True,False,False
902.4,51,3,319,1,1,False,True,False,False,True,False,False,False,True,False,False
1017.0,31,0,3249,1,0,False,False,False,True,False,True,False,False,True,False,False
1073.4,9,1,708,1,0,False,False,False,True,False,False,True,False,False,False,True
954.0,72,1,183,1,0,False,False,True,False,True,False,False,False,True,False,False
865.8000000000001,10,1,383,1,0,False,False,True,False,False,True,False,False,False,False,True
237.6,37,0,3741,0,0,False,False,False,True,False,False,True,False,True,False,False
916.8,2,1,433,1,0,False,False,True,False,False,False,True,False,False,True,False
1210.8000000000002,55,0,197,1,0,False,False,True,False,False,False,False,True,True,False,False
1143.6,33,1,220,1,0,False,False,True,False,True,False,False,False,True,False,False
1091.4,46,1,650,1,0,False,False,True,False,True,False,False,False,True,False,False
654.0,1,0,306,0,0,False,False,True,False,False,False,True,False,False,True,False
739.2,20,2,258,0,1,True,False,False,False,False,False,False,True,False,False,True
958.8,9,0,621,1,0,True,False,False,False,False,False,True,False,False,False,True
1153.8000000000002,32,2,551,1,1,False,False,True,False,False,True,False,False,True,False,False
595.2,19,1,591,0,0,False,False,True,False,True,False,False,False,False,False,True
783.5999999999999,70,0,1739,0,0,False,False,False,True,False,True,False,False,True,False,False
300.0,61,0,171,0,0,False,False,True,False,False,True,False,False,True,False,False
545.4000000000001,26,3,419,0,1,False,False,True,False,False,False,True,False,True,False,False
1293.0,45,0,450,1,0,False,False,True,False,True,False,False,False,True,False,False
1069.1999999999998,62,0,454,1,0,False,False,True,False,False,True,False,False,True,False,False
235.8,1,0,3682,0,0,False,False,False,True,False,False,False,True,False,True,False
537.0,3,1,139,0,0,True,False,False,False,False,False,False,True,False,True,False
1219.1999999999998,41,1,528,1,0,False,False,True,False,True,False,False,False,True,False,False
1237.8000000000002,67,0,235,1,0,False,False,True,False,True,False,False,False,True,False,False
1015.8,1,0,528,1,0,False,False,True,False,False,False,False,True,False,True,False
1147.8000000000002,71,0,328,1,0,False,False,True,False,False,False,False,True,True,False,False
901.2,37,0,277,1,0,True,False,False,False,True,False,False,False,True,False,False
736.2,60,0,2012,0,0,False,False,False,True,False,False,False,True,True,False,False
834.5999999999999,1,1,183,0,0,False,True,False,False,False,False,True,False,False,True,False
236.4,6,0,2532,0,0,False,False,False,True,False,True,False,False,False,False,True
372.6,13,0,284,0,0,True,False,False,False,False,False,True,False,False,False,True
612.0,11,0,517,0,0,True,False,False,False,True,False,False,False,False,False,True
612.0,7,3,496,0,1,False,False,True,False,False,False,False,True,False,False,True
1066.1999999999998,10,3,653,1,1,False,False,True,False,False,False,True,False,False,False,True
240.6,34,2,2793,0,1,False,False,False,True,False,True,False,False,True,False,False
781.1999999999999,62,0,478,0,0,False,False,True,False,False,False,False,True,True,False,False
841.8000000000001,64,0,610,0,0,True,False,False,False,False,False,False,True,True,False,False
532.2,1,0,1997,0,0,False,False,False,True,True,False,False,False,False,True,False
249.0,25,0,176,0,0,True,False,False,False,False,False,False,True,True,False,False
672.5999999999999,26,1,430,0,0,False,False,True,False,False,False,False,True,True,False,False
239.4,10,2,186,0,1,True,False,False,False,True,False,False,False,False,False,True
1183.1999999999998,53,2,768,1,1,False,False,True,False,False,False,False,True,True,False,False
956.4,7,2,618,1,1,True,False,False,False,False,False,True,False,False,False,True
948.0,33,0,724,1,0,False,False,True,False,False,True,False,False,True,False,False
1073.4,71,1,409,1,0,False,True,False,False,False,True,False,False,True,False,False
890.4000000000001,29,0,2940,1,0,False,False,False,True,False,False,True,False,True,False,False
972.0,24,0,331,1,0,False,False,True,False,True,False,False,False,False,False,True
595.2,20,1,532,0,0,False,True,False,False,False,False,True,False,False,False,True
1015.2,1,0,217,1,0,True,False,False,False,False,False,True,False,False,True,False
660.0,54,0,50,0,0,False,False,True,False,False,True,False,False,True,False,False
1018.2,5,0,281,1,0,False,True,False,False,False,False,False,True,False,False,True
1010.4,72,1,181,1,0,False,False,True,False,True,False,False,False,True,False,False
1275.6,52,2,621,1,1,True,False,False,False,False,False,True,False,True,False,False
828.5999999999999,9,0,672,0,0,False,True,False,False,False,False,True,False,False,False,True
544.8,1,2,189,0,1,False,False,True,False,False,False,False,True,False,True,False
883.8000000000001,1,0,593,1,0,False,False,True,False,False,False,True,False,False,True,False
886.8000000000001,33,0,542,1,0,False,True,False,False,False,False,False,True,True,False,False
933.0,55,1,164,1,0,False,False,True,False,False,False,True,False,True,False,False
1192.1999999999998,69,1,341,1,0,False,False,True,False,False,False,True,False,True,False,False
609.0,1,3,312,0,1,False,True,False,False,False,False,False,True,False,True,False
1045.1999999999998,54,0,512,1,0,False,False,True,False,True,False,False,False,True,False,False
241.8,33,1,215,0,0,False,False,True,False,False,False,False,True,True,False,False
1184.4,45,1,2420,1,0,False,False,False,True,True,False,False,False,True,False,False
302.4,11,3,297,0,1,False,False,True,False,False,False,True,False,False,False,True
668.4000000000001,6,0,471,0,0,False,False,True,False,True,False,False,False,False,False,True
784.1999999999999,21,2,367,0,1,False,False,True,False,True,False,False,False,False,False,True
303.6,65,1,319,0,0,False,True,False,False,True,False,False,False,True,False,False
1012.2,6,0,2329,1,0,False,False,False,True,False,False,True,False,False,False,True
1019.4,8,1,4128,1,0,False,False,False,True,False,False,True,False,False,False,True
886.1999999999999,11,0,337,1,0,False,False,True,False,False,False,True,False,False,False,True
291.0,43,1,243,0,0,False,False,True,False,False,False,False,True,True,False,False
621.5999999999999,49,2,487,0,1,False,False,True,False,True,False,False,False,True,False,False
552.0,1,1,378,0,0,False,False,True,False,False,False,True,False,False,True,False
952.8,15,1,187,1,0,True,False,False,False,False,False,True,False,False,False,True
726.0,60,1,734,0,0,False,False,True,False,True,False,False,False,True,False,False
301.20000000000005,17,0,347,0,0,False,False,True,False,False,True,False,False,False,False,True
861.5999999999999,16,0,343,1,0,False,False,True,False,True,False,False,False,False,False,True
240.6,35,1,423,0,0,False,True,False,False,True,False,False,False,True,False,False
1060.8000000000002,44,0,3884,1,0,False,False,False,True,False,False,False,True,True,False,False
363.0,12,0,148,0,0,False,True,False,False,False,True,False,False,False,False,True
242.4,1,1,441,0,0,True,False,False,False,False,False,False,True,False,True,False
718.8,28,0,713,0,0,False,True,False,False,False,False,True,False,True,False,False
301.79999999999995,70,0,419,0,0,False,False,True,False,True,False,False,False,True,False,False
552.0,5,1,214,0,0,False,False,True,False,False,False,False,True,False,False,True
1215.6,18,0,2005,1,0,False,False,False,True,False,True,False,False,False,False,True
923.4,70,3,431,1,1,False,True,False,False,False,True,False,False,True,False,False
663.5999999999999,9,2,599,0,1,False,True,False,False,False,False,False,True,False,False,True
1109.4,67,1,2228,1,0,False,False,False,True,True,False,False,False,True,False,False
581.4000000000001,1,0,523,0,0,False,True,False,False,True,False,False,False,False,True,False
232.2,18,2,184,0,1,True,False,False,False,False,False,False,True,False,False,True
621.0,4,2,183,0,1,False,True,False,False,False,True,False,False,False,False,True
1040.4,71,2,2113,1,1,False,False,False,True,True,False,False,False,True,False,False
1132.8000000000002,30,0,615,1,0,False,False,True,False,False,False,True,False,True,False,False
668.4000000000001,1,1,2555,0,0,False,False,False,True,False,False,False,True,False,True,False
1011.0,55,2,443,1,1,True,False,False,False,False,True,False,False,True,False,False
775.8000000000001,59,1,441,0,0,False,False,True,False,False,False,True,False,True,False,False
841.8000000000001,1,1,3387,0,0,False,False,False,True,False,False,False,True,False,True,False
830.4000000000001,7,1,2011,0,0,False,False,False,True,True,False,False,False,False,False,True
655.8,45,1,503,0,0,False,False,True,False,True,False,False,False,True,False,False
297.0,54,0,275,0,0,False,True,False,False,True,False,False,False,True,False,False
287.4,51,1,697,0,0,False,False,True,False,False,False,False,True,True,False,False
1260.0,72,0,279,1,0,True,False,False,False,False,True,False,False,True,False,False
718.2,44,0,267,0,0,True,False,False,False,True,False,False,False,True,False,False
240.6,2,0,482,0,0,False,False,True,False,False,False,False,True,False,True,False
1105.8000000000002,66,1,411,1,0,False,False,True,False,True,False,False,False,True,False,False
537.5999999999999,68,0,449,0,0,False,True,False,False,False,False,False,True,True,False,False
250.8,31,1,434,0,0,False,False,True,False,False,True,False,False,True,False,False
1144.8000000000002,21,2,236,1,1,False,False,True,False,True,False,False,False,False,False,True
964.2,21,0,642,1,0,False,True,False,False,False,False,True,False,False,False,True
1021.2,55,0,534,1,0,False,False,True,False,True,False,False,False,True,False,False
416.4,9,0,603,0,0,False,False,True,False,False,True,False,False,False,False,True
1380.6,71,2,320,1,1,True,False,False,False,True,False,False,False,True,False,False
973.2,1,1,462,1,0,True,False,False,False,False,False,True,False,False,True,False
239.4,22,1,2657,0,0,False,False,False,True,False,False,False,True,False,False,True
246.6,1,0,569,0,0,True,False,False,False,False,False,False,True,False,True,False
1279.1999999999998,61,1,574,1,0,False,False,True,False,False,False,True,False,True,False,False
1033.8000000000002,67,2,428,1,1,False,False,True,False,True,False,False,False,True,False,False
946.2,14,2,172,1,1,False,False,True,False,False,False,True,False,False,False,True
1281.0,59,1,3923,1,0,False,False,False,True,False,False,True,False,True,False,False
1038.6,21,0,483,1,0,True,False,False,False,True,False,False,False,False,False,True
508.8,4,0,2013,0,0,False,False,False,True,False,False,False,True,False,False,True
1073.4,3,0,460,1,0,True,False,False,False,False,False,True,False,False,True,False
291.0,70,0,173,0,0,False,True,False,False,True,False,False,False,True,False,False
1174.8000000000002,3,0,558,1,0,False,False,True,False,False,False,True,False,False,True,False
246.0,21,0,179,0,0,False,False,True,False,True,False,False,False,False,False,True
235.2,20,0,366,0,0,False,False,True,False,False,True,False,False,False,False,True
243.0,22,3,436,0,1,False,False,True,False,True,False,False,False,False,False,True
668.4000000000001,1,1,3331,0,0,False,False,False,True,False,False,False,True,False,True,False
247.2,63,2,415,0,1,False,False,True,False,False,False,False,True,True,False,False
237.6,70,1,495,0,0,False,True,False,False,True,False,False,False,True,False,False
957.6,13,0,395,1,0,False,True,False,False,False,False,True,False,False,False,True
962.4,5,1,395,1,0,False,False,True,False,False,False,True,False,False,False,True
1396.8000000000002,72,0,412,1,0,False,True,False,False,False,True,False,False,True,False,False
379.8,13,1,371,0,0,False,True,False,False,False,False,True,False,False,False,True
1129.8000000000002,61,0,147,1,0,False,False,True,False,False,True,False,False,True,False,False
247.8,1,3,284,0,1,True,False,False,False,False,False,True,False,False,True,False
922.2,56,0,436,1,0,False,True,False,False,True,False,False,False,True,False,False
241.8,4,0,362,0,0,False,True,False,False,False,False,False,True,False,False,True
663.0,35,3,376,0,1,True,False,False,False,False,False,False,True,True,False,False
468.6,18,0,351,0,0,True,False,False,False,False,False,True,False,False,False,True
985.8,72,1,270,1,0,True,False,False,False,True,False,False,False,True,False,False
1236.0,49,1,326,1,0,False,False,True,False,True,False,False,False,True,False,False
1141.1999999999998,44,2,353,1,1,False,False,True,False,False,True,False,False,True,False,False
1006.8,3,3,400,1,1,False,False,True,False,False,False,False,True,False,True,False
1141.8000000000002,37,3,459,1,1,False,False,True,False,False,False,True,False,True,False,False
957.6,61,0,372,1,0,True,False,False,False,False,False,True,False,True,False,False
897.5999999999999,70,2,245,1,1,False,True,False,False,False,True,False,False,True,False,False
838.1999999999999,1,1,190,0,0,False,False,True,False,False,False,True,False,False,True,False
245.4,41,1,789,0,0,False,False,True,False,False,False,True,False,True,False,False
940.2,70,0,230,1,0,False,False,True,False,True,False,False,False,True,False,False
642.5999999999999,1,1,322,0,0,False,True,False,False,False,False,False,True,False,True,False
229.2,51,3,2913,0,1,False,False,False,True,False,False,True,False,True,False,False
240.0,42,3,454,0,1,True,False,False,False,False,False,False,True,True,False,False
1126.8000000000002,70,0,478,1,0,True,False,False,False,True,False,False,False,True,False,False
239.4,48,0,333,0,0,False,False,True,False,True,False,False,False,True,False,False
1357.8000000000002,68,0,435,1,0,False,False,True,False,False,False,True,False,True,False,False
288.0,48,2,409,0,1,False,False,True,False,False,True,False,False,True,False,False
1019.4,26,1,353,1,0,False,False,True,False,False,False,True,False,True,False,False
966.0,11,1,436,1,0,True,False,False,False,True,False,False,False,False,False,True
231.6,1,0,558,0,0,False,True,False,False,False,False,False,True,False,True,False
229.8,27,0,2482,0,0,False,False,False,True,False,False,False,True,True,False,False
1095.6,46,1,397,1,0,False,True,False,False,True,False,False,False,True,False,False
595.8,1,3,560,0,1,False,False,True,False,False,False,False,True,False,True,False
652.2,46,1,544,0,0,False,False,True,False,False,True,False,False,True,False,False
229.8,25,0,637,0,0,False,True,False,False,False,False,False,True,True,False,False
1061.4,4,1,1095,1,0,False,False,False,True,False,False,True,False,False,False,True
237.0,13,0,535,0,0,False,False,True,False,False,False,False,True,False,False,True
906.0,31,3,2981,1,1,False,False,False,True,False,True,False,False,True,False,False
1005.0,23,0,267,1,0,True,False,False,False,False,False,True,False,False,False,True
232.8,2,1,437,0,0,False,False,True,False,False,False,False,True,False,True,False
318.0,65,0,3340,0,0,False,False,False,True,True,False,False,False,True,False,False
1086.0,22,1,275,1,0,False,False,True,False,True,False,False,False,False,False,True
229.8,55,1,2854,0,0,False,False,False,True,False,True,False,False,True,False,False
1138.1999999999998,9,1,3197,1,0,False,False,False,True,False,False,False,True,False,False,True
839.4000000000001,7,0,239,0,0,True,False,False,False,True,False,False,False,False,False,True
490.8,35,0,378,0,0,False,False,True,False,False,False,False,True,True,False,False
963.0,6,0,445,1,0,False,False,True,False,False,False,False,True,False,False,True
583.2,1,1,280,0,0,False,False,True,False,False,True,False,False,False,True,False
849.5999999999999,17,0,268,1,0,False,False,True,False,False,False,True,False,False,False,True
722.4000000000001,10,1,2391,0,0,False,False,False,True,False,False,False,True,False,False,True
662.4000000000001,15,2,520,0,1,True,False,False,False,False,True,False,False,False,False,True
669.5999999999999,40,2,496,0,1,False,False,True,False,False,False,True,False,True,False,False
649.8,13,0,270,0,0,False,False,True,False,True,False,False,False,False,False,True
961.8,29,1,497,1,0,False,False,True,False,True,False,False,False,True,False,False
906.0,3,0,274,1,0,False,True,False,False,False,False,True,False,False,True,False
1204.8000000000002,58,1,158,1,0,False,False,True,False,True,False,False,False,True,False,False
750.5999999999999,45,2,344,0,1,False,False,True,False,False,True,False,False,True,False,False
845.4000000000001,72,0,3398,1,0,False,False,False,True,True,False,False,False,True,False,False
1026.0,68,0,498,1,0,False,False,True,False,True,False,False,False,True,False,False
242.4,1,2,399,0,1,False,True,False,False,True,False,False,False,False,True,False
654.0,38,2,2166,0,1,False,False,False,True,False,False,True,False,True,False,False
249.0,2,0,341,0,0,False,False,True,False,False,False,False,True,False,True,False
244.2,11,1,416,0,0,False,True,False,False,False,False,False,True,False,False,True
1092.0,20,0,1645,1,0,False,False,False,True,True,False,False,False,False,False,True
1257.6,72,0,2221,1,0,False,False,False,True,True,False,False,False,True,False,False
897.0,3,3,367,1,1,False,False,True,False,False,True,False,False,False,True,False
1248.6,23,2,197,1,1,False,False,True,False,False,False,False,True,False,False,True
613.2,40,2,274,0,1,True,False,False,False,False,False,True,False,True,False,False
1077.6,62,0,2828,1,0,False,False,False,True,True,False,False,False,True,False,False
246.6,22,2,401,0,1,False,False,True,False,False,False,True,False,False,False,True
768.5999999999999,11,0,353,0,0,False,False,True,False,True,False,False,False,False,False,True
898.1999999999999,7,0,263,1,0,False,False,True,False,False,False,True,False,False,False,True
1159.8000000000002,13,1,636,1,0,False,False,True,False,False,False,True,False,False,False,True
240.6,1,0,274,0,0,False,True,False,False,False,False,False,True,False,True,False
1241.4,39,2,437,1,1,False,False,True,False,False,False,True,False,True,False,False
300.0,3,1,326,0,0,False,False,True,False,False,False,False,True,False,True,False
243.6,58,0,2529,0,0,False,False,False,True,False,True,False,False,True,False,False
316.20000000000005,6,0,468,0,0,False,False,True,False,False,False,False,True,False,False,True
238.8,1,0,1403,0,0,False,False,False,True,False,False,True,False,False,True,False
656.4000000000001,22,0,2494,0,0,False,False,False,True,False,False,False,True,False,False,True
556.2,14,1,578,0,0,False,False,True,False,False,False,True,False,False,False,True
1083.0,64,2,3909,1,1,False,False,False,True,False,True,False,False,True,False,False
239.4,1,0,2395,0,0,False,False,False,True,False,False,True,False,False,True,False
247.8,6,0,406,0,0,False,False,True,False,False,False,False,True,False,False,True
955.2,1,1,731,1,0,False,False,True,False,False,False,True,False,False,True,False
305.4,39,2,570,0,1,False,True,False,False,True,False,False,False,True,False,False
234.0,20,0,307,0,0,True,False,False,False,False,False,False,True,False,False,True
910.8,1,0,307,1,0,False,True,False,False,False,False,True,False,False,True,False
914.4,1,1,543,1,0,False,False,True,False,False,False,True,False,False,True,False
793.8000000000001,64,0,1691,0,0,False,False,False,True,False,True,False,False,True,False,False
231.0,1,0,563,0,0,False,False,True,False,False,False,False,True,False,True,False
829.1999999999999,46,1,450,0,0,False,True,False,False,False,True,False,False,True,False,False
469.2000000000001,28,1,2914,0,0,False,False,False,True,False,False,True,False,True,False,False
240.6,33,1,361,0,0,False,True,False,False,False,False,False,True,True,False,False
717.5999999999999,39,1,305,0,0,True,False,False,False,False,False,True,False,True,False,False
1011.6,42,1,3669,1,0,False,False,False,True,False,False,True,False,True,False,False
583.2,1,0,362,0,0,False,True,False,False,False,False,True,False,False,True,False
948.0,7,0,338,1,0,False,False,True,False,False,False,True,False,False,False,True
1264.1999999999998,70,0,387,1,0,True,False,False,False,False,True,False,False,True,False,False
301.20000000000005,65,0,428,0,0,True,False,False,False,True,False,False,False,True,False,False
597.0,1,1,245,0,0,False,False,True,False,False,False,True,False,False,True,False
1137.0,18,2,315,1,1,False,True,False,False,False,False,True,False,False,False,True
1116.0,24,3,307,1,1,False,False,True,False,False,False,True,False,False,False,True
862.8000000000001,63,1,3176,1,0,False,False,False,True,True,False,False,False,True,False,False
930.6,44,0,1791,1,0,False,False,False,True,False,False,False,True,True,False,False
238.2,4,0,136,0,0,False,False,True,False,False,False,True,False,False,False,True
843.0,1,2,104,0,1,True,False,False,False,False,False,True,False,False,True,False
1143.0,37,1,179,1,0,False,False,True,False,False,False,True,False,True,False,False
1015.2,10,1,3589,1,0,False,False,False,True,False,True,False,False,False,False,True
300.6,34,2,402,0,1,False,True,False,False,True,False,False,False,True,False,False
637.8,35,1,475,0,0,False,False,True,False,False,True,False,False,True,False,False
241.8,4,2,480,0,1,False,False,True,False,False,False,True,False,False,False,True
1215.0,39,0,408,1,0,False,False,True,False,False,False,True,False,True,False,False
1206.6,43,1,2440,1,0,False,False,False,True,True,False,False,False,True,False,False
289.20000000000005,17,2,556,0,1,False,True,False,False,False,False,False,True,False,False,True
303.6,61,0,421,0,0,False,False,True,False,True,False,False,False,True,False,False
861.5999999999999,49,1,609,1,0,False,False,True,False,False,False,True,False,True,False,False
236.4,4,0,493,0,0,False,False,True,False,False,False,False,True,False,False,True
598.2,64,3,2005,0,1,False,False,False,True,False,False,True,False,True,False,False
835.1999999999999,3,0,2102,0,0,False,False,False,True,False,False,False,True,False,True,False
237.0,1,1,290,0,0,False,False,True,False,False,False,True,False,False,True,False
969.6,40,0,582,1,0,False,True,False,False,False,False,True,False,True,False,False
720.0,1,1,339,0,0,False,False,True,False,False,False,True,False,False,True,False
1038.6,8,0,280,1,0,True,False,False,False,False,False,True,False,False,False,True
250.2,1,0,447,0,0,True,False,False,False,False,False,False,True,False,True,False
770.4000000000001,34,1,2422,0,0,False,False,False,True,True,False,False,False,True,False,False
420.0,1,3,444,0,1,True,False,False,False,False,False,True,False,False,True,False
609.0,39,0,683,0,0,True,False,False,False,False,False,True,False,True,False,False
1266.0,58,0,536,1,0,True,False,False,False,False,True,False,False,True,False,False
230.4,45,2,404,0,1,False,True,False,False,False,False,True,False,True,False,False
1021.8,6,1,188,1,0,False,False,True,False,True,False,False,False,False,False,True
1087.8000000000002,43,3,325,1,1,False,False,True,False,False,True,False,False,True,False,False
240.0,41,0,506,0,0,False,False,True,False,False,False,False,True,True,False,False
895.8000000000001,5,1,224,1,0,False,True,False,False,False,False,True,False,False,False,True
734.4000000000001,72,0,721,0,0,False,False,True,False,False,True,False,False,True,False,False
239.4,4,0,402,0,0,False,False,True,False,False,False,False,True,False,False,True
657.5999999999999,9,1,407,0,0,False,True,False,False,False,False,False,True,False,False,True
881.4000000000001,72,1,300,1,0,False,False,True,False,False,True,False,False,True,False,False
617.4000000000001,33,2,474,0,1,False,True,False,False,False,False,False,True,True,False,False
965.4,72,0,226,1,0,True,False,False,False,True,False,False,False,True,False,False
650.4000000000001,22,0,4231,0,0,False,False,False,True,False,False,True,False,False,False,True
1314.0,70,0,3553,1,0,False,False,False,True,False,False,True,False,True,False,False
1252.8000000000002,21,3,547,1,1,False,True,False,False,False,False,True,False,False,False,True
1023.6,15,0,191,1,0,False,True,False,False,False,False,True,False,False,False,True
951.6,29,0,430,1,0,False,False,True,False,False,False,True,False,True,False,False
918.0,15,0,581,1,0,True,False,False,False,True,False,False,False,False,False,True
1261.1999999999998,71,1,488,1,0,False,False,True,False,False,True,False,False,True,False,False
304.79999999999995,72,0,249,0,0,False,False,True,False,True,False,False,False,True,False,False
1042.1999999999998,19,3,1979,1,1,False,False,False,True,False,False,True,False,False,False,True
235.8,1,0,332,0,0,False,False,True,False,False,False,False,True,False,True,False
908.4,1,2,309,1,1,False,False,True,False,False,False,True,False,False,True,False
546.5999999999999,2,0,629,0,0,False,False,True,False,False,False,True,False,False,True,False
937.2,11,1,111,1,0,False,False,True,False,False,True,False,False,False,False,True
231.6,12,3,498,0,1,False,False,True,False,False,False,False,True,False,False,True
1326.0,70,0,206,1,0,False,False,True,False,False,False,True,False,True,False,False
1089.6,20,3,1730,1,1,False,False,False,True,False,False,True,False,False,False,True
243.6,23,1,98,0,0,True,False,False,False,True,False,False,False,False,False,True
976.2,49,3,317,1,1,False,False,True,False,False,True,False,False,True,False,False
1175.4,4,1,626,1,0,True,False,False,False,False,False,True,False,False,False,True
1297.8000000000002,32,0,439,1,0,False,False,True,False,False,True,False,False,True,False,False
663.5999999999999,2,0,220,0,0,False,False,True,False,False,False,True,False,False,True,False
678.5999999999999,69,0,552,0,0,False,False,True,False,False,True,False,False,True,False,False
966.0,6,0,584,1,0,False,True,False,False,False,True,False,False,False,False,True
236.4,24,0,415,0,0,False,False,True,False,False,False,False,True,False,False,True
1248.6,32,0,705,1,0,False,True,False,False,False,True,False,False,True,False,False
634.2,27,0,3157,0,0,False,False,False,True,True,False,False,False,True,False,False
1251.6,27,2,502,1,1,False,True,False,False,True,False,False,False,True,False,False
967.8,58,0,279,1,0,False,True,False,False,True,False,False,False,True,False,False
856.1999999999999,1,0,494,1,0,True,False,False,False,False,False,False,True,False,True,False
295.79999999999995,18,1,432,0,0,False,False,True,False,False,True,False,False,False,False,True
255.6,47,0,477,0,0,False,False,True,False,True,False,False,False,True,False,False
1322.4,70,0,1952,1,0,False,False,False,True,False,False,True,False,True,False,False
1072.8000000000002,13,0,419,1,0,False,True,False,False,False,False,True,False,False,False,True
612.5999999999999,36,3,277,0,1,False,False,True,False,False,True,False,False,True,False,False
237.6,67,2,77,0,1,False,False,True,False,False,False,False,True,True,False,False
238.8,10,0,549,0,0,False,True,False,False,False,False,False,True,False,False,True
1047.6,19,1,174,1,0,False,False,True,False,False,False,True,False,False,False,True
238.2,71,1,416,0,0,False,False,True,False,True,False,False,False,True,False,False
1072.8000000000002,72,1,449,1,0,True,False,False,False,False,False,False,True,True,False,False
240.0,48,1,2761,0,0,False,False,False,True,False,False,False,True,True,False,False
240.6,1,1,357,0,0,False,True,False,False,False,False,False,True,False,True,False
999.0,18,0,2716,1,0,False,False,False,True,False,False,True,False,False,False,True
247.2,1,0,470,0,0,True,False,False,False,False,False,False,True,False,True,False
1234.8000000000002,67,1,510,1,0,False,False,True,False,True,False,False,False,True,False,False
469.2000000000001,69,2,660,0,1,False,False,True,False,False,False,False,True,True,False,False
1199.4,19,1,435,1,0,False,True,False,False,False,False,True,False,False,False,True
1374.0,72,2,2551,1,1,False,False,False,True,False,False,False,True,True,False,False
242.4,38,3,263,0,1,False,False,True,False,False,False,False,True,True,False,False
669.5999999999999,40,0,465,0,0,True,False,False,False,False,False,True,False,True,False,False
290.4,61,1,500,0,0,False,True,False,False,False,False,False,True,True,False,False
972.0,10,1,371,1,0,False,False,True,False,False,True,False,False,False,False,True
873.5999999999999,32,3,481,1,1,False,False,True,False,False,True,False,False,True,False,False
1198.1999999999998,21,3,356,1,1,False,False,True,False,False,True,False,False,False,False,True
1194.0,59,1,3036,1,0,False,False,False,True,False,False,True,False,True,False,False
841.8000000000001,13,0,536,0,0,True,False,False,False,False,False,True,False,False,False,True
243.0,47,2,534,0,1,False,False,True,False,False,True,False,False,True,False,False
312.0,69,0,417,0,0,True,False,False,False,True,False,False,False,True,False,False
238.8,2,2,244,0,1,True,False,False,False,False,True,False,False,False,True,False
228.6,22,3,308,0,1,False,True,False,False,True,False,False,False,False,False,True
1158.0,15,0,2976,1,0,False,False,False,True,False,False,True,False,False,False,True
238.2,53,1,767,0,0,False,False,True,False,False,True,False,False,True,False,False
308.4,28,0,348,0,0,False,True,False,False,False,False,False,True,True,False,False
243.6,22,0,468,0,0,False,False,True,False,False,False,False,True,False,False,True
841.8000000000001,1,0,2055,0,0,False,False,False,True,False,False,False,True,False,True,False
1098.6,16,2,253,1,1,False,False,True,False,False,False,True,False,False,False,True
472.8,48,3,298,0,1,True,False,False,False,False,False,False,True,True,False,False
1268.4,30,3,87,1,1,True,False,False,False,True,False,False,False,True,False,False
843.0,3,0,603,0,0,False,False,True,False,False,False,True,False,False,True,False
1125.0,57,2,65,1,1,False,False,True,False,False,False,True,False,True,False,False
1158.6,68,1,360,1,0,False,True,False,False,False,True,False,False,True,False,False
720.0,23,0,223,0,0,False,True,False,False,True,False,False,False,False,False,True
717.5999999999999,65,0,267,0,0,False,False,True,False,False,True,False,False,True,False,False
1087.8000000000002,44,0,606,1,0,False,True,False,False,True,False,False,False,True,False,False
1308.0,71,3,430,1,1,False,False,True,False,True,False,False,False,True,False,False
817.1999999999999,37,1,255,0,0,False,False,True,False,False,True,False,False,True,False,False
244.8,12,1,311,0,0,False,False,True,False,False,False,False,True,False,False,True
983.4,69,0,285,1,0,False,False,True,False,True,False,False,False,True,False,False
726.5999999999999,35,1,2465,0,0,False,False,False,True,False,False,True,False,True,False,False
787.1999999999999,5,0,425,0,0,True,False,False,False,True,False,False,False,False,False,True
990.0,58,0,684,1,0,False,False,True,False,True,False,False,False,True,False,False
987.6,72,1,112,1,0,False,True,False,False,True,False,False,False,True,False,False
817.8000000000001,72,0,394,0,0,False,False,True,False,False,False,False,True,True,False,False
243.6,1,2,352,0,1,False,True,False,False,False,True,False,False,False,True,False
1146.6,39,0,541,1,0,False,False,True,False,False,False,True,False,True,False,False
242.4,53,1,453,0,0,False,True,False,False,False,True,False,False,True,False,False
1070.4,27,0,488,1,0,True,False,False,False,False,False,True,False,True,False,False
835.8000000000001,1,1,451,0,0,False,False,True,False,False,False,True,False,False,True,False
1071.6,1,0,1754,1,0,False,False,False,True,False,False,True,False,False,True,False
897.5999999999999,18,0,581,1,0,False,False,True,False,False,False,True,False,False,False,True
242.4,46,3,519,0,1,False,False,True,False,False,False,False,True,True,False,False
1012.8,72,0,537,1,0,False,False,True,False,False,True,False,False,True,False,False
1050.6,36,2,589,1,1,False,False,True,False,False,False,True,False,True,False,False
301.79999999999995,4,3,462,0,1,False,False,True,False,False,False,True,False,False,False,True
237.6,25,0,622,0,0,False,False,True,False,False,True,False,False,True,False,False
610.2,40,0,456,0,0,False,False,True,False,False,False,True,False,True,False,False
1228.8000000000002,63,1,367,1,0,False,False,True,False,False,False,True,False,True,False,False
1155.6,15,3,2494,1,1,False,False,False,True,False,False,False,True,False,False,True
666.0,14,3,396,0,1,True,False,False,False,False,True,False,False,False,False,True
1317.0,72,1,322,1,0,False,False,True,False,True,False,False,False,True,False,False
1276.8000000000002,39,2,644,1,1,False,False,True,False,False,False,True,False,True,False,False
720.0,47,0,444,0,0,False,False,True,False,False,True,False,False,True,False,False
1065.6,19,3,414,1,1,True,False,False,False,False,True,False,False,False,False,True
1022.4,5,3,458,1,1,False,True,False,False,False,False,True,False,False,False,True
421.2000000000001,13,0,846,0,0,False,True,False,False,False,False,True,False,False,False,True
960.6,17,0,230,1,0,False,False,True,False,True,False,False,False,False,False,True
906.6,34,0,273,1,0,False,False,True,False,False,False,True,False,True,False,False
594.5999999999999,42,0,192,0,0,False,False,True,False,False,False,True,False,True,False,False
975.6,5,2,365,1,1,True,False,False,False,False,False,True,False,False,False,True
286.79999999999995,71,0,436,0,0,True,False,False,False,False,True,False,False,True,False,False
796.8000000000001,19,0,330,0,0,False,False,True,False,True,False,False,False,False,False,True
235.2,2,0,319,0,0,False,True,False,False,False,False,True,False,False,True,False
225.6,57,3,421,0,1,False,False,True,False,False,True,False,False,True,False,False
1300.8000000000002,72,1,324,1,0,False,False,True,False,False,False,True,False,True,False,False
1031.4,6,0,446,1,0,True,False,False,False,False,False,False,True,False,False,True
1025.4,17,0,567,1,0,False,True,False,False,False,False,True,False,False,False,True
970.8,61,3,501,1,1,False,False,True,False,True,False,False,False,True,False,False
852.0,1,2,532,1,1,False,False,True,False,False,False,True,False,False,True,False
1341.6,48,0,562,1,0,True,False,False,False,False,True,False,False,True,False,False
247.2,16,0,442,0,0,False,True,False,False,False,True,False,False,False,False,True
1020.6,9,0,376,1,0,False,True,False,False,False,False,True,False,False,False,True
535.2,3,0,284,0,0,False,False,True,False,False,False,True,False,False,True,False
532.8,1,1,341,0,0,False,False,True,False,False,False,True,False,False,True,False
1261.1999999999998,65,3,321,1,1,True,False,False,False,False,True,False,False,True,False,False
1381.8000000000002,70,1,509,1,0,False,True,False,False,False,True,False,False,True,False,False
717.5999999999999,60,2,452,0,1,False,False,True,False,False,False,False,True,True,False,False
315.6,69,0,504,0,0,False,True,False,False,False,False,True,False,True,False,False
846.5999999999999,35,1,1571,1,0,False,False,False,True,False,False,True,False,True,False,False
240.6,22,1,614,0,0,False,False,True,False,False,False,False,True,False,False,True
958.2,66,0,335,1,0,False,False,True,False,True,False,False,False,True,False,False
843.5999999999999,1,0,234,0,0,False,True,False,False,False,False,True,False,False,True,False
952.2,1,1,2148,1,0,False,False,False,True,True,False,False,False,False,True,False
1080.6,34,0,4487,1,0,False,False,False,True,False,True,False,False,True,False,False
293.4,72,0,341,0,0,True,False,False,False,True,False,False,False,True,False,False
719.4000000000001,31,1,351,0,0,False,False,True,False,False,False,True,False,True,False,False
304.20000000000005,30,3,371,0,1,False,False,True,False,True,False,False,False,True,False,False
1089.6,9,1,377,1,0,True,False,False,False,True,False,False,False,False,False,True
845.4000000000001,20,2,282,1,1,False,False,True,False,False,False,True,False,False,False,True
411.6,19,0,421,0,0,False,True,False,False,False,True,False,False,False,False,True
1260.6,65,2,3360,1,1,False,False,False,True,False,False,True,False,True,False,False
231.6,30,1,447,0,0,False,True,False,False,False,False,False,True,True,False,False
229.8,6,2,233,0,1,False,False,True,False,False,False,False,True,False,False,True
616.8,2,0,2224,0,0,False,False,False,True,False,False,True,False,False,True,False
862.1999999999999,53,1,317,1,0,True,False,False,False,False,False,True,False,True,False,False
904.8,7,1,407,1,0,False,True,False,False,False,False,True,False,False,False,True
596.4000000000001,61,0,599,0,0,False,True,False,False,True,False,False,False,True,False,False
543.0,70,0,377,0,0,False,False,True,False,False,False,True,False,True,False,False
945.0,13,0,386,1,0,False,False,True,False,False,False,True,False,False,False,True
979.2,35,0,666,1,0,False,False,True,False,True,False,False,False,True,False,False
844.8000000000001,2,2,531,1,1,False,False,True,False,False,True,False,False,False,True,False
909.6,3,0,486,1,0,True,False,False,False,False,False,True,False,False,True,False
913.2,3,0,4066,1,0,False,False,False,True,False,False,True,False,False,True,False
1128.0,62,1,2891,1,0,False,False,False,True,True,False,False,False,True,False,False
1247.4,72,0,102,1,0,False,True,False,False,False,True,False,False,True,False,False
239.4,63,1,524,0,0,False,False,True,False,True,False,False,False,True,False,False
855.5999999999999,20,0,161,1,0,True,False,False,False,False,True,False,False,False,False,True
1329.6,35,3,467,1,1,False,False,True,False,True,False,False,False,True,False,False
829.1999999999999,21,2,142,0,1,False,False,True,False,False,False,True,False,False,False,True
1153.1999999999998,62,2,329,1,1,False,True,False,False,False,False,True,False,True,False,False
585.5999999999999,15,0,345,0,0,True,False,False,False,False,False,False,True,False,False,True
606.5999999999999,55,2,284,0,1,True,False,False,False,False,True,False,False,True,False,False
535.8,11,0,347,0,0,False,False,True,False,False,False,False,True,False,False,True
1059.0,17,0,554,1,0,True,False,False,False,False,False,True,False,False,False,True
233.4,61,0,292,0,0,False,False,True,False,True,False,False,False,True,False,False
1071.6,71,1,481,1,0,False,False,True,False,False,True,False,False,True,False,False
840.0,2,1,255,0,0,True,False,False,False,True,False,False,False,False,True,False
231.0,35,1,371,0,0,True,False,False,False,False,False,False,True,True,False,False
846.0,17,0,448,1,0,False,True,False,False,True,False,False,False,False,False,True
1168.1999999999998,21,0,250,1,0,False,True,False,False,False,False,True,False,False,False,True
235.8,47,1,203,0,0,True,False,False,False,True,False,False,False,True,False,False
250.2,3,0,2893,0,0,False,False,False,True,False,False,False,True,False,True,False
235.8,3,1,568,0,0,True,False,False,False,False,False,False,True,False,True,False
232.2,44,0,388,0,0,False,True,False,False,False,True,False,False,True,False,False
528.0,1,2,331,0,1,True,False,False,False,False,False,False,True,False,True,False
1132.8000000000002,44,1,423,1,0,True,False,False,False,False,False,True,False,True,False,False
310.79999999999995,5,0,408,0,0,False,False,True,False,True,False,False,False,False,False,True
667.8,24,0,436,0,0,True,False,False,False,True,False,False,False,False,False,True
835.8000000000001,1,1,50,0,0,False,True,False,False,False,False,True,False,False,True,False
904.8,18,2,239,1,1,False,False,True,False,False,False,True,False,False,False,True
1207.1999999999998,10,0,273,1,0,False,True,False,False,False,False,True,False,False,False,True
852.0,65,0,422,1,0,False,False,True,False,True,False,False,False,True,False,False
1032.0,1,2,427,1,1,False,True,False,False,False,False,True,False,False,True,False
1283.4,53,1,495,1,0,True,False,False,False,False,True,False,False,True,False,False
254.4,3,0,438,0,0,False,False,True,False,False,False,False,True,False,True,False
732.5999999999999,33,1,204,0,0,False,False,True,False,False,False,False,True,True,False,False
355.20000000000005,3,0,617,0,0,True,False,False,False,False,False,True,False,False,True,False
959.4,34,1,590,1,0,False,False,True,False,True,False,False,False,True,False,False
236.4,14,0,211,0,0,False,False,True,False,False,False,False,True,False,False,True
243.6,13,3,449,0,1,False,False,True,False,False,False,False,True,False,False,True
718.8,46,1,310,0,0,False,True,False,False,True,False,False,False,True,False,False
292.20000000000005,23,1,420,0,0,False,True,False,False,False,False,False,True,False,False,True
237.0,47,1,557,0,0,True,False,False,False,False,False,False,True,True,False,False
603.5999999999999,17,3,719,0,1,False,True,False,False,False,False,False,True,False,False,True
1147.1999999999998,49,2,512,1,1,True,False,False,False,False,False,True,False,True,False,False
603.0,59,1,444,0,0,False,True,False,False,False,False,True,False,True,False,False
1024.1999999999998,69,1,349,1,0,False,False,True,False,False,True,False,False,True,False,False
499.2000000000001,11,1,2645,0,0,False,False,False,True,False,False,True,False,False,False,True
619.8,10,1,3587,0,0,False,False,False,True,False,False,False,True,False,False,True
288.0,12,0,393,0,0,False,True,False,False,True,False,False,False,False,False,True
1210.1999999999998,45,1,267,1,0,False,False,True,False,False,True,False,False,True,False,False
718.2,39,0,157,0,0,False,False,True,False,False,False,False,True,True,False,False
305.4,71,3,476,0,1,False,False,True,False,False,True,False,False,True,False,False
286.79999999999995,71,0,437,0,0,False,False,True,False,False,True,False,False,True,False,False
289.79999999999995,33,3,1983,0,1,False,False,False,True,False,True,False,False,True,False,False
908.4,67,1,553,1,0,False,False,True,False,False,False,False,True,True,False,False
482.4,37,1,2162,0,0,False,False,False,True,True,False,False,False,True,False,False
1014.0,49,1,379,1,0,False,False,True,False,False,False,True,False,True,False,False
610.2,9,0,397,0,0,False,False,True,False,False,False,False,True,False,False,True
1099.1999999999998,52,0,347,1,0,False,True,False,False,False,True,False,False,True,False,False
1186.8000000000002,70,0,435,1,0,False,False,True,False,False,False,True,False,True,False,False
1020.0,1,1,572,1,0,True,False,False,False,False,False,True,False,False,True,False
947.4,14,0,228,1,0,False,False,True,False,False,False,True,False,False,False,True
531.5999999999999,1,2,473,0,1,False,False,True,False,False,False,False,True,False,True,False
242.4,1,0,425,0,0,True,False,False,False,False,False,False,True,False,True,False
962.4,52,0,423,1,0,False,True,False,False,False,False,False,True,True,False,False
730.8,6,0,530,0,0,False,False,True,False,False,False,False,True,False,False,True
410.4,7,3,407,0,1,False,False,True,False,False,False,False,True,False,False,True
1022.4,47,1,2884,1,0,False,False,False,True,True,False,False,False,True,False,False
1045.8000000000002,26,0,507,1,0,True,False,False,False,False,True,False,False,True,False,False
651.5999999999999,25,1,324,0,0,True,False,False,False,False,False,True,False,True,False,False
229.2,69,0,444,0,0,False,False,True,False,False,False,False,True,True,False,False
1353.0,72,3,362,1,1,True,False,False,False,False,True,False,False,True,False,False
239.4,4,1,380,0,0,False,False,True,False,False,False,False,True,False,False,True
234.0,59,0,351,0,0,False,False,True,False,False,False,False,True,True,False,False
786.5999999999999,67,1,470,0,0,True,False,False,False,True,False,False,False,True,False,False
945.6,26,0,412,1,0,False,False,True,False,False,False,True,False,True,False,False
938.4,27,3,459,1,1,False,False,True,False,False,False,False,True,True,False,False
1263.0,72,0,397,1,0,False,False,True,False,True,False,False,False,True,False,False
1071.0,6,1,159,1,0,False,False,True,False,False,False,True,False,False,False,True
247.8,62,0,2525,0,0,False,False,False,True,False,True,False,False,True,False,False
824.4000000000001,20,1,409,0,0,False,True,False,False,False,False,True,False,False,False,True
943.8,6,2,436,1,1,False,False,True,False,False,True,False,False,False,False,True
297.0,51,1,310,0,0,False,True,False,False,False,False,False,True,True,False,False
237.0,61,1,220,0,0,True,False,False,False,False,True,False,False,True,False,False
1069.1999999999998,62,2,493,1,1,True,False,False,False,False,False,True,False,True,False,False
1016.4,72,0,358,1,0,False,False,True,False,True,False,False,False,True,False,False
1176.0,13,0,425,1,0,True,False,False,False,False,False,True,False,False,False,True
1133.4,5,0,2274,1,0,False,False,False,True,False,False,True,False,False,False,True
1260.0,3,3,399,1,1,False,False,True,False,False,False,True,False,False,True,False
1126.1999999999998,26,0,332,1,0,False,False,True,False,False,False,True,False,True,False,False
718.8,13,1,254,0,0,False,False,True,False,False,False,True,False,False,False,True
239.4,38,1,2878,0,0,False,False,False,True,False,False,False,True,True,False,False
1008.0,8,0,309,1,0,False,False,True,False,False,False,True,False,False,False,True
1306.8000000000002,34,0,424,1,0,False,True,False,False,False,False,True,False,True,False,False
403.2000000000001,18,0,461,0,0,False,False,True,False,False,False,False,True,False,False,True
1030.1999999999998,56,0,311,1,0,True,False,False,False,False,False,False,True,True,False,False
418.2000000000001,36,0,219,0,0,False,False,True,False,True,False,False,False,True,False,False
585.0,9,0,763,0,0,True,False,False,False,False,False,True,False,False,False,True
1018.2,1,2,320,1,1,True,False,False,False,False,False,True,False,False,True,False
679.8,12,3,493,0,1,False,False,True,False,False,False,False,True,False,False,True
1143.6,57,0,690,1,0,False,True,False,False,False,True,False,False,True,False,False
886.8000000000001,42,0,518,1,0,False,False,True,False,False,True,False,False,True,False,False
294.0,33,0,354,0,0,True,False,False,False,False,False,False,True,True,False,False
1015.2,70,1,389,1,0,False,True,False,False,True,False,False,False,True,False,False
539.4000000000001,68,2,275,0,1,False,False,True,False,False,False,True,False,True,False,False
296.4,1,0,532,0,0,False,False,True,False,False,False,True,False,False,True,False
1203.6,37,0,484,1,0,False,False,True,False,False,True,False,False,True,False,False
305.4,4,2,322,0,1,True,False,False,False,False,False,False,True,False,False,True
608.4000000000001,1,1,1666,0,0,False,False,False,True,False,False,False,True,False,True,False
660.0,20,0,201,0,0,True,False,False,False,False,True,False,False,False,False,True
820.8000000000001,72,1,547,0,0,False,False,True,False,True,False,False,False,True,False,False
1078.8000000000002,31,0,418,1,0,False,False,True,False,False,False,True,False,True,False,False
942.6,18,0,432,1,0,True,False,False,False,False,False,True,False,False,False,True
660.5999999999999,11,2,276,0,1,False,False,True,False,True,False,False,False,False,False,True
237.6,33,2,180,0,1,True,False,False,False,False,True,False,False,True,False,False
1013.4,62,0,544,1,0,False,False,True,False,False,False,True,False,True,False,False
430.8,1,3,406,0,1,False,False,True,False,False,False,False,True,False,True,False
969.0,16,0,3225,1,0,False,False,False,True,True,False,False,False,False,False,True
943.8,22,2,342,1,1,True,False,False,False,False,False,False,True,False,False,True
741.0,49,1,364,0,0,True,False,False,False,True,False,False,False,True,False,False
764.4000000000001,36,2,506,0,1,False,False,True,False,False,True,False,False,True,False,False
1193.4,42,3,509,1,1,False,False,True,False,False,False,True,False,True,False,False
302.4,4,0,519,0,0,False,True,False,False,True,False,False,False,False,False,True
888.5999999999999,12,3,355,1,1,False,True,False,False,False,False,False,True,False,False,True
1051.1999999999998,31,2,2991,1,1,False,False,False,True,False,False,True,False,True,False,False
1069.8000000000002,5,2,566,1,1,False,False,True,False,False,False,True,False,False,False,True
240.0,66,0,384,0,0,True,False,False,False,False,True,False,False,True,False,False
660.0,15,2,322,0,1,False,True,False,False,False,True,False,False,False,False,True
1252.8000000000002,64,2,601,1,1,True,False,False,False,True,False,False,False,True,False,False
240.6,10,0,301,0,0,False,True,False,False,False,True,False,False,False,False,True
1077.0,7,3,494,1,1,False,False,True,False,False,False,True,False,False,False,True
411.6,29,0,391,0,0,True,False,False,False,False,False,True,False,True,False,False
247.8,57,0,123,0,0,False,True,False,False,True,False,False,False,True,False,False
1011.0,46,1,569,1,0,True,False,False,False,False,False,False,True,True,False,False
235.8,53,1,50,0,0,True,False,False,False,True,False,False,False,True,False,False
958.2,17,1,912,1,0,False,False,False,True,False,True,False,False,False,False,True
242.4,38,0,479,0,0,False,True,False,False,False,False,False,True,True,False,False
237.6,15,3,479,0,1,False,False,True,False,False,False,False,True,False,False,True
604.2,22,0,304,0,0,False,False,True,False,False,False,True,False,False,False,True
1021.8,14,0,422,1,0,False,False,True,False,False,False,True,False,False,False,True
895.1999999999999,57,0,50,1,0,False,False,True,False,True,False,False,False,True,False,False
949.8,11,1,506,1,0,False,False,True,False,False,True,False,False,False,False,True
244.2,1,3,437,0,1,False,False,True,False,False,False,False,True,False,True,False
252.6,12,1,393,0,0,False,False,True,False,True,False,False,False,False,False,True
1135.1999999999998,3,2,403,1,1,False,False,True,False,False,False,True,False,False,True,False
1136.4,36,0,473,1,0,False,False,True,False,False,False,True,False,True,False,False
1131.0,16,1,395,1,0,False,False,True,False,False,False,True,False,False,False,True
869.4000000000001,65,1,1000,1,0,False,False,False,True,False,True,False,False,True,False,False
899.4000000000001,2,1,729,1,0,False,True,False,False,False,False,True,False,False,True,False
1262.4,42,0,580,1,0,False,False,True,False,False,False,True,False,True,False,False
1343.4,72,1,207,1,0,False,True,False,False,True,False,False,False,True,False,False
238.2,62,1,348,0,0,True,False,False,False,True,False,False,False,True,False,False
1077.0,6,2,364,1,1,False,False,True,False,False,False,True,False,False,False,True
240.6,48,1,561,0,0,False,True,False,False,False,False,False,True,True,False,False
1307.4,35,0,76,1,0,True,False,False,False,False,False,True,False,True,False,False
235.8,52,1,325,0,0,True,False,False,False,False,True,False,False,True,False,False
298.79999999999995,1,0,135,0,0,False,False,True,False,False,False,False,True,False,True,False
994.2,6,2,357,1,1,False,True,False,False,False,False,True,False,False,False,True
1118.4,71,1,329,1,0,False,False,True,False,False,True,False,False,True,False,False
1017.6,67,0,411,1,0,False,True,False,False,True,False,False,False,True,False,False
861.0,60,3,309,1,1,True,False,False,False,False,False,True,False,True,False,False
364.2000000000001,23,1,287,0,0,False,True,False,False,True,False,False,False,False,False,True
658.2,39,0,492,0,0,True,False,False,False,True,False,False,False,True,False,False
234.0,15,1,468,0,0,False,False,True,False,False,False,False,True,False,False,True
1246.1999999999998,53,0,482,1,0,True,False,False,False,False,False,True,False,True,False,False
290.4,24,2,373,0,1,False,True,False,False,False,False,False,True,False,False,True
232.2,37,2,314,0,1,False,False,True,False,False,False,True,False,True,False,False
1003.2,5,3,382,1,1,False,True,False,False,False,False,True,False,False,False,True
1207.8000000000002,50,1,475,1,0,False,False,True,False,False,False,True,False,True,False,False
1129.1999999999998,54,1,73,1,0,False,False,True,False,False,True,False,False,True,False,False
894.5999999999999,3,2,459,1,1,True,False,False,False,False,False,True,False,False,True,False
1301.4,68,0,446,1,0,False,False,True,False,False,False,True,False,True,False,False
673.8,5,1,2549,0,0,False,False,False,True,False,False,True,False,False,False,True
244.2,33,1,377,0,0,False,False,True,False,False,False,False,True,True,False,False
966.6,41,0,50,1,0,False,False,True,False,False,False,True,False,True,False,False
735.0,34,0,334,0,0,True,False,False,False,False,False,False,True,True,False,False
245.4,13,2,668,0,1,False,False,True,False,False,False,False,True,False,False,True
226.8,20,2,401,0,1,False,True,False,False,False,True,False,False,False,False,True
235.2,51,0,353,0,0,False,True,False,False,False,True,False,False,True,False,False
1098.0,3,0,402,1,0,False,True,False,False,False,True,False,False,False,True,False
542.4000000000001,41,0,453,0,0,True,False,False,False,True,False,False,False,True,False,False
233.4,13,2,3027,0,1,False,False,False,True,False,True,False,False,False,False,True
305.4,35,0,365,0,0,False,False,True,False,True,False,False,False,True,False,False
970.2,12,1,463,1,0,True,False,False,False,True,False,False,False,False,False,True
1138.8000000000002,4,0,651,1,0,False,False,True,False,False,False,False,True,False,False,True
588.5999999999999,43,1,550,0,0,False,True,False,False,True,False,False,False,True,False,False
351.6,12,0,751,0,0,True,False,False,False,False,False,False,True,False,False,True
1263.6,68,2,301,1,1,False,True,False,False,False,False,True,False,True,False,False
1067.4,25,0,651,1,0,True,False,False,False,False,False,True,False,True,False,False
243.0,7,1,1867,0,0,False,False,False,True,False,False,False,True,False,False,True
1330.1999999999998,66,0,453,1,0,True,False,False,False,False,False,True,False,True,False,False
1326.0,53,1,509,1,0,True,False,False,False,False,False,True,False,True,False,False
1312.8000000000002,63,2,323,1,1,False,False,True,False,True,False,False,False,True,False,False
1370.4,70,0,413,1,0,False,False,True,False,True,False,False,False,True,False,False
438.0,27,2,536,0,1,False,True,False,False,True,False,False,False,True,False,False
849.0,1,1,1931,1,0,False,False,False,True,False,False,False,True,False,True,False
239.4,5,0,650,0,0,False,False,True,False,False,False,False,True,False,False,True
235.2,37,0,192,0,0,False,False,True,False,False,False,False,True,True,False,False
481.8,3,0,690,0,0,False,False,True,False,False,False,False,True,False,True,False
919.2,12,1,550,1,0,True,False,False,False,False,False,True,False,False,False,True
235.2,38,2,2428,0,1,False,False,False,True,False,True,False,False,True,False,False
1023.6,9,0,339,1,0,False,False,True,False,False,True,False,False,False,False,True
790.1999999999999,13,1,323,0,0,False,False,True,False,False,False,True,False,False,False,True
1133.4,29,2,379,1,1,False,False,True,False,False,False,True,False,True,False,False
240.6,47,3,392,0,1,False,False,True,False,False,True,False,False,True,False,False
1192.8000000000002,61,1,588,1,0,False,False,True,False,True,False,False,False,True,False,False
240.0,16,3,695,0,1,True,False,False,False,False,False,False,True,False,False,True
941.4,41,1,429,1,0,True,False,False,False,False,False,True,False,True,False,False
301.20000000000005,43,0,273,0,0,False,False,True,False,False,False,True,False,True,False,False
1168.1999999999998,36,2,318,1,1,False,False,True,False,True,False,False,False,True,False,False
660.0,6,1,372,0,0,False,False,True,False,False,False,True,False,False,False,True
853.1999999999999,58,1,245,1,0,False,True,False,False,False,True,False,False,True,False,False
738.5999999999999,19,1,223,0,0,False,False,True,False,False,True,False,False,False,False,True
550.8,11,2,714,0,1,False,False,True,False,True,False,False,False,False,False,True
483.6,39,2,445,0,1,False,False,True,False,True,False,False,False,True,False,False
1045.1999999999998,8,0,1833,1,0,False,False,False,True,False,False,True,False,False,False,True
594.0,26,0,3153,0,0,False,False,False,True,False,False,False,True,True,False,False
885.5999999999999,53,1,223,1,0,False,True,False,False,False,True,False,False,True,False,False
230.4,70,1,235,0,0,False,False,True,False,False,False,False,True,True,False,False
543.5999999999999,1,0,279,0,0,True,False,False,False,False,False,False,True,False,True,False
300.0,59,2,648,0,1,True,False,False,False,False,False,False,True,True,False,False
1139.4,2,1,362,1,0,False,False,True,False,False,False,True,False,False,True,False
423.6,7,0,50,0,0,False,False,True,False,False,False,False,True,False,False,True
534.5999999999999,12,0,581,0,0,False,True,False,False,False,False,True,False,False,False,True
921.0,59,0,354,1,0,False,False,True,False,False,True,False,False,True,False,False
972.0,61,3,122,1,1,False,False,True,False,True,False,False,False,True,False,False
1266.6,72,0,352,1,0,False,True,False,False,True,False,False,False,True,False,False
225.6,13,0,478,0,0,False,True,False,False,False,False,False,True,False,False,True
298.79999999999995,64,1,460,0,0,False,False,True,False,False,False,False,True,True,False,False
281.4,1,0,669,0,0,False,True,False,False,False,False,True,False,False,True,False
778.8000000000001,10,0,272,0,0,True,False,False,False,False,False,False,True,False,False,True
736.2,65,0,407,0,0,False,False,True,False,True,False,False,False,True,False,False
1367.4,62,1,1940,1,0,False,False,False,True,False,False,False,True,True,False,False
1081.8000000000002,55,1,168,1,0,False,False,True,False,False,False,True,False,True,False,False
649.2,25,0,532,0,0,False,False,True,False,False,False,True,False,True,False,False
356.4,1,0,469,0,0,False,True,False,False,False,False,False,True,False,True,False
597.5999999999999,1,3,442,0,1,False,False,True,False,False,True,False,False,False,True,False
1213.1999999999998,59,0,464,1,0,False,False,True,False,False,False,True,False,True,False,False
292.79999999999995,64,0,297,0,0,False,False,True,False,True,False,False,False,True,False,False
1140.0,36,0,249,1,0,False,True,False,False,True,False,False,False,True,False,False
607.8,3,1,2530,0,0,False,False,False,True,False,False,False,True,False,True,False
838.8000000000001,61,2,574,0,1,False,False,True,False,False,False,False,True,True,False,False
479.4,26,0,3786,0,0,False,False,False,True,True,False,False,False,True,False,False
664.8,1,1,519,0,0,False,False,True,False,False,False,True,False,False,True,False
1087.1999999999998,1,0,404,1,0,False,True,False,False,False,False,True,False,False,True,False
1239.0,68,0,440,1,0,False,False,True,False,False,True,False,False,True,False,False
1042.1999999999998,2,2,2509,1,1,False,False,False,True,False,False,False,True,False,True,False
1131.0,72,0,246,1,0,True,False,False,False,True,False,False,False,True,False,False
564.5999999999999,71,1,403,0,0,True,False,False,False,False,False,True,False,True,False,False
246.6,57,0,199,0,0,False,False,True,False,False,True,False,False,True,False,False
235.8,4,1,381,0,0,True,False,False,False,False,False,False,True,False,False,True
842.4000000000001,1,0,645,0,0,False,False,True,False,False,False,True,False,False,True,False
972.0,72,2,523,1,1,True,False,False,False,False,True,False,False,True,False,False
910.8,21,0,261,1,0,False,False,True,False,True,False,False,False,False,False,True
296.4,71,2,389,0,1,False,False,True,False,True,False,False,False,True,False,False
1188.6,29,0,274,1,0,False,False,True,False,True,False,False,False,True,False,False
1323.0,69,1,390,1,0,False,False,True,False,False,True,False,False,True,False,False
1020.0,64,0,3332,1,0,False,False,False,True,False,True,False,False,True,False,False
237.0,16,3,497,0,1,True,False,False,False,False,True,False,False,False,False,True
286.79999999999995,4,0,772,0,0,False,True,False,False,False,False,True,False,False,False,True
1335.0,52,0,3453,1,0,False,False,False,True,False,True,False,False,True,False,False
661.2,2,1,2663,0,0,False,False,False,True,False,False,False,True,False,True,False
239.4,1,0,501,0,0,False,False,True,False,False,False,False,True,False,True,False
301.79999999999995,18,0,369,0,0,False,False,True,False,False,False,False,True,False,False,True
649.8,2,3,230,0,1,False,False,True,False,False,False,False,True,False,True,False
717.5999999999999,19,3,595,0,1,False,False,True,False,False,False,False,True,False,False,True
1006.2,40,0,551,1,0,False,False,True,False,True,False,False,False,True,False,False
1258.8000000000002,66,3,363,1,1,False,False,True,False,False,False,True,False,True,False,False
903.6,21,1,441,1,0,False,False,True,False,False,False,False,True,False,False,True
799.8000000000001,8,0,586,0,0,False,False,True,False,False,False,True,False,False,False,True
1314.0,72,1,526,1,0,True,False,False,False,False,True,False,False,True,False,False
886.1999999999999,48,1,180,1,0,False,False,True,False,True,False,False,False,True,False,False
231.6,69,3,436,0,1,False,True,False,False,True,False,False,False,True,False,False
1418.4,72,0,374,1,0,False,True,False,False,False,False,True,False,True,False,False
617.4000000000001,14,1,566,0,0,False,True,False,False,False,True,False,False,False,False,True
713.4000000000001,6,0,554,0,0,False,False,True,False,False,False,True,False,False,False,True
234.0,8,0,597,0,0,False,False,True,False,True,False,False,False,False,False,True
234.6,17,0,232,0,0,False,False,True,False,False,False,False,True,False,False,True
1122.6,65,3,282,1,1,False,False,True,False,False,False,True,False,True,False,False
711.5999999999999,57,2,567,0,1,False,False,True,False,False,False,False,True,True,False,False
1227.0,13,2,311,1,1,False,True,False,False,False,True,False,False,False,False,True
1150.8000000000002,19,1,1282,1,0,False,False,False,True,False,True,False,False,False,False,True
1317.6,56,0,479,1,0,False,True,False,False,True,False,False,False,True,False,False
937.2,14,0,317,1,0,False,False,True,False,False,False,True,False,False,False,True
478.8,52,0,668,0,0,False,False,True,False,False,False,True,False,True,False,False
778.8000000000001,58,0,444,0,0,True,False,False,False,False,True,False,False,True,False,False
1140.6,47,2,424,1,1,False,False,True,False,False,False,True,False,True,False,False
640.8,67,1,2204,0,0,False,False,False,True,False,True,False,False,True,False,False
298.79999999999995,2,0,3772,0,0,False,False,False,True,False,True,False,False,False,True,False
536.4000000000001,6,0,453,0,0,False,False,True,False,False,True,False,False,False,False,True
1368.0,71,0,338,1,0,False,False,True,False,True,False,False,False,True,False,False
243.0,46,0,280,0,0,False,True,False,False,True,False,False,False,True,False,False
646.2,5,3,388,0,1,False,False,True,False,False,True,False,False,False,False,True
1006.2,67,1,253,1,0,False,False,True,False,True,False,False,False,True,False,False
242.4,3,2,554,0,1,False,False,True,False,True,False,False,False,False,True,False
239.4,3,1,128,0,0,False,False,True,False,False,False,False,True,False,True,False
1250.4,52,0,379,1,0,False,True,False,False,False,False,True,False,True,False,False
603.0,42,0,491,0,0,True,False,False,False,False,False,True,False,True,False,False
244.2,50,2,451,0,1,False,False,True,False,False,False,False,True,True,False,False
1080.0,23,2,292,1,1,True,False,False,False,False,False,True,False,False,False,True
650.4000000000001,67,0,499,0,0,True,False,False,False,False,True,False,False,True,False,False
1194.0,25,1,267,1,0,True,False,False,False,False,False,True,False,True,False,False
1189.1999999999998,39,1,396,1,0,True,False,False,False,False,False,False,True,True,False,False
802.8000000000001,69,1,497,0,0,False,False,True,False,False,False,False,True,True,False,False
310.20000000000005,1,3,469,0,1,False,False,True,False,False,False,False,True,False,True,False
1092.6,32,1,298,1,0,False,True,False,False,False,False,True,False,True,False,False
852.0,9,1,579,1,0,False,True,False,False,False,False,True,False,False,False,True
1118.4,16,0,413,1,0,True,False,False,False,False,True,False,False,False,False,True
251.4,60,0,511,0,0,True,False,False,False,True,False,False,False,True,False,False
1310.4,72,0,629,1,0,False,True,False,False,True,False,False,False,True,False,False
232.2,5,0,567,0,0,False,False,True,False,False,False,False,True,False,False,True
1029.6,26,1,568,1,0,False,False,True,False,False,True,False,False,True,False,False
238.2,3,1,428,0,0,False,False,True,False,False,False,False,True,False,True,False
235.8,2,0,519,0,0,False,True,False,False,False,False,True,False,False,True,False
246.0,2,2,432,0,1,False,True,False,False,True,False,False,False,False,True,False
1075.8000000000002,36,0,218,1,0,True,False,False,False,False,True,False,False,True,False,False
892.1999999999999,7,0,445,1,0,False,True,False,False,False,False,False,True,False,False,True
593.4000000000001,60,0,438,0,0,True,False,False,False,False,True,False,False,True,False,False
1069.1999999999998,19,0,487,1,0,False,True,False,False,False,False,True,False,False,False,True
901.8,45,0,380,1,0,True,False,False,False,False,True,False,False,True,False,False
847.8000000000001,4,1,285,1,0,False,False,True,False,False,False,True,False,False,False,True
1250.4,31,0,498,1,0,True,False,False,False,False,False,True,False,True,False,False
1080.6,47,3,1449,1,1,False,False,False,True,False,False,True,False,True,False,False
951.0,1,0,618,1,0,False,False,True,False,False,False,True,False,False,True,False
538.8,1,0,365,0,0,False,False,True,False,True,False,False,False,False,True,False
232.8,1,0,436,0,0,True,False,False,False,False,True,False,False,False,True,False
1065.0,59,1,483,1,0,False,False,True,False,False,True,False,False,True,False,False
841.1999999999999,10,0,488,0,0,False,True,False,False,False,False,True,False,False,False,True
1092.0,35,2,188,1,1,False,False,True,False,False,True,False,False,True,False,False
355.79999999999995,4,1,3159,0,0,False,False,False,True,False,False,True,False,False,False,True
1089.6,32,1,445,1,0,True,False,False,False,False,False,True,False,True,False,False
934.2,43,1,304,1,0,False,False,True,False,False,False,True,False,True,False,False
651.5999999999999,4,0,287,0,0,False,False,True,False,False,False,True,False,False,False,True
227.4,54,0,349,0,0,True,False,False,False,False,False,False,True,True,False,False
1141.8000000000002,11,0,1461,1,0,False,False,False,True,True,False,False,False,False,False,True
1228.8000000000002,66,1,658,1,0,True,False,False,False,True,False,False,False,True,False,False
1198.8000000000002,61,0,622,1,0,False,False,True,False,False,False,True,False,True,False,False
1064.4,72,0,467,1,0,False,False,True,False,False,True,False,False,True,False,False
651.5999999999999,44,3,366,0,1,False,False,True,False,False,False,True,False,True,False,False
668.4000000000001,41,0,2342,0,0,False,False,False,True,True,False,False,False,True,False,False
1247.4,50,2,513,1,1,False,False,True,False,False,False,True,False,True,False,False
1330.1999999999998,47,2,663,1,1,False,False,True,False,False,True,False,False,True,False,False
241.8,8,0,314,0,0,False,False,True,False,False,False,False,True,False,False,True
240.6,18,0,232,0,0,False,False,True,False,False,False,False,True,False,False,True
1103.4,72,0,632,1,0,True,False,False,False,False,True,False,False,True,False,False
966.0,1,1,131,1,0,False,False,True,False,False,False,True,False,False,True,False
667.8,42,1,1693,0,0,False,False,False,True,False,False,True,False,True,False,False
896.4000000000001,18,2,362,1,1,True,False,False,False,False,False,True,False,False,False,True
1249.8000000000002,13,3,165,1,1,False,False,True,False,False,True,False,False,False,False,True
1003.8,68,1,3389,1,0,False,False,False,True,True,False,False,False,True,False,False
866.4000000000001,4,0,528,1,0,True,False,False,False,True,False,False,False,False,False,True
1320.6,69,0,313,1,0,True,False,False,False,False,True,False,False,True,False,False
618.0,17,2,591,0,1,False,False,True,False,False,False,False,True,False,False,True
306.0,25,0,617,0,0,False,False,True,False,False,True,False,False,True,False,False
1074.6,43,0,383,1,0,False,False,True,False,False,False,False,True,True,False,False
234.0,59,1,2139,0,0,False,False,False,True,False,True,False,False,True,False,False
968.4,5,0,4307,1,0,False,False,False,True,False,False,True,False,False,False,True
930.0,21,3,3076,1,1,False,False,False,True,False,False,False,True,False,False,True
1261.1999999999998,69,1,438,1,0,False,False,True,False,False,True,False,False,True,False,False
301.79999999999995,13,0,604,0,0,False,False,True,False,True,False,False,False,False,False,True
1143.0,42,3,445,1,1,False,True,False,False,True,False,False,False,True,False,False
1147.8000000000002,52,0,324,1,0,False,True,False,False,False,True,False,False,True,False,False
1020.0,46,0,2564,1,0,False,False,False,True,False,False,True,False,True,False,False
969.6,61,0,555,1,0,False,False,True,False,True,False,False,False,True,False,False
298.20000000000005,29,0,101,0,0,False,False,True,False,False,False,False,True,True,False,False
657.0,25,1,356,0,0,False,False,True,False,False,True,False,False,True,False,False
1029.0,5,0,607,1,0,False,False,True,False,False,False,True,False,False,False,True
609.0,15,0,323,0,0,False,False,True,False,False,False,True,False,False,False,True
241.8,19,0,631,0,0,False,False,True,False,False,False,False,True,False,False,True
240.6,44,2,612,0,1,False,False,True,False,False,False,False,True,True,False,False
1179.0,6,2,390,1,1,False,False,True,False,False,False,True,False,False,False,True
859.1999999999999,58,0,314,1,0,False,False,True,False,False,True,False,False,True,False,False
977.4,62,0,2270,1,0,False,False,False,True,False,True,False,False,True,False,False
700.8,70,0,799,0,0,False,False,True,False,True,False,False,False,True,False,False
308.4,1,0,3999,0,0,False,False,False,True,False,False,False,True,False,True,False
644.4000000000001,10,2,2600,0,1,False,False,False,True,False,True,False,False,False,False,True
235.2,26,1,308,0,0,False,True,False,False,True,False,False,False,True,False,False
1072.8000000000002,66,0,417,1,0,True,False,False,False,False,True,False,False,True,False,False
828.0,7,0,436,0,0,False,False,True,False,False,False,True,False,False,False,True
1010.4,51,0,1505,1,0,False,False,False,True,True,False,False,False,True,False,False
1273.1999999999998,72,1,412,1,0,True,False,False,False,False,True,False,False,True,False,False
309.0,65,0,598,0,0,True,False,False,False,False,False,False,True,True,False,False
552.5999999999999,2,3,130,0,1,False,False,True,False,True,False,False,False,False,True,False
779.4000000000001,70,2,523,0,1,False,False,True,False,True,False,False,False,True,False,False
1025.4,72,0,606,1,0,False,False,True,False,False,True,False,False,True,False,False
240.6,1,1,315,0,0,False,True,False,False,False,False,False,True,False,True,False
916.8,1,3,3855,1,1,False,False,False,True,False,False,False,True,False,True,False
1206.0,5,1,296,1,0,False,False,True,False,False,False,True,False,False,False,True
248.4,3,0,466,0,0,False,True,False,False,False,False,False,True,False,True,False
303.6,58,0,2254,0,0,False,False,False,True,False,True,False,False,True,False,False
480.6,22,2,353,0,1,False,False,True,False,False,False,False,True,False,False,True
1207.1999999999998,33,1,307,1,0,True,False,False,False,True,False,False,False,True,False,False
839.4000000000001,1,1,3058,0,0,False,False,False,True,False,False,True,False,False,True,False
888.0,54,2,527,1,1,False,False,True,False,True,False,False,False,True,False,False
1192.8000000000002,72,2,390,1,1,False,True,False,False,False,False,True,False,True,False,False
1119.6,1,3,196,1,1,False,False,True,False,False,False,True,False,False,True,False
589.8,3,0,460,0,0,False,True,False,False,False,False,True,False,False,True,False
1289.4,72,1,463,1,0,True,False,False,False,False,True,False,False,True,False,False
1003.2,72,1,367,1,0,True,False,False,False,False,True,False,False,True,False,False
1188.6,54,2,680,1,1,False,False,True,False,False,True,False,False,True,False,False
961.2,59,1,165,1,0,False,False,True,False,False,False,True,False,True,False,False
783.5999999999999,54,0,67,0,0,False,False,True,False,True,False,False,False,True,False,False
1074.6,60,2,290,1,1,False,True,False,False,False,False,True,False,True,False,False
729.5999999999999,60,1,506,0,0,False,False,True,False,False,True,False,False,True,False,False
894.0,3,0,241,1,0,False,True,False,False,False,False,True,False,False,True,False
1189.8000000000002,69,1,252,1,0,False,False,True,False,True,False,False,False,True,False,False
231.0,1,0,542,0,0,False,False,True,False,False,False,True,False,False,True,False
473.4,50,0,469,0,0,False,False,True,False,False,True,False,False,True,False,False
538.2,56,0,456,0,0,True,False,False,False,False,True,False,False,True,False,False
1166.4,60,0,3125,1,0,False,False,False,True,False,False,True,False,True,False,False
1326.6,69,1,336,1,0,False,False,True,False,False,False,False,True,True,False,False
420.6,1,1,343,0,0,False,False,True,False,False,False,False,True,False,True,False
876.0,1,1,521,1,0,False,True,False,False,False,False,True,False,False,True,False
238.8,3,2,198,0,1,False,False,True,False,False,False,False,True,False,True,False
923.4,60,0,78,1,0,False,True,False,False,True,False,False,False,True,False,False
424.8,13,0,335,0,0,True,False,False,False,False,False,False,True,False,False,True
245.4,62,2,539,0,1,False,True,False,False,True,False,False,False,True,False,False
1161.0,45,0,438,1,0,False,True,False,False,True,False,False,False,True,False,False
650.4000000000001,25,3,528,0,1,False,True,False,False,False,False,True,False,True,False,False
1201.1999999999998,44,2,97,1,1,True,False,False,False,True,False,False,False,True,False,False
543.0,2,1,447,0,0,True,False,False,False,False,False,False,True,False,True,False
1006.2,33,3,498,1,1,False,True,False,False,False,True,False,False,True,False,False
841.1999999999999,1,0,197,0,0,False,False,True,False,False,False,True,False,False,True,False
250.2,22,0,529,0,0,False,True,False,False,True,False,False,False,False,False,True
401.4,35,1,383,0,0,False,False,True,False,False,False,False,True,True,False,False
242.4,29,0,860,0,0,False,True,False,False,False,False,False,True,True,False,False
1030.8000000000002,27,3,73,1,1,False,True,False,False,False,False,True,False,True,False,False
732.0,54,0,605,0,0,False,False,True,False,False,False,True,False,True,False,False
847.8000000000001,2,1,340,1,0,False,False,True,False,False,False,True,False,False,True,False
1042.8000000000002,57,1,157,1,0,False,True,False,False,False,False,True,False,True,False,False
832.8000000000001,62,1,320,0,0,True,False,False,False,True,False,False,False,True,False,False
244.2,15,0,441,0,0,False,True,False,False,False,True,False,False,False,False,True
244.2,2,0,3329,0,0,False,False,False,True,False,False,False,True,False,True,False
1251.6,70,2,658,1,1,False,False,True,False,True,False,False,False,True,False,False
539.4000000000001,21,0,613,0,0,False,True,False,False,False,False,True,False,False,False,True
593.4000000000001,23,2,255,0,1,False,False,True,False,False,False,True,False,False,False,True
247.2,6,1,3404,0,0,False,False,False,True,False,False,False,True,False,False,True
234.6,4,2,458,0,1,False,False,True,False,False,True,False,False,False,False,True
1188.0,3,1,301,1,0,False,True,False,False,False,True,False,False,False,True,False
1122.0,23,0,368,1,0,False,False,True,False,False,False,True,False,False,False,True
654.5999999999999,26,1,293,0,0,False,False,True,False,False,True,False,False,True,False,False
240.6,8,2,405,0,1,True,False,False,False,False,False,False,True,False,False,True
1007.4,26,0,290,1,0,False,False,True,False,False,False,True,False,True,False,False
953.4,2,3,245,1,1,False,False,True,False,False,False,True,False,False,True,False
1394.4,67,1,471,1,0,False,True,False,False,False,True,False,False,True,False,False
1124.4,71,0,494,1,0,True,False,False,False,True,False,False,False,True,False,False
958.2,59,0,371,1,0,False,False,True,False,False,True,False,False,True,False,False
1200.0,39,3,3594,1,1,False,False,False,True,False,False,True,False,True,False,False
235.2,21,0,360,0,0,True,False,False,False,False,False,False,True,False,False,True
236.4,1,2,354,0,1,False,False,True,False,False,False,False,True,False,True,False
242.4,48,2,499,0,1,False,False,True,False,True,False,False,False,True,False,False
604.8,31,0,380,0,0,False,False,True,False,False,True,False,False,True,False,False
1360.1999999999998,64,0,412,1,0,True,False,False,False,False,False,True,False,True,False,False
960.0,46,1,50,1,0,False,False,True,False,True,False,False,False,True,False,False
971.4,52,0,402,1,0,False,False,True,False,True,False,False,False,True,False,False
298.79999999999995,67,2,1038,0,1,False,False,False,True,False,False,False,True,True,False,False
658.8,67,0,216,0,0,False,True,False,False,False,False,True,False,True,False,False
906.6,5,1,199,1,0,False,False,True,False,False,False,True,False,False,False,True
1311.0,71,2,243,1,1,False,True,False,False,False,False,True,False,True,False,False
931.8,9,0,317,1,0,False,False,True,False,True,False,False,False,False,False,True
1140.0,26,0,327,1,0,False,False,True,False,False,False,True,False,True,False,False
1395.6,71,0,499,1,0,False,True,False,False,True,False,False,False,True,False,False
238.8,32,0,433,0,0,True,False,False,False,True,False,False,False,True,False,False
844.1999999999999,2,1,114,0,0,False,False,True,False,False,False,True,False,False,True,False
307.20000000000005,71,2,412,0,1,True,False,False,False,False,True,False,False,True,False,False
533.4000000000001,60,0,447,0,0,False,True,False,False,False,False,True,False,True,False,False
1201.8000000000002,55,1,350,1,0,False,False,True,False,False,False,True,False,True,False,False
1264.8000000000002,54,1,2451,1,0,False,False,False,True,False,True,False,False,True,False,False
1150.1999999999998,2,0,428,1,0,False,False,True,False,False,False,True,False,False,True,False
886.1999999999999,6,0,514,1,0,True,False,False,False,False,False,False,True,False,False,True
841.1999999999999,48,3,163,0,1,True,False,False,False,False,True,False,False,True,False,False
303.0,63,1,363,0,0,False,False,True,False,False,False,False,True,True,False,False
949.8,1,1,626,1,0,False,False,True,False,False,False,True,False,False,True,False
252.6,12,1,612,0,0,False,False,True,False,False,True,False,False,False,False,True
299.4,54,0,527,0,0,False,False,True,False,True,False,False,False,True,False,False
774.0,30,1,480,0,0,False,False,True,False,False,False,True,False,True,False,False
235.8,30,1,648,0,0,False,False,True,False,True,False,False,False,True,False,False
948.0,4,1,687,1,0,False,True,False,False,False,False,True,False,False,False,True
1271.4,40,0,380,1,0,False,False,True,False,False,True,False,False,True,False,False
910.2,9,0,254,1,0,True,False,False,False,False,False,True,False,False,False,True
1102.1999999999998,17,0,359,1,0,True,False,False,False,False,False,True,False,False,False,True
523.2,62,3,864,0,1,False,True,False,False,False,True,False,False,True,False,False
1095.0,28,0,164,1,0,True,False,False,False,True,False,False,False,True,False,False
1077.0,70,1,329,1,0,False,False,True,False,False,True,False,False,True,False,False
1252.8000000000002,46,0,188,1,0,False,False,True,False,True,False,False,False,True,False,False
1081.8000000000002,23,0,418,1,0,False,True,False,False,False,False,False,True,False,False,True
483.6,47,1,219,0,0,False,True,False,False,False,False,True,False,True,False,False
1263.0,68,1,383,1,0,False,True,False,False,True,False,False,False,True,False,False
1272.0,60,1,107,1,0,True,False,False,False,False,False,True,False,True,False,False
1248.0,67,0,492,1,0,True,False,False,False,False,False,True,False,True,False,False
835.8000000000001,14,1,583,0,0,False,True,False,False,False,False,True,False,False,False,True
891.5999999999999,57,0,2192,1,0,False,False,False,True,False,False,True,False,True,False,False
1210.8000000000002,55,0,379,1,0,False,False,True,False,False,False,False,True,True,False,False
243.0,1,1,375,0,0,False,False,True,False,False,False,False,True,False,True,False
598.8,1,0,2644,0,0,False,False,False,True,False,False,False,True,False,True,False
1162.8000000000002,23,0,394,1,0,False,False,True,False,False,True,False,False,False,False,True
1204.1999999999998,13,1,515,1,0,False,False,True,False,False,False,True,False,False,False,True
1249.1999999999998,47,1,584,1,0,False,False,True,False,False,False,True,False,True,False,False
241.2,38,2,277,0,1,False,True,False,False,False,False,False,True,True,False,False
899.4000000000001,38,0,353,1,0,False,False,True,False,True,False,False,False,True,False,False
678.5999999999999,2,0,535,0,0,False,True,False,False,False,True,False,False,False,True,False
591.0,1,0,186,0,0,False,False,True,False,False,True,False,False,False,True,False
823.1999999999999,15,3,104,0,1,False,False,True,False,True,False,False,False,False,False,True
828.5999999999999,26,1,433,0,0,False,False,True,False,False,True,False,False,True,False,False
236.4,35,1,474,0,0,False,False,True,False,False,True,False,False,True,False,False
240.6,3,0,291,0,0,True,False,False,False,False,False,False,True,False,True,False
1244.4,50,1,313,1,0,False,False,True,False,False,False,True,False,True,False,False
1132.8000000000002,42,0,285,1,0,False,False,True,False,False,False,True,False,True,False,False
659.4000000000001,10,1,269,0,0,False,True,False,False,False,True,False,False,False,False,True
1124.4,61,3,504,1,1,False,True,False,False,True,False,False,False,True,False,False
1323.0,68,3,222,1,1,False,False,True,False,False,True,False,False,True,False,False
1186.8000000000002,10,1,360,1,0,False,False,True,False,False,False,True,False,False,False,True
1077.0,65,1,264,1,0,True,False,False,False,False,False,True,False,True,False,False
965.4,72,3,1335,1,1,False,False,False,True,True,False,False,False,True,False,False
952.8,55,1,530,1,0,False,False,True,False,False,False,True,False,True,False,False
243.6,1,0,322,0,0,False,True,False,False,False,False,False,True,False,True,False
753.5999999999999,7,1,428,0,0,False,False,True,False,True,False,False,False,False,False,True
898.8000000000001,2,0,173,1,0,False,False,True,False,False,False,False,True,False,True,False
898.1999999999999,9,1,288,1,0,False,True,False,False,False,False,True,False,False,False,True
310.20000000000005,27,1,513,0,0,True,False,False,False,False,True,False,False,True,False,False
1223.4,7,1,788,1,0,False,False,True,False,False,False,True,False,False,False,True
819.5999999999999,64,0,103,0,0,True,False,False,False,False,False,False,True,True,False,False
580.8,70,0,369,0,0,False,False,True,False,True,False,False,False,True,False,False
1128.0,2,1,461,1,0,False,False,True,False,False,False,True,False,False,True,False
1260.6,67,2,307,1,1,False,False,True,False,False,False,True,False,True,False,False
1071.6,45,1,527,1,0,False,False,True,False,False,True,False,False,True,False,False
301.79999999999995,24,0,269,0,0,True,False,False,False,False,True,False,False,False,False,True
234.0,4,3,423,0,1,False,True,False,False,False,True,False,False,False,False,True
1115.4,44,3,321,1,1,False,False,True,False,True,False,False,False,True,False,False
248.4,72,0,582,0,0,True,False,False,False,False,False,False,True,True,False,False
891.5999999999999,1,0,298,1,0,True,False,False,False,False,True,False,False,False,True,False
232.2,66,1,2218,0,0,False,False,False,True,True,False,False,False,True,False,False
535.8,1,2,541,0,1,True,False,False,False,False,False,False,True,False,True,False
1008.6,13,3,245,1,1,False,False,True,False,False,False,True,False,False,False,True
968.4,10,2,410,1,1,True,False,False,False,True,False,False,False,False,False,True
1252.1999999999998,65,1,1041,1,0,False,False,False,True,False,False,True,False,True,False,False
234.6,1,1,236,0,0,True,False,False,False,False,False,False,True,False,True,False
888.5999999999999,38,0,2805,1,0,False,False,False,True,False,False,True,False,True,False,False
481.2000000000001,23,0,251,0,0,False,False,True,False,False,False,False,True,False,False,True
241.2,10,1,2064,0,0,False,False,False,True,False,False,False,True,False,False,True
1220.4,4,1,473,1,0,False,False,True,False,False,False,True,False,False,False,True
1002.6,72,1,313,1,0,False,False,True,False,False,True,False,False,True,False,False
682.2,35,1,523,0,0,False,False,True,False,False,False,True,False,True,False,False
244.8,1,0,432,0,0,True,False,False,False,False,False,False,True,False,True,False
234.6,58,1,465,0,0,False,False,True,False,False,True,False,False,True,False,False
1273.8000000000002,70,0,586,1,0,False,True,False,False,False,False,True,False,True,False,False
947.4,38,0,447,1,0,False,False,True,False,False,True,False,False,True,False,False
597.0,60,2,630,0,1,True,False,False,False,False,False,True,False,True,False,False
1108.8000000000002,26,1,536,1,0,False,False,True,False,False,True,False,False,True,False,False
698.4000000000001,8,3,2081,0,1,False,False,False,True,True,False,False,False,False,False,True
1231.1999999999998,41,0,593,1,0,True,False,False,False,False,False,True,False,True,False,False
1103.4,36,1,439,1,0,False,False,True,False,False,True,False,False,True,False,False
783.0,54,0,340,0,0,False,False,True,False,True,False,False,False,True,False,False
1272.0,71,0,2722,1,0,False,False,False,True,True,False,False,False,True,False,False
877.1999999999999,55,2,566,1,1,True,False,False,False,False,False,True,False,True,False,False
717.0,72,1,2864,0,0,False,False,False,True,True,False,False,False,True,False,False
661.2,3,2,673,0,1,False,False,True,False,False,False,False,True,False,True,False
717.5999999999999,54,0,562,0,0,True,False,False,False,True,False,False,False,True,False,False
1399.1999999999998,72,2,478,1,1,False,False,True,False,True,False,False,False,True,False,False
1311.6,52,0,246,1,0,False,True,False,False,False,False,True,False,True,False,False
1216.8000000000002,60,2,373,1,1,True,False,False,False,True,False,False,False,True,False,False
607.8,39,0,410,0,0,False,False,True,False,False,True,False,False,True,False,False
673.8,15,0,3057,0,0,False,False,False,True,False,False,False,True,False,False,True
1278.0,69,1,495,1,0,False,True,False,False,True,False,False,False,True,False,False
230.4,43,3,425,0,1,True,False,False,False,False,False,False,True,True,False,False
996.0,63,0,418,1,0,False,False,True,False,True,False,False,False,True,False,False
841.1999999999999,2,0,508,0,0,False,False,True,False,False,False,True,False,False,True,False
1299.6,72,2,271,1,1,True,False,False,False,True,False,False,False,True,False,False
1092.6,32,0,654,1,0,False,False,True,False,True,False,False,False,True,False,False
303.0,40,0,92,0,0,False,False,True,False,False,True,False,False,True,False,False
544.2,58,0,618,0,0,True,False,False,False,False,False,True,False,True,False,False
526.8,67,0,393,0,0,False,False,True,False,False,False,True,False,True,False,False
930.0,51,3,550,1,1,True,False,False,False,False,False,True,False,True,False,False
951.6,31,2,454,1,1,False,False,True,False,False,False,False,True,True,False,False
1018.8,69,1,451,1,0,False,False,True,False,False,True,False,False,True,False,False
951.0,32,3,2943,1,1,False,False,False,True,False,False,True,False,True,False,False
852.5999999999999,21,1,3147,1,0,False,False,False,True,False,True,False,False,False,False,True
645.0,52,0,350,0,0,False,True,False,False,False,False,True,False,True,False,False
291.0,72,0,555,0,0,False,True,False,False,False,True,False,False,True,False,False
650.4000000000001,72,0,237,0,0,True,False,False,False,False,False,True,False,True,False,False
531.0,52,0,399,0,0,False,False,True,False,True,False,False,False,True,False,False
600.5999999999999,41,3,525,0,1,False,False,True,False,True,False,False,False,True,False,False
241.8,41,2,549,0,1,False,False,True,False,False,False,False,True,True,False,False
831.0,6,0,469,0,0,False,True,False,False,False,False,False,True,False,False,True
832.1999999999999,67,1,340,0,0,False,False,True,False,False,True,False,False,True,False,False
232.2,16,1,534,0,0,False,False,True,False,False,False,False,True,False,False,True
229.8,17,3,299,0,1,False,True,False,False,False,False,False,True,False,False,True
732.0,35,2,662,0,1,False,False,True,False,False,False,False,True,True,False,False
246.0,58,1,387,0,0,False,False,True,False,False,True,False,False,True,False,False
606.0,1,2,1268,0,1,False,False,False,True,False,False,True,False,False,True,False
602.4000000000001,52,1,220,0,0,False,False,True,False,False,False,False,True,True,False,False
955.2,70,1,406,1,0,True,False,False,False,True,False,False,False,True,False,False
298.79999999999995,19,0,2611,0,0,False,False,False,True,True,False,False,False,False,False,True
892.8000000000001,1,0,695,1,0,False,False,True,False,False,False,True,False,False,True,False
1282.8000000000002,35,1,244,1,0,False,True,False,False,False,False,True,False,True,False,False
1216.1999999999998,32,0,405,1,0,False,False,True,False,False,False,True,False,True,False,False
664.2,17,0,1652,0,0,False,False,False,True,False,True,False,False,False,False,True
606.5999999999999,67,1,326,0,0,True,False,False,False,False,True,False,False,True,False,False
234.0,9,0,652,0,0,False,True,False,False,True,False,False,False,False,False,True
953.4,31,1,1590,1,0,False,False,False,True,False,False,False,True,True,False,False
1087.8000000000002,4,1,488,1,0,False,False,True,False,False,False,True,False,False,False,True
1078.1999999999998,58,3,458,1,1,False,False,True,False,True,False,False,False,True,False,False
948.0,60,1,396,1,0,True,False,False,False,False,False,False,True,True,False,False
1255.8000000000002,58,0,477,1,0,False,False,True,False,False,False,True,False,True,False,False
234.6,1,1,225,0,0,False,False,True,False,False,False,False,True,False,True,False
238.8,27,2,648,0,1,False,False,True,False,False,False,False,True,True,False,False
1395.0,66,3,4039,1,1,False,False,False,True,False,False,True,False,True,False,False
1053.0,15,0,407,1,0,False,False,True,False,True,False,False,False,False,False,True
1200.6,47,0,763,1,0,True,False,False,False,False,False,True,False,True,False,False
975.6,41,3,340,1,1,False,False,True,False,False,True,False,False,True,False,False
531.5999999999999,59,0,460,0,0,False,False,True,False,False,False,True,False,True,False,False
844.1999999999999,50,1,3645,0,0,False,False,False,True,False,True,False,False,True,False,False
533.4000000000001,17,0,331,0,0,False,False,True,False,False,True,False,False,False,False,True
589.8,6,0,1394,0,0,False,False,False,True,False,False,True,False,False,False,True
353.4,51,0,158,0,0,False,False,True,False,False,True,False,False,True,False,False
1206.6,44,0,709,1,0,False,False,True,False,False,False,True,False,True,False,False
1023.6,49,1,320,1,0,False,False,True,False,False,True,False,False,True,False,False
1147.8000000000002,2,3,372,1,1,True,False,False,False,False,False,True,False,False,True,False
829.1999999999999,59,0,233,0,0,False,True,False,False,False,False,False,True,True,False,False
844.1999999999999,50,2,3258,0,1,False,False,False,True,True,False,False,False,True,False,False
247.2,59,0,282,0,0,False,False,True,False,False,False,False,True,True,False,False
889.8000000000001,18,1,326,1,0,False,True,False,False,False,False,False,True,False,False,True
900.5999999999999,10,0,444,1,0,False,True,False,False,False,False,True,False,False,False,True
535.2,14,3,240,0,1,True,False,False,False,False,False,True,False,False,False,True
257.4,35,2,2357,0,1,False,False,False,True,True,False,False,False,True,False,False
521.4000000000001,8,1,3621,0,0,False,False,False,True,False,False,False,True,False,False,True
240.6,18,2,464,0,1,False,False,True,False,True,False,False,False,False,False,True
1129.8000000000002,60,1,419,1,0,False,True,False,False,True,False,False,False,True,False,False
1132.8000000000002,1,3,432,1,1,False,True,False,False,False,False,True,False,False,True,False
234.6,6,1,341,0,0,True,False,False,False,False,False,False,True,False,False,True
910.8,19,3,699,1,1,False,False,True,False,False,False,False,True,False,False,True
769.8000000000001,53,1,278,0,0,False,False,True,False,True,False,False,False,True,False,False
1314.6,72,0,431,1,0,False,False,True,False,True,False,False,False,True,False,False
1329.6,60,1,417,1,0,False,False,True,False,False,True,False,False,True,False,False
660.0,1,0,551,0,0,False,False,True,False,False,True,False,False,False,True,False
641.4000000000001,13,1,565,0,0,True,False,False,False,False,False,False,True,False,False,True
839.4000000000001,5,1,395,0,0,False,True,False,False,False,True,False,False,False,False,True
1217.4,1,1,443,1,0,True,False,False,False,False,False,True,False,False,True,False
1164.0,13,0,449,1,0,True,False,False,False,False,False,True,False,False,False,True
1087.1999999999998,37,0,59,1,0,False,False,True,False,True,False,False,False,True,False,False
882.5999999999999,64,1,161,1,0,False,True,False,False,False,False,False,True,True,False,False
815.4000000000001,5,3,309,0,1,False,False,True,False,True,False,False,False,False,False,True
1132.1999999999998,61,0,315,1,0,True,False,False,False,True,False,False,False,True,False,False
834.0,1,0,220,0,0,False,False,True,False,False,False,True,False,False,True,False
226.2,1,1,512,0,0,False,False,True,False,False,False,False,True,False,True,False
232.8,26,1,400,0,0,False,False,True,False,False,False,False,True,True,False,False
830.4000000000001,1,0,367,0,0,False,True,False,False,False,False,True,False,False,True,False
237.0,24,0,211,0,0,False,False,True,False,False,False,False,True,False,False,True
655.2,17,0,393,0,0,False,False,True,False,False,False,True,False,False,False,True
357.6,26,3,398,0,1,False,False,False,True,False,False,False,True,True,False,False
835.8000000000001,1,0,375,0,0,True,False,False,False,False,False,True,False,False,True,False
1222.1999999999998,40,0,409,1,0,False,False,True,False,False,False,True,False,True,False,False
1236.6,52,0,436,1,0,False,True,False,False,False,False,True,False,True,False,False
987.6,1,0,165,1,0,True,False,False,False,False,False,True,False,False,True,False
243.6,1,2,433,0,1,False,False,True,False,False,False,False,True,False,True,False
421.2000000000001,21,0,243,0,0,True,False,False,False,False,False,False,True,False,False,True
1268.4,67,0,278,1,0,False,False,True,False,True,False,False,False,True,False,False
675.0,44,1,3074,0,0,False,False,False,True,True,False,False,False,True,False,False
724.2,70,0,702,0,0,False,True,False,False,False,False,True,False,True,False,False
951.0,3,0,407,1,0,False,True,False,False,False,False,True,False,False,True,False
717.5999999999999,56,2,277,0,1,True,False,False,False,True,False,False,False,True,False,False
1015.2,13,2,428,1,1,False,False,True,False,False,False,True,False,False,False,True
1120.8000000000002,58,3,540,1,1,False,False,True,False,True,False,False,False,True,False,False
1130.4,42,2,493,1,1,False,True,False,False,False,False,True,False,True,False,False
300.6,1,1,811,0,0,True,False,False,False,False,False,True,False,False,True,False
1195.8000000000002,46,0,292,1,0,False,False,True,False,False,False,False,True,True,False,False
607.8,63,2,437,0,1,True,False,False,False,True,False,False,False,True,False,False
730.8,11,2,632,0,1,False,False,True,False,False,False,True,False,False,False,True
715.8,15,2,622,0,1,False,False,True,False,True,False,False,False,False,False,True
776.4000000000001,72,1,939,0,0,False,False,False,True,False,False,True,False,True,False,False
301.20000000000005,29,0,399,0,0,False,False,True,False,False,True,False,False,True,False,False
587.4000000000001,1,2,622,0,1,False,True,False,False,False,False,True,False,False,True,False
658.2,6,1,833,0,0,False,False,True,False,False,False,True,False,False,False,True
543.5999999999999,1,3,505,0,1,False,False,True,False,False,False,True,False,False,True,False
1096.1999999999998,63,0,344,1,0,False,True,False,False,False,False,True,False,True,False,False
1030.1999999999998,2,0,248,1,0,False,True,False,False,False,False,True,False,False,True,False
301.20000000000005,18,0,732,0,0,False,False,True,False,False,False,False,True,False,False,True
408.0,43,2,509,0,1,False,False,True,False,True,False,False,False,True,False,False
550.8,15,0,272,0,0,False,False,True,False,False,False,False,True,False,False,True
1142.4,10,0,369,1,0,False,True,False,False,False,False,True,False,False,False,True
246.0,55,3,446,0,1,True,False,False,False,False,False,False,True,True,False,False
1207.1999999999998,49,0,481,1,0,True,False,False,False,True,False,False,False,True,False,False
663.5999999999999,6,2,265,0,1,False,False,True,False,False,False,False,True,False,False,True
244.2,70,0,307,0,0,False,False,True,False,False,True,False,False,True,False,False
898.1999999999999,2,2,152,1,1,True,False,False,False,False,False,False,True,False,True,False
433.2000000000001,63,1,555,0,0,False,True,False,False,True,False,False,False,True,False,False
789.5999999999999,25,3,348,0,1,False,True,False,False,True,False,False,False,True,False,False
244.2,18,3,2873,0,1,False,False,False,True,True,False,False,False,False,False,True
1269.6,28,0,613,1,0,False,False,True,False,False,False,True,False,True,False,False
1161.0,53,0,432,1,0,False,True,False,False,False,False,False,True,True,False,False
1228.1999999999998,35,0,383,1,0,True,False,False,False,True,False,False,False,True,False,False
292.79999999999995,1,1,2655,0,0,False,False,False,True,False,False,False,True,False,True,False
1387.8000000000002,70,2,409,1,1,False,False,True,False,False,True,False,False,True,False,False
958.2,2,1,586,1,0,False,False,True,False,False,False,True,False,False,True,False
876.5999999999999,26,1,446,1,0,False,False,True,False,False,False,True,False,True,False,False
772.1999999999999,34,0,2064,0,0,False,False,False,True,False,False,True,False,True,False,False
246.0,19,2,557,0,1,False,False,True,False,False,False,False,True,False,False,True
912.0,15,3,584,1,1,False,False,True,False,False,False,False,True,False,False,True
657.0,62,0,199,0,0,True,False,False,False,False,True,False,False,True,False,False
1257.0,42,1,629,1,0,False,False,True,False,True,False,False,False,True,False,False
895.8000000000001,9,0,454,1,0,False,False,True,False,False,False,True,False,False,False,True
613.8,24,1,442,0,0,False,False,True,False,False,False,True,False,False,False,True
503.4,68,1,550,0,0,False,False,True,False,False,False,True,False,True,False,False
652.2,31,0,314,0,0,False,False,True,False,False,False,False,True,True,False,False
675.0,1,0,543,0,0,True,False,False,False,False,False,True,False,False,True,False
1273.1999999999998,21,0,343,1,0,True,False,False,False,False,False,True,False,False,False,True
1152.0,63,1,178,1,0,False,True,False,False,False,False,True,False,True,False,False
957.0,2,1,250,1,0,False,False,True,False,True,False,False,False,False,True,False
737.4000000000001,61,0,485,0,0,False,True,False,False,True,False,False,False,True,False,False
823.8000000000001,1,2,258,0,1,False,False,True,False,False,False,True,False,False,True,False
235.8,18,1,641,0,0,False,False,True,False,False,False,False,True,False,False,True
228.0,6,0,578,0,0,True,False,False,False,False,True,False,False,False,False,True
1200.0,33,0,600,1,0,False,False,True,False,False,False,True,False,True,False,False
243.0,16,2,418,0,1,False,False,True,False,True,False,False,False,False,False,True
1184.4,56,3,438,1,1,False,True,False,False,False,False,True,False,True,False,False
237.6,23,0,220,0,0,False,True,False,False,False,False,False,True,False,False,True
885.5999999999999,9,0,549,1,0,False,False,True,False,False,False,True,False,False,False,True
1202.4,14,0,456,1,0,False,False,True,False,False,False,True,False,False,False,True
898.8000000000001,15,1,485,1,0,False,False,True,False,True,False,False,False,False,False,True
240.6,5,0,3850,0,0,False,False,False,True,False,True,False,False,False,False,True
1274.4,61,0,309,1,0,False,False,True,False,False,False,True,False,True,False,False
1398.6,70,1,381,1,0,False,False,True,False,False,True,False,False,True,False,False
1196.4,15,1,449,1,0,False,True,False,False,False,False,True,False,False,False,True
236.4,8,0,259,0,0,True,False,False,False,False,False,False,True,False,False,True
234.0,8,0,371,0,0,False,False,True,False,False,False,False,True,False,False,True
349.79999999999995,4,1,473,0,0,False,False,True,False,False,False,False,True,False,False,True
660.0,34,0,351,0,0,False,True,False,False,False,False,False,True,True,False,False
1089.6,68,0,3547,1,0,False,False,False,True,False,True,False,False,True,False,False
612.0,45,2,173,0,1,False,False,True,False,True,False,False,False,True,False,False
1081.1999999999998,9,0,568,1,0,False,False,True,False,False,False,True,False,False,False,True
708.5999999999999,22,1,499,0,0,False,False,True,False,False,False,False,True,False,False,True
243.6,2,3,314,0,1,False,False,True,False,False,False,False,True,False,True,False
875.4000000000001,70,0,261,1,0,False,True,False,False,True,False,False,False,True,False,False
882.5999999999999,10,0,87,1,0,False,False,True,False,False,True,False,False,False,False,True
1011.6,72,1,280,1,0,True,False,False,False,False,True,False,False,True,False,False
936.0,49,2,557,1,1,False,True,False,False,False,True,False,False,True,False,False
865.1999999999999,54,3,391,1,1,False,True,False,False,False,False,False,True,True,False,False
1281.0,71,1,574,1,0,False,False,True,False,False,True,False,False,True,False,False
231.0,22,0,307,0,0,False,True,False,False,False,False,False,True,False,False,True
246.6,50,1,506,0,0,False,False,True,False,False,True,False,False,True,False,False
240.0,43,0,292,0,0,True,False,False,False,False,False,False,True,True,False,False
295.79999999999995,45,1,255,0,0,True,False,False,False,False,True,False,False,True,False,False
1242.0,64,0,383,1,0,False,False,True,False,True,False,False,False,True,False,False
286.20000000000005,23,0,300,0,0,False,False,True,False,False,False,False,True,False,False,True
309.6,68,2,168,0,1,False,False,True,False,False,True,False,False,True,False,False
850.1999999999999,1,1,2354,1,0,False,False,False,True,False,False,True,False,False,True,False
837.5999999999999,2,0,2585,0,0,False,False,False,True,False,True,False,False,False,True,False
713.4000000000001,26,0,590,0,0,True,False,False,False,False,True,False,False,True,False,False
654.5999999999999,55,2,3249,0,1,False,False,False,True,True,False,False,False,True,False,False
240.6,14,1,582,0,0,False,False,True,False,False,False,True,False,False,False,True
990.6,71,0,508,1,0,False,True,False,False,False,False,True,False,True,False,False
975.0,64,0,2766,1,0,False,False,False,True,False,False,True,False,True,False,False
849.0,7,0,215,1,0,False,True,False,False,False,True,False,False,False,False,True
891.5999999999999,57,3,422,1,1,False,True,False,False,False,True,False,False,True,False,False
1129.1999999999998,13,1,489,1,0,False,True,False,False,False,False,True,False,False,False,True
356.4,3,1,618,0,0,False,True,False,False,False,True,False,False,False,True,False
1316.4,72,1,502,1,0,False,True,False,False,False,True,False,False,True,False,False
1156.1999999999998,40,0,586,1,0,False,True,False,False,False,True,False,False,True,False,False
799.1999999999999,14,2,1674,0,1,False,False,False,True,False,True,False,False,False,False,True
534.0,2,1,351,0,0,False,True,False,False,False,False,True,False,False,True,False
1330.8000000000002,66,0,464,1,0,False,True,False,False,False,True,False,False,True,False,False
1260.0,38,0,3428,1,0,False,False,False,True,False,False,True,False,True,False,False
303.6,1,1,378,0,0,False,False,True,False,False,False,True,False,False,True,False
661.8,22,3,387,0,1,False,False,True,False,False,True,False,False,False,False,True
241.2,1,0,503,0,0,False,False,True,False,False,False,False,True,False,True,False
961.2,5,2,231,1,1,False,True,False,False,False,False,False,True,False,False,True
828.5999999999999,29,2,641,0,1,False,True,False,False,True,False,False,False,True,False,False
838.8000000000001,1,0,268,0,0,True,False,False,False,False,False,False,True,False,True,False
244.8,3,0,112,0,0,False,False,True,False,False,False,False,True,False,True,False
236.4,71,0,401,0,0,False,False,True,False,False,True,False,False,True,False,False
601.2,9,1,654,0,0,False,False,True,False,False,False,True,False,False,False,True
1216.8000000000002,43,0,487,1,0,False,False,True,False,False,False,True,False,True,False,False
1001.4,48,0,3100,1,0,False,False,False,True,False,True,False,False,True,False,False
1039.8000000000002,26,1,406,1,0,False,False,True,False,False,True,False,False,True,False,False
241.8,9,1,377,0,0,False,True,False,False,True,False,False,False,False,False,True
969.6,1,0,1264,1,0,False,False,False,True,False,False,True,False,False,True,False
232.8,46,0,61,0,0,False,True,False,False,False,True,False,False,True,False,False
744.5999999999999,2,1,429,0,0,True,False,False,False,True,False,False,False,False,True,False
917.4,1,1,596,1,0,False,False,True,False,False,False,True,False,False,True,False
720.5999999999999,64,2,451,0,1,False,False,True,False,True,False,False,False,True,False,False
1095.6,12,0,493,1,0,True,False,False,False,False,False,True,False,False,False,True
1149.0,6,2,637,1,1,True,False,False,False,False,False,True,False,False,False,True
244.2,59,1,449,0,0,False,False,True,False,False,False,False,True,True,False,False
1128.6,7,1,381,1,0,False,False,True,False,False,False,False,True,False,False,True
1009.2,72,1,277,1,0,False,False,True,False,False,True,False,False,True,False,False
945.0,16,0,703,1,0,False,False,True,False,False,False,True,False,False,False,True
666.5999999999999,25,0,478,0,0,True,False,False,False,False,True,False,False,True,False,False
751.8,34,1,258,0,0,False,True,False,False,False,False,True,False,True,False,False
894.0,1,1,224,1,0,False,False,True,False,False,False,True,False,False,True,False
1225.1999999999998,10,1,587,1,0,True,False,False,False,False,True,False,False,False,False,True
241.2,24,0,244,0,0,False,True,False,False,False,False,False,True,False,False,True
843.5999999999999,10,3,678,0,1,False,False,True,False,False,False,True,False,False,False,True
643.8,69,1,50,0,0,True,False,False,False,False,True,False,False,True,False,False
249.0,57,0,613,0,0,True,False,False,False,False,False,False,True,True,False,False
1240.8000000000002,50,0,473,1,0,True,False,False,False,True,False,False,False,True,False,False
609.5999999999999,28,2,417,0,1,False,True,False,False,False,False,False,True,True,False,False
601.8,16,2,2359,0,1,False,False,False,True,False,False,True,False,False,False,True
948.0,25,1,683,1,0,False,False,True,False,False,False,False,True,True,False,False
895.1999999999999,3,2,506,1,1,False,True,False,False,True,False,False,False,False,True,False
1158.0,61,0,264,1,0,True,False,False,False,True,False,False,False,True,False,False
241.2,2,0,142,0,0,False,False,True,False,False,False,False,True,False,True,False
232.8,51,2,2641,0,1,False,False,False,True,False,False,False,True,True,False,False
930.6,71,2,399,1,1,False,True,False,False,False,True,False,False,True,False,False
240.6,20,1,172,0,0,False,False,True,False,False,False,False,True,False,False,True
238.2,6,2,2455,0,1,False,False,False,True,False,True,False,False,False,False,True
242.4,6,0,313,0,0,False,False,True,False,False,False,False,True,False,False,True
809.4000000000001,29,2,401,0,1,False,True,False,False,False,False,False,True,True,False,False
222.6,36,0,508,0,0,False,False,True,False,False,True,False,False,True,False,False
357.0,28,0,623,0,0,True,False,False,False,False,False,False,True,True,False,False
1038.0,7,0,536,1,0,False,False,True,False,False,False,True,False,False,False,True
290.4,63,0,291,0,0,False,False,True,False,False,False,False,True,True,False,False
282.6,48,0,455,0,0,False,False,True,False,False,False,False,True,True,False,False
245.4,49,0,409,0,0,True,False,False,False,True,False,False,False,True,False,False
977.4,27,0,1434,1,0,False,False,False,True,False,False,True,False,True,False,False
1107.6,72,0,2818,1,0,False,False,False,True,False,True,False,False,True,False,False
829.8000000000001,1,1,678,0,0,False,True,False,False,False,False,True,False,False,True,False
643.8,72,0,404,0,0,False,True,False,False,False,True,False,False,True,False,False
475.8,47,0,160,0,0,False,False,True,False,False,True,False,False,True,False,False
655.8,1,1,404,0,0,False,True,False,False,False,False,True,False,False,True,False
1257.6,36,2,217,1,1,False,False,True,False,True,False,False,False,True,False,False
351.6,43,2,529,0,1,True,False,False,False,False,True,False,False,True,False,False
1006.2,27,0,2919,1,0,False,False,False,True,False,False,True,False,True,False,False
954.6,9,1,374,1,0,False,False,True,False,False,False,True,False,False,False,True
1243.8000000000002,38,0,350,1,0,False,False,True,False,False,False,True,False,True,False,False
1188.6,35,0,2330,1,0,False,False,False,True,False,False,True,False,True,False,False
880.1999999999999,0,0,401,1,0,False,False,True,False,False,False,False,True,False,True,False
1200.6,59,2,284,1,1,False,False,True,False,False,False,False,True,True,False,False
244.2,27,0,191,0,0,False,False,True,False,False,True,False,False,True,False,False
527.4000000000001,2,0,570,0,0,False,True,False,False,False,False,True,False,False,True,False
282.0,7,0,2191,0,0,False,False,False,True,False,False,False,True,False,False,True
848.4000000000001,36,2,425,1,1,False,False,True,False,False,False,False,True,True,False,False
1131.6,41,1,442,1,0,False,False,True,False,True,False,False,False,True,False,False
349.79999999999995,13,0,448,0,0,False,True,False,False,False,False,True,False,False,False,True
250.2,19,1,1560,0,0,False,False,False,True,False,True,False,False,False,False,True
452.4,60,1,148,0,0,False,False,True,False,True,False,False,False,True,False,False
1146.0,48,1,311,1,0,False,False,True,False,False,False,False,True,True,False,False
1092.6,3,0,459,1,0,True,False,False,False,False,False,True,False,False,True,False
1109.4,69,2,290,1,1,True,False,False,False,False,False,False,True,True,False,False
529.8,43,0,346,0,0,True,False,False,False,False,False,True,False,True,False,False
432.6,11,1,719,0,0,True,False,False,False,False,False,False,True,False,False,True
603.0,45,0,123,0,0,False,False,True,False,False,True,False,False,True,False,False
1317.0,72,0,286,1,0,False,False,True,False,False,True,False,False,True,False,False
950.4,2,0,684,1,0,False,False,True,False,False,False,True,False,False,True,False
243.6,12,1,393,0,0,False,False,True,False,True,False,False,False,False,False,True
1348.1999999999998,67,0,294,1,0,True,False,False,False,False,True,False,False,True,False,False
1131.6,37,2,3435,1,1,False,False,False,True,False,False,False,True,True,False,False
493.8,39,0,2544,0,0,False,False,False,True,True,False,False,False,True,False,False
895.8000000000001,41,1,347,1,0,False,False,True,False,True,False,False,False,True,False,False
579.0,25,2,428,0,1,True,False,False,False,False,False,True,False,True,False,False
913.8,8,1,301,1,0,True,False,False,False,False,True,False,False,False,False,True
853.1999999999999,71,1,247,1,0,False,False,True,False,False,False,False,True,True,False,False
1158.6,5,1,382,1,0,True,False,False,False,False,False,True,False,False,False,True
951.6,30,0,248,1,0,False,False,True,False,False,True,False,False,True,False,False
1075.1999999999998,40,2,401,1,1,False,False,True,False,False,True,False,False,True,False,False
246.0,54,0,2783,0,0,False,False,False,True,False,False,False,True,True,False,False
1275.6,72,1,3182,1,0,False,False,False,True,True,False,False,False,True,False,False
1204.1999999999998,28,1,569,1,0,False,False,True,False,True,False,False,False,True,False,False
1027.1999999999998,18,0,339,1,0,False,False,True,False,False,False,True,False,False,False,True
543.0,2,0,474,0,0,True,False,False,False,False,False,True,False,False,True,False
1273.8000000000002,59,1,2894,1,0,False,False,False,True,False,False,True,False,True,False,False
613.2,22,2,2762,0,1,False,False,False,True,False,False,True,False,False,False,True
238.8,1,3,328,0,1,False,False,True,False,False,False,False,True,False,True,False
308.4,72,1,245,0,0,False,False,True,False,False,True,False,False,True,False,False
891.5999999999999,14,1,475,1,0,False,False,True,False,False,False,True,False,False,False,True
1192.8000000000002,50,3,143,1,1,False,False,True,False,False,False,True,False,True,False,False
836.4000000000001,48,0,359,0,0,False,False,True,False,True,False,False,False,True,False,False
1180.1999999999998,49,0,50,1,0,False,False,True,False,False,False,True,False,True,False,False
1025.4,28,1,199,1,0,False,True,False,False,False,False,True,False,True,False,False
1150.8000000000002,68,2,268,1,1,False,False,True,False,False,False,True,False,True,False,False
1209.0,13,2,564,1,1,True,False,False,False,False,False,True,False,False,False,True
1070.4,11,0,503,1,0,False,False,True,False,False,False,True,False,False,False,True
889.1999999999999,3,0,316,1,0,False,True,False,False,False,True,False,False,False,True,False
1207.1999999999998,57,0,509,1,0,False,False,True,False,False,False,True,False,True,False,False
900.0,3,0,533,1,0,False,True,False,False,False,False,False,True,False,True,False
309.0,72,0,375,0,0,False,False,True,False,False,True,False,False,True,False,False
1009.2,70,2,192,1,1,True,False,False,False,False,False,True,False,True,False,False
951.6,49,0,2333,1,0,False,False,False,True,True,False,False,False,True,False,False
1284.6,67,2,385,1,1,False,True,False,False,False,True,False,False,True,False,False
240.6,46,0,215,0,0,False,False,True,False,True,False,False,False,True,False,False
842.4000000000001,64,1,455,0,0,False,True,False,False,False,True,False,False,True,False,False
234.0,37,0,2723,0,0,False,False,False,True,True,False,False,False,True,False,False
849.0,2,0,466,1,0,False,False,True,False,False,False,True,False,False,True,False
543.5999999999999,13,0,441,0,0,False,True,False,False,False,False,True,False,False,False,True
1381.8000000000002,72,3,509,1,1,True,False,False,False,False,False,True,False,True,False,False
875.4000000000001,68,2,2356,1,1,False,False,False,True,True,False,False,False,True,False,False
235.8,15,1,430,0,0,True,False,False,False,False,False,False,True,False,False,True
234.6,24,0,340,0,0,True,False,False,False,True,False,False,False,False,False,True
1074.6,24,3,312,1,1,True,False,False,False,False,False,True,False,False,False,True
604.2,27,0,600,0,0,False,False,True,False,False,False,False,True,True,False,False
603.0,12,0,93,0,0,False,True,False,False,True,False,False,False,False,False,True
1047.0,71,1,3201,1,0,False,False,False,True,False,True,False,False,True,False,False
249.6,67,3,2003,0,1,False,False,False,True,False,False,False,True,True,False,False
1311.0,63,0,287,1,0,True,False,False,False,True,False,False,False,True,False,False
244.2,1,0,439,0,0,False,False,True,False,False,False,False,True,False,True,False
670.8,4,3,176,0,1,False,False,True,False,False,False,True,False,False,False,True
950.4,40,0,277,1,0,False,False,True,False,False,True,False,False,True,False,False
1152.0,12,0,272,1,0,False,False,True,False,False,False,True,False,False,False,True
950.4,52,1,366,1,0,False,False,True,False,False,False,True,False,True,False,False
288.0,10,2,1856,0,1,False,False,False,True,False,False,True,False,False,False,True
1216.1999999999998,68,1,640,1,0,False,False,True,False,True,False,False,False,True,False,False
1201.1999999999998,54,3,3937,1,1,False,False,False,True,False,False,True,False,True,False,False
678.0,4,1,882,0,0,False,False,False,True,False,False,False,True,False,False,True
425.4,52,0,481,0,0,False,False,True,False,False,False,False,True,True,False,False
1020.0,1,3,528,1,1,False,False,True,False,False,False,True,False,False,True,False
952.8,70,0,481,1,0,False,True,False,False,True,False,False,False,True,False,False
422.4,43,0,1973,0,0,False,False,False,True,False,True,False,False,True,False,False
235.8,52,1,363,0,0,True,False,False,False,False,False,False,True,True,False,False
598.2,12,0,287,0,0,True,False,False,False,False,False,False,True,False,False,True
825.0,56,0,336,0,0,True,False,False,False,True,False,False,False,True,False,False
742.8,0,0,218,0,0,False,True,False,False,True,False,False,False,False,True,False
958.8,42,0,382,1,0,True,False,False,False,False,False,True,False,True,False,False
1077.0,22,2,174,1,1,True,False,False,False,True,False,False,False,False,False,True
711.5999999999999,51,1,369,0,0,True,False,False,False,False,False,True,False,True,False,False
232.8,27,3,212,0,1,False,False,True,False,False,True,False,False,True,False,False
1123.8000000000002,51,0,431,1,0,True,False,False,False,True,False,False,False,True,False,False
592.8,4,0,298,0,0,False,True,False,False,False,False,True,False,False,False,True
238.8,1,0,2732,0,0,False,False,False,True,False,False,False,True,False,True,False
660.0,35,0,562,0,0,False,False,True,False,False,False,False,True,True,False,False
874.8000000000001,71,0,638,1,0,False,False,True,False,True,False,False,False,True,False,False
830.4000000000001,1,2,50,0,1,False,False,True,False,False,False,True,False,False,True,False
307.20000000000005,69,3,274,0,1,False,False,True,False,True,False,False,False,True,False,False
237.0,14,3,354,0,1,False,False,True,False,False,False,False,True,False,False,True
668.4000000000001,57,0,469,0,0,True,False,False,False,False,False,True,False,True,False,False
1410.0,72,2,152,1,1,False,False,True,False,False,True,False,False,True,False,False
238.2,48,0,252,0,0,False,False,True,False,False,True,False,False,True,False,False
946.8,4,0,419,1,0,False,False,True,False,False,False,False,True,False,False,True
247.8,31,2,412,0,1,False,True,False,False,False,False,True,False,True,False,False
747.5999999999999,38,1,456,0,0,False,False,True,False,False,False,False,True,True,False,False
1110.0,37,0,466,1,0,False,False,True,False,False,False,True,False,True,False,False
235.8,1,0,450,0,0,False,True,False,False,False,False,False,True,False,True,False
957.0,57,0,2654,1,0,False,False,False,True,True,False,False,False,True,False,False
959.4,62,1,408,1,0,False,False,True,False,False,True,False,False,True,False,False
358.79999999999995,3,1,499,0,0,False,False,True,False,False,False,True,False,False,True,False
237.0,72,3,64,0,1,False,False,True,False,False,False,False,True,True,False,False
540.0,29,0,631,0,0,True,False,False,False,False,False,False,True,True,False,False
537.5999999999999,13,0,69,0,0,False,False,True,False,True,False,False,False,False,False,True
835.8000000000001,3,1,238,0,0,False,True,False,False,False,False,True,False,False,True,False
613.2,11,1,365,0,0,False,False,True,False,False,False,True,False,False,False,True
637.8,21,0,500,0,0,False,True,False,False,False,False,False,True,False,False,True
296.4,19,1,50,0,0,False,False,True,False,True,False,False,False,False,False,True
1339.1999999999998,61,2,395,1,1,False,False,True,False,False,True,False,False,True,False,False
582.5999999999999,11,3,518,0,1,False,True,False,False,False,True,False,False,False,False,True
1319.4,35,2,549,1,1,False,False,True,False,False,False,True,False,True,False,False
249.6,25,2,295,0,1,False,False,True,False,False,False,False,True,True,False,False
242.4,1,1,2259,0,0,False,False,False,True,False,False,False,True,False,True,False
307.20000000000005,67,2,307,0,1,True,False,False,False,True,False,False,False,True,False,False
475.8,19,0,341,0,0,False,False,True,False,False,False,True,False,False,False,True
298.79999999999995,56,0,245,0,0,False,True,False,False,False,False,True,False,True,False,False
1300.8000000000002,72,0,266,1,0,True,False,False,False,False,True,False,False,True,False,False
234.6,43,1,465,0,0,True,False,False,False,False,False,False,True,True,False,False
1021.2,55,0,419,1,0,False,True,False,False,False,False,True,False,True,False,False
680.4000000000001,2,3,2893,0,1,False,False,False,True,False,False,False,True,False,True,False
828.5999999999999,27,0,432,0,0,False,False,True,False,False,False,False,True,True,False,False
841.8000000000001,13,0,505,0,0,False,True,False,False,False,False,False,True,False,False,True
1333.8000000000002,70,1,531,1,0,False,False,True,False,False,False,False,True,True,False,False
1271.4,14,0,138,1,0,False,False,True,False,False,False,False,True,False,False,True
1072.1999999999998,19,0,271,1,0,False,False,True,False,True,False,False,False,False,False,True
1069.1999999999998,20,0,365,1,0,False,False,True,False,True,False,False,False,False,False,True
1095.0,43,1,2481,1,0,False,False,False,True,False,True,False,False,True,False,False
1084.1999999999998,5,0,299,1,0,False,True,False,False,False,False,False,True,False,False,True
1266.6,70,2,536,1,1,False,True,False,False,True,False,False,False,True,False,False
229.2,40,1,696,0,0,False,False,True,False,False,False,False,True,True,False,False
244.8,6,0,427,0,0,False,False,True,False,False,True,False,False,False,False,True
1205.4,39,0,412,1,0,False,True,False,False,False,False,True,False,True,False,False
899.4000000000001,4,0,527,1,0,True,False,False,False,False,False,True,False,False,False,True
356.4,15,2,120,0,1,False,False,True,False,False,False,True,False,False,False,True
604.2,1,0,404,0,0,False,False,True,False,False,False,True,False,False,True,False
1028.4,45,0,546,1,0,True,False,False,False,True,False,False,False,True,False,False
574.2,64,2,303,0,1,False,False,True,False,False,False,True,False,True,False,False
1128.0,57,1,216,1,0,True,False,False,False,False,True,False,False,True,False,False
838.1999999999999,72,0,372,0,0,False,True,False,False,True,False,False,False,True,False,False
843.5999999999999,1,0,390,0,0,False,False,True,False,False,False,True,False,False,True,False
310.20000000000005,72,3,263,0,1,False,False,True,False,False,True,False,False,True,False,False
853.1999999999999,3,2,714,1,1,False,False,True,False,False,False,False,True,False,True,False
1185.6,55,1,328,1,0,False,False,True,False,False,False,True,False,True,False,False
1120.1999999999998,59,1,226,1,0,True,False,False,False,False,False,True,False,True,False,False
1198.1999999999998,18,1,2425,1,0,False,False,False,True,True,False,False,False,False,False,True
963.6,32,3,3226,1,1,False,False,False,True,False,True,False,False,True,False,False
606.5999999999999,4,3,2513,0,1,False,False,False,True,True,False,False,False,False,False,True
965.4,66,0,472,1,0,False,False,True,False,False,True,False,False,True,False,False
975.6,27,2,269,1,1,False,True,False,False,False,False,True,False,True,False,False
248.4,4,0,623,0,0,False,True,False,False,False,True,False,False,False,False,True
948.6,60,0,2949,1,0,False,False,False,True,False,True,False,False,True,False,False
228.6,8,1,557,0,0,False,False,True,False,False,False,False,True,False,False,True
235.2,8,0,454,0,0,False,True,False,False,False,True,False,False,False,False,True
242.4,35,3,523,0,1,True,False,False,False,False,False,False,True,True,False,False
1041.6,7,0,269,1,0,False,False,True,False,False,False,True,False,False,False,True
250.8,53,1,326,0,0,False,False,True,False,False,False,False,True,True,False,False
1243.1999999999998,18,3,601,1,1,False,True,False,False,False,True,False,False,False,False,True
465.6,15,3,633,0,1,False,False,True,False,False,False,False,True,False,False,True
1060.8000000000002,67,0,1582,1,0,False,False,False,True,True,False,False,False,True,False,False
1010.4,6,0,437,1,0,True,False,False,False,False,False,True,False,False,False,True
956.4,6,1,335,1,0,False,True,False,False,False,False,True,False,False,False,True
1188.0,13,0,295,1,0,False,True,False,False,False,False,False,True,False,False,True
1209.0,11,3,2727,1,1,False,False,False,True,False,False,True,False,False,False,True
231.6,1,3,571,0,1,False,False,True,False,False,False,False,True,False,True,False
669.0,5,0,467,0,0,False,False,True,False,False,False,False,True,False,False,True
239.4,13,0,352,0,0,True,False,False,False,False,False,False,True,False,False,True
1101.0,9,0,2911,1,0,False,False,False,True,True,False,False,False,False,False,True
1075.8000000000002,29,3,346,1,1,False,False,True,False,False,False,False,True,True,False,False
550.2,1,0,461,0,0,False,False,True,False,False,False,False,True,False,True,False
954.6,1,0,3617,1,0,False,False,False,True,False,False,False,True,False,True,False
671.4000000000001,18,0,838,0,0,False,False,False,True,False,False,False,True,False,False,True
828.0,2,1,519,0,0,True,False,False,False,False,True,False,False,False,True,False
1002.6,30,0,169,1,0,False,False,True,False,True,False,False,False,True,False,False
788.4000000000001,66,0,584,0,0,True,False,False,False,True,False,False,False,True,False,False
1138.8000000000002,38,3,304,1,1,False,True,False,False,True,False,False,False,True,False,False
742.8,44,3,1525,0,1,False,False,False,True,False,False,False,True,True,False,False
1333.1999999999998,54,2,504,1,1,False,True,False,False,False,False,True,False,True,False,False
240.0,2,0,454,0,0,False,False,True,False,False,False,False,True,False,True,False
812.4000000000001,42,0,250,0,0,True,False,False,False,False,False,False,True,True,False,False
301.79999999999995,58,1,212,0,0,False,False,True,False,False,True,False,False,True,False,False
1114.1999999999998,58,0,371,1,0,False,False,True,False,False,False,True,False,True,False,False
1069.1999999999998,25,3,219,1,1,True,False,False,False,False,False,True,False,True,False,False
1335.6,71,1,240,1,0,False,True,False,False,False,False,False,True,True,False,False
1222.8000000000002,37,0,417,1,0,True,False,False,False,True,False,False,False,True,False,False
1099.8000000000002,14,3,255,1,1,False,True,False,False,False,False,True,False,False,False,True
1066.1999999999998,4,3,463,1,1,False,False,True,False,False,False,True,False,False,False,True
727.2,48,0,623,0,0,True,False,False,False,True,False,False,False,True,False,False
303.6,3,1,377,0,0,False,False,True,False,False,False,True,False,False,True,False
786.0,8,0,419,0,0,True,False,False,False,False,False,False,True,False,False,True
1145.4,1,0,702,1,0,False,False,True,False,False,False,True,False,False,True,False
239.4,67,0,221,0,0,True,False,False,False,True,False,False,False,True,False,False
1093.1999999999998,13,1,578,1,0,False,False,True,False,False,False,True,False,False,False,True
649.8,45,3,560,0,1,False,True,False,False,False,True,False,False,True,False,False
895.1999999999999,49,1,528,1,0,True,False,False,False,True,False,False,False,True,False,False
1135.1999999999998,52,0,593,1,0,False,True,False,False,True,False,False,False,True,False,False
973.8,63,1,2724,1,0,False,False,False,True,False,True,False,False,True,False,False
1068.6,68,0,312,1,0,True,False,False,False,True,False,False,False,True,False,False
590.4000000000001,31,2,3375,0,1,False,False,False,True,False,False,False,True,True,False,False
233.4,64,0,569,0,0,True,False,False,False,False,True,False,False,True,False,False
1251.6,62,0,565,1,0,False,False,True,False,False,False,True,False,True,False,False
836.4000000000001,1,0,406,0,0,False,False,True,False,True,False,False,False,False,True,False
1074.0,6,2,292,1,1,False,False,True,False,False,False,True,False,False,False,True
1032.6,21,0,428,1,0,False,False,True,False,False,False,True,False,False,False,True
302.4,72,2,541,0,1,False,False,True,False,True,False,False,False,True,False,False
421.8,32,0,553,0,0,False,True,False,False,False,False,True,False,True,False,False
1195.8000000000002,71,0,335,1,0,False,False,True,False,False,True,False,False,True,False,False
1264.1999999999998,34,1,447,1,0,False,False,True,False,True,False,False,False,True,False,False
421.8,3,3,203,0,1,False,False,True,False,False,False,True,False,False,True,False
885.0,12,3,547,1,1,True,False,False,False,False,True,False,False,False,False,True
1216.1999999999998,8,0,282,1,0,False,True,False,False,False,False,True,False,False,False,True
291.6,35,0,517,0,0,False,False,True,False,True,False,False,False,True,False,False
968.4,3,0,227,1,0,True,False,False,False,False,False,True,False,False,True,False
1078.1999999999998,3,1,554,1,0,False,False,True,False,False,False,False,True,False,True,False
733.2,53,1,448,0,0,True,False,False,False,False,False,True,False,True,False,False
348.6,4,3,282,0,1,False,True,False,False,False,False,True,False,False,False,True
1196.4,48,3,503,1,1,False,False,True,False,True,False,False,False,True,False,False
670.8,6,0,2027,0,0,False,False,False,True,False,True,False,False,False,False,True
1270.8000000000002,3,1,3099,1,0,False,False,False,True,False,False,True,False,False,True,False
552.0,54,2,358,0,1,False,False,True,False,False,True,False,False,True,False,False
527.4000000000001,1,2,141,0,1,True,False,False,False,False,False,False,True,False,True,False
964.8,62,0,252,1,0,False,False,True,False,True,False,False,False,True,False,False
1200.6,22,0,335,1,0,False,False,True,False,False,False,False,True,False,False,True
541.2,1,0,605,0,0,False,False,True,False,True,False,False,False,False,True,False
1128.0,51,0,535,1,0,False,False,True,False,True,False,False,False,True,False,False
827.4000000000001,30,0,643,0,0,False,False,True,False,False,True,False,False,True,False,False
821.4000000000001,56,0,648,0,0,True,False,False,False,False,True,False,False,True,False,False
828.0,35,1,319,0,0,False,False,True,False,False,False,True,False,True,False,False
526.2,64,0,371,0,0,False,False,True,False,False,False,True,False,True,False,False
534.0,30,0,338,0,0,False,True,False,False,False,False,True,False,True,False,False
224.4,25,0,299,0,0,True,False,False,False,False,False,False,True,True,False,False
843.0,41,2,123,0,1,True,False,False,False,True,False,False,False,True,False,False
664.2,9,2,2488,0,1,False,False,False,True,False,False,True,False,False,False,True
642.5999999999999,1,1,207,0,0,True,False,False,False,False,False,False,True,False,True,False
1375.1999999999998,70,0,2472,1,0,False,False,False,True,False,False,True,False,True,False,False
241.2,57,3,717,0,1,True,False,False,False,True,False,False,False,True,False,False
1026.0,9,0,2092,1,0,False,False,False,True,False,False,True,False,False,False,True
1305.0,69,0,429,1,0,False,False,True,False,True,False,False,False,True,False,False
1236.0,43,0,535,1,0,False,False,True,False,False,False,True,False,True,False,False
1174.1999999999998,72,0,442,1,0,False,True,False,False,False,False,True,False,True,False,False
234.6,44,0,443,0,0,False,False,True,False,True,False,False,False,True,False,False
1008.6,72,3,345,1,1,False,False,True,False,True,False,False,False,True,False,False
1245.0,33,1,365,1,0,False,True,False,False,False,False,True,False,True,False,False
1072.8000000000002,54,0,255,1,0,True,False,False,False,False,True,False,False,True,False,False
236.4,27,3,526,0,1,False,False,True,False,False,True,False,False,True,False,False
958.2,54,0,1106,1,0,False,False,False,True,True,False,False,False,True,False,False
893.4000000000001,3,0,3276,1,0,False,False,False,True,False,True,False,False,False,True,False
889.1999999999999,53,1,189,1,0,True,False,False,False,True,False,False,False,True,False,False
832.1999999999999,1,1,544,0,0,True,False,False,False,False,False,True,False,False,True,False
225.6,15,0,2216,0,0,False,False,False,True,False,False,False,True,False,False,True
886.1999999999999,56,0,215,1,0,False,True,False,False,False,False,True,False,True,False,False
772.8000000000001,5,1,486,0,0,False,False,True,False,False,True,False,False,False,False,True
669.5999999999999,48,1,539,0,0,False,True,False,False,False,True,False,False,True,False,False
240.6,25,1,2149,0,0,False,False,False,True,False,True,False,False,True,False,False
901.8,3,0,508,1,0,True,False,False,False,False,True,False,False,False,True,False
1189.8000000000002,58,0,671,1,0,False,False,False,True,True,False,False,False,True,False,False
681.0,10,0,201,0,0,False,False,True,False,True,False,False,False,False,False,True
835.1999999999999,1,0,593,0,0,False,True,False,False,False,False,True,False,False,True,False
1249.8000000000002,71,3,366,1,1,False,False,True,False,False,True,False,False,True,False,False
1329.6,65,1,120,1,0,False,False,True,False,False,True,False,False,True,False,False
961.8,5,0,295,1,0,False,False,True,False,False,False,True,False,False,False,True
429.0,28,2,261,0,1,False,False,True,False,False,False,False,True,True,False,False
838.8000000000001,67,1,375,0,0,True,False,False,False,True,False,False,False,True,False,False
1070.4,35,0,344,1,0,False,False,True,False,False,False,True,False,True,False,False
667.8,72,2,426,0,1,False,False,True,False,False,True,False,False,True,False,False
608.4000000000001,61,2,389,0,1,True,False,False,False,True,False,False,False,True,False,False
240.0,68,1,603,0,0,False,False,True,False,False,True,False,False,True,False,False
366.0,1,0,463,0,0,False,False,True,False,True,False,False,False,False,True,False
229.2,3,1,468,0,0,False,False,True,False,False,False,False,True,False,True,False
1179.6,70,2,574,1,1,False,False,True,False,True,False,False,False,True,False,False
546.5999999999999,48,0,341,0,0,False,False,True,False,False,True,False,False,True,False,False
1212.6,68,0,210,1,0,False,False,True,False,False,True,False,False,True,False,False
1244.4,47,2,581,1,1,False,True,False,False,False,False,True,False,True,False,False
435.0,32,0,420,0,0,False,False,True,False,False,False,False,True,True,False,False
592.8,5,2,420,0,1,False,False,True,False,False,False,False,True,False,False,True
238.8,49,1,305,0,0,True,False,False,False,False,True,False,False,True,False,False
1288.8000000000002,48,0,307,1,0,False,False,True,False,True,False,False,False,True,False,False
984.0,13,0,527,1,0,True,False,False,False,False,False,True,False,False,False,True
237.6,15,2,547,0,1,False,True,False,False,False,False,False,True,False,False,True
540.5999999999999,12,0,517,0,0,False,False,True,False,False,False,True,False,False,False,True
774.5999999999999,67,1,3134,0,0,False,False,False,True,True,False,False,False,True,False,False
1035.0,9,1,485,1,0,False,False,True,False,False,False,True,False,False,False,True
237.0,13,1,419,0,0,False,False,True,False,True,False,False,False,False,False,True
1069.1999999999998,38,3,2359,1,1,False,False,False,True,False,False,False,True,True,False,False
1146.6,42,1,581,1,0,False,True,False,False,False,False,True,False,True,False,False
904.8,24,0,2201,1,0,False,False,False,True,False,True,False,False,False,False,True
1215.0,27,3,455,1,1,True,False,False,False,False,False,True,False,True,False,False
1231.1999999999998,9,1,279,1,0,False,False,True,False,False,True,False,False,False,False,True
675.5999999999999,49,0,301,0,0,False,True,False,False,False,True,False,False,True,False,False
1130.4,61,0,364,1,0,False,True,False,False,False,True,False,False,True,False,False
516.5999999999999,50,2,279,0,1,True,False,False,False,True,False,False,False,True,False,False
1074.0,25,0,519,1,0,True,False,False,False,False,False,True,False,True,False,False
892.8000000000001,22,1,197,1,0,True,False,False,False,True,False,False,False,False,False,True
246.0,1,1,414,0,0,False,False,True,False,False,False,False,True,False,True,False
892.1999999999999,4,0,2606,1,0,False,False,False,True,False,False,True,False,False,False,True
1197.0,18,1,128,1,0,False,False,True,False,True,False,False,False,False,False,True
1343.4,56,0,333,1,0,False,False,True,False,False,False,True,False,True,False,False
1128.0,53,0,438,1,0,True,False,False,False,False,False,True,False,True,False,False
1186.1999999999998,51,1,464,1,0,False,False,True,False,False,False,True,False,True,False,False
772.1999999999999,24,0,369,0,0,True,False,False,False,False,False,True,False,False,False,True
864.0,62,1,501,1,0,False,False,True,False,False,True,False,False,True,False,False
596.4000000000001,24,2,383,0,1,True,False,False,False,False,False,False,True,False,False,True
968.4,70,2,402,1,1,False,False,True,False,False,False,True,False,True,False,False
290.4,1,0,437,0,0,False,False,True,False,False,False,False,True,False,True,False
468.0,16,0,539,0,0,False,False,True,False,False,False,False,True,False,False,True
785.4000000000001,8,1,298,0,0,False,True,False,False,False,False,True,False,False,False,True
892.1999999999999,72,3,326,1,1,False,False,True,False,False,False,True,False,True,False,False
998.4,23,2,1964,1,1,False,False,False,True,True,False,False,False,False,False,True
300.0,31,2,350,0,1,False,False,True,False,False,True,False,False,True,False,False
482.4,37,0,613,0,0,False,False,True,False,False,False,True,False,True,False,False
1129.1999999999998,30,0,485,1,0,False,False,True,False,False,True,False,False,True,False,False
1300.1999999999998,35,1,230,1,0,False,False,True,False,False,False,True,False,True,False,False
834.0,23,0,309,0,0,True,False,False,False,False,True,False,False,False,False,True
912.0,20,0,455,1,0,True,False,False,False,True,False,False,False,False,False,True
1123.1999999999998,36,3,264,1,1,False,False,True,False,False,False,True,False,True,False,False
1147.8000000000002,8,0,291,1,0,False,True,False,False,True,False,False,False,False,False,True
1206.6,71,0,3575,1,0,False,False,False,True,True,False,False,False,True,False,False
1056.6,50,0,307,1,0,False,False,True,False,False,False,True,False,True,False,False
293.4,43,3,543,0,1,False,False,True,False,True,False,False,False,True,False,False
1074.6,57,1,588,1,0,False,True,False,False,False,False,False,True,True,False,False
798.0,41,1,289,0,0,False,False,True,False,True,False,False,False,True,False,False
913.2,27,3,266,1,1,False,False,True,False,False,False,True,False,True,False,False
966.0,13,0,358,1,0,False,False,True,False,False,False,True,False,False,False,True
425.4,3,1,236,0,0,False,True,False,False,False,False,False,True,False,True,False
246.6,67,0,418,0,0,False,False,True,False,False,False,True,False,True,False,False
598.8,3,0,369,0,0,False,False,True,False,False,False,False,True,False,True,False
1264.8000000000002,64,2,454,1,1,False,False,True,False,True,False,False,False,True,False,False
429.0,26,2,609,0,1,False,False,True,False,False,False,True,False,True,False,False
1141.1999999999998,38,0,522,1,0,False,False,True,False,False,True,False,False,True,False,False
231.6,23,0,473,0,0,True,False,False,False,False,True,False,False,False,False,True
1254.0,40,1,105,1,0,False,False,True,False,False,True,False,False,True,False,False
757.2,72,0,2854,0,0,False,False,False,True,True,False,False,False,True,False,False
900.5999999999999,3,0,658,1,0,False,False,True,False,False,True,False,False,False,True,False
972.0,23,0,91,1,0,False,False,False,True,False,False,True,False,False,False,True
893.4000000000001,1,0,503,1,0,False,True,False,False,False,False,True,False,False,True,False
724.8,4,2,376,0,1,False,False,True,False,False,False,False,True,False,False,True
1019.4,62,0,272,1,0,True,False,False,False,False,False,True,False,True,False,False
1120.8000000000002,40,0,520,1,0,False,True,False,False,True,False,False,False,True,False,False
1070.4,41,1,656,1,0,True,False,False,False,False,False,True,False,True,False,False
1022.4,34,2,516,1,1,False,False,True,False,False,True,False,False,True,False,False
599.4000000000001,1,0,344,0,0,True,False,False,False,False,False,True,False,False,True,False
247.8,51,0,1745,0,0,False,False,False,True,True,False,False,False,True,False,False
847.8000000000001,1,0,421,1,0,True,False,False,False,False,False,False,True,False,True,False
241.8,39,1,530,0,0,False,True,False,False,False,False,False,True,True,False,False
230.4,12,1,341,0,0,False,True,False,False,False,False,True,False,False,False,True
717.5999999999999,12,2,2267,0,1,False,False,False,True,False,False,True,False,False,False,True
1259.4,72,3,823,1,1,True,False,False,False,False,False,True,False,True,False,False
1242.0,63,2,561,1,1,True,False,False,False,False,False,True,False,True,False,False
1017.6,44,1,572,1,0,False,False,True,False,False,True,False,False,True,False,False
1140.6,18,1,1331,1,0,False,False,False,True,True,False,False,False,False,False,True
530.4000000000001,9,0,293,0,0,False,False,True,False,True,False,False,False,False,False,True
880.1999999999999,13,3,411,1,1,False,True,False,False,False,False,False,True,False,False,True
769.1999999999999,68,0,249,0,0,False,False,True,False,True,False,False,False,True,False,False
532.8,6,0,640,0,0,False,False,True,False,False,False,True,False,False,False,True
240.6,2,1,611,0,0,True,False,False,False,False,False,False,True,False,True,False
720.0,55,0,319,0,0,False,False,True,False,False,True,False,False,True,False,False
909.0,1,1,667,1,0,False,True,False,False,False,False,True,False,False,True,False
834.0,38,1,399,0,0,False,True,False,False,False,True,False,False,True,False,False
1235.4,67,0,788,1,0,False,False,True,False,False,True,False,False,True,False,False
944.4,19,2,421,1,1,False,False,True,False,True,False,False,False,False,False,True
727.8,12,0,486,0,0,False,True,False,False,False,False,True,False,False,False,True
253.8,72,0,609,0,0,False,False,True,False,True,False,False,False,True,False,False
1017.6,24,1,591,1,0,True,False,False,False,False,False,False,True,False,False,True
1238.4,72,1,476,1,0,True,False,False,False,False,True,False,False,True,False,False
355.20000000000005,11,2,378,0,1,False,False,True,False,False,False,True,False,False,False,True
892.8000000000001,4,0,477,1,0,False,False,True,False,False,False,False,True,False,False,True
1267.8000000000002,66,1,277,1,0,False,True,False,False,True,False,False,False,True,False,False
