transaction_amount,customer_tenure_months,retry_count,gateway_response_time_ms,is_high_value_transaction,is_repeat_failure,failure_reason_bank_decline,failure_reason_card_expired,failure_reason_insufficient_funds,failure_reason_network_error,payment_method_Bank transfer (automatic),payment_method_Credit card (automatic),payment_method_Electronic check,payment_method_Mailed check,customer_segment_high_value_repeat,customer_segment_new_customer,customer_segment_occasional
64.85,21,1,1773,0,0,False,False,False,True,False,False,False,True,False,False,True
97.2,54,3,4132,1,1,False,False,False,True,True,False,False,False,True,False,False
23.45,1,0,3938,0,0,False,False,False,True,False,False,True,False,False,True,False
70.2,4,1,447,0,0,False,False,True,False,False,False,True,False,False,False,True
61.9,0,0,1532,0,0,False,False,False,True,True,False,False,False,False,True,False
69.55,7,0,103,0,0,True,False,False,False,False,False,True,False,False,False,True
18.95,32,2,403,0,1,False,False,True,False,False,False,False,True,False,False,True
19.8,72,0,347,0,0,False,False,True,False,False,True,False,False,False,False,True
39.65,19,0,341,0,0,False,True,False,False,False,False,True,False,False,False,True
19.95,10,2,186,0,1,True,False,False,False,True,False,False,False,False,False,True
69.1,21,2,142,0,1,False,False,True,False,False,False,True,False,False,False,True
70.05,45,0,253,0,0,False,True,False,False,False,False,True,False,True,False,False
19.8,32,0,203,0,0,False,True,False,False,False,True,False,False,False,False,True
105.75,40,1,279,1,0,False,True,False,False,True,False,False,False,True,False,False
41.9,47,2,583,0,1,False,True,False,False,False,False,False,True,False,False,True
53.1,36,0,826,0,0,True,False,False,False,False,False,False,True,False,False,True
105.1,69,1,438,1,0,False,False,True,False,False,True,False,False,True,False,False
80.7,71,1,351,1,0,True,False,False,False,False,True,False,False,True,False,False
24.65,71,0,449,0,0,False,True,False,False,True,False,False,False,False,False,True
53.15,35,1,475,0,0,False,True,False,False,False,True,False,False,False,False,True
54.65,3,0,636,0,0,False,False,True,False,False,False,False,True,False,True,False
109.7,72,1,502,1,0,False,True,False,False,False,True,False,False,True,False,False
90.6,72,2,212,1,1,True,False,False,False,False,True,False,False,True,False,False
73.0,68,3,665,1,1,True,False,False,False,False,True,False,False,True,False,False
54.75,42,0,300,0,0,False,True,False,False,False,False,True,False,False,False,True
20.5,21,0,179,0,0,False,True,False,False,True,False,False,False,False,False,True
92.1,8,0,455,1,0,False,False,True,False,False,False,True,False,False,False,True
75.3,10,1,394,1,0,False,False,True,False,False,False,True,False,False,False,True
106.75,71,1,574,1,0,False,False,True,False,False,True,False,False,True,False,False
91.3,46,1,397,1,0,False,True,False,False,True,False,False,False,True,False,False
80.0,3,0,138,1,0,False,True,False,False,False,False,True,False,False,True,False
91.3,12,0,493,1,0,True,False,False,False,False,False,True,False,False,False,True
47.85,26,1,2147,0,0,False,False,False,True,True,False,False,False,False,False,True
50.15,3,0,3256,0,0,False,False,False,True,False,False,False,True,False,True,False
74.45,49,3,377,1,1,False,False,True,False,True,False,False,False,True,False,False
80.6,33,2,384,1,1,False,True,False,False,True,False,False,False,True,False,False
94.4,42,0,285,1,0,False,False,True,False,False,False,True,False,True,False,False
75.25,31,0,405,1,0,False,False,True,False,True,False,False,False,True,False,False
107.15,68,1,50,1,0,False,True,False,False,False,True,False,False,True,False,False
116.25,66,3,4039,1,1,False,False,False,True,False,False,True,False,True,False,False
19.55,58,1,309,0,0,False,True,False,False,False,False,True,False,False,False,True
20.1,35,1,1109,0,0,False,False,False,True,False,False,False,True,False,False,True
20.2,1,3,3576,0,1,False,False,False,True,True,False,False,False,False,True,False
74.8,40,0,348,1,0,False,False,True,False,False,True,False,False,True,False,False
76.2,13,0,244,1,0,False,True,False,False,False,False,True,False,False,False,True
55.7,57,0,469,0,0,True,False,False,False,False,False,True,False,False,False,True
75.3,1,0,614,1,0,False,False,True,False,False,False,True,False,False,True,False
45.7,1,0,243,0,0,False,True,False,False,False,False,False,True,False,True,False
54.35,46,1,544,0,0,False,False,True,False,False,True,False,False,False,False,True
94.55,40,3,3065,1,1,False,False,False,True,False,True,False,False,True,False,False
77.5,21,3,3076,1,1,False,False,False,True,False,False,False,True,False,False,True
98.15,6,0,409,1,0,False,False,True,False,True,False,False,False,False,False,True
111.1,59,1,100,1,0,False,False,True,False,False,False,False,True,True,False,False
58.6,15,0,50,0,0,True,False,False,False,False,True,False,False,False,False,True
94.55,27,2,296,1,1,False,False,True,False,False,False,False,True,True,False,False
116.3,71,0,499,1,0,False,True,False,False,True,False,False,False,True,False,False
89.3,45,1,320,1,0,False,False,True,False,False,True,False,False,True,False,False
20.7,4,0,1702,0,0,False,False,False,True,False,False,False,True,False,False,True
19.6,1,0,2812,0,0,False,False,False,True,False,False,False,True,False,True,False
99.35,47,0,256,1,0,False,False,True,False,False,False,True,False,True,False,False
49.8,34,0,50,0,0,True,False,False,False,False,False,True,False,False,False,True
54.4,18,0,351,0,0,False,False,True,False,False,True,False,False,False,False,True
54.25,8,2,3060,0,1,False,False,False,True,True,False,False,False,False,False,True
35.5,7,1,339,0,0,True,False,False,False,False,True,False,False,False,False,True
84.5,5,1,667,1,0,False,False,True,False,False,False,True,False,False,False,True
59.3,39,2,284,0,1,True,False,False,False,False,False,True,False,False,False,True
20.65,29,0,1617,0,0,False,False,False,True,False,False,False,True,False,False,True
55.2,1,0,291,0,0,False,True,False,False,False,False,False,True,False,True,False
25.0,31,2,350,0,1,False,False,True,False,False,True,False,False,False,False,True
24.3,2,1,3636,0,0,False,False,False,True,False,False,False,True,False,True,False
70.8,63,0,278,1,0,True,False,False,False,False,True,False,False,True,False,False
78.8,20,0,359,1,0,False,False,True,False,False,False,True,False,False,False,True
83.3,71,1,2553,1,0,False,False,False,True,False,True,False,False,True,False,False
61.15,66,0,321,0,0,False,False,True,False,True,False,False,False,True,False,False
45.15,8,0,395,0,0,False,True,False,False,False,False,False,True,False,False,True
96.0,2,1,508,1,0,False,True,False,False,False,False,True,False,False,True,False
35.1,3,0,301,0,0,False,True,False,False,False,False,False,True,False,True,False
20.25,47,2,534,0,1,False,True,False,False,False,True,False,False,False,False,True
49.25,2,0,379,0,0,False,False,True,False,False,False,True,False,False,True,False
74.0,1,0,456,1,0,True,False,False,False,False,False,True,False,False,True,False
20.25,7,1,1867,0,0,False,False,False,True,False,False,False,True,False,False,True
105.0,69,1,3156,1,0,False,False,False,True,False,False,True,False,True,False,False
105.3,5,1,592,1,0,True,False,False,False,False,False,True,False,False,False,True
19.6,71,1,89,0,0,False,False,True,False,False,False,False,True,False,False,True
74.3,1,0,298,1,0,True,False,False,False,False,True,False,False,False,True,False
89.65,14,1,280,1,0,False,True,False,False,False,True,False,False,False,False,True
19.35,29,1,227,0,0,False,False,True,False,False,True,False,False,False,False,True
81.8,56,3,652,1,1,True,False,False,False,False,True,False,False,True,False,False
95.75,6,2,637,1,1,True,False,False,False,False,False,True,False,False,False,True
40.2,1,2,270,0,1,True,False,False,False,False,False,True,False,False,True,False
90.95,46,1,650,1,0,False,False,True,False,True,False,False,False,True,False,False
108.2,20,1,511,1,0,False,False,True,False,True,False,False,False,False,False,True
85.8,20,3,402,1,1,False,False,True,False,False,True,False,False,False,False,True
76.25,37,0,3167,1,0,False,False,False,True,False,False,True,False,True,False,False
19.7,24,0,415,0,0,False,True,False,False,False,False,False,True,False,False,True
94.65,29,0,598,1,0,False,True,False,False,False,True,False,False,True,False,False
104.4,21,0,425,1,0,False,True,False,False,True,False,False,False,False,False,True
103.3,19,0,391,1,0,False,False,True,False,False,False,True,False,False,False,True
80.6,54,0,312,1,0,True,False,False,False,False,False,True,False,True,False,False
19.3,2,0,317,0,0,False,True,False,False,False,True,False,False,False,True,False
104.3,27,2,502,1,1,False,True,False,False,True,False,False,False,True,False,False
60.75,46,0,2418,0,0,False,False,False,True,True,False,False,False,True,False,False
19.65,18,0,512,0,0,False,True,False,False,False,False,False,True,False,False,True
19.85,52,3,674,0,1,True,False,False,False,False,False,False,True,False,False,True
56.15,43,0,621,0,0,False,False,True,False,False,False,True,False,False,False,True
19.95,3,1,128,0,0,False,False,True,False,False,False,False,True,False,True,False
44.8,4,3,431,0,1,False,False,True,False,False,True,False,False,False,False,True
83.55,6,1,682,1,0,False,False,True,False,False,True,False,False,False,False,True
100.8,35,0,628,1,0,True,False,False,False,False,False,True,False,True,False,False
60.3,68,1,437,0,0,False,True,False,False,False,True,False,False,True,False,False
96.25,5,0,467,1,0,False,False,True,False,False,False,True,False,False,False,True
44.6,3,0,284,0,0,False,False,True,False,False,False,True,False,False,True,False
72.75,4,0,2767,1,0,False,False,False,True,False,False,True,False,False,False,True
25.3,4,0,434,0,0,False,False,True,False,False,True,False,False,False,False,True
79.7,2,2,1643,1,1,False,False,False,True,True,False,False,False,False,True,False
110.1,40,1,274,1,0,True,False,False,False,False,True,False,False,True,False,False
95.1,10,0,508,1,0,False,False,True,False,False,True,False,False,False,False,True
80.5,24,1,1919,1,0,False,False,False,True,False,False,True,False,False,False,True
107.4,72,0,352,1,0,False,False,True,False,True,False,False,False,True,False,False
99.3,24,2,2868,1,1,False,False,False,True,False,True,False,False,False,False,True
86.6,72,3,198,1,1,False,True,False,False,True,False,False,False,True,False,False
52.2,1,0,358,0,0,True,False,False,False,False,False,True,False,False,True,False
88.35,18,1,438,1,0,False,False,True,False,False,False,True,False,False,False,True
40.05,4,3,575,0,1,False,True,False,False,False,False,True,False,False,False,True
90.85,36,1,523,1,0,True,False,False,False,False,False,True,False,True,False,False
75.25,11,0,478,1,0,False,True,False,False,False,False,True,False,False,False,True
69.55,1,0,325,0,0,True,False,False,False,False,False,True,False,False,True,False
79.9,42,0,382,1,0,True,False,False,False,False,False,True,False,True,False,False
85.35,16,1,3916,1,0,False,False,False,True,False,True,False,False,False,False,True
114.35,50,1,657,1,0,False,False,True,False,False,True,False,False,True,False,False
24.6,1,0,2466,0,0,False,False,False,True,False,False,True,False,False,True,False
19.95,38,1,2878,0,0,False,False,False,True,False,False,False,True,False,False,True
79.85,24,0,402,1,0,False,False,True,False,False,False,True,False,False,False,True
59.7,31,0,183,0,0,False,False,True,False,True,False,False,False,False,False,True
19.45,8,0,219,0,0,False,False,True,False,True,False,False,False,False,False,True
107.55,43,1,263,1,0,True,False,False,False,False,False,True,False,True,False,False
70.35,57,0,346,0,0,False,True,False,False,False,True,False,False,True,False,False
20.85,13,3,2709,0,1,False,False,False,True,False,False,False,True,False,False,True
89.6,40,2,401,1,1,False,False,True,False,False,True,False,False,True,False,False
19.65,23,1,224,0,0,False,False,True,False,False,False,False,True,False,False,True
83.6,72,1,367,1,0,True,False,False,False,False,True,False,False,True,False,False
84.25,55,2,443,1,1,True,False,False,False,False,True,False,False,True,False,False
111.45,48,0,463,1,0,False,True,False,False,True,False,False,False,True,False,False
74.95,1,0,419,1,0,False,True,False,False,False,False,True,False,False,True,False
97.35,36,2,318,1,1,False,False,True,False,True,False,False,False,True,False,False
69.35,11,3,213,0,1,True,False,False,False,False,False,True,False,False,False,True
84.6,1,0,217,1,0,True,False,False,False,False,False,True,False,False,True,False
98.4,53,3,260,1,1,False,True,False,False,False,True,False,False,True,False,False
51.05,70,1,372,0,0,True,False,False,False,True,False,False,False,False,False,True
95.7,12,0,377,1,0,False,True,False,False,False,False,True,False,False,False,True
94.7,22,0,2685,1,0,False,False,False,True,False,True,False,False,False,False,True
69.05,55,0,3049,0,0,False,False,False,True,False,True,False,False,True,False,False
64.45,28,1,264,0,0,False,False,True,False,True,False,False,False,True,False,False
19.85,58,0,2613,0,0,False,False,False,True,False,False,False,True,False,False,True
19.7,19,1,416,0,0,False,True,False,False,False,True,False,False,False,False,True
95.15,19,0,426,1,0,False,False,True,False,False,False,True,False,False,False,True
72.45,31,0,430,1,0,False,False,True,False,True,False,False,False,True,False,False
89.4,13,0,419,1,0,False,True,False,False,False,False,True,False,False,False,True
20.2,1,0,805,0,0,True,False,False,False,False,False,False,True,False,True,False
70.65,1,0,421,1,0,True,False,False,False,False,False,False,True,False,True,False
73.55,18,0,549,1,0,False,False,True,False,False,False,True,False,False,False,True
19.95,13,0,352,0,0,True,False,False,False,False,False,False,True,False,False,True
20.3,2,2,2752,0,1,False,False,False,True,False,False,False,True,False,True,False
64.95,70,1,203,0,0,False,False,True,False,False,True,False,False,True,False,False
19.35,44,0,2436,0,0,False,False,False,True,False,True,False,False,False,False,True
20.85,4,0,385,0,0,False,True,False,False,False,False,False,True,False,False,True
76.15,65,1,582,1,0,False,False,True,False,True,False,False,False,True,False,False
99.65,71,0,335,1,0,False,False,True,False,False,True,False,False,True,False,False
53.85,64,1,173,0,0,True,False,False,False,True,False,False,False,False,False,True
92.35,28,2,563,1,1,False,True,False,False,False,False,False,True,True,False,False
96.4,16,0,305,1,0,False,True,False,False,False,False,True,False,False,False,True
114.2,70,0,413,1,0,False,False,True,False,True,False,False,False,True,False,False
81.5,39,2,350,1,1,False,True,False,False,True,False,False,False,True,False,False
45.0,19,0,583,0,0,True,False,False,False,True,False,False,False,False,False,True
104.95,60,1,462,1,0,True,False,False,False,True,False,False,False,True,False,False
90.35,51,0,568,1,0,False,False,True,False,False,True,False,False,True,False,False
110.5,56,1,1666,1,0,False,False,False,True,False,False,True,False,True,False,False
105.0,66,0,2411,1,0,False,False,False,True,False,True,False,False,True,False,False
55.5,58,0,239,0,0,False,True,False,False,False,True,False,False,False,False,True
59.1,69,0,1932,0,0,False,False,False,True,True,False,False,False,False,False,True
56.15,27,1,359,0,0,False,True,False,False,False,False,False,True,False,False,True
48.6,1,0,2302,0,0,False,False,False,True,False,False,True,False,False,True,False
20.0,6,2,523,0,1,False,False,True,False,False,False,False,True,False,False,True
25.05,7,1,453,0,0,False,True,False,False,True,False,False,False,False,False,True
69.7,8,0,436,0,0,False,True,False,False,False,False,True,False,False,False,True
69.5,15,0,1649,0,0,False,False,False,True,False,False,False,True,False,False,True
20.4,9,2,329,0,1,True,False,False,False,False,False,False,True,False,False,True
67.25,12,0,351,0,0,False,True,False,False,False,False,True,False,False,False,True
71.05,25,0,1449,1,0,False,False,False,True,False,False,False,True,True,False,False
81.05,28,3,640,1,1,False,False,True,False,False,False,True,False,True,False,False
100.65,49,0,169,1,0,False,False,True,False,False,True,False,False,True,False,False
44.85,57,1,270,0,0,False,False,True,False,False,False,True,False,False,False,True
20.55,11,1,2881,0,0,False,False,False,True,False,False,False,True,False,False,True
95.25,37,1,179,1,0,False,False,True,False,False,False,True,False,True,False,False
101.3,40,1,2959,1,0,False,False,False,True,False,False,True,False,True,False,False
45.2,54,3,530,0,1,False,False,True,False,False,True,False,False,False,False,True
85.05,12,1,381,1,0,False,True,False,False,False,True,False,False,False,False,True
55.3,4,0,565,0,0,True,False,False,False,False,False,False,True,False,False,True
103.15,66,2,195,1,1,True,False,False,False,True,False,False,False,True,False,False
59.5,70,0,291,0,0,False,True,False,False,True,False,False,False,False,False,True
74.9,1,3,2968,1,1,False,False,False,True,False,False,True,False,False,True,False
103.25,58,3,507,1,1,False,False,True,False,True,False,False,False,True,False,False
86.05,47,0,341,1,0,False,True,False,False,False,True,False,False,True,False,False
78.85,4,1,702,1,0,False,False,True,False,False,False,True,False,False,False,True
59.3,57,2,567,0,1,False,False,True,False,False,False,False,True,False,False,True
94.0,15,0,367,1,0,False,False,True,False,False,True,False,False,False,False,True
89.55,24,3,312,1,1,True,False,False,False,False,False,True,False,False,False,True
19.35,20,2,344,0,1,False,True,False,False,False,True,False,False,False,False,True
98.3,61,0,527,1,0,False,False,True,False,False,False,False,True,True,False,False
49.95,16,1,1448,0,0,False,False,False,True,False,False,True,False,False,False,True
97.7,72,1,323,1,0,False,True,False,False,False,True,False,False,True,False,False
39.7,14,3,272,0,1,False,True,False,False,False,False,False,True,False,False,True
46.05,2,3,130,0,1,False,False,True,False,True,False,False,False,False,True,False
91.8,64,0,488,1,0,False,False,True,False,False,False,True,False,True,False,False
19.8,30,1,539,0,0,True,False,False,False,False,True,False,False,False,False,True
89.45,64,1,453,1,0,False,True,False,False,True,False,False,False,True,False,False
111.6,61,2,395,1,1,False,False,True,False,False,True,False,False,True,False,False
84.15,50,0,537,1,0,True,False,False,False,False,True,False,False,True,False,False
94.9,47,2,411,1,1,False,False,True,False,False,True,False,False,True,False,False
59.9,51,0,351,0,0,True,False,False,False,False,True,False,False,False,False,True
91.2,37,0,589,1,0,False,False,True,False,True,False,False,False,True,False,False
97.0,64,1,342,1,0,True,False,False,False,True,False,False,False,True,False,False
60.2,60,0,222,0,0,False,False,True,False,True,False,False,False,True,False,False
20.05,1,1,486,0,0,False,False,True,False,False,False,False,True,False,True,False
81.95,14,1,353,1,0,False,True,False,False,False,False,False,True,False,False,True
76.0,1,1,391,1,0,False,False,True,False,False,False,True,False,False,True,False
88.25,17,0,554,1,0,True,False,False,False,False,False,True,False,False,False,True
104.5,63,0,1209,1,0,False,False,False,True,False,True,False,False,True,False,False
26.25,72,3,529,0,1,False,True,False,False,True,False,False,False,False,False,True
100.55,29,0,305,1,0,False,False,True,False,False,True,False,False,True,False,False
61.5,18,0,195,0,0,False,True,False,False,False,False,False,True,False,False,True
70.15,38,2,436,0,1,False,True,False,False,False,True,False,False,True,False,False
19.3,26,1,182,0,0,True,False,False,False,False,True,False,False,False,False,True
104.8,70,1,598,1,0,False,False,True,False,False,False,True,False,True,False,False
79.3,7,0,326,1,0,False,True,False,False,False,False,True,False,False,False,True
20.85,22,0,529,0,0,False,True,False,False,True,False,False,False,False,False,True
54.75,25,1,356,0,0,False,True,False,False,False,True,False,False,False,False,True
39.1,33,1,589,0,0,False,False,True,False,False,False,True,False,False,False,True
95.55,27,1,354,1,0,False,False,True,False,False,False,True,False,True,False,False
74.9,15,1,485,1,0,False,False,True,False,True,False,False,False,False,False,True
24.85,41,0,203,0,0,False,False,True,False,False,False,False,True,False,False,True
95.0,38,0,3040,1,0,False,False,False,True,True,False,False,False,True,False,False
89.2,44,1,4214,1,0,False,False,False,True,False,False,True,False,True,False,False
19.75,66,3,515,0,1,False,True,False,False,False,False,False,True,False,False,True
20.85,19,1,1560,0,0,False,False,False,True,False,True,False,False,False,False,True
90.2,17,3,230,1,1,False,True,False,False,False,True,False,False,False,False,True
74.9,7,0,294,1,0,False,True,False,False,False,False,True,False,False,False,True
71.7,21,0,339,1,0,True,False,False,False,True,False,False,False,False,False,True
94.1,61,3,377,1,1,False,True,False,False,False,False,True,False,True,False,False
50.7,4,1,300,0,0,False,True,False,False,False,False,True,False,False,False,True
75.2,58,0,337,1,0,True,False,False,False,False,True,False,False,True,False,False
55.95,21,2,3329,0,1,False,False,False,True,False,False,True,False,False,False,True
19.95,60,2,264,0,1,True,False,False,False,False,False,False,True,False,False,True
25.7,43,0,388,0,0,False,False,True,False,False,True,False,False,False,False,True
85.25,36,0,132,1,0,False,False,True,False,False,True,False,False,True,False,False
55.0,57,0,556,0,0,False,False,True,False,False,False,True,False,False,False,True
54.95,24,0,2030,0,0,False,False,False,True,False,False,True,False,False,False,True
105.25,68,1,383,1,0,False,True,False,False,True,False,False,False,True,False,False
94.65,72,1,309,1,0,False,False,True,False,False,False,True,False,True,False,False
39.55,9,0,693,0,0,False,False,True,False,False,False,False,True,False,False,True
79.5,66,0,338,1,0,False,True,False,False,False,True,False,False,True,False,False
73.5,8,3,2526,1,1,False,False,False,True,False,False,True,False,False,False,True
103.05,50,3,1771,1,1,False,False,False,True,False,False,False,True,True,False,False
75.75,10,0,623,1,0,False,False,True,False,False,False,False,True,False,False,True
30.4,54,1,3128,0,0,False,False,False,True,False,False,True,False,False,False,True
79.65,1,0,536,1,0,True,False,False,False,False,False,True,False,False,True,False
108.55,71,3,526,1,1,False,False,True,False,False,True,False,False,True,False,False
101.15,4,1,337,1,0,True,False,False,False,False,False,True,False,False,False,True
54.65,33,0,656,0,0,False,False,True,False,True,False,False,False,False,False,True
86.65,10,2,302,1,1,False,False,True,False,False,False,True,False,False,False,True
49.2,72,3,410,0,1,False,False,True,False,False,False,True,False,False,False,True
20.85,1,0,447,0,0,True,False,False,False,False,False,False,True,False,True,False
25.6,67,2,307,0,1,True,False,False,False,True,False,False,False,False,False,True
80.0,22,2,4799,1,1,False,False,False,True,False,True,False,False,False,False,True
96.75,62,3,392,1,1,False,False,True,False,False,False,True,False,True,False,False
41.9,21,0,893,0,0,True,False,False,False,False,False,True,False,False,False,True
111.75,68,0,445,1,0,True,False,False,False,False,True,False,False,True,False,False
98.05,7,0,1384,1,0,False,False,False,True,True,False,False,False,False,False,True
79.8,58,1,656,1,0,False,True,False,False,True,False,False,False,True,False,False
83.75,23,0,267,1,0,True,False,False,False,False,False,True,False,False,False,True
23.95,71,0,354,0,0,False,True,False,False,True,False,False,False,False,False,True
86.2,41,0,277,1,0,False,False,True,False,True,False,False,False,True,False,False
56.05,0,0,370,0,0,True,False,False,False,False,True,False,False,False,True,False
62.15,61,0,2640,0,0,False,False,False,True,False,False,False,True,True,False,False
99.65,46,0,292,1,0,False,False,True,False,False,False,False,True,True,False,False
20.7,6,2,2028,0,1,False,False,False,True,False,False,False,True,False,False,True
94.25,7,0,2591,1,0,False,False,False,True,False,False,True,False,False,False,True
73.7,21,0,466,1,0,True,False,False,False,False,False,True,False,False,False,True
95.05,13,3,621,1,1,False,True,False,False,False,False,True,False,False,False,True
83.3,22,1,489,1,0,False,False,True,False,False,False,True,False,False,False,True
69.05,26,1,433,0,0,False,True,False,False,False,True,False,False,True,False,False
42.4,4,0,2013,0,0,False,False,False,True,False,False,False,True,False,False,True
19.5,63,0,631,0,0,False,False,False,True,False,True,False,False,False,False,True
79.9,5,0,78,1,0,True,False,False,False,True,False,False,False,False,False,True
19.7,6,0,406,0,0,True,False,False,False,False,True,False,False,False,False,True
94.45,55,0,377,1,0,False,False,True,False,False,True,False,False,True,False,False
76.4,51,1,476,1,0,False,False,True,False,True,False,False,False,True,False,False
68.75,56,0,286,0,0,True,False,False,False,True,False,False,False,True,False,False
20.1,18,1,306,0,0,True,False,False,False,False,False,False,True,False,False,True
105.6,72,0,188,1,0,False,False,True,False,True,False,False,False,True,False,False
49.6,19,1,591,0,0,False,False,True,False,True,False,False,False,False,False,True
96.7,22,0,1862,1,0,False,False,False,True,False,False,True,False,False,False,True
35.45,41,0,571,0,0,True,False,False,False,False,False,False,True,False,False,True
19.45,5,2,297,0,1,False,True,False,False,False,False,False,True,False,False,True
74.3,57,3,422,1,1,False,True,False,False,False,True,False,False,True,False,False
101.45,29,0,321,1,0,True,False,False,False,True,False,False,False,True,False,False
93.8,33,1,2348,1,0,False,False,False,True,False,False,True,False,True,False,False
97.85,72,0,442,1,0,False,True,False,False,False,False,True,False,True,False,False
88.65,31,1,341,1,0,False,False,True,False,False,True,False,False,True,False,False
104.45,52,1,335,1,0,False,False,True,False,True,False,False,False,True,False,False
20.05,35,1,2627,0,0,False,False,False,True,True,False,False,False,False,False,True
19.85,7,0,424,0,0,False,True,False,False,False,False,False,True,False,False,True
54.7,22,0,2494,0,0,False,False,False,True,False,False,False,True,False,False,True
74.9,6,0,446,1,0,False,False,True,False,False,False,True,False,False,False,True
37.7,60,1,148,0,0,False,False,True,False,True,False,False,False,False,False,True
20.25,24,1,476,0,0,False,False,True,False,False,False,False,True,False,False,True
73.55,31,0,237,1,0,False,False,True,False,False,True,False,False,True,False,False
85.75,26,0,352,1,0,True,False,False,False,False,False,True,False,True,False,False
69.9,1,0,268,0,0,True,False,False,False,False,False,False,True,False,True,False
19.6,40,2,203,0,1,False,False,True,False,False,False,False,True,False,False,True
20.05,10,0,1976,0,0,False,False,False,True,False,True,False,False,False,False,True
19.2,70,1,235,0,0,False,True,False,False,False,False,False,True,False,False,True
55.15,3,1,406,0,0,False,False,True,False,False,False,False,True,False,True,False
85.0,46,0,2564,1,0,False,False,False,True,False,False,True,False,True,False,False
110.15,59,1,468,1,0,False,False,True,False,False,False,True,False,True,False,False
70.65,48,1,277,1,0,False,False,True,False,True,False,False,False,True,False,False
19.35,59,0,2967,0,0,False,False,False,True,False,False,False,True,False,False,True
30.6,29,0,2283,0,0,False,False,False,True,False,False,True,False,False,False,True
19.65,8,0,2443,0,0,False,False,False,True,False,False,True,False,False,False,True
19.75,9,0,2265,0,0,False,False,False,True,False,False,False,True,False,False,True
58.2,8,3,321,0,1,True,False,False,False,True,False,False,False,False,False,True
89.95,28,0,757,1,0,False,False,True,False,False,False,True,False,True,False,False
76.0,20,0,455,1,0,True,False,False,False,True,False,False,False,False,False,True
104.75,56,0,263,1,0,False,False,True,False,True,False,False,False,True,False,False
40.65,49,2,1575,0,1,False,False,False,True,True,False,False,False,False,False,True
88.9,5,0,412,1,0,False,False,True,False,False,False,False,True,False,False,True
90.0,18,0,134,1,0,False,False,True,False,False,True,False,False,False,False,True
90.4,71,0,181,1,0,False,False,True,False,False,False,True,False,True,False,False
89.0,20,0,467,1,0,False,True,False,False,False,False,False,True,False,False,True
42.35,40,0,538,0,0,False,True,False,False,False,False,True,False,False,False,True
60.6,18,0,672,0,0,False,False,True,False,False,False,False,True,False,False,True
20.3,38,0,585,0,0,False,False,True,False,False,False,False,True,False,False,True
105.6,67,0,508,1,0,False,True,False,False,False,False,True,False,True,False,False
55.35,17,0,241,0,0,True,False,False,False,False,True,False,False,False,False,True
35.25,1,0,378,0,0,False,True,False,False,True,False,False,False,False,True,False
25.05,68,0,629,0,0,False,False,True,False,False,True,False,False,False,False,True
83.15,35,0,212,1,0,False,True,False,False,False,False,True,False,True,False,False
75.8,3,0,486,1,0,True,False,False,False,False,False,True,False,False,True,False
90.25,8,1,462,1,0,False,False,True,False,False,False,True,False,False,False,True
70.9,29,3,298,1,1,False,False,True,False,False,True,False,False,True,False,False
34.7,2,0,3389,0,0,False,False,False,True,False,False,True,False,False,True,False
73.8,53,1,223,1,0,False,True,False,False,False,True,False,False,True,False,False
25.3,1,1,378,0,0,False,True,False,False,False,False,True,False,False,True,False
75.15,7,0,223,1,0,False,True,False,False,False,False,True,False,False,False,True
20.05,4,1,422,0,0,False,True,False,False,True,False,False,False,False,False,True
76.0,29,3,499,1,1,False,False,True,False,False,True,False,False,True,False,False
75.1,3,0,333,1,0,True,False,False,False,False,True,False,False,False,True,False
25.8,1,0,393,0,0,False,False,True,False,False,False,False,True,False,True,False
35.3,7,0,50,0,0,False,False,True,False,False,False,False,True,False,False,True
111.25,52,0,3453,1,0,False,False,False,True,False,True,False,False,True,False,False
91.95,72,0,632,1,0,True,False,False,False,False,True,False,False,True,False,False
96.75,55,0,261,1,0,True,False,False,False,False,False,True,False,True,False,False
19.65,1,1,443,0,0,False,False,True,False,True,False,False,False,False,True,False
19.55,6,1,341,0,0,True,False,False,False,False,False,False,True,False,False,True
20.2,29,0,4957,0,0,False,False,False,True,False,False,False,True,False,False,True
48.15,42,0,283,0,0,False,True,False,False,False,True,False,False,False,False,True
40.35,30,0,319,0,0,False,True,False,False,False,True,False,False,False,False,True
50.9,1,0,449,0,0,False,True,False,False,False,False,False,True,False,True,False
86.05,72,0,411,1,0,True,False,False,False,False,True,False,False,True,False,False
50.7,4,0,600,0,0,True,False,False,False,False,True,False,False,False,False,True
24.7,1,0,532,0,0,False,False,True,False,False,False,True,False,False,True,False
68.65,1,2,258,0,1,False,False,True,False,False,False,True,False,False,True,False
74.25,1,0,615,1,0,False,True,False,False,False,False,False,True,False,True,False
80.4,62,0,252,1,0,False,False,True,False,True,False,False,False,True,False,False
101.25,15,0,2692,1,0,False,False,False,True,False,False,True,False,False,False,True
19.2,1,1,3830,0,0,False,False,False,True,False,False,False,True,False,True,False
20.05,68,0,474,0,0,False,True,False,False,True,False,False,False,False,False,True
75.35,7,2,1801,1,1,False,False,False,True,False,False,True,False,False,False,True
88.05,72,2,365,1,1,False,False,True,False,True,False,False,False,True,False,False
86.65,72,1,149,1,0,False,False,True,False,False,True,False,False,True,False,False
94.1,30,0,485,1,0,False,False,True,False,False,True,False,False,True,False,False
84.5,1,0,202,1,0,False,False,True,False,False,False,True,False,False,True,False
41.15,39,0,2544,0,0,False,False,False,True,True,False,False,False,False,False,True
92.3,62,2,1502,1,1,False,False,False,True,True,False,False,False,True,False,False
108.95,53,1,441,1,0,False,False,True,False,True,False,False,False,True,False,False
104.05,66,1,396,1,0,False,True,False,False,False,False,True,False,True,False,False
88.75,59,1,483,1,0,False,False,True,False,False,True,False,False,True,False,False
95.7,15,0,510,1,0,False,True,False,False,False,False,True,False,False,False,True
95.5,9,1,475,1,0,False,True,False,False,False,False,True,False,False,False,True
30.15,32,2,380,0,1,True,False,False,False,False,False,False,True,False,False,True
64.7,17,0,2353,0,0,False,False,False,True,False,False,False,True,False,False,True
55.25,55,0,296,0,0,False,False,True,False,False,True,False,False,False,False,True
25.65,17,1,295,0,0,True,False,False,False,False,False,False,True,False,False,True
87.3,69,1,456,1,0,False,True,False,False,False,True,False,False,True,False,False
74.6,66,0,552,1,0,False,False,True,False,False,True,False,False,True,False,False
74.45,16,0,592,1,0,False,False,True,False,True,False,False,False,False,False,True
80.15,70,3,1687,1,1,False,False,False,True,False,True,False,False,True,False,False
19.35,50,2,510,0,1,False,True,False,False,False,False,False,True,False,False,True
20.0,3,1,324,0,0,False,True,False,False,False,False,False,True,False,True,False
65.75,17,3,267,0,1,False,False,True,False,True,False,False,False,False,False,True
96.8,20,2,392,1,1,False,False,True,False,False,False,False,True,False,False,True
19.7,71,0,401,0,0,False,True,False,False,False,True,False,False,False,False,True
105.1,34,2,617,1,1,False,False,True,False,False,False,True,False,True,False,False
25.1,43,0,273,0,0,False,False,True,False,False,False,True,False,False,False,True
101.9,50,1,478,1,0,True,False,False,False,True,False,False,False,True,False,False
101.6,41,1,528,1,0,False,False,True,False,True,False,False,False,True,False,False
79.85,54,0,1106,1,0,False,False,False,True,True,False,False,False,True,False,False
19.45,64,2,464,0,1,False,False,True,False,False,True,False,False,False,False,True
54.35,31,0,314,0,0,False,True,False,False,False,False,False,True,False,False,True
78.5,11,0,467,1,0,False,False,True,False,False,False,True,False,False,False,True
85.65,4,0,253,1,0,False,False,True,False,False,False,True,False,False,False,True
53.15,21,0,500,0,0,False,True,False,False,False,False,False,True,False,False,True
24.3,35,0,517,0,0,False,True,False,False,True,False,False,False,False,False,True
99.25,58,2,425,1,1,False,False,True,False,False,True,False,False,True,False,False
20.05,20,3,320,0,1,True,False,False,False,False,False,False,True,False,False,True
25.0,60,0,203,0,0,False,False,True,False,False,False,False,True,False,False,True
20.25,41,0,766,0,0,True,False,False,False,False,True,False,False,False,False,True
51.1,15,0,415,0,0,False,False,True,False,False,False,True,False,False,False,True
44.3,1,2,473,0,1,False,True,False,False,False,False,False,True,False,True,False
99.5,66,0,638,1,0,False,False,True,False,False,False,True,False,True,False,False
69.25,1,0,2082,0,0,False,False,False,True,False,False,True,False,False,True,False
44.5,2,1,2238,0,0,False,False,False,True,False,False,True,False,False,True,False
84.15,32,0,511,1,0,False,False,True,False,True,False,False,False,True,False,False
78.45,72,2,372,1,1,False,False,True,False,True,False,False,False,True,False,False
96.1,62,2,329,1,1,False,True,False,False,False,False,True,False,True,False,False
79.55,9,1,341,1,0,True,False,False,False,False,False,True,False,False,False,True
86.05,4,2,256,1,1,False,True,False,False,False,False,True,False,False,False,True
82.05,30,0,536,1,0,False,False,True,False,True,False,False,False,True,False,False
104.5,40,1,105,1,0,False,False,True,False,False,True,False,False,True,False,False
20.15,33,1,215,0,0,False,False,True,False,False,False,False,True,False,False,True
80.0,63,1,116,1,0,False,False,True,False,False,True,False,False,True,False,False
19.8,64,1,276,0,0,True,False,False,False,True,False,False,False,False,False,True
96.55,5,1,382,1,0,True,False,False,False,False,False,True,False,False,False,True
20.0,7,1,1881,0,0,False,False,False,True,True,False,False,False,False,False,True
79.85,10,3,426,1,1,False,False,True,False,False,False,False,True,False,False,True
100.55,63,0,258,1,0,False,True,False,False,False,False,True,False,True,False,False
39.4,20,0,3003,0,0,False,False,False,True,False,True,False,False,False,False,True
84.1,38,2,514,1,1,False,True,False,False,True,False,False,False,True,False,False
108.1,66,1,289,1,0,False,False,True,False,False,True,False,False,True,False,False
91.1,13,1,578,1,0,False,False,True,False,False,False,True,False,False,False,True
66.3,24,0,150,0,0,True,False,False,False,False,False,False,True,False,False,True
104.45,23,1,546,1,0,False,False,True,False,False,False,True,False,False,False,True
91.35,32,3,3775,1,1,False,False,False,True,False,False,False,True,True,False,False
60.15,51,1,3211,0,0,False,False,False,True,True,False,False,False,True,False,False
19.1,40,1,696,0,0,False,False,True,False,False,False,False,True,False,False,True
59.05,22,1,499,0,0,False,False,True,False,False,False,False,True,False,False,True
70.45,1,1,411,1,0,False,True,False,False,True,False,False,False,False,True,False
89.35,6,0,237,1,0,False,False,True,False,False,False,True,False,False,False,True
19.65,1,0,621,0,0,True,False,False,False,False,False,False,True,False,True,False
20.5,4,3,427,0,1,False,False,True,False,True,False,False,False,False,False,True
105.9,60,3,476,1,1,False,True,False,False,False,False,True,False,True,False,False
64.95,72,0,329,0,0,True,False,False,False,False,True,False,False,True,False,False
60.15,42,0,2865,0,0,False,False,False,True,True,False,False,False,True,False,False
62.15,2,2,185,0,1,False,True,False,False,False,False,False,True,False,True,False
60.25,69,0,2227,0,0,False,False,False,True,True,False,False,False,True,False,False
86.0,2,1,363,1,0,True,False,False,False,False,False,True,False,False,True,False
36.45,1,1,374,0,0,False,True,False,False,False,False,True,False,False,True,False
66.4,31,0,178,0,0,False,True,False,False,False,True,False,False,True,False,False
20.5,16,0,296,0,0,False,True,False,False,False,False,False,True,False,False,True
19.6,15,0,326,0,0,True,False,False,False,False,False,False,True,False,False,True
94.2,2,1,219,1,0,True,False,False,False,True,False,False,False,False,True,False
92.55,17,2,421,1,1,False,False,True,False,False,False,True,False,False,False,True
94.5,6,0,231,1,0,True,False,False,False,False,False,False,True,False,False,True
59.8,61,1,299,0,0,False,True,False,False,False,False,True,False,False,False,True
19.15,1,3,416,0,1,False,True,False,False,False,False,False,True,False,True,False
87.7,19,3,865,1,1,False,False,False,True,False,True,False,False,False,False,True
54.05,44,0,600,0,0,True,False,False,False,False,True,False,False,False,False,True
111.95,70,1,456,1,0,False,False,True,False,False,True,False,False,True,False,False
25.25,63,1,363,0,0,False,True,False,False,False,False,False,True,False,False,True
44.1,58,2,519,0,1,False,True,False,False,False,False,False,True,False,False,True
74.1,53,1,189,1,0,True,False,False,False,True,False,False,False,True,False,False
44.3,59,0,460,0,0,False,True,False,False,False,False,True,False,False,False,True
104.05,69,2,2256,1,1,False,False,False,True,True,False,False,False,True,False,False
49.15,26,0,341,0,0,True,False,False,False,True,False,False,False,False,False,True
57.2,23,2,306,0,1,True,False,False,False,False,True,False,False,False,False,True
54.55,42,0,494,0,0,False,False,True,False,False,True,False,False,False,False,True
50.55,1,1,2650,0,0,False,False,False,True,False,False,False,True,False,True,False
47.95,6,0,517,0,0,False,True,False,False,False,False,True,False,False,False,True
20.8,58,0,190,0,0,False,False,True,False,False,False,False,True,False,False,True
101.55,3,0,352,1,0,True,False,False,False,True,False,False,False,False,True,False
19.85,41,1,2614,0,0,False,False,False,True,False,False,False,True,False,False,True
61.05,58,1,2224,0,0,False,False,False,True,True,False,False,False,True,False,False
93.8,51,2,176,1,1,True,False,False,False,True,False,False,False,True,False,False
111.15,64,2,630,1,1,True,False,False,False,False,False,True,False,True,False,False
25.6,19,0,256,0,0,False,False,True,False,False,False,False,True,False,False,True
79.05,60,0,2949,1,0,False,False,False,True,False,True,False,False,True,False,False
114.35,69,1,3787,1,0,False,False,False,True,True,False,False,False,True,False,False
80.7,3,0,227,1,0,True,False,False,False,False,False,True,False,False,True,False
95.0,7,0,313,1,0,True,False,False,False,False,False,False,True,False,False,True
73.2,19,2,439,1,1,True,False,False,False,False,False,True,False,False,False,True
77.15,1,1,415,1,0,False,True,False,False,False,False,True,False,False,True,False
23.65,62,0,3782,0,0,False,False,False,True,True,False,False,False,False,False,True
49.95,1,0,184,0,0,False,False,True,False,True,False,False,False,False,True,False
73.55,1,0,473,1,0,False,False,True,False,False,False,True,False,False,True,False
59.55,28,2,376,0,1,False,True,False,False,True,False,False,False,False,False,True
92.45,69,2,290,1,1,True,False,False,False,False,False,False,True,True,False,False
79.65,30,0,275,1,0,False,True,False,False,False,False,False,True,True,False,False
39.3,40,2,3836,0,1,False,False,False,True,False,False,True,False,False,False,True
19.85,1,1,3226,0,0,False,False,False,True,False,False,False,True,False,True,False
100.85,45,1,267,1,0,False,False,True,False,False,True,False,False,True,False,False
78.65,22,2,342,1,1,True,False,False,False,False,False,False,True,False,False,True
20.05,47,3,392,0,1,False,False,True,False,False,True,False,False,False,False,True
20.0,2,1,176,0,0,True,False,False,False,False,False,False,True,False,True,False
35.1,13,0,846,0,0,False,True,False,False,False,False,True,False,False,False,True
18.9,20,2,2510,0,1,False,False,False,True,False,True,False,False,False,False,True
19.25,48,3,341,0,1,False,False,True,False,False,False,False,True,False,False,True
100.9,67,3,380,1,1,True,False,False,False,False,True,False,False,True,False,False
99.35,70,0,579,1,0,False,False,True,False,False,True,False,False,True,False,False
99.0,64,1,412,1,0,True,False,False,False,True,False,False,False,True,False,False
97.65,34,0,256,1,0,False,True,False,False,False,False,True,False,True,False,False
90.95,72,1,368,1,0,False,False,True,False,True,False,False,False,True,False,False
69.5,23,0,309,0,0,True,False,False,False,False,True,False,False,False,False,True
89.0,15,0,479,1,0,True,False,False,False,False,True,False,False,False,False,True
101.35,22,0,392,1,0,False,False,True,False,True,False,False,False,False,False,True
70.2,41,0,196,0,0,False,False,True,False,False,False,False,True,True,False,False
82.45,68,0,371,1,0,False,True,False,False,False,True,False,False,True,False,False
106.5,70,0,427,1,0,True,False,False,False,False,False,True,False,True,False,False
86.85,71,2,611,1,1,True,False,False,False,True,False,False,False,True,False,False
85.45,71,0,1843,1,0,False,False,False,True,True,False,False,False,True,False,False
44.45,1,1,75,0,0,False,True,False,False,False,False,False,True,False,True,False
55.0,1,3,2869,0,1,False,False,False,True,False,False,True,False,False,True,False
20.85,3,0,465,0,0,True,False,False,False,False,False,False,True,False,True,False
93.4,40,0,520,1,0,False,True,False,False,True,False,False,False,True,False,False
50.6,3,2,231,0,1,True,False,False,False,False,False,True,False,False,True,False
26.1,67,3,421,0,1,False,False,True,False,False,False,False,True,False,False,True
75.4,18,2,239,1,1,False,False,True,False,False,False,True,False,False,False,True
20.05,20,1,172,0,0,False,False,True,False,False,False,False,True,False,False,True
74.25,3,1,357,1,0,True,False,False,False,False,False,True,False,False,True,False
116.1,71,0,491,1,0,False,True,False,False,True,False,False,False,True,False,False
34.0,25,1,507,0,0,False,True,False,False,True,False,False,False,False,False,True
90.95,32,1,402,1,0,False,False,True,False,False,False,True,False,True,False,False
20.2,46,3,519,0,1,False,True,False,False,False,False,False,True,False,False,True
19.35,68,3,2636,0,1,False,False,False,True,True,False,False,False,False,False,True
79.65,48,0,571,1,0,False,True,False,False,False,False,True,False,True,False,False
70.4,2,0,311,1,0,False,False,True,False,False,False,True,False,False,True,False
93.15,56,3,363,1,1,False,False,True,False,False,False,True,False,True,False,False
78.75,5,1,3686,1,0,False,False,False,True,False,False,True,False,False,False,True
74.95,3,3,263,1,1,False,True,False,False,False,False,True,False,False,True,False
92.85,64,1,393,1,0,False,False,True,False,False,False,True,False,True,False,False
90.5,47,1,638,1,0,False,False,True,False,False,False,False,True,True,False,False
67.25,63,2,276,0,1,False,False,True,False,False,False,False,True,True,False,False
19.4,27,0,550,0,0,True,False,False,False,False,False,True,False,False,False,True
70.55,47,0,366,1,0,False,False,True,False,True,False,False,False,True,False,False
24.45,59,1,179,0,0,False,False,True,False,False,False,True,False,False,False,True
18.85,4,0,284,0,0,True,False,False,False,False,False,False,True,False,False,True
114.9,72,0,2030,1,0,False,False,False,True,False,False,True,False,True,False,False
55.15,13,0,356,0,0,True,False,False,False,False,False,False,True,False,False,True
108.45,66,0,544,1,0,False,False,True,False,False,False,True,False,True,False,False
20.65,42,1,433,0,0,False,True,False,False,False,False,False,True,False,False,True
19.95,10,2,158,0,1,True,False,False,False,True,False,False,False,False,False,True
74.45,15,1,321,1,0,True,False,False,False,False,False,False,True,False,False,True
95.2,45,0,272,1,0,False,True,False,False,False,True,False,False,True,False,False
73.85,48,1,180,1,0,False,False,True,False,True,False,False,False,True,False,False
25.25,1,2,4322,0,1,False,False,False,True,True,False,False,False,False,True,False
76.1,27,3,266,1,1,False,False,True,False,False,False,True,False,True,False,False
19.35,5,0,567,0,0,False,True,False,False,False,False,False,True,False,False,True
86.8,23,2,304,1,1,False,False,True,False,False,False,False,True,False,False,True
75.2,11,1,755,1,0,False,False,True,False,False,True,False,False,False,False,True
102.05,35,1,540,1,0,False,False,True,False,True,False,False,False,True,False,False
88.8,67,0,2751,1,0,False,False,False,True,True,False,False,False,True,False,False
74.75,33,2,675,1,1,True,False,False,False,False,True,False,False,True,False,False
114.0,72,1,708,1,0,False,True,False,False,False,False,True,False,True,False,False
109.7,67,0,260,1,0,False,False,True,False,False,True,False,False,True,False,False
20.05,33,1,2294,0,0,False,False,False,True,False,False,False,True,False,False,True
58.9,47,0,453,0,0,True,False,False,False,False,False,False,True,False,False,True
98.0,13,0,425,1,0,True,False,False,False,False,False,True,False,False,False,True
83.25,18,0,2716,1,0,False,False,False,True,False,False,True,False,False,False,True
112.1,72,0,320,1,0,True,False,False,False,False,True,False,False,True,False,False
89.7,11,1,301,1,0,False,False,True,False,True,False,False,False,False,False,True
44.4,7,2,543,0,1,False,True,False,False,False,False,True,False,False,False,True
99.45,59,0,300,1,0,False,False,True,False,True,False,False,False,True,False,False
100.4,32,1,498,1,0,False,True,False,False,False,False,True,False,True,False,False
25.25,67,0,2544,0,0,False,False,False,True,False,True,False,False,False,False,True
87.55,51,1,528,1,0,False,False,True,False,False,True,False,False,True,False,False
94.05,59,1,353,1,0,False,True,False,False,False,False,True,False,True,False,False
39.4,48,3,298,0,1,True,False,False,False,False,False,False,True,False,False,True
70.55,1,1,97,1,0,False,False,True,False,False,False,True,False,False,True,False
19.3,23,0,473,0,0,True,False,False,False,False,True,False,False,False,False,True
94.65,38,0,130,1,0,True,False,False,False,False,False,True,False,True,False,False
19.9,19,0,272,0,0,True,False,False,False,False,False,False,True,False,False,True
76.05,3,1,465,1,0,False,False,True,False,False,False,True,False,False,True,False
98.9,58,3,274,1,1,False,False,True,False,False,False,True,False,True,False,False
50.2,2,0,508,0,0,False,True,False,False,False,True,False,False,False,True,False
75.15,5,0,229,1,0,False,False,True,False,True,False,False,False,False,False,True
101.3,72,1,759,1,0,True,False,False,False,True,False,False,False,True,False,False
109.8,44,0,1459,1,0,False,False,False,True,False,True,False,False,True,False,False
19.7,16,3,300,0,1,True,False,False,False,False,False,False,True,False,False,True
50.95,12,2,388,0,1,False,True,False,False,True,False,False,False,False,False,True
89.5,6,2,292,1,1,False,False,True,False,False,False,True,False,False,False,True
108.1,72,0,2660,1,0,False,False,False,True,True,False,False,False,True,False,False
24.8,23,1,271,0,0,False,False,True,False,False,True,False,False,False,False,True
70.45,38,3,2104,1,1,False,False,False,True,True,False,False,False,True,False,False
95.2,47,1,275,1,0,False,True,False,False,False,True,False,False,True,False,False
20.05,54,2,401,0,1,False,False,True,False,False,True,False,False,False,False,True
68.6,15,3,104,0,1,False,False,True,False,True,False,False,False,False,False,True
94.1,20,0,404,1,0,True,False,False,False,False,False,True,False,False,False,True
73.25,16,0,450,1,0,False,False,True,False,True,False,False,False,False,False,True
69.35,1,1,544,0,0,True,False,False,False,False,False,True,False,False,True,False
24.8,1,2,185,0,1,True,False,False,False,True,False,False,False,False,True,False
19.95,46,0,1851,0,0,False,False,False,True,False,False,True,False,False,False,True
97.65,69,1,414,1,0,False,False,True,False,False,True,False,False,True,False,False
84.5,49,1,379,1,0,False,False,True,False,False,False,True,False,True,False,False
54.9,53,1,84,0,0,False,True,False,False,False,True,False,False,False,False,True
19.45,7,0,1344,0,0,False,False,False,True,False,False,False,True,False,False,True
50.25,42,0,491,0,0,True,False,False,False,False,False,True,False,False,False,True
50.3,17,3,719,0,1,False,True,False,False,False,False,False,True,False,False,True
81.5,2,1,425,1,0,True,False,False,False,False,False,False,True,False,True,False
104.15,72,0,565,1,0,False,True,False,False,False,False,True,False,True,False,False
20.5,28,1,336,0,0,False,True,False,False,False,False,False,True,False,False,True
50.35,1,0,404,0,0,False,True,False,False,False,False,True,False,False,True,False
86.2,15,1,355,1,0,False,False,True,False,False,False,True,False,False,False,True
107.05,67,2,385,1,1,False,True,False,False,False,True,False,False,True,False,False
99.5,11,0,303,1,0,False,True,False,False,False,False,True,False,False,False,True
103.2,56,0,482,1,0,True,False,False,False,False,False,True,False,True,False,False
55.1,22,0,309,0,0,False,True,False,False,False,False,False,True,False,False,True
34.3,19,0,2614,0,0,False,False,False,True,False,True,False,False,False,False,True
19.6,44,0,507,0,0,False,True,False,False,False,False,False,True,False,False,True
35.75,10,0,3000,0,0,False,False,False,True,False,False,True,False,False,False,True
71.1,18,0,411,1,0,False,False,True,False,False,False,True,False,False,False,True
19.05,30,0,407,0,0,False,False,True,False,False,False,False,True,False,False,True
35.75,26,2,609,0,1,False,False,True,False,False,False,True,False,False,False,True
109.45,58,0,442,1,0,True,False,False,False,True,False,False,False,True,False,False
29.7,1,0,2870,0,0,False,False,False,True,False,False,False,True,False,True,False
66.25,9,0,607,0,0,False,False,True,False,False,False,False,True,False,False,True
82.5,50,3,481,1,1,False,False,True,False,False,True,False,False,True,False,False
30.75,46,1,413,0,0,False,False,True,False,True,False,False,False,False,False,True
44.75,3,1,139,0,0,True,False,False,False,False,False,False,True,False,True,False
51.1,11,1,365,0,0,False,False,True,False,False,False,True,False,False,False,True
70.35,37,3,342,0,1,False,False,True,False,False,False,False,True,True,False,False
54.2,22,0,4231,0,0,False,False,False,True,False,False,True,False,False,False,True
25.6,67,1,594,0,0,False,False,True,False,False,True,False,False,False,False,True
20.2,1,1,441,0,0,True,False,False,False,False,False,False,True,False,True,False
56.1,19,0,314,0,0,False,False,True,False,False,False,False,True,False,False,True
74.55,9,1,824,1,0,False,False,False,True,False,False,True,False,False,False,True
98.7,70,0,443,1,0,False,False,True,False,True,False,False,False,True,False,False
50.15,1,0,282,0,0,False,True,False,False,False,False,False,True,False,True,False
41.1,39,0,290,0,0,False,True,False,False,True,False,False,False,False,False,True
70.7,2,0,119,1,0,False,False,True,False,False,True,False,False,False,True,False
43.8,49,1,422,0,0,True,False,False,False,False,False,False,True,False,False,True
64.3,7,0,850,0,0,False,False,False,True,True,False,False,False,False,False,True
45.85,1,0,50,0,0,False,True,False,False,False,False,False,True,False,True,False
101.05,61,1,271,1,0,True,False,False,False,True,False,False,False,True,False,False
42.9,1,0,256,0,0,False,False,True,False,False,False,True,False,False,True,False
91.55,40,0,583,1,0,False,True,False,False,False,False,True,False,True,False,False
24.45,71,2,340,0,1,False,True,False,False,False,True,False,False,False,False,True
89.85,24,0,801,1,0,False,True,False,False,False,False,False,True,False,False,True
50.45,14,0,274,0,0,True,False,False,False,False,False,True,False,False,False,True
94.2,61,0,364,1,0,False,True,False,False,False,True,False,False,True,False,False
74.85,44,3,449,1,1,False,True,False,False,True,False,False,False,True,False,False
19.8,70,0,433,0,0,False,False,True,False,True,False,False,False,False,False,True
74.15,18,1,328,1,0,False,True,False,False,False,False,True,False,False,False,True
73.75,12,3,547,1,1,True,False,False,False,False,True,False,False,False,False,True
107.35,66,1,700,1,0,False,False,True,False,True,False,False,False,True,False,False
20.55,61,0,2006,0,0,False,False,False,True,False,True,False,False,False,False,True
85.9,42,2,321,1,1,False,True,False,False,False,True,False,False,True,False,False
94.75,54,2,3016,1,1,False,False,False,True,True,False,False,False,True,False,False
20.25,3,1,443,0,0,True,False,False,False,False,False,True,False,False,True,False
53.65,69,1,50,0,0,True,False,False,False,False,True,False,False,False,False,True
19.6,3,0,689,0,0,True,False,False,False,False,False,False,True,False,True,False
74.9,7,1,1967,1,0,False,False,False,True,False,False,True,False,False,False,True
19.9,57,1,424,0,0,True,False,False,False,True,False,False,False,False,False,True
74.95,14,3,481,1,1,True,False,False,False,False,False,True,False,False,False,True
41.6,11,1,2645,0,0,False,False,False,True,False,False,True,False,False,False,True
19.7,4,0,493,0,0,False,False,True,False,False,False,False,True,False,False,True
94.35,43,0,496,1,0,False,False,True,False,False,False,False,True,True,False,False
74.3,62,3,371,1,1,False,True,False,False,False,True,False,False,True,False,False
96.0,12,0,272,1,0,False,False,True,False,False,False,True,False,False,False,True
20.45,11,1,727,0,0,True,False,False,False,False,False,True,False,False,False,True
59.8,19,3,595,0,1,False,True,False,False,False,False,False,True,False,False,True
106.05,44,0,498,1,0,False,True,False,False,False,False,True,False,True,False,False
78.1,11,1,111,1,0,False,False,True,False,False,True,False,False,False,False,True
80.8,72,1,287,1,0,False,False,True,False,False,False,True,False,True,False,False
104.6,43,2,341,1,1,False,False,True,False,False,False,True,False,True,False,False
19.8,3,0,376,0,0,False,True,False,False,False,False,False,True,False,True,False
80.7,5,0,4307,1,0,False,False,False,True,False,False,True,False,False,False,True
29.85,2,0,518,0,0,False,True,False,False,True,False,False,False,False,True,False
85.5,68,0,498,1,0,False,False,True,False,True,False,False,False,True,False,False
94.5,33,1,183,1,0,False,False,True,False,False,False,True,False,True,False,False
35.8,11,1,171,0,0,False,True,False,False,False,False,False,True,False,False,True
89.95,69,0,470,1,0,True,False,False,False,False,False,True,False,True,False,False
105.2,66,2,156,1,1,False,False,True,False,False,False,True,False,True,False,False
75.55,29,0,323,1,0,False,False,True,False,False,False,False,True,True,False,False
44.65,8,0,320,0,0,False,True,False,False,True,False,False,False,False,False,True
64.45,72,1,2650,0,0,False,False,False,True,False,True,False,False,True,False,False
45.45,8,3,391,0,1,False,False,True,False,False,False,True,False,False,False,True
104.05,32,0,705,1,0,False,True,False,False,False,True,False,False,True,False,False
20.05,56,0,616,0,0,False,True,False,False,False,False,False,True,False,False,True
80.7,10,2,410,1,1,True,False,False,False,True,False,False,False,False,False,True
61.5,44,1,384,0,0,True,False,False,False,False,False,False,True,True,False,False
83.8,23,0,678,1,0,False,True,False,False,False,False,True,False,False,False,True
48.25,4,3,3924,0,1,False,False,False,True,False,False,False,True,False,False,True
51.05,36,3,277,0,1,False,False,True,False,False,True,False,False,False,False,True
83.35,47,3,494,1,1,False,False,True,False,True,False,False,False,True,False,False
30.25,2,1,231,0,0,False,False,True,False,False,False,False,True,False,True,False
20.4,52,0,2140,0,0,False,False,False,True,False,False,True,False,False,False,True
90.8,5,0,314,1,0,False,False,True,False,False,False,True,False,False,False,True
65.8,64,0,232,0,0,False,True,False,False,False,False,False,True,True,False,False
50.3,2,0,444,0,0,False,False,True,False,False,False,False,True,False,True,False
20.25,8,0,1631,0,0,False,False,False,True,False,False,False,True,False,False,True
70.15,1,1,3387,0,0,False,False,False,True,False,False,False,True,False,True,False
44.65,1,2,541,0,1,True,False,False,False,False,False,False,True,False,True,False
60.5,60,1,734,0,0,False,False,True,False,True,False,False,False,True,False,False
90.7,20,0,515,1,0,False,False,True,False,False,True,False,False,False,False,True
51.1,22,2,2762,0,1,False,False,False,True,False,False,True,False,False,False,True
70.7,54,0,136,1,0,False,False,True,False,False,False,True,False,True,False,False
80.55,1,0,513,1,0,False,True,False,False,False,False,True,False,False,True,False
19.3,13,0,376,0,0,False,False,True,False,False,True,False,False,False,False,True
96.55,24,0,245,1,0,False,True,False,False,False,False,True,False,False,False,True
74.1,6,0,213,1,0,False,False,True,False,False,False,True,False,False,False,True
102.6,38,2,167,1,1,False,False,True,False,False,False,True,False,True,False,False
85.15,12,0,446,1,0,False,False,True,False,False,True,False,False,False,False,True
44.65,26,2,311,0,1,False,False,True,False,True,False,False,False,False,False,True
40.55,6,0,379,0,0,False,False,True,False,False,False,False,True,False,False,True
87.4,67,1,255,1,0,False,False,True,False,False,False,True,False,True,False,False
103.75,62,1,585,1,0,True,False,False,False,False,False,True,False,True,False,False
39.45,50,0,469,0,0,False,False,True,False,False,True,False,False,False,False,True
65.65,72,1,342,0,0,False,False,True,False,True,False,False,False,True,False,False
98.9,31,0,299,1,0,False,False,True,False,False,False,True,False,True,False,False
92.0,72,1,275,1,0,False,True,False,False,False,True,False,False,True,False,False
44.45,51,1,348,0,0,False,False,True,False,False,True,False,False,False,False,True
20.4,1,0,245,0,0,True,False,False,False,False,False,False,True,False,True,False
115.25,60,0,596,1,0,True,False,False,False,False,True,False,False,True,False,False
19.75,24,0,573,0,0,True,False,False,False,False,False,False,True,False,False,True
80.65,2,1,374,1,0,False,False,True,False,False,False,True,False,False,True,False
77.95,4,0,322,1,0,False,True,False,False,True,False,False,False,False,False,True
65.65,67,2,1270,0,1,False,False,False,True,False,False,False,True,True,False,False
106.4,69,0,621,1,0,False,True,False,False,False,True,False,False,True,False,False
69.55,1,3,463,0,1,True,False,False,False,False,False,False,True,False,True,False
24.85,67,0,330,0,0,False,True,False,False,False,True,False,False,False,False,True
89.9,1,0,275,1,0,False,False,True,False,False,False,True,False,False,True,False
83.85,67,1,253,1,0,False,False,True,False,True,False,False,False,True,False,False
86.45,27,0,667,1,0,False,False,True,False,True,False,False,False,True,False,False
106.5,41,2,510,1,1,False,False,True,False,False,False,True,False,True,False,False
109.2,64,0,676,1,0,False,False,True,False,False,True,False,False,True,False,False
69.6,1,0,72,0,0,False,False,True,False,False,False,True,False,False,True,False
44.75,6,2,59,0,1,False,True,False,False,False,False,True,False,False,False,True
65.25,72,2,451,0,1,False,False,True,False,False,True,False,False,True,False,False
70.1,57,1,393,0,0,False,True,False,False,True,False,False,False,True,False,False
72.95,70,0,261,1,0,False,True,False,False,True,False,False,False,True,False,False
85.55,10,0,372,1,0,False,True,False,False,False,False,True,False,False,False,True
55.7,1,1,3331,0,0,False,False,False,True,False,False,False,True,False,True,False
89.85,71,0,541,1,0,False,False,True,False,False,False,False,True,True,False,False
40.3,3,0,2403,0,0,False,False,False,True,False,False,False,True,False,True,False
24.2,63,0,291,0,0,False,False,True,False,False,False,False,True,False,False,True
74.6,25,2,2633,1,1,False,False,False,True,False,False,True,False,True,False,False
24.4,62,0,3389,0,0,False,False,False,True,False,False,False,True,False,False,True
94.75,55,0,604,1,0,False,False,True,False,False,False,True,False,True,False,False
79.2,52,1,366,1,0,False,False,True,False,False,False,True,False,True,False,False
81.0,16,0,460,1,0,True,False,False,False,False,False,True,False,False,False,True
87.8,29,0,578,1,0,False,False,True,False,False,True,False,False,True,False,False
35.1,2,2,556,0,1,False,False,True,False,False,False,True,False,False,True,False
70.7,8,0,469,1,0,False,False,True,False,True,False,False,False,False,False,True
85.3,5,1,2031,1,0,False,False,False,True,False,False,False,True,False,False,True
19.7,9,0,272,0,0,True,False,False,False,False,True,False,False,False,False,True
74.4,32,0,640,1,0,True,False,False,False,False,False,True,False,True,False,False
84.5,72,3,530,1,1,False,True,False,False,False,True,False,False,True,False,False
49.65,7,0,344,0,0,False,True,False,False,False,True,False,False,False,False,True
58.4,18,0,3454,0,0,False,False,False,True,False,True,False,False,False,False,True
105.1,48,1,479,1,0,False,False,True,False,False,True,False,False,True,False,False
96.35,71,1,225,1,0,False,False,True,False,False,True,False,False,True,False,False
70.05,1,1,468,0,0,False,True,False,False,False,False,True,False,False,True,False
105.2,69,0,279,1,0,False,False,True,False,True,False,False,False,True,False,False
20.5,60,2,689,0,1,False,False,True,False,True,False,False,False,False,False,True
25.05,1,1,811,0,0,True,False,False,False,False,False,True,False,False,True,False
49.0,1,1,469,0,0,True,False,False,False,False,True,False,False,False,True,False
91.7,38,0,315,1,0,True,False,False,False,True,False,False,False,True,False,False
20.05,4,0,1816,0,0,False,False,False,True,False,False,False,True,False,False,True
99.45,31,1,462,1,0,False,False,True,False,True,False,False,False,True,False,False
78.85,14,2,172,1,1,False,False,True,False,False,False,True,False,False,False,True
109.7,71,0,519,1,0,False,True,False,False,True,False,False,False,True,False,False
80.95,2,2,519,1,1,False,False,True,False,False,False,True,False,False,True,False
93.4,64,1,182,1,0,False,False,True,False,True,False,False,False,True,False,False
80.55,9,1,295,1,0,True,False,False,False,False,False,True,False,False,False,True
105.6,56,1,527,1,0,False,True,False,False,False,True,False,False,True,False,False
94.2,11,0,437,1,0,False,False,True,False,False,False,True,False,False,False,True
19.4,72,0,342,0,0,True,False,False,False,False,True,False,False,False,False,True
19.65,1,0,450,0,0,False,True,False,False,False,False,False,True,False,True,False
109.45,60,3,344,1,1,False,False,True,False,True,False,False,False,True,False,False
50.0,33,1,50,0,0,False,True,False,False,False,False,True,False,False,False,True
19.95,72,0,421,0,0,False,True,False,False,True,False,False,False,False,False,True
87.15,26,0,507,1,0,True,False,False,False,False,True,False,False,True,False,False
85.8,3,0,50,1,0,False,False,True,False,False,False,True,False,False,True,False
39.2,22,3,1720,0,1,False,False,False,True,False,False,True,False,False,False,True
63.55,22,1,458,0,0,True,False,False,False,False,False,False,True,False,False,True
53.55,1,1,2085,0,0,False,False,False,True,False,False,False,True,False,True,False
54.75,27,0,263,0,0,True,False,False,False,False,True,False,False,False,False,True
69.7,1,0,406,0,0,False,False,True,False,True,False,False,False,False,True,False
106.3,41,2,337,1,1,False,True,False,False,False,False,True,False,True,False,False
74.3,14,1,475,1,0,False,False,True,False,False,False,True,False,False,False,True
69.35,7,3,422,0,1,False,True,False,False,False,False,True,False,False,False,True
54.2,32,1,1440,0,0,False,False,False,True,False,False,True,False,False,False,True
68.5,41,0,622,0,0,True,False,False,False,True,False,False,False,True,False,False
46.0,4,1,294,0,0,False,True,False,False,False,False,True,False,False,False,True
25.95,56,1,614,0,0,False,True,False,False,True,False,False,False,False,False,True
110.45,33,0,456,1,0,False,False,True,False,False,False,True,False,True,False,False
66.4,2,0,425,0,0,False,False,True,False,True,False,False,False,False,True,False
105.7,28,2,277,1,1,False,True,False,False,False,False,True,False,True,False,False
54.5,1,0,306,0,0,False,False,True,False,False,False,True,False,False,True,False
18.8,1,0,2646,0,0,False,False,False,True,False,False,False,True,False,True,False
70.0,2,1,255,0,0,True,False,False,False,True,False,False,False,False,True,False
74.4,4,0,477,1,0,False,False,True,False,False,False,False,True,False,False,True
105.35,34,0,256,1,0,True,False,False,False,False,False,True,False,True,False,False
58.35,64,3,412,0,1,True,False,False,False,True,False,False,False,False,False,True
18.95,7,1,284,0,0,True,False,False,False,False,False,False,True,False,False,True
84.2,51,0,1505,1,0,False,False,False,True,True,False,False,False,True,False,False
20.35,21,1,519,0,0,False,False,True,False,False,False,False,True,False,False,True
71.05,21,1,3147,1,0,False,False,False,True,False,True,False,False,False,False,True
90.65,57,1,270,1,0,False,True,False,False,False,False,True,False,True,False,False
75.5,6,0,497,1,0,False,False,True,False,False,False,True,False,False,False,True
49.4,8,0,1730,0,0,False,False,False,True,False,False,True,False,False,False,True
25.55,18,1,2190,0,0,False,False,False,True,False,True,False,False,False,False,True
70.1,7,0,496,0,0,True,False,False,False,False,False,False,True,False,False,True
59.6,35,0,507,0,0,False,True,False,False,False,False,True,False,False,False,True
74.75,32,0,465,1,0,True,False,False,False,False,False,False,True,True,False,False
100.45,30,1,377,1,0,False,True,False,False,False,False,True,False,True,False,False
50.35,26,0,3079,0,0,False,False,False,True,False,False,False,True,False,False,True
95.1,38,0,522,1,0,False,False,True,False,False,True,False,False,True,False,False
113.2,41,1,446,1,0,False,False,True,False,False,False,True,False,True,False,False
44.85,34,1,648,0,0,True,False,False,False,False,False,True,False,False,False,True
60.0,55,0,319,0,0,False,False,True,False,False,True,False,False,False,False,True
94.0,57,1,216,1,0,True,False,False,False,False,True,False,False,True,False,False
104.6,66,1,4062,1,0,False,False,False,True,False,True,False,False,True,False,False
86.1,43,1,429,1,0,False,True,False,False,False,True,False,False,True,False,False
76.3,32,0,293,1,0,False,False,True,False,True,False,False,False,True,False,False
20.25,1,1,2956,0,0,False,False,False,True,False,False,False,True,False,True,False
80.75,40,3,435,1,1,True,False,False,False,False,False,False,True,True,False,False
98.05,41,0,139,1,0,True,False,False,False,True,False,False,False,True,False,False
90.5,30,0,275,1,0,False,True,False,False,False,True,False,False,True,False,False
80.1,3,2,366,1,1,False,True,False,False,False,True,False,False,False,True,False
104.1,54,0,374,1,0,False,True,False,False,True,False,False,False,True,False,False
94.85,9,1,3197,1,0,False,False,False,True,False,False,False,True,False,False,True
75.4,7,1,407,1,0,False,True,False,False,False,False,True,False,False,False,True
100.35,58,2,498,1,1,False,False,True,False,False,True,False,False,True,False,False
89.45,52,2,386,1,1,True,False,False,False,False,True,False,False,True,False,False
39.95,26,0,3786,0,0,False,False,False,True,True,False,False,False,False,False,True
20.35,34,0,544,0,0,False,False,True,False,False,False,False,True,False,False,True
80.6,53,0,572,1,0,False,False,True,False,False,False,False,True,True,False,False
87.75,15,0,407,1,0,False,False,True,False,True,False,False,False,False,False,True
19.45,1,0,359,0,0,False,False,True,False,False,False,False,True,False,True,False
55.8,5,1,840,0,0,False,False,False,True,False,True,False,False,False,False,True
105.35,34,1,447,1,0,False,False,True,False,True,False,False,False,True,False,False
101.35,32,0,405,1,0,False,False,True,False,False,False,True,False,True,False,False
35.4,41,1,2294,0,0,False,False,False,True,False,True,False,False,False,False,True
54.2,25,3,3185,0,1,False,False,False,True,False,False,True,False,False,False,True
62.1,17,1,281,0,0,True,False,False,False,False,False,False,True,False,False,True
24.8,17,1,412,0,0,False,True,False,False,False,False,False,True,False,False,True
84.7,70,2,537,1,1,True,False,False,False,False,False,False,True,True,False,False
19.2,43,3,425,0,1,True,False,False,False,False,False,False,True,False,False,True
24.35,71,0,3452,0,0,False,False,False,True,False,False,False,True,False,False,True
24.45,2,2,460,0,1,True,False,False,False,False,False,False,True,False,True,False
74.6,49,1,528,1,0,True,False,False,False,True,False,False,False,True,False,False
105.0,72,0,279,1,0,True,False,False,False,False,True,False,False,True,False,False
84.3,26,1,120,1,0,False,False,True,False,False,False,False,True,True,False,False
20.1,18,1,581,0,0,True,False,False,False,False,False,False,True,False,False,True
93.3,1,3,196,1,1,False,False,True,False,False,False,True,False,False,True,False
24.1,9,1,413,0,0,False,True,False,False,True,False,False,False,False,False,True
76.55,28,1,495,1,0,False,False,True,False,True,False,False,False,True,False,False
19.25,60,1,251,0,0,False,True,False,False,False,True,False,False,False,False,True
20.85,23,3,231,0,1,False,False,True,False,False,False,True,False,False,False,True
79.75,15,0,318,1,0,False,False,True,False,False,False,True,False,False,False,True
67.45,29,2,2507,0,1,False,False,False,True,False,False,False,True,True,False,False
19.8,56,1,128,0,0,False,False,True,False,False,True,False,False,False,False,True
54.6,11,1,577,0,0,False,False,True,False,False,False,False,True,False,False,True
69.35,27,0,603,0,0,False,True,False,False,False,True,False,False,True,False,False
70.0,1,1,279,0,0,False,False,True,False,False,False,True,False,False,True,False
90.55,66,0,164,1,0,True,False,False,False,True,False,False,False,True,False,False
56.55,2,0,3221,0,0,False,False,False,True,False,True,False,False,False,True,False
20.15,19,0,631,0,0,False,False,True,False,False,False,False,True,False,False,True
94.95,62,1,375,1,0,False,True,False,False,False,True,False,False,True,False,False
78.65,51,2,287,1,1,False,False,True,False,False,True,False,False,True,False,False
94.25,72,0,246,1,0,True,False,False,False,True,False,False,False,True,False,False
89.5,10,2,365,1,1,False,False,True,False,False,False,True,False,False,False,True
68.1,37,1,255,0,0,False,False,True,False,False,True,False,False,True,False,False
50.15,35,0,775,0,0,False,False,True,False,False,False,False,True,False,False,True
60.95,10,3,448,0,1,False,True,False,False,False,False,False,True,False,False,True
20.15,1,0,447,0,0,False,False,True,False,False,False,False,True,False,True,False
20.25,26,1,269,0,0,True,False,False,False,False,True,False,False,False,False,True
82.3,72,1,112,1,0,False,True,False,False,True,False,False,False,True,False,False
99.55,38,1,450,1,0,False,True,False,False,False,False,True,False,True,False,False
99.85,18,1,2425,1,0,False,False,False,True,True,False,False,False,False,False,True
52.7,56,0,371,0,0,False,True,False,False,False,False,False,True,False,False,True
54.45,36,0,363,0,0,False,False,True,False,False,False,False,True,False,False,True
88.75,22,1,544,1,0,False,True,False,False,False,False,True,False,False,False,True
104.1,65,0,645,1,0,False,True,False,False,True,False,False,False,True,False,False
53.8,27,3,331,0,1,False,True,False,False,False,False,True,False,False,False,True
74.2,29,0,2940,1,0,False,False,False,True,False,False,True,False,True,False,False
95.35,10,2,162,1,1,False,False,True,False,False,False,True,False,False,False,True
104.95,50,0,422,1,0,False,False,True,False,False,False,True,False,True,False,False
86.25,9,1,485,1,0,False,False,True,False,False,False,True,False,False,False,True
24.35,23,1,2611,0,0,False,False,False,True,False,False,False,True,False,False,True
54.75,24,3,561,0,1,False,True,False,False,False,False,True,False,False,False,True
55.7,1,1,2555,0,0,False,False,False,True,False,False,False,True,False,True,False
64.4,20,0,2237,0,0,False,False,False,True,False,True,False,False,False,False,True
60.3,58,0,266,0,0,False,False,True,False,False,True,False,False,True,False,False
20.15,47,0,511,0,0,False,True,False,False,False,False,False,True,False,False,True
93.05,72,2,406,1,1,True,False,False,False,True,False,False,False,True,False,False
50.2,14,0,725,0,0,False,True,False,False,False,True,False,False,False,False,True
54.75,62,0,199,0,0,True,False,False,False,False,True,False,False,False,False,True
76.5,37,2,150,1,1,False,True,False,False,False,False,True,False,True,False,False
34.3,29,0,391,0,0,True,False,False,False,False,False,True,False,False,False,True
19.2,62,0,399,0,0,True,False,False,False,False,True,False,False,False,False,True
99.8,46,1,578,1,0,False,True,False,False,False,False,True,False,True,False,False
94.2,2,2,535,1,1,True,False,False,False,False,False,True,False,False,True,False
95.7,50,0,716,1,0,True,False,False,False,False,False,True,False,True,False,False
104.65,24,0,678,1,0,False,True,False,False,False,False,True,False,False,False,True
113.6,55,0,594,1,0,False,False,True,False,False,False,True,False,True,False,False
115.1,64,3,3610,1,1,False,False,False,True,True,False,False,False,True,False,False
88.95,4,3,1745,1,1,False,False,False,True,False,False,True,False,False,False,True
29.45,6,0,388,0,0,False,False,True,False,True,False,False,False,False,False,True
76.45,1,1,596,1,0,False,False,True,False,False,False,True,False,False,True,False
62.8,37,1,2970,0,0,False,False,False,True,False,True,False,False,True,False,False
24.85,71,0,3354,0,0,False,False,False,True,True,False,False,False,False,False,True
55.35,29,0,50,0,0,False,True,False,False,False,True,False,False,False,False,True
89.35,7,2,480,1,1,False,False,True,False,False,True,False,False,False,False,True
98.85,32,1,308,1,0,False,False,True,False,False,True,False,False,True,False,False
94.75,59,0,134,1,0,False,False,True,False,False,False,True,False,True,False,False
74.55,40,1,352,1,0,False,False,True,False,False,False,True,False,True,False,False
29.5,10,2,285,0,1,True,False,False,False,False,False,False,True,False,False,True
19.15,27,0,2482,0,0,False,False,False,True,False,False,False,True,False,False,True
86.5,7,0,536,1,0,False,False,True,False,False,False,True,False,False,False,True
24.75,65,1,493,0,0,False,False,True,False,False,True,False,False,False,False,True
81.0,10,1,371,1,0,False,False,True,False,False,True,False,False,False,False,True
84.4,23,0,305,1,0,True,False,False,False,False,False,False,True,False,False,True
85.3,47,1,477,1,0,False,True,False,False,False,True,False,False,True,False,False
55.05,11,2,276,0,1,False,False,True,False,True,False,False,False,False,False,True
34.0,12,1,550,0,0,False,True,False,False,False,False,False,True,False,False,True
44.5,30,0,2170,0,0,False,False,False,True,False,False,True,False,False,False,True
75.7,1,2,309,1,1,False,False,True,False,False,False,True,False,False,True,False
109.4,57,0,464,1,0,True,False,False,False,True,False,False,False,True,False,False
70.2,11,1,174,0,0,False,False,True,False,False,False,True,False,False,False,True
19.5,9,0,3847,0,0,False,False,False,True,True,False,False,False,False,False,True
70.05,4,0,2075,0,0,False,False,False,True,False,True,False,False,False,False,True
73.75,13,1,4108,1,0,False,False,False,True,False,True,False,False,False,False,True
20.75,35,2,3313,0,1,False,False,False,True,False,False,False,True,False,False,True
50.95,67,0,503,0,0,False,False,True,False,True,False,False,False,False,False,True
47.85,51,0,289,0,0,False,False,True,False,False,True,False,False,False,False,True
51.25,1,3,173,0,1,False,False,True,False,False,False,False,True,False,True,False
100.45,71,1,472,1,0,False,False,True,False,False,False,True,False,True,False,False
79.3,29,0,430,1,0,False,False,True,False,False,False,True,False,True,False,False
103.75,33,1,365,1,0,False,True,False,False,False,False,True,False,True,False,False
36.05,11,1,719,0,0,True,False,False,False,False,False,False,True,False,False,True
78.3,13,2,1453,1,1,False,False,False,True,False,True,False,False,False,False,True
19.35,42,1,373,0,0,True,False,False,False,False,False,False,True,False,False,True
29.25,8,0,478,0,0,False,False,True,False,False,False,False,True,False,False,True
44.4,1,0,182,0,0,False,False,True,False,False,False,False,True,False,True,False
108.2,72,2,315,1,1,True,False,False,False,False,False,True,False,True,False,False
87.2,47,2,342,1,1,False,True,False,False,False,False,True,False,True,False,False
85.45,30,0,563,1,0,False,True,False,False,False,False,True,False,True,False,False
111.55,51,1,258,1,0,False,False,True,False,False,False,True,False,True,False,False
94.65,16,0,401,1,0,False,False,True,False,True,False,False,False,False,False,True
100.45,34,0,448,1,0,False,False,True,False,False,False,True,False,True,False,False
86.55,8,0,280,1,0,True,False,False,False,False,False,True,False,False,False,True
24.85,72,3,402,0,1,True,False,False,False,False,True,False,False,False,False,True
71.75,60,3,309,1,1,True,False,False,False,False,False,True,False,True,False,False
115.8,72,2,417,1,1,False,True,False,False,True,False,False,False,True,False,False
20.5,12,1,405,0,0,False,False,True,False,False,False,False,True,False,False,True
82.5,65,0,2436,1,0,False,False,False,True,True,False,False,False,True,False,False
19.45,32,1,518,0,0,True,False,False,False,False,True,False,False,False,False,True
94.35,67,0,294,1,0,False,False,True,False,False,True,False,False,True,False,False
78.8,45,0,244,1,0,True,False,False,False,True,False,False,False,True,False,False
59.85,60,0,494,0,0,True,False,False,False,False,True,False,False,False,False,True
55.45,1,1,418,0,0,False,False,True,False,False,False,True,False,False,True,False
64.9,58,0,444,0,0,True,False,False,False,False,True,False,False,True,False,False
94.75,9,1,515,1,0,False,True,False,False,False,False,True,False,False,False,True
74.35,1,1,2448,1,0,False,False,False,True,False,False,True,False,False,True,False
24.4,8,0,404,0,0,True,False,False,False,False,False,False,True,False,False,True
45.15,2,1,543,0,0,False,False,True,False,False,False,True,False,False,True,False
20.25,47,0,2480,0,0,False,False,False,True,False,True,False,False,False,False,True
74.45,1,3,688,1,1,False,True,False,False,False,False,False,True,False,True,False
25.85,1,3,469,0,1,False,False,True,False,False,False,False,True,False,True,False
100.6,10,0,273,1,0,False,True,False,False,False,False,True,False,False,False,True
24.85,29,0,101,0,0,False,True,False,False,False,False,False,True,False,False,True
75.8,58,2,577,1,1,False,False,True,False,False,False,False,True,True,False,False
19.35,14,0,542,0,0,False,False,True,False,False,False,False,True,False,False,True
20.75,7,0,377,0,0,False,True,False,False,False,False,False,True,False,False,True
83.6,5,3,382,1,1,False,True,False,False,False,False,True,False,False,False,True
20.15,18,0,547,0,0,False,False,True,False,True,False,False,False,False,False,True
19.9,25,2,442,0,1,False,True,False,False,False,False,True,False,False,False,True
64.2,46,1,292,0,0,True,False,False,False,False,True,False,False,True,False,False
50.8,1,1,3735,0,0,False,False,False,True,False,False,True,False,False,True,False
48.45,1,0,3161,0,0,False,False,False,True,True,False,False,False,False,True,False
84.7,68,2,182,1,1,False,False,True,False,True,False,False,False,True,False,False
44.35,18,0,1389,0,0,False,False,False,True,True,False,False,False,False,False,True
80.0,8,2,2133,1,1,False,False,False,True,True,False,False,False,False,False,True
19.55,64,0,1437,0,0,False,False,False,True,False,False,False,True,False,False,True
89.2,4,1,3687,1,0,False,False,False,True,False,False,True,False,False,False,True
79.85,63,3,517,1,1,False,False,False,True,False,True,False,False,True,False,False
105.85,54,1,261,1,0,False,False,True,False,False,False,True,False,True,False,False
74.55,54,2,335,1,1,False,True,False,False,True,False,False,False,True,False,False
69.85,72,0,2351,0,0,False,False,False,True,True,False,False,False,True,False,False
50.95,4,2,1211,0,1,False,False,False,True,False,True,False,False,False,False,True
91.15,72,0,572,1,0,False,False,True,False,True,False,False,False,True,False,False
49.45,60,0,438,0,0,True,False,False,False,False,True,False,False,False,False,True
90.2,20,1,367,1,0,False,True,False,False,False,False,True,False,False,False,True
70.55,35,1,1571,1,0,False,False,False,True,False,False,True,False,True,False,False
49.05,2,0,445,0,0,False,True,False,False,False,True,False,False,False,True,False
50.35,26,0,277,0,0,False,False,True,False,False,True,False,False,False,False,True
82.65,14,1,174,1,0,False,True,False,False,False,False,True,False,False,False,True
74.7,1,0,473,1,0,False,False,True,False,False,False,True,False,False,True,False
19.85,53,0,388,0,0,False,True,False,False,True,False,False,False,False,False,True
19.3,1,1,1854,0,0,False,False,False,True,False,True,False,False,False,True,False
20.3,58,0,405,0,0,True,False,False,False,False,True,False,False,False,False,True
51.0,5,1,486,0,0,False,False,True,False,False,False,False,True,False,False,True
105.55,53,2,394,1,1,False,False,True,False,False,False,True,False,True,False,False
20.15,4,2,480,0,1,False,False,True,False,False,False,True,False,False,False,True
98.7,49,3,892,1,1,False,True,False,False,False,False,True,False,True,False,False
90.0,2,0,182,1,0,False,False,True,False,False,True,False,False,False,True,False
67.75,2,1,3055,0,0,False,False,False,True,False,False,True,False,False,True,False
74.75,3,3,367,1,1,False,False,True,False,False,True,False,False,False,True,False
93.85,7,1,486,1,0,False,False,True,False,False,False,True,False,False,False,True
44.6,14,3,240,0,1,True,False,False,False,False,False,True,False,False,False,True
99.4,18,0,2166,1,0,False,False,False,True,False,False,True,False,False,False,True
81.3,27,2,269,1,1,False,True,False,False,False,False,True,False,True,False,False
59.75,66,1,763,0,0,True,False,False,False,False,False,True,False,False,False,True
86.45,43,1,522,1,0,True,False,False,False,False,True,False,False,True,False,False
112.55,69,1,716,1,0,False,False,True,False,True,False,False,False,True,False,False
93.25,71,0,526,1,0,True,False,False,False,True,False,False,False,True,False,False
83.4,50,0,500,1,0,False,False,True,False,False,False,True,False,True,False,False
19.1,51,3,2913,0,1,False,False,False,True,False,False,True,False,False,False,True
80.85,27,1,229,1,0,False,True,False,False,False,False,False,True,True,False,False
20.05,70,3,395,0,1,False,False,True,False,False,True,False,False,False,False,True
79.6,2,3,233,1,1,False,False,True,False,False,False,True,False,False,True,False
49.65,6,3,200,0,1,True,False,False,False,True,False,False,False,False,False,True
101.1,59,0,464,1,0,False,False,True,False,False,False,True,False,True,False,False
92.5,10,0,50,1,0,False,False,True,False,False,False,False,True,False,False,True
98.5,29,2,413,1,1,False,True,False,False,False,False,True,False,True,False,False
20.35,5,2,253,0,1,False,True,False,False,False,False,False,True,False,False,True
94.25,21,0,278,1,0,False,True,False,False,False,False,True,False,False,False,True
104.3,62,0,565,1,0,False,False,True,False,False,False,True,False,True,False,False
19.45,36,3,315,0,1,False,True,False,False,False,True,False,False,False,False,True
19.85,3,1,428,0,0,False,False,True,False,False,False,False,True,False,True,False
116.0,69,2,583,1,1,False,False,True,False,False,False,True,False,True,False,False
30.9,2,0,146,0,0,False,False,True,False,False,False,True,False,False,True,False
85.2,8,2,316,1,1,False,False,True,False,False,True,False,False,False,False,True
30.75,3,0,1742,0,0,False,False,False,True,False,False,True,False,False,True,False
45.75,1,0,352,0,0,False,True,False,False,False,False,True,False,False,True,False
98.9,12,0,344,1,0,False,True,False,False,True,False,False,False,False,False,True
75.6,18,0,493,1,0,False,False,True,False,True,False,False,False,False,False,True
24.9,20,3,566,0,1,False,False,True,False,False,True,False,False,False,False,True
59.0,22,1,521,0,0,False,True,False,False,False,False,True,False,False,False,True
46.0,5,1,214,0,0,False,True,False,False,False,False,False,True,False,False,True
25.15,24,0,269,0,0,True,False,False,False,False,True,False,False,False,False,True
69.25,64,0,475,0,0,False,False,True,False,False,False,False,True,True,False,False
98.65,26,0,473,1,0,False,False,True,False,False,False,True,False,True,False,False
105.3,68,2,301,1,1,False,True,False,False,False,False,True,False,True,False,False
20.6,60,1,626,0,0,False,True,False,False,False,False,False,True,False,False,True
55.1,25,0,513,0,0,False,False,True,False,False,False,False,True,False,False,True
25.5,51,1,489,0,0,False,False,True,False,False,False,False,True,False,False,True
81.25,7,0,524,1,0,False,False,True,False,True,False,False,False,False,False,True
19.35,39,0,357,0,0,False,True,False,False,True,False,False,False,False,False,True
80.45,72,3,1335,1,1,False,False,False,True,True,False,False,False,True,False,False
95.0,27,1,3060,1,0,False,False,False,True,False,True,False,False,True,False,False
85.85,56,0,311,1,0,True,False,False,False,False,False,False,True,True,False,False
19.6,57,0,212,0,0,False,True,False,False,True,False,False,False,False,False,True
106.65,17,1,430,1,0,False,True,False,False,True,False,False,False,False,False,True
56.25,1,0,543,0,0,True,False,False,False,False,False,True,False,False,True,False
19.6,35,0,2332,0,0,False,False,False,True,False,False,False,True,False,False,True
72.8,13,1,527,1,0,True,False,False,False,False,False,True,False,False,False,True
19.75,69,3,291,0,1,False,True,False,False,True,False,False,False,False,False,True
19.25,1,0,542,0,0,False,True,False,False,False,False,True,False,False,True,False
74.65,7,0,745,1,0,False,False,True,False,False,False,False,True,False,False,True
116.75,72,0,50,1,0,False,True,False,False,False,True,False,False,True,False,False
98.7,3,0,281,1,0,False,False,True,False,False,False,True,False,False,True,False
61.1,53,1,448,0,0,True,False,False,False,False,False,True,False,True,False,False
81.85,38,1,405,1,0,False,True,False,False,False,False,False,True,True,False,False
80.3,4,2,258,1,1,False,False,True,False,False,False,False,True,False,False,True
84.5,62,1,369,1,0,False,True,False,False,True,False,False,False,True,False,False
49.05,1,2,50,0,1,False,False,True,False,False,False,False,True,False,True,False
84.25,46,1,569,1,0,True,False,False,False,False,False,False,True,True,False,False
59.55,19,3,240,0,1,True,False,False,False,False,False,True,False,False,False,True
91.35,72,0,511,1,0,False,True,False,False,True,False,False,False,True,False,False
25.05,38,1,3132,0,0,False,False,False,True,False,True,False,False,False,False,True
105.7,71,2,470,1,1,False,False,True,False,True,False,False,False,True,False,False
100.0,16,1,479,1,0,False,False,True,False,False,False,True,False,False,False,True
105.95,66,1,381,1,0,True,False,False,False,False,True,False,False,True,False,False
95.0,11,1,607,1,0,False,False,True,False,False,False,True,False,False,False,True
84.0,66,2,1968,1,1,False,False,False,True,False,False,False,True,True,False,False
91.0,28,0,511,1,0,False,False,True,False,False,False,True,False,True,False,False
35.05,1,1,343,0,0,False,False,True,False,False,False,False,True,False,True,False
109.5,72,1,526,1,0,True,False,False,False,False,True,False,False,True,False,False
19.35,18,2,184,0,1,True,False,False,False,False,False,False,True,False,False,True
19.0,49,2,279,0,1,False,False,True,False,False,True,False,False,False,False,True
104.4,41,0,289,1,0,False,True,False,False,False,False,True,False,True,False,False
70.45,1,0,322,1,0,False,False,True,False,False,False,False,True,False,True,False
75.5,27,1,514,1,0,False,True,False,False,False,False,True,False,True,False,False
20.65,5,1,4658,0,0,False,False,False,True,True,False,False,False,False,False,True
35.2,43,0,301,0,0,True,False,False,False,False,True,False,False,False,False,True
55.3,47,2,405,0,1,True,False,False,False,False,False,True,False,False,False,True
49.55,1,0,528,0,0,True,False,False,False,True,False,False,False,False,True,False
59.45,15,0,102,0,0,True,False,False,False,False,False,True,False,False,False,True
71.05,7,0,524,1,0,False,True,False,False,False,False,True,False,False,False,True
19.6,14,1,364,0,0,False,False,True,False,False,True,False,False,False,False,True
80.45,43,1,334,1,0,False,False,True,False,False,False,True,False,True,False,False
84.45,29,0,182,1,0,False,False,True,False,False,False,True,False,True,False,False
24.45,46,3,50,0,1,True,False,False,False,True,False,False,False,False,False,True
49.3,24,1,456,0,0,True,False,False,False,False,True,False,False,False,False,True
59.3,51,1,369,0,0,True,False,False,False,False,False,True,False,False,False,True
60.35,70,0,4111,0,0,False,False,False,True,False,False,True,False,True,False,False
45.9,12,1,2073,0,0,False,False,False,True,True,False,False,False,False,False,True
19.65,3,1,568,0,0,True,False,False,False,False,False,False,True,False,True,False
84.45,9,2,617,1,1,False,False,True,False,False,False,True,False,False,False,True
84.45,15,1,577,1,0,True,False,False,False,False,False,False,True,False,False,True
24.25,72,0,3327,0,0,False,False,False,True,False,True,False,False,False,False,True
20.4,4,0,460,0,0,True,False,False,False,False,False,False,True,False,False,True
103.95,72,0,361,1,0,False,False,True,False,True,False,False,False,True,False,False
20.35,10,1,2407,0,0,False,False,False,True,False,False,False,True,False,False,True
28.45,5,3,207,0,1,False,False,True,False,False,False,True,False,False,False,True
85.65,8,1,257,1,0,False,False,True,False,True,False,False,False,False,False,True
91.25,26,1,324,1,0,True,False,False,False,False,False,True,False,True,False,False
70.9,68,0,50,1,0,True,False,False,False,False,True,False,False,True,False,False
20.2,2,3,2059,0,1,False,False,False,True,False,False,False,True,False,True,False
74.5,8,0,394,1,0,True,False,False,False,False,False,True,False,False,False,True
19.85,3,1,66,0,0,False,False,True,False,False,False,False,True,False,True,False
98.15,13,1,365,1,0,False,False,True,False,False,False,False,True,False,False,True
69.15,34,2,334,0,1,False,False,True,False,False,True,False,False,True,False,False
65.7,72,1,415,0,0,True,False,False,False,True,False,False,False,True,False,False
43.55,21,1,2302,0,0,False,False,False,True,False,False,False,True,False,False,True
84.85,40,2,507,1,1,True,False,False,False,False,False,True,False,True,False,False
54.85,16,1,286,0,0,False,False,True,False,False,False,False,True,False,False,True
56.05,26,1,430,0,0,False,False,True,False,False,False,False,True,False,False,True
99.05,49,0,171,1,0,False,False,True,False,True,False,False,False,True,False,False
19.2,46,2,2690,0,1,False,False,False,True,False,True,False,False,False,False,True
79.5,11,2,276,1,1,False,False,True,False,True,False,False,False,False,False,True
84.45,72,0,253,1,0,False,False,True,False,False,False,False,True,True,False,False
20.45,47,3,614,0,1,False,False,True,False,True,False,False,False,False,False,True
19.25,1,0,563,0,0,False,True,False,False,False,False,False,True,False,True,False
89.75,59,1,263,1,0,False,True,False,False,False,False,True,False,True,False,False
87.95,71,0,261,1,0,False,False,True,False,True,False,False,False,True,False,False
20.05,25,0,327,0,0,True,False,False,False,False,False,False,True,False,False,True
107.7,72,0,145,1,0,False,False,True,False,False,True,False,False,True,False,False
20.0,2,0,454,0,0,False,False,True,False,False,False,False,True,False,True,False
62.15,35,1,113,0,0,True,False,False,False,True,False,False,False,True,False,False
104.65,71,0,424,1,0,False,False,True,False,True,False,False,False,True,False,False
94.65,15,0,1316,1,0,False,False,False,True,False,False,True,False,False,False,True
20.45,2,1,399,0,0,False,False,True,False,False,False,False,True,False,True,False
79.3,26,0,3159,1,0,False,False,False,True,True,False,False,False,True,False,False
88.3,3,2,3292,1,1,False,False,False,True,False,False,False,True,False,True,False
49.8,49,0,425,0,0,False,True,False,False,False,False,False,True,False,False,True
75.75,27,1,508,1,0,False,True,False,False,True,False,False,False,True,False,False
50.5,3,1,367,0,0,False,False,True,False,False,False,False,True,False,True,False
51.0,45,2,173,0,1,False,False,True,False,True,False,False,False,False,False,True
104.5,37,2,645,1,1,False,False,True,False,False,True,False,False,True,False,False
116.85,72,0,472,1,0,False,False,True,False,True,False,False,False,True,False,False
92.05,62,0,766,1,0,False,False,True,False,False,False,True,False,True,False,False
59.8,54,0,562,0,0,True,False,False,False,True,False,False,False,False,False,True
101.9,15,0,402,1,0,False,False,True,False,False,False,True,False,False,False,True
20.05,1,0,1720,0,0,False,False,False,True,True,False,False,False,False,True,False
25.2,1,3,271,0,1,False,False,True,False,False,False,True,False,False,True,False
61.2,72,0,721,0,0,False,False,True,False,False,True,False,False,True,False,False
79.3,30,0,248,1,0,False,False,True,False,False,True,False,False,True,False,False
78.85,40,0,588,1,0,True,False,False,False,False,True,False,False,True,False,False
71.1,71,1,247,1,0,False,False,True,False,False,False,False,True,True,False,False
33.5,18,0,394,0,0,False,True,False,False,False,True,False,False,False,False,True
25.1,17,0,347,0,0,False,True,False,False,False,True,False,False,False,False,True
20.15,40,1,694,0,0,False,False,False,True,False,False,False,True,False,False,True
110.8,72,2,51,1,1,False,False,True,False,False,True,False,False,True,False,False
19.75,2,0,2748,0,0,False,False,False,True,False,False,False,True,False,True,False
24.05,53,3,427,0,1,True,False,False,False,True,False,False,False,False,False,True
116.25,71,2,560,1,1,False,True,False,False,False,False,True,False,True,False,False
96.55,20,0,2060,1,0,False,False,False,True,False,False,True,False,False,False,True
54.85,7,1,566,0,0,False,True,False,False,False,False,False,True,False,False,True
84.35,15,0,685,1,0,True,False,False,False,False,True,False,False,False,False,True
24.05,72,2,443,0,1,False,True,False,False,True,False,False,False,False,False,True
23.8,39,1,2392,0,0,False,False,False,True,False,False,False,True,False,False,True
25.5,45,1,429,0,0,True,False,False,False,False,False,False,True,False,False,True
84.0,5,1,2187,1,0,False,False,False,True,False,False,True,False,False,False,True
39.65,47,0,160,0,0,False,False,True,False,False,True,False,False,False,False,True
19.85,4,0,136,0,0,False,False,True,False,False,False,True,False,False,False,True
100.75,47,0,311,1,0,False,True,False,False,False,False,False,True,True,False,False
95.3,33,1,220,1,0,False,False,True,False,True,False,False,False,True,False,False
25.25,15,0,310,0,0,False,True,False,False,False,False,True,False,False,False,True
89.4,66,0,417,1,0,True,False,False,False,False,True,False,False,True,False,False
90.1,6,0,265,1,0,False,False,True,False,False,False,True,False,False,False,True
19.7,17,1,409,0,0,False,False,True,False,False,True,False,False,False,False,True
94.9,41,0,356,1,0,False,False,True,False,True,False,False,False,True,False,False
99.8,56,2,2742,1,1,False,False,False,True,False,True,False,False,True,False,False
54.9,28,0,401,0,0,False,False,True,False,False,True,False,False,False,False,True
53.65,72,0,404,0,0,False,True,False,False,False,True,False,False,False,False,True
49.75,1,1,245,0,0,False,False,True,False,False,False,True,False,False,True,False
106.6,56,2,280,1,1,False,True,False,False,False,True,False,False,True,False,False
79.15,70,2,405,1,1,True,False,False,False,False,False,False,True,True,False,False
90.65,44,0,606,1,0,False,True,False,False,True,False,False,False,True,False,False
44.35,2,3,594,0,1,True,False,False,False,False,False,True,False,False,True,False
71.6,58,0,314,1,0,False,False,True,False,False,True,False,False,True,False,False
83.45,48,0,3100,1,0,False,False,False,True,False,True,False,False,True,False,False
84.8,11,1,357,1,0,False,True,False,False,False,False,True,False,False,False,True
115.55,72,1,630,1,0,False,False,True,False,False,False,True,False,True,False,False
42.1,72,2,222,0,1,False,False,True,False,True,False,False,False,False,False,True
85.9,26,0,274,1,0,True,False,False,False,False,True,False,False,True,False,False
39.9,52,0,668,0,0,False,True,False,False,False,False,True,False,False,False,True
20.1,52,0,3189,0,0,False,False,False,True,True,False,False,False,False,False,True
53.45,27,2,124,0,1,False,True,False,False,False,False,False,True,False,False,True
79.05,1,3,3297,1,1,False,False,False,True,False,False,True,False,False,True,False
81.4,45,2,501,1,1,False,False,True,False,True,False,False,False,True,False,False
89.2,61,0,2823,1,0,False,False,False,True,False,False,False,True,True,False,False
80.45,2,0,422,1,0,True,False,False,False,False,False,True,False,False,True,False
66.35,11,1,523,0,0,False,True,False,False,False,False,True,False,False,False,True
60.25,21,1,335,0,0,False,True,False,False,False,False,True,False,False,False,True
71.15,1,0,2213,1,0,False,False,False,True,False,False,True,False,False,True,False
98.25,6,2,390,1,1,False,False,True,False,False,False,True,False,False,False,True
73.5,71,0,345,1,0,False,False,True,False,False,True,False,False,True,False,False
70.65,72,2,518,1,1,False,True,False,False,False,True,False,False,True,False,False
60.95,67,0,469,0,0,True,False,False,False,True,False,False,False,True,False,False
58.85,21,0,179,0,0,False,False,True,False,False,True,False,False,False,False,True
19.7,72,1,179,0,0,False,False,True,False,False,True,False,False,False,False,True
20.1,33,0,286,0,0,False,False,True,False,False,True,False,False,False,False,True
95.2,3,0,3715,1,0,False,False,False,True,False,False,True,False,False,True,False
93.8,31,2,50,1,1,True,False,False,False,False,False,True,False,True,False,False
50.05,55,2,129,0,1,False,True,False,False,True,False,False,False,False,False,True
74.35,1,2,381,1,1,False,False,True,False,False,False,True,False,False,True,False
18.85,10,1,299,0,0,False,False,True,False,False,False,False,True,False,False,True
20.45,1,0,399,0,0,True,False,False,False,False,False,False,True,False,True,False
95.6,14,2,619,1,1,False,True,False,False,False,False,True,False,False,False,True
74.25,66,0,3412,1,0,False,False,False,True,True,False,False,False,True,False,False
106.1,72,2,551,1,1,False,False,True,False,False,True,False,False,True,False,False
29.6,11,2,378,0,1,False,False,True,False,False,False,True,False,False,False,True
93.4,32,0,508,1,0,False,False,True,False,False,True,False,False,True,False,False
101.95,7,1,788,1,0,False,False,True,False,False,False,True,False,False,False,True
59.95,31,1,351,0,0,False,True,False,False,False,False,True,False,False,False,True
43.7,61,0,363,0,0,False,True,False,False,False,True,False,False,False,False,True
70.15,1,0,347,0,0,False,True,False,False,False,False,True,False,False,True,False
104.05,71,0,304,1,0,False,False,True,False,True,False,False,False,True,False,False
70.6,1,1,2337,1,0,False,False,False,True,False,False,False,True,False,True,False
90.7,3,0,316,1,0,False,False,True,False,False,False,False,True,False,True,False
78.45,4,0,243,1,0,False,True,False,False,False,False,True,False,False,False,True
85.9,27,3,73,1,1,False,True,False,False,False,False,True,False,True,False,False
95.4,3,0,555,1,0,False,False,True,False,False,False,True,False,False,True,False
20.3,1,1,360,0,0,False,False,True,False,False,False,False,True,False,True,False
89.7,72,0,1684,1,0,False,False,False,True,False,True,False,False,True,False,False
50.7,61,2,389,0,1,True,False,False,False,True,False,False,False,False,False,True
110.2,68,0,1840,1,0,False,False,False,True,False,False,True,False,True,False,False
20.7,2,2,50,0,1,True,False,False,False,True,False,False,False,False,True,False
20.15,9,1,2378,0,0,False,False,False,True,True,False,False,False,False,False,True
20.4,31,1,1545,0,0,False,False,False,True,True,False,False,False,False,False,True
74.4,3,0,2691,1,0,False,False,False,True,True,False,False,False,False,True,False
109.95,35,2,549,1,1,False,False,True,False,False,False,True,False,True,False,False
20.1,15,0,2360,0,0,False,False,False,True,False,True,False,False,False,False,True
89.3,1,0,1754,1,0,False,False,False,True,False,False,True,False,False,True,False
106.15,42,1,354,1,0,False,True,False,False,True,False,False,False,True,False,False
45.4,1,1,486,0,0,False,True,False,False,False,False,False,True,False,True,False
95.75,71,1,271,1,0,False,True,False,False,False,True,False,False,True,False,False
20.15,50,0,345,0,0,True,False,False,False,True,False,False,False,False,False,True
25.65,55,3,346,0,1,False,True,False,False,False,True,False,False,False,False,True
74.05,47,0,409,1,0,False,False,True,False,False,False,False,True,True,False,False
19.55,27,0,892,0,0,False,True,False,False,True,False,False,False,False,False,True
19.9,25,1,209,0,0,False,False,True,False,False,True,False,False,False,False,True
99.15,36,0,312,1,0,True,False,False,False,False,False,True,False,True,False,False
90.35,9,1,327,1,0,True,False,False,False,False,False,True,False,False,False,True
102.15,45,0,633,1,0,True,False,False,False,True,False,False,False,True,False,False
79.8,63,1,372,1,0,False,True,False,False,False,True,False,False,True,False,False
68.55,8,3,317,0,1,False,False,True,False,False,False,True,False,False,False,True
65.6,72,0,3077,0,0,False,False,False,True,True,False,False,False,True,False,False
80.85,17,0,601,1,0,True,False,False,False,False,False,True,False,False,False,True
77.5,51,3,550,1,1,True,False,False,False,False,False,True,False,True,False,False
20.85,8,0,376,0,0,True,False,False,False,False,False,False,True,False,False,True
19.75,3,0,312,0,0,False,True,False,False,False,False,True,False,False,True,False
23.9,71,0,436,0,0,True,False,False,False,False,True,False,False,False,False,True
92.7,65,0,223,1,0,False,False,True,False,False,True,False,False,True,False,False
108.4,72,0,266,1,0,True,False,False,False,False,True,False,False,True,False,False
64.8,72,0,50,0,0,False,True,False,False,False,True,False,False,True,False,False
110.05,69,0,313,1,0,True,False,False,False,False,True,False,False,True,False,False
43.7,62,2,434,0,1,False,False,True,False,True,False,False,False,False,False,True
115.6,54,0,434,1,0,False,False,True,False,True,False,False,False,True,False,False
19.1,3,0,182,0,0,True,False,False,False,False,False,False,True,False,True,False
59.95,23,3,3436,0,1,False,False,False,True,True,False,False,False,False,False,True
20.75,35,1,2241,0,0,False,False,False,True,True,False,False,False,False,False,True
49.75,52,2,588,0,1,True,False,False,False,True,False,False,False,False,False,True
91.15,2,2,304,1,1,False,False,True,False,False,False,True,False,False,True,False
19.7,64,0,304,0,0,False,False,True,False,True,False,False,False,False,False,True
24.4,1,0,617,0,0,True,False,False,False,False,False,True,False,False,True,False
74.35,60,1,178,1,0,True,False,False,False,True,False,False,False,True,False,False
35.15,3,3,203,0,1,False,False,True,False,False,False,True,False,False,True,False
105.0,72,1,50,1,0,False,False,True,False,False,True,False,False,True,False,False
85.7,3,1,3015,1,0,False,False,False,True,False,True,False,False,False,True,False
24.7,34,0,290,0,0,True,False,False,False,False,False,True,False,False,False,True
75.35,43,1,500,1,0,False,True,False,False,False,True,False,False,True,False,False
102.85,66,0,603,1,0,False,False,True,False,False,True,False,False,True,False,False
24.8,10,1,2585,0,0,False,False,False,True,False,True,False,False,False,False,True
102.35,35,0,383,1,0,True,False,False,False,True,False,False,False,True,False,False
20.25,1,1,206,0,0,False,False,True,False,False,False,False,True,False,True,False
48.95,29,0,633,0,0,False,False,True,False,True,False,False,False,False,False,True
69.75,50,0,1575,0,0,False,False,False,True,True,False,False,False,True,False,False
75.1,1,0,321,1,0,True,False,False,False,False,False,True,False,False,True,False
64.9,23,0,303,0,0,False,True,False,False,True,False,False,False,False,False,True
74.4,13,2,385,1,1,False,False,True,False,False,True,False,False,False,False,True
54.45,68,0,50,0,0,False,False,True,False,False,False,False,True,False,False,True
19.6,15,0,491,0,0,True,False,False,False,False,False,False,True,False,False,True
70.95,44,1,683,1,0,False,True,False,False,False,False,True,False,True,False,False
83.85,40,0,551,1,0,False,False,True,False,True,False,False,False,True,False,False
24.0,48,2,409,0,1,False,False,True,False,False,True,False,False,False,False,True
75.5,1,0,50,1,0,False,False,True,False,False,False,True,False,False,True,False
53.6,53,2,756,0,1,False,True,False,False,False,False,True,False,False,False,True
44.9,19,1,3422,0,0,False,False,False,True,False,False,False,True,False,False,True
44.15,1,2,407,0,1,True,False,False,False,True,False,False,False,False,True,False
81.9,39,1,483,1,0,False,False,True,False,False,False,True,False,True,False,False
104.3,43,1,358,1,0,True,False,False,False,False,True,False,False,True,False,False
87.1,4,0,151,1,0,False,True,False,False,False,False,False,True,False,False,True
80.6,71,1,296,1,0,False,False,True,False,True,False,False,False,True,False,False
85.3,47,2,336,1,1,False,True,False,False,False,False,True,False,True,False,False
70.75,29,0,517,1,0,True,False,False,False,False,False,True,False,True,False,False
45.35,58,0,618,0,0,True,False,False,False,False,False,True,False,False,False,True
49.1,15,1,476,0,0,False,True,False,False,False,False,True,False,False,False,True
84.05,72,3,345,1,1,False,False,True,False,True,False,False,False,True,False,False
55.55,43,0,349,0,0,False,True,False,False,False,True,False,False,False,False,True
98.5,25,0,3841,1,0,False,False,False,True,False,False,True,False,True,False,False
20.35,2,0,2070,0,0,False,False,False,True,False,False,False,True,False,True,False
44.05,5,0,315,0,0,True,False,False,False,False,True,False,False,False,False,True
59.65,15,2,622,0,1,False,False,True,False,True,False,False,False,False,False,True
19.65,11,1,2951,0,0,False,False,False,True,False,False,False,True,False,False,True
26.45,37,0,510,0,0,True,False,False,False,False,False,False,True,False,False,True
100.75,11,3,2727,1,1,False,False,False,True,False,False,True,False,False,False,True
74.55,17,0,202,1,0,True,False,False,False,False,False,False,True,False,False,True
97.95,62,2,494,1,1,False,False,True,False,False,True,False,False,True,False,False
49.0,27,1,425,0,0,False,False,True,False,False,False,False,True,False,False,True
20.2,25,1,291,0,0,True,False,False,False,True,False,False,False,False,False,True
19.8,50,1,540,0,0,True,False,False,False,False,False,True,False,False,False,True
99.45,69,1,1965,1,0,False,False,False,True,False,True,False,False,True,False,False
25.55,28,0,319,0,0,False,True,False,False,False,False,False,True,False,False,True
20.5,35,1,442,0,0,False,True,False,False,True,False,False,False,False,False,True
19.1,29,0,1063,0,0,False,False,False,True,False,False,False,True,False,False,True
103.15,65,0,698,1,0,True,False,False,False,True,False,False,False,True,False,False
19.9,35,0,534,0,0,False,False,True,False,False,False,True,False,False,False,True
19.55,51,2,651,0,1,True,False,False,False,False,True,False,False,False,False,True
45.65,4,0,347,0,0,False,True,False,False,False,False,False,True,False,False,True
84.2,65,1,280,1,0,False,False,True,False,True,False,False,False,True,False,False
99.95,23,2,504,1,1,False,False,True,False,False,True,False,False,False,False,True
80.45,38,1,50,1,0,False,False,True,False,False,False,False,True,True,False,False
84.85,43,0,630,1,0,False,False,True,False,False,False,True,False,True,False,False
25.25,12,3,402,0,1,False,False,True,False,False,True,False,False,False,False,True
100.15,65,0,213,1,0,True,False,False,False,True,False,False,False,True,False,False
95.8,14,0,3056,1,0,False,False,False,True,False,False,True,False,False,False,True
85.25,20,1,520,1,0,False,False,True,False,False,False,True,False,False,False,True
61.3,56,2,523,0,1,True,False,False,False,False,True,False,False,True,False,False
25.1,42,1,266,0,0,False,False,True,False,False,True,False,False,False,False,True
72.9,11,2,364,1,1,True,False,False,False,False,False,True,False,False,False,True
82.0,2,1,347,1,0,False,False,True,False,False,False,True,False,False,True,False
19.65,3,3,458,0,1,True,False,False,False,False,False,False,True,False,True,False
69.35,1,0,264,0,0,True,False,False,False,False,False,True,False,False,True,False
19.55,11,0,368,0,0,False,False,True,False,False,True,False,False,False,False,True
65.25,3,0,454,0,0,False,False,True,False,False,False,False,True,False,True,False
19.55,1,0,2401,0,0,False,False,False,True,False,False,False,True,False,True,False
19.95,68,2,1881,0,1,False,False,False,True,True,False,False,False,False,False,True
20.2,53,1,2783,0,0,False,False,False,True,False,True,False,False,False,False,True
101.4,60,2,373,1,1,True,False,False,False,True,False,False,False,True,False,False
88.9,66,1,367,1,0,False,False,True,False,True,False,False,False,True,False,False
59.0,28,2,439,0,1,True,False,False,False,False,False,False,True,False,False,True
70.05,5,2,1998,0,1,False,False,False,True,False,False,True,False,False,False,True
39.1,24,1,3966,0,0,False,False,False,True,True,False,False,False,False,False,True
54.15,45,3,3356,0,1,False,False,False,True,False,True,False,False,False,False,True
94.05,6,2,387,1,1,True,False,False,False,False,False,False,True,False,False,True
80.3,64,2,377,1,1,False,False,True,False,False,True,False,False,True,False,False
92.85,58,0,371,1,0,False,False,True,False,False,False,True,False,True,False,False
83.15,5,2,374,1,1,True,False,False,False,False,True,False,False,False,False,True
59.05,31,0,441,0,0,False,False,True,False,False,True,False,False,False,False,True
100.25,35,3,234,1,1,False,False,True,False,False,False,True,False,True,False,False
20.2,5,0,593,0,0,False,True,False,False,False,False,False,True,False,False,True
69.95,16,1,445,0,0,False,True,False,False,False,True,False,False,False,False,True
105.75,72,2,568,1,1,False,False,True,False,False,True,False,False,True,False,False
94.15,60,1,419,1,0,False,True,False,False,True,False,False,False,True,False,False
26.3,67,0,2951,0,0,False,False,False,True,False,False,False,True,False,False,True
90.35,72,2,467,1,1,True,False,False,False,True,False,False,False,True,False,False
19.85,50,3,346,0,1,False,True,False,False,True,False,False,False,False,False,True
24.0,10,2,1856,0,1,False,False,False,True,False,False,True,False,False,False,True
97.95,4,1,626,1,0,True,False,False,False,False,False,True,False,False,False,True
74.9,4,2,487,1,1,True,False,False,False,False,False,True,False,False,False,True
86.8,23,1,468,1,0,False,False,True,False,False,False,True,False,False,False,True
79.7,6,1,335,1,0,False,True,False,False,False,False,True,False,False,False,True
74.75,12,0,208,1,0,False,False,True,False,True,False,False,False,False,False,True
20.55,10,0,252,0,0,False,True,False,False,False,False,False,True,False,False,True
84.6,12,3,1071,1,1,False,False,True,False,False,False,True,False,False,False,True
67.5,22,2,439,0,1,False,False,True,False,True,False,False,False,False,False,True
75.45,47,2,552,1,1,False,False,True,False,False,True,False,False,True,False,False
98.75,24,0,641,1,0,True,False,False,False,False,False,True,False,False,False,True
64.4,34,2,513,0,1,True,False,False,False,False,False,False,True,True,False,False
21.25,9,2,402,0,1,False,False,True,False,False,False,False,True,False,False,True
74.9,28,0,679,1,0,True,False,False,False,True,False,False,False,True,False,False
64.15,69,0,3944,0,0,False,False,False,True,False,True,False,False,True,False,False
50.65,39,0,410,0,0,False,False,True,False,False,True,False,False,False,False,True
110.5,27,0,525,1,0,True,False,False,False,True,False,False,False,True,False,False
20.5,2,2,2670,0,1,False,False,False,True,True,False,False,False,False,True,False
19.4,1,1,359,0,0,False,False,True,False,False,False,False,True,False,True,False
89.75,65,1,264,1,0,True,False,False,False,False,False,True,False,True,False,False
54.3,28,0,289,0,0,True,False,False,False,False,False,False,True,False,False,True
84.45,12,1,281,1,0,False,True,False,False,False,False,True,False,False,False,True
70.45,1,3,2293,1,1,False,False,False,True,False,False,False,True,False,True,False
79.5,27,1,326,1,0,False,False,True,False,False,False,True,False,True,False,False
25.3,66,0,76,0,0,True,False,False,False,False,True,False,False,False,False,True
59.75,72,1,468,0,0,True,False,False,False,True,False,False,False,False,False,True
89.85,58,3,458,1,1,False,False,True,False,True,False,False,False,True,False,False
99.8,7,1,403,1,0,False,False,True,False,False,False,True,False,False,False,True
94.4,17,2,3823,1,1,False,False,False,True,False,False,True,False,False,False,True
24.7,70,0,3114,0,0,False,False,False,True,True,False,False,False,False,False,True
45.6,1,2,2910,0,1,False,False,False,True,False,False,False,True,False,True,False
24.7,64,2,2636,0,1,False,False,False,True,False,False,False,True,False,False,True
77.75,55,0,2415,1,0,False,False,False,True,False,True,False,False,True,False,False
79.6,51,0,50,1,0,False,True,False,False,True,False,False,False,True,False,False
85.2,5,3,458,1,1,False,True,False,False,False,False,True,False,False,False,True
115.05,43,0,2314,1,0,False,False,False,True,False,True,False,False,True,False,False
101.9,53,0,423,1,0,True,False,False,False,False,False,True,False,True,False,False
19.7,63,3,338,0,1,False,True,False,False,False,False,False,True,False,False,True
20.35,27,0,191,0,0,False,False,True,False,False,True,False,False,False,False,True
69.75,22,1,228,0,0,True,False,False,False,False,False,False,True,False,False,True
85.15,6,1,188,1,0,False,False,True,False,True,False,False,False,False,False,True
89.3,31,1,576,1,0,False,False,True,False,False,False,True,False,True,False,False
81.05,64,0,2334,1,0,False,False,False,True,False,False,True,False,True,False,False
20.85,71,1,301,0,0,False,True,False,False,False,False,True,False,False,False,True
54.1,68,1,651,0,0,False,False,True,False,True,False,False,False,False,False,True
53.55,1,1,207,0,0,True,False,False,False,False,False,False,True,False,True,False
103.5,64,0,383,1,0,False,False,True,False,True,False,False,False,True,False,False
70.3,2,0,350,0,0,False,False,True,False,False,False,True,False,False,True,False
44.0,1,2,334,0,1,False,False,True,False,False,False,True,False,False,True,False
64.4,28,0,590,0,0,True,False,False,False,False,False,True,False,True,False,False
20.25,2,2,612,0,1,True,False,False,False,False,False,False,True,False,True,False
89.55,72,2,254,1,1,False,False,True,False,False,True,False,False,True,False,False
91.25,28,0,164,1,0,True,False,False,False,True,False,False,False,True,False,False
100.9,55,0,379,1,0,False,False,True,False,False,False,False,True,True,False,False
71.0,65,0,422,1,0,False,False,True,False,True,False,False,False,True,False,False
108.9,34,0,424,1,0,False,True,False,False,False,False,True,False,True,False,False
60.05,53,0,198,0,0,False,True,False,False,False,False,True,False,True,False,False
19.8,37,0,3488,0,0,False,False,False,True,True,False,False,False,False,False,True
85.9,15,2,450,1,1,False,False,True,False,True,False,False,False,False,False,True
82.55,71,0,508,1,0,False,True,False,False,False,False,True,False,True,False,False
74.35,7,0,445,1,0,False,True,False,False,False,False,False,True,False,False,True
111.2,67,1,502,1,0,True,False,False,False,True,False,False,False,True,False,False
95.65,52,0,324,1,0,False,True,False,False,False,True,False,False,True,False,False
108.75,69,0,429,1,0,False,False,True,False,True,False,False,False,True,False,False
74.8,24,1,440,1,0,False,False,True,False,False,False,False,True,False,False,True
78.5,7,0,561,1,0,False,False,True,False,False,False,True,False,False,False,True
25.45,39,2,3407,0,1,False,False,False,True,True,False,False,False,False,False,True
20.55,50,0,213,0,0,True,False,False,False,False,False,False,True,False,False,True
98.65,71,0,208,1,0,False,False,True,False,False,True,False,False,True,False,False
19.55,13,2,464,0,1,True,False,False,False,False,False,False,True,False,False,True
18.85,1,2,386,0,1,False,True,False,False,False,False,True,False,False,True,False
94.2,29,1,670,1,0,False,True,False,False,False,False,True,False,True,False,False
83.85,27,0,2919,1,0,False,False,False,True,False,False,True,False,True,False,False
55.8,48,1,3243,0,0,False,False,False,True,False,True,False,False,False,False,True
91.0,6,2,405,1,1,False,False,True,False,False,False,True,False,False,False,True
76.75,59,0,354,1,0,False,False,True,False,False,True,False,False,True,False,False
105.7,30,3,87,1,1,True,False,False,False,True,False,False,False,True,False,False
20.55,32,1,1984,0,0,False,False,False,True,True,False,False,False,False,False,True
92.0,3,0,4041,1,0,False,False,False,True,False,False,True,False,False,True,False
55.7,5,0,1630,0,0,False,False,False,True,False,False,False,True,False,False,True
89.0,70,1,367,1,0,False,False,True,False,True,False,False,False,True,False,False
69.9,1,3,342,0,1,False,False,True,False,False,False,True,False,False,True,False
91.3,54,0,392,1,0,False,False,True,False,False,True,False,False,True,False,False
106.1,72,1,412,1,0,True,False,False,False,False,True,False,False,True,False,False
65.7,66,0,584,0,0,True,False,False,False,True,False,False,False,True,False,False
58.5,9,1,2164,0,0,False,False,False,True,False,False,False,True,False,False,True
78.45,41,1,429,1,0,True,False,False,False,False,False,True,False,True,False,False
82.7,71,0,429,1,0,False,False,True,False,True,False,False,False,True,False,False
110.9,72,0,413,1,0,False,True,False,False,False,True,False,False,True,False,False
110.45,72,0,248,1,0,False,False,True,False,True,False,False,False,True,False,False
83.8,12,0,255,1,0,False,False,True,False,False,False,False,True,False,False,True
64.2,55,0,187,0,0,False,True,False,False,False,False,True,False,True,False,False
103.75,72,0,592,1,0,False,False,True,False,True,False,False,False,True,False,False
108.8,65,1,496,1,0,False,False,True,False,True,False,False,False,True,False,False
80.5,6,3,432,1,1,False,False,True,False,False,False,True,False,False,False,True
70.9,4,0,4011,1,0,False,False,False,True,True,False,False,False,False,False,True
102.0,62,1,573,1,0,False,False,True,False,False,False,True,False,True,False,False
24.65,67,1,482,0,0,False,True,False,False,True,False,False,False,False,False,True
94.0,8,1,341,1,0,False,False,True,False,False,False,True,False,False,False,True
20.8,72,0,233,0,0,True,False,False,False,False,False,False,True,False,False,True
45.55,66,1,486,0,0,True,False,False,False,True,False,False,False,False,False,True
72.15,10,1,383,1,0,False,False,True,False,False,True,False,False,False,False,True
109.55,43,0,364,1,0,False,False,True,False,False,False,False,True,True,False,False
61.15,22,0,266,0,0,True,False,False,False,False,False,False,True,False,False,True
81.45,12,1,3406,1,0,False,False,False,True,False,False,True,False,False,False,True
45.8,10,0,2961,0,0,False,False,False,True,False,True,False,False,False,False,True
48.7,27,0,480,0,0,False,True,False,False,False,True,False,False,False,False,True
20.05,8,2,405,0,1,True,False,False,False,False,False,False,True,False,False,True
20.3,12,1,393,0,0,False,True,False,False,True,False,False,False,False,False,True
53.95,71,0,685,0,0,False,False,True,False,True,False,False,False,False,False,True
105.95,50,0,363,1,0,True,False,False,False,False,True,False,False,True,False,False
108.15,70,0,392,1,0,False,True,False,False,False,True,False,False,True,False,False
44.75,7,1,3132,0,0,False,False,False,True,False,False,True,False,False,False,True
100.7,46,0,584,1,0,True,False,False,False,False,False,True,False,True,False,False
48.95,6,1,404,0,0,False,True,False,False,False,True,False,False,False,False,True
89.25,6,1,159,1,0,False,False,True,False,False,False,True,False,False,False,True
26.9,47,2,633,0,1,False,True,False,False,False,False,True,False,False,False,True
93.6,36,3,264,1,1,False,False,True,False,False,False,True,False,True,False,False
94.7,8,3,635,1,1,True,False,False,False,False,False,True,False,False,False,True
60.3,40,2,544,0,1,True,False,False,False,False,False,False,True,True,False,False
104.0,61,0,375,1,0,False,False,True,False,False,False,True,False,True,False,False
97.95,72,1,273,1,0,True,False,False,False,False,True,False,False,True,False,False
99.1,39,1,396,1,0,True,False,False,False,False,False,False,True,True,False,False
19.55,8,3,271,0,1,False,False,True,False,True,False,False,False,False,False,True
89.1,1,0,387,1,0,True,False,False,False,False,False,True,False,False,True,False
59.55,33,3,626,0,1,False,True,False,False,True,False,False,False,False,False,True
86.55,31,1,3254,1,0,False,False,False,True,False,True,False,False,True,False,False
89.45,9,1,708,1,0,False,False,False,True,False,False,True,False,False,False,True
19.85,70,1,399,0,0,False,True,False,False,False,True,False,False,False,False,True
19.5,55,0,307,0,0,False,True,False,False,False,False,False,True,False,False,True
19.4,4,2,688,0,1,False,True,False,False,False,False,False,True,False,False,True
78.75,48,0,526,1,0,False,True,False,False,False,True,False,False,True,False,False
19.75,61,1,2614,0,0,False,False,False,True,False,False,False,True,False,False,True
69.3,2,2,259,0,1,False,False,True,False,False,False,True,False,False,True,False
50.8,6,0,468,0,0,False,False,True,False,True,False,False,False,False,False,True
29.6,3,0,617,0,0,True,False,False,False,False,False,True,False,False,True,False
43.75,22,0,238,0,0,False,True,False,False,True,False,False,False,False,False,True
79.95,33,0,270,1,0,False,False,True,False,True,False,False,False,True,False,False
99.95,12,0,1979,1,0,False,False,False,True,False,False,False,True,False,False,True
114.65,72,0,841,1,0,False,False,True,False,True,False,False,False,True,False,False
65.25,58,1,272,0,0,True,False,False,False,False,True,False,False,True,False,False
85.55,59,2,453,1,1,False,False,True,False,False,False,True,False,True,False,False
77.2,34,1,407,1,0,False,False,True,False,True,False,False,False,True,False,False
24.8,52,3,1986,0,1,False,False,False,True,False,False,False,True,False,False,True
45.55,10,1,209,0,0,True,False,False,False,False,False,True,False,False,False,True
59.4,16,0,369,0,0,True,False,False,False,False,False,True,False,False,False,True
108.85,58,0,2579,1,0,False,False,False,True,False,False,True,False,True,False,False
94.9,10,3,298,1,1,True,False,False,False,False,False,True,False,False,False,True
89.85,3,1,554,1,0,False,False,True,False,False,False,False,True,False,True,False
19.8,69,0,446,0,0,False,False,True,False,False,True,False,False,False,False,True
30.85,13,3,50,0,1,False,False,True,False,True,False,False,False,False,False,True
89.15,25,1,298,1,0,False,False,True,False,True,False,False,False,True,False,False
20.05,1,0,1829,0,0,False,False,False,True,False,False,False,True,False,True,False
62.05,1,0,605,0,0,False,False,True,False,False,False,False,True,False,True,False
102.1,68,1,2268,1,0,False,False,False,True,True,False,False,False,True,False,False
90.85,1,2,594,1,1,False,False,True,False,False,True,False,False,False,True,False
100.85,8,0,1063,1,0,False,False,False,True,False,False,True,False,False,False,True
25.25,1,1,503,0,0,False,True,False,False,False,False,True,False,False,True,False
53.1,46,0,479,0,0,True,False,False,False,False,False,True,False,False,False,True
103.65,45,2,481,1,1,False,False,True,False,True,False,False,False,True,False,False
103.35,8,1,715,1,0,False,False,True,False,True,False,False,False,False,False,True
94.85,5,0,2443,1,0,False,False,False,True,True,False,False,False,False,False,True
93.2,22,0,349,1,0,True,False,False,False,False,False,False,True,False,False,True
95.3,58,1,302,1,0,False,False,True,False,False,False,True,False,True,False,False
49.65,51,0,392,0,0,True,False,False,False,False,False,True,False,False,False,True
48.95,39,0,350,0,0,True,False,False,False,False,True,False,False,False,False,True
26.0,26,1,385,0,0,True,False,False,False,False,False,False,True,False,False,True
85.45,53,1,305,1,0,False,False,True,False,True,False,False,False,True,False,False
80.0,1,2,1259,1,1,False,False,False,True,False,False,True,False,False,True,False
29.95,1,0,510,0,0,False,True,False,False,True,False,False,False,False,True,False
85.6,18,0,339,1,0,False,False,True,False,False,False,True,False,False,False,True
20.05,46,0,215,0,0,False,False,True,False,True,False,False,False,False,False,True
79.25,3,0,407,1,0,False,True,False,False,False,False,True,False,False,True,False
44.55,12,0,3468,0,0,False,False,False,True,False,False,True,False,False,False,True
55.0,14,1,2984,0,0,False,False,False,True,False,False,True,False,False,False,True
70.25,5,0,292,0,0,False,False,True,False,False,False,False,True,False,False,True
100.35,28,1,569,1,0,False,False,True,False,True,False,False,False,True,False,False
93.85,59,0,1763,1,0,False,False,False,True,True,False,False,False,True,False,False
44.85,10,1,368,0,0,True,False,False,False,False,True,False,False,False,False,True
80.9,21,0,352,1,0,False,False,True,False,False,False,False,True,False,False,True
45.7,5,1,463,0,0,False,False,True,False,False,False,True,False,False,False,True
26.1,10,1,566,0,0,False,True,False,False,False,True,False,False,False,False,True
71.45,5,2,397,1,1,False,False,True,False,False,False,False,True,False,False,True
79.9,9,0,621,1,0,True,False,False,False,False,False,True,False,False,False,True
97.85,11,0,536,1,0,False,False,True,False,True,False,False,False,False,False,True
73.6,47,1,490,1,0,False,False,True,False,False,False,True,False,True,False,False
41.35,3,3,3039,0,1,False,False,False,True,False,False,False,True,False,True,False
75.9,1,0,307,1,0,False,True,False,False,False,False,True,False,False,True,False
40.65,23,3,2903,0,1,False,False,False,True,True,False,False,False,False,False,True
94.45,16,2,471,1,1,False,False,True,False,False,False,True,False,False,False,True
81.7,27,0,364,1,0,False,True,False,False,False,False,True,False,True,False,False
25.75,68,0,189,0,0,False,True,False,False,False,False,False,True,False,False,True
51.4,2,0,348,0,0,True,False,False,False,False,False,True,False,False,True,False
20.35,5,3,549,0,1,False,False,True,False,False,True,False,False,False,False,True
75.7,67,1,553,1,0,False,False,True,False,False,False,False,True,True,False,False
57.95,52,0,359,0,0,False,True,False,False,False,True,False,False,False,False,True
85.8,29,0,247,1,0,True,False,False,False,False,False,True,False,True,False,False
70.1,1,1,306,0,0,False,False,True,False,False,False,True,False,False,True,False
70.15,4,1,452,0,0,False,False,True,False,False,False,True,False,False,False,True
85.35,69,1,349,1,0,False,False,True,False,False,True,False,False,True,False,False
38.9,16,1,932,0,0,False,False,False,True,False,False,True,False,False,False,True
93.0,24,3,307,1,1,False,False,True,False,False,False,True,False,False,False,True
103.8,42,0,307,1,0,False,False,True,False,True,False,False,False,True,False,False
50.8,60,0,2259,0,0,False,False,False,True,False,False,True,False,False,False,True
95.2,10,0,369,1,0,False,True,False,False,False,False,True,False,False,False,True
59.5,9,1,563,0,0,True,False,False,False,True,False,False,False,False,False,True
69.45,24,1,2297,0,0,False,False,False,True,True,False,False,False,False,False,True
20.05,18,0,232,0,0,False,True,False,False,False,False,False,True,False,False,True
115.6,72,2,311,1,1,False,False,True,False,True,False,False,False,True,False,False
86.8,64,2,460,1,1,False,True,False,False,True,False,False,False,True,False,False
19.4,2,1,300,0,0,False,True,False,False,False,False,False,True,False,True,False
90.8,68,0,3547,1,0,False,False,False,True,False,True,False,False,True,False,False
102.45,1,0,321,1,0,False,False,True,False,False,False,True,False,False,True,False
20.35,59,1,449,0,0,False,False,True,False,False,False,False,True,False,False,True
98.25,50,0,480,1,0,False,False,True,False,False,False,True,False,True,False,False
110.45,72,0,407,1,0,False,False,True,False,True,False,False,False,True,False,False
94.7,57,0,335,1,0,False,False,True,False,False,False,True,False,True,False,False
20.35,18,3,469,0,1,True,False,False,False,True,False,False,False,False,False,True
115.05,62,1,678,1,0,True,False,False,False,False,True,False,False,True,False,False
20.1,24,0,244,0,0,False,True,False,False,False,False,False,True,False,False,True
40.2,37,1,336,0,0,True,False,False,False,True,False,False,False,False,False,True
85.75,5,0,607,1,0,False,False,True,False,False,False,True,False,False,False,True
69.55,3,0,2554,0,0,False,False,False,True,True,False,False,False,False,True,False
75.3,29,0,2596,1,0,False,False,False,True,False,True,False,False,True,False,False
49.2,31,2,3375,0,1,False,False,False,True,False,False,False,True,False,False,True
20.8,24,0,436,0,0,False,True,False,False,False,True,False,False,False,False,True
74.8,18,0,581,1,0,False,False,True,False,False,False,True,False,False,False,True
91.85,17,0,359,1,0,True,False,False,False,False,False,True,False,False,False,True
66.9,69,1,497,0,0,False,True,False,False,False,False,False,True,True,False,False
19.95,48,3,1937,0,1,False,False,False,True,False,False,False,True,False,False,True
20.4,54,0,220,0,0,True,False,False,False,False,True,False,False,False,False,True
78.75,13,0,386,1,0,False,False,True,False,False,False,True,False,False,False,True
85.35,22,2,4155,1,1,False,False,False,True,True,False,False,False,False,False,True
25.15,18,0,369,0,0,False,False,True,False,False,False,False,True,False,False,True
90.7,16,0,1872,1,0,False,False,False,True,False,False,True,False,False,False,True
80.6,5,2,226,1,1,True,False,False,False,False,False,True,False,False,False,True
20.25,53,2,490,0,1,True,False,False,False,False,False,False,True,False,False,True
73.85,44,3,448,1,1,False,False,True,False,False,False,True,False,True,False,False
100.55,44,0,709,1,0,False,False,True,False,False,False,True,False,True,False,False
89.75,70,1,329,1,0,False,False,True,False,False,True,False,False,True,False,False
105.3,6,3,499,1,1,False,True,False,False,False,False,True,False,False,False,True
51.45,33,2,2897,0,1,False,False,False,True,False,False,False,True,False,False,True
20.0,11,1,281,0,0,False,True,False,False,False,False,False,True,False,False,True
24.45,72,0,341,0,0,True,False,False,False,True,False,False,False,False,False,True
79.75,9,0,334,1,0,False,False,True,False,False,False,True,False,False,False,True
36.1,63,1,3331,0,0,False,False,False,True,True,False,False,False,False,False,True
20.55,3,0,397,0,0,True,False,False,False,False,True,False,False,False,True,False
105.65,66,1,277,1,0,False,True,False,False,True,False,False,False,True,False,False
62.5,66,2,469,0,1,True,False,False,False,True,False,False,False,True,False,False
71.1,1,3,598,1,1,False,False,True,False,False,False,False,True,False,True,False
94.4,30,0,545,1,0,False,False,True,False,True,False,False,False,True,False,False
70.15,13,3,363,0,1,True,False,False,False,False,False,True,False,False,False,True
79.5,72,1,183,1,0,False,False,True,False,True,False,False,False,True,False,False
55.75,8,0,435,0,0,False,True,False,False,False,False,True,False,False,False,True
106.1,28,3,425,1,1,False,True,False,False,False,False,True,False,True,False,False
105.05,65,2,3360,1,1,False,False,False,True,False,False,True,False,True,False,False
82.9,11,1,371,1,0,True,False,False,False,False,False,True,False,False,False,True
19.2,26,1,213,0,0,False,True,False,False,False,False,False,True,False,False,True
50.25,59,1,2735,0,0,False,False,False,True,False,False,True,False,False,False,True
19.4,67,0,577,0,0,False,False,True,False,False,True,False,False,False,False,True
19.85,71,0,1182,0,0,False,False,False,True,False,True,False,False,False,False,True
71.1,57,0,451,1,0,False,False,True,False,False,True,False,False,True,False,False
47.05,71,1,403,0,0,True,False,False,False,False,False,True,False,False,False,True
20.55,57,0,199,0,0,False,False,True,False,False,True,False,False,False,False,True
26.1,72,0,207,0,0,False,True,False,False,False,False,False,True,False,False,True
75.35,1,1,475,1,0,True,False,False,False,False,True,False,False,False,True,False
96.5,15,0,2976,1,0,False,False,False,True,False,False,True,False,False,False,True
80.15,4,0,429,1,0,False,True,False,False,False,False,True,False,False,False,True
44.95,23,0,288,0,0,False,False,True,False,False,False,True,False,False,False,True
106.8,71,1,469,1,0,True,False,False,False,False,False,True,False,True,False,False
81.3,45,1,398,1,0,False,True,False,False,False,False,False,True,True,False,False
108.5,64,0,568,1,0,False,False,True,False,False,False,False,True,True,False,False
59.2,20,0,284,0,0,True,False,False,False,True,False,False,False,False,False,True
79.85,31,1,231,1,0,False,True,False,False,False,True,False,False,True,False,False
94.85,3,0,274,1,0,False,False,True,False,False,False,True,False,False,True,False
20.65,20,1,572,0,0,False,False,True,False,False,False,False,True,False,False,True
97.55,57,0,357,1,0,False,False,True,False,False,True,False,False,True,False,False
29.4,8,0,346,0,0,False,False,True,False,False,False,True,False,False,False,True
19.45,33,2,2669,0,1,False,False,False,True,True,False,False,False,False,False,True
54.2,67,0,499,0,0,True,False,False,False,False,True,False,False,False,False,True
82.0,71,2,408,1,1,False,True,False,False,False,True,False,False,True,False,False
64.65,59,1,441,0,0,False,True,False,False,False,False,True,False,True,False,False
20.45,1,1,425,0,0,True,False,False,False,False,False,False,True,False,True,False
74.6,57,0,50,1,0,False,False,True,False,True,False,False,False,True,False,False
59.2,1,0,404,0,0,False,False,True,False,False,False,True,False,False,True,False
99.3,9,0,527,1,0,False,False,True,False,False,True,False,False,False,False,True
20.15,4,0,2661,0,0,False,False,False,True,False,True,False,False,False,False,True
88.55,72,1,181,1,0,False,True,False,False,False,True,False,False,True,False,False
106.05,62,3,612,1,1,False,False,True,False,False,True,False,False,True,False,False
80.2,5,1,395,1,0,False,False,True,False,False,False,True,False,False,False,True
94.95,22,0,369,1,0,True,False,False,False,True,False,False,False,False,False,True
25.45,35,0,365,0,0,False,True,False,False,True,False,False,False,False,False,True
79.95,12,0,206,1,0,False,True,False,False,True,False,False,False,False,False,True
20.25,28,1,436,0,0,True,False,False,False,False,False,False,True,False,False,True
20.4,1,1,318,0,0,False,True,False,False,False,False,False,True,False,True,False
104.1,67,1,3252,1,0,False,False,False,True,False,False,True,False,True,False,False
97.75,72,0,456,1,0,False,True,False,False,False,True,False,False,True,False,False
110.7,38,3,2290,1,1,False,False,False,True,False,False,True,False,True,False,False
48.8,14,3,2985,0,1,False,False,False,True,True,False,False,False,False,False,True
86.95,47,0,446,1,0,False,True,False,False,True,False,False,False,True,False,False
24.65,63,1,2438,0,0,False,False,False,True,False,True,False,False,False,False,True
28.6,37,2,1495,0,1,False,False,False,True,False,True,False,False,False,False,True
74.2,1,0,199,1,0,False,False,True,False,False,False,True,False,False,True,False
19.85,37,2,325,0,1,True,False,False,False,True,False,False,False,False,False,True
40.65,9,2,437,0,1,True,False,False,False,False,False,False,True,False,False,True
59.8,60,2,452,0,1,False,True,False,False,False,False,False,True,False,False,True
87.55,57,2,324,1,1,False,True,False,False,True,False,False,False,True,False,False
45.2,41,0,453,0,0,True,False,False,False,True,False,False,False,False,False,True
70.8,50,3,618,1,1,False,True,False,False,False,True,False,False,True,False,False
50.8,4,1,3298,0,0,False,False,False,True,False,False,False,True,False,False,True
79.35,9,0,2883,1,0,False,False,False,True,True,False,False,False,False,False,True
95.4,36,0,482,1,0,False,False,True,False,False,False,True,False,True,False,False
24.35,2,0,290,0,0,True,False,False,False,False,False,True,False,False,True,False
94.55,65,0,317,1,0,False,True,False,False,False,True,False,False,True,False,False
85.85,36,0,536,1,0,False,True,False,False,True,False,False,False,True,False,False
20.15,5,0,449,0,0,False,True,False,False,False,False,False,True,False,False,True
107.5,71,1,290,1,0,True,False,False,False,False,False,True,False,True,False,False
26.4,3,3,4289,0,1,False,False,False,True,False,False,False,True,False,True,False
19.7,55,1,495,0,0,False,True,False,False,False,False,True,False,False,False,True
47.15,5,0,3895,0,0,False,False,False,True,False,False,True,False,False,False,True
53.5,1,1,190,0,0,False,True,False,False,False,False,False,True,False,True,False
80.35,68,0,416,1,0,False,True,False,False,False,True,False,False,True,False,False
83.9,38,0,295,1,0,True,False,False,False,False,True,False,False,True,False,False
54.1,16,0,351,0,0,False,False,True,False,False,False,True,False,False,False,True
72.35,67,0,375,1,0,False,False,True,False,True,False,False,False,True,False,False
116.95,72,0,1326,1,0,False,False,False,True,False,True,False,False,True,False,False
68.65,21,1,1229,0,0,False,False,False,True,False,False,True,False,False,False,True
19.0,4,1,508,0,0,False,True,False,False,False,False,False,True,False,False,True
29.2,3,2,449,0,1,False,True,False,False,False,False,False,True,False,True,False
99.35,69,1,341,1,0,False,False,True,False,False,False,True,False,True,False,False
93.85,2,2,397,1,1,True,False,False,False,False,False,True,False,False,True,False
98.3,70,2,574,1,1,False,False,True,False,True,False,False,False,True,False,False
21.0,1,0,2509,0,0,False,False,False,True,False,False,True,False,False,True,False
19.65,2,0,596,0,0,False,False,True,False,False,False,False,True,False,True,False
90.6,11,0,395,1,0,False,False,True,False,False,False,True,False,False,False,True
96.65,13,1,636,1,0,False,False,True,False,False,False,True,False,False,False,True
19.65,60,1,247,0,0,False,True,False,False,False,True,False,False,False,False,True
73.65,20,1,255,1,0,True,False,False,False,False,False,True,False,False,False,True
35.8,37,3,216,0,1,False,False,True,False,False,True,False,False,False,False,True
20.7,30,2,50,0,1,False,True,False,False,False,True,False,False,False,False,True
103.75,60,2,276,1,1,False,False,True,False,True,False,False,False,True,False,False
70.3,35,0,439,0,0,False,True,False,False,False,False,True,False,True,False,False
95.7,50,1,1747,1,0,False,False,False,True,False,False,True,False,True,False,False
95.65,71,0,328,1,0,False,False,True,False,False,False,False,True,True,False,False
74.05,8,1,3736,1,0,False,False,False,True,True,False,False,False,False,False,True
24.25,38,0,196,0,0,True,False,False,False,False,False,True,False,False,False,True
19.85,72,0,195,0,0,False,True,False,False,True,False,False,False,False,False,True
95.55,42,1,581,1,0,False,True,False,False,False,False,True,False,True,False,False
95.0,57,0,251,1,0,False,False,True,False,False,False,True,False,True,False,False
110.8,60,1,417,1,0,False,False,True,False,False,True,False,False,True,False,False
25.35,71,3,433,0,1,True,False,False,False,False,True,False,False,False,False,True
23.15,11,0,623,0,0,False,True,False,False,False,True,False,False,False,False,True
51.1,40,2,274,0,1,True,False,False,False,False,False,True,False,False,False,True
84.35,42,0,207,1,0,False,False,True,False,False,True,False,False,True,False,False
44.45,1,2,694,0,1,False,False,True,False,False,False,False,True,False,True,False
90.05,47,3,1449,1,1,False,False,False,True,False,False,True,False,True,False,False
75.5,50,2,410,1,1,False,True,False,False,False,False,True,False,True,False,False
53.7,10,2,2600,0,1,False,False,False,True,False,True,False,False,False,False,True
85.45,72,0,606,1,0,False,False,True,False,False,True,False,False,True,False,False
99.4,72,2,390,1,1,False,True,False,False,False,False,True,False,True,False,False
89.55,60,2,290,1,1,False,True,False,False,False,False,True,False,True,False,False
75.15,3,0,508,1,0,True,False,False,False,False,True,False,False,False,True,False
79.85,2,1,586,1,0,False,False,True,False,False,False,True,False,False,True,False
80.05,1,2,3583,1,1,False,False,False,True,False,False,False,True,False,True,False
89.2,11,0,503,1,0,False,False,True,False,False,False,True,False,False,False,True
98.35,49,0,50,1,0,False,False,True,False,False,False,True,False,True,False,False
113.65,70,0,540,1,0,True,False,False,False,False,False,True,False,True,False,False
70.75,2,0,466,1,0,False,False,True,False,False,False,True,False,False,True,False
98.75,16,0,608,1,0,False,False,True,False,False,False,True,False,False,False,True
99.85,10,3,482,1,1,False,False,True,False,False,False,True,False,False,False,True
68.75,56,0,336,0,0,True,False,False,False,True,False,False,False,True,False,False
103.85,48,0,427,1,0,True,False,False,False,False,False,True,False,True,False,False
25.0,72,1,455,0,0,False,True,False,False,True,False,False,False,False,False,True
20.9,1,1,3709,0,0,False,False,False,True,False,False,False,True,False,True,False
19.55,29,0,582,0,0,False,False,True,False,False,False,False,True,False,False,True
25.3,25,1,403,0,0,False,False,True,False,True,False,False,False,False,False,True
54.45,68,0,328,0,0,True,False,False,False,False,True,False,False,False,False,True
69.8,2,3,433,0,1,False,False,True,False,False,False,True,False,False,True,False
77.95,42,0,248,1,0,True,False,False,False,False,True,False,False,True,False,False
20.1,6,0,605,0,0,True,False,False,False,False,False,False,True,False,False,True
101.3,18,0,2005,1,0,False,False,False,True,False,True,False,False,False,False,True
70.3,10,0,300,0,0,False,True,False,False,False,False,True,False,False,False,True
103.65,72,2,736,1,1,False,False,True,False,False,False,True,False,True,False,False
104.8,63,1,121,1,0,False,True,False,False,True,False,False,False,True,False,False
78.2,27,3,459,1,1,False,False,True,False,False,False,False,True,True,False,False
25.4,35,0,352,0,0,False,True,False,False,False,True,False,False,False,False,True
90.1,18,1,425,1,0,False,False,True,False,False,False,True,False,False,False,True
73.5,11,1,572,1,0,False,False,True,False,False,False,True,False,False,False,True
20.6,44,3,291,0,1,False,False,True,False,True,False,False,False,False,False,True
60.6,19,0,379,0,0,True,False,False,False,False,False,True,False,False,False,True
93.25,72,3,553,1,1,False,False,True,False,True,False,False,False,True,False,False
50.0,18,0,469,0,0,False,True,False,False,False,False,False,True,False,False,True
49.85,18,0,599,0,0,True,False,False,False,False,True,False,False,False,False,True
61.4,71,3,1562,0,1,False,False,False,True,False,True,False,False,True,False,False
55.3,30,2,198,0,1,False,False,True,False,True,False,False,False,False,False,True
60.0,28,1,314,0,0,False,False,True,False,False,True,False,False,False,False,True
78.95,37,1,2856,1,0,False,False,False,True,False,True,False,False,True,False,False
19.8,18,1,399,0,0,False,True,False,False,True,False,False,False,False,False,True
80.55,31,2,264,1,1,False,True,False,False,True,False,False,False,True,False,False
56.15,5,1,409,0,0,True,False,False,False,False,False,True,False,False,False,True
77.9,30,2,403,1,1,False,False,True,False,False,False,False,True,True,False,False
71.8,49,1,609,1,0,False,False,True,False,False,False,True,False,True,False,False
45.4,12,0,3230,0,0,False,False,False,True,True,False,False,False,False,False,True
78.05,1,0,383,1,0,False,False,True,False,False,False,True,False,False,True,False
89.6,4,0,228,1,0,False,True,False,False,False,False,False,True,False,False,True
20.55,3,1,199,0,0,False,True,False,False,False,True,False,False,False,True,False
79.4,3,0,316,1,0,False,False,True,False,False,False,True,False,False,True,False
65.6,37,2,459,0,1,True,False,False,False,True,False,False,False,True,False,False
66.25,23,0,285,0,0,True,False,False,False,False,False,False,True,False,False,True
79.1,23,2,277,1,1,False,False,True,False,False,False,False,True,False,False,True
100.15,45,0,504,1,0,False,False,True,False,True,False,False,False,True,False,False
20.25,22,3,436,0,1,False,False,True,False,True,False,False,False,False,False,True
99.65,24,1,466,1,0,False,False,True,False,True,False,False,False,False,False,True
19.85,48,0,252,0,0,False,True,False,False,False,True,False,False,False,False,True
56.15,3,2,75,0,1,False,False,True,False,False,False,False,True,False,True,False
87.1,8,0,1833,1,0,False,False,False,True,False,False,True,False,False,False,True
53.95,44,2,3373,0,1,False,False,False,True,False,False,False,True,False,False,True
90.55,56,1,284,1,0,False,False,True,False,False,False,True,False,True,False,False
20.6,1,0,624,0,0,True,False,False,False,False,False,False,True,False,True,False
92.55,53,0,531,1,0,False,False,True,False,False,False,True,False,True,False,False
19.3,59,0,251,0,0,True,False,False,False,False,True,False,False,False,False,True
48.85,15,3,295,0,1,False,True,False,False,False,False,False,True,False,False,True
89.85,49,0,2290,1,0,False,False,False,True,True,False,False,False,True,False,False
55.9,39,1,300,0,0,True,False,False,False,False,False,True,False,False,False,True
89.15,44,1,670,1,0,True,False,False,False,False,True,False,False,True,False,False
53.4,3,0,475,0,0,True,False,False,False,False,True,False,False,False,True,False
74.3,16,0,528,1,0,False,False,True,False,False,True,False,False,False,False,True
65.6,5,0,425,0,0,True,False,False,False,True,False,False,False,False,False,True
100.3,37,0,484,1,0,False,False,True,False,False,True,False,False,True,False,False
50.85,9,0,397,0,0,False,True,False,False,False,False,False,True,False,False,True
19.85,35,0,2484,0,0,False,False,False,True,False,False,False,True,False,False,True
86.25,7,2,460,1,1,False,False,True,False,False,False,True,False,False,False,True
20.2,1,1,297,0,0,False,False,True,False,True,False,False,False,False,True,False
25.1,29,0,399,0,0,False,False,True,False,False,True,False,False,False,False,True
95.15,51,1,746,1,0,False,False,True,False,False,False,False,True,True,False,False
70.1,58,1,1854,0,0,False,False,False,True,True,False,False,False,True,False,False
108.5,72,1,594,1,0,False,True,False,False,True,False,False,False,True,False,False
38.55,4,0,495,0,0,False,True,False,False,False,True,False,False,False,False,True
111.45,64,1,3139,1,0,False,False,False,True,False,False,True,False,True,False,False
80.35,68,1,418,1,0,False,False,True,False,False,True,False,False,True,False,False
96.1,62,0,407,1,0,False,False,True,False,False,True,False,False,True,False,False
92.95,37,1,856,1,0,False,False,True,False,False,False,True,False,True,False,False
19.65,43,3,107,0,1,True,False,False,False,True,False,False,False,False,False,True
91.55,65,0,2216,1,0,False,False,False,True,True,False,False,False,True,False,False
61.15,1,0,438,0,0,False,False,True,False,False,False,True,False,False,True,False
66.15,27,0,201,0,0,False,False,True,False,False,False,False,True,True,False,False
19.5,57,0,595,0,0,True,False,False,False,True,False,False,False,False,False,True
20.55,1,0,569,0,0,True,False,False,False,False,False,False,True,False,True,False
40.45,43,2,136,0,1,False,False,True,False,False,False,True,False,False,False,True
111.8,48,0,562,1,0,True,False,False,False,False,True,False,False,True,False,False
111.15,41,2,334,1,1,False,True,False,False,False,False,True,False,True,False,False
90.2,68,0,257,1,0,False,True,False,False,False,True,False,False,True,False,False
48.85,15,1,392,0,0,False,False,True,False,False,False,True,False,False,False,True
94.45,8,0,538,1,0,False,False,True,False,False,True,False,False,False,False,True
25.3,3,1,377,0,0,False,False,True,False,False,False,True,False,False,True,False
90.45,55,0,307,1,0,False,False,True,False,False,False,True,False,True,False,False
19.65,1,0,214,0,0,True,False,False,False,False,False,False,True,False,True,False
71.8,16,0,343,1,0,False,False,True,False,True,False,False,False,False,False,True
80.0,39,0,552,1,0,False,True,False,False,False,True,False,False,True,False,False
94.85,10,0,2564,1,0,False,False,False,True,False,False,True,False,False,False,True
108.9,46,0,367,1,0,False,False,True,False,False,True,False,False,True,False,False
56.3,12,0,321,0,0,False,True,False,False,False,False,False,True,False,False,True
20.65,41,2,360,0,1,False,True,False,False,False,False,False,True,False,False,True
109.15,65,1,651,1,0,False,False,True,False,False,False,True,False,True,False,False
79.2,21,0,390,1,0,False,True,False,False,False,False,True,False,False,False,True
99.8,4,0,417,1,0,False,False,True,False,False,True,False,False,False,False,True
89.85,72,0,367,1,0,True,False,False,False,True,False,False,False,True,False,False
24.55,47,0,489,0,0,False,False,True,False,False,False,False,True,False,False,True
84.25,43,1,720,1,0,False,True,False,False,True,False,False,False,True,False,False
113.1,72,3,623,1,1,False,False,True,False,True,False,False,False,True,False,False
111.25,67,0,257,1,0,True,False,False,False,False,False,True,False,True,False,False
89.3,6,0,422,1,0,False,False,True,False,False,False,True,False,False,False,True
70.15,60,0,354,0,0,False,True,False,False,False,True,False,False,True,False,False
98.15,40,3,529,1,1,False,False,True,False,False,True,False,False,True,False,False
90.95,66,0,346,1,0,False,False,True,False,False,True,False,False,True,False,False
49.15,52,0,229,0,0,True,False,False,False,False,False,True,False,False,False,True
93.85,1,1,608,1,0,False,False,True,False,False,False,True,False,False,True,False
93.4,58,3,540,1,1,False,False,True,False,True,False,False,False,True,False,False
63.8,72,1,3793,0,0,False,False,False,True,True,False,False,False,True,False,False
95.45,35,0,617,1,0,True,False,False,False,False,False,True,False,True,False,False
20.5,72,3,2469,0,1,False,False,False,True,False,True,False,False,False,False,True
69.15,51,2,553,0,1,True,False,False,False,False,False,False,True,True,False,False
19.3,69,3,2694,0,1,False,False,False,True,True,False,False,False,False,False,True
99.5,69,3,537,1,1,False,True,False,False,True,False,False,False,True,False,False
20.3,11,0,2558,0,0,False,False,False,True,True,False,False,False,False,False,True
24.2,1,0,437,0,0,False,True,False,False,False,False,False,True,False,True,False
105.0,3,3,399,1,1,False,False,True,False,False,False,True,False,False,True,False
99.2,37,1,2530,1,0,False,False,False,True,False,False,True,False,True,False,False
25.2,4,0,3138,0,0,False,False,False,True,True,False,False,False,False,False,True
94.65,67,2,483,1,1,False,False,True,False,False,True,False,False,True,False,False
85.9,25,0,470,1,0,False,False,True,False,False,False,True,False,True,False,False
92.0,72,0,341,1,0,False,False,True,False,True,False,False,False,True,False,False
51.3,8,0,390,0,0,False,True,False,False,False,True,False,False,False,False,True
80.25,10,1,2387,1,0,False,False,False,True,True,False,False,False,False,False,True
20.15,6,3,629,0,1,True,False,False,False,True,False,False,False,False,False,True
80.85,52,1,2979,1,0,False,False,False,True,False,False,True,False,True,False,False
25.35,70,1,574,0,0,False,False,True,False,False,False,False,True,False,False,True
92.2,70,2,328,1,1,False,False,True,False,True,False,False,False,True,False,False
25.3,58,0,2254,0,0,False,False,False,True,False,True,False,False,False,False,True
77.3,70,1,449,1,0,True,False,False,False,False,True,False,False,True,False,False
19.7,72,1,615,0,0,True,False,False,False,False,True,False,False,False,False,True
49.4,66,0,2781,0,0,False,False,False,True,False,True,False,False,False,False,True
35.5,16,1,3064,0,0,False,False,False,True,False,True,False,False,False,False,True
59.45,35,1,2749,0,0,False,False,False,True,False,True,False,False,False,False,True
95.45,65,1,556,1,0,False,False,True,False,True,False,False,False,True,False,False
43.95,2,0,3410,0,0,False,False,False,True,False,False,True,False,False,True,False
48.8,30,1,653,0,0,False,True,False,False,False,False,False,True,False,False,True
89.95,14,0,324,1,0,False,False,True,False,False,False,True,False,False,False,True
20.25,7,2,539,0,1,False,True,False,False,True,False,False,False,False,False,True
79.0,2,2,1678,1,1,False,False,False,True,False,False,True,False,False,True,False
85.25,66,3,502,1,1,False,False,True,False,False,False,True,False,True,False,False
20.75,3,0,330,0,0,False,False,True,False,False,True,False,False,False,True,False
19.75,1,1,304,0,0,True,False,False,False,False,False,False,True,False,True,False
64.1,68,0,249,0,0,False,False,True,False,True,False,False,False,True,False,False
86.45,10,0,557,1,0,False,False,True,False,False,False,True,False,False,False,True
100.45,49,2,309,1,1,True,False,False,False,False,False,False,True,True,False,False
20.3,23,1,98,0,0,True,False,False,False,True,False,False,False,False,False,True
96.85,13,1,276,1,0,False,False,True,False,False,False,True,False,False,False,True
19.85,65,3,126,0,1,False,True,False,False,False,True,False,False,False,False,True
35.9,28,0,2796,0,0,False,False,False,True,False,False,True,False,False,False,True
89.5,2,2,462,1,1,True,False,False,False,False,False,True,False,False,True,False
75.6,9,0,541,1,0,False,False,True,False,False,False,True,False,False,False,True
109.55,54,0,601,1,0,False,True,False,False,False,False,True,False,True,False,False
61.6,25,2,389,0,1,False,False,True,False,True,False,False,False,True,False,False
20.5,19,2,557,0,1,False,True,False,False,False,False,False,True,False,False,True
85.45,71,3,403,1,1,True,False,False,False,False,True,False,False,True,False,False
20.35,36,0,228,0,0,True,False,False,False,False,True,False,False,False,False,True
19.75,16,3,497,0,1,True,False,False,False,False,True,False,False,False,False,True
24.75,25,1,389,0,0,True,False,False,False,False,True,False,False,False,False,True
81.25,59,0,212,1,0,False,True,False,False,False,True,False,False,True,False,False
23.9,71,0,437,0,0,False,True,False,False,False,True,False,False,False,False,True
95.25,46,1,3035,1,0,False,False,False,True,False,True,False,False,True,False,False
68.25,16,2,565,0,1,False,True,False,False,True,False,False,False,False,False,True
95.6,49,2,512,1,1,True,False,False,False,False,False,True,False,True,False,False
84.8,24,1,591,1,0,True,False,False,False,False,False,False,True,False,False,True
42.6,2,3,1353,0,1,False,False,False,True,False,False,True,False,False,True,False
66.8,58,0,398,0,0,False,True,False,False,True,False,False,False,True,False,False
89.25,1,1,401,1,0,False,False,True,False,False,False,True,False,False,True,False
86.1,45,3,455,1,1,False,True,False,False,False,False,True,False,True,False,False
50.5,1,2,1268,0,1,False,False,False,True,False,False,True,False,False,True,False
43.35,8,0,3091,0,0,False,False,False,True,False,False,False,True,False,False,True
90.0,22,2,577,1,1,False,False,True,False,False,False,True,False,False,False,True
115.8,66,0,1850,1,0,False,False,False,True,True,False,False,False,True,False,False
74.5,8,3,168,1,1,False,False,True,False,False,False,True,False,False,False,True
106.1,72,1,481,1,0,False,True,False,False,True,False,False,False,True,False,False
63.8,47,0,510,0,0,False,False,True,False,True,False,False,False,True,False,False
72.2,4,0,528,1,0,True,False,False,False,True,False,False,False,False,False,True
78.9,29,0,541,1,0,True,False,False,False,False,False,True,False,True,False,False
116.45,72,0,3074,1,0,False,False,False,True,True,False,False,False,True,False,False
84.95,16,3,466,1,1,True,False,False,False,False,False,True,False,False,False,True
79.95,2,3,626,1,1,False,False,True,False,False,False,True,False,False,True,False
19.5,1,0,672,0,0,False,True,False,False,False,False,False,True,False,True,False
70.95,68,1,541,1,0,False,True,False,False,True,False,False,False,True,False,False
24.9,33,0,243,0,0,False,True,False,False,True,False,False,False,False,False,True
19.4,61,0,1986,0,0,False,False,False,True,False,False,False,True,False,False,True
79.15,23,0,275,1,0,False,True,False,False,False,False,True,False,False,False,True
48.95,19,0,2967,0,0,False,False,False,True,True,False,False,False,False,False,True
40.55,13,1,709,0,0,False,True,False,False,False,False,False,True,False,False,True
86.5,21,0,595,1,0,False,True,False,False,False,False,True,False,False,False,True
104.85,62,0,444,1,0,False,True,False,False,False,False,True,False,True,False,False
25.15,29,0,416,0,0,False,False,True,False,False,False,True,False,False,False,True
105.35,70,0,387,1,0,True,False,False,False,False,True,False,False,True,False,False
101.15,38,0,473,1,0,False,False,True,False,False,True,False,False,True,False,False
73.9,31,1,199,1,0,False,True,False,False,False,False,True,False,True,False,False
69.95,1,1,504,0,0,True,False,False,False,False,False,True,False,False,True,False
43.95,1,2,141,0,1,True,False,False,False,False,False,False,True,False,True,False
66.2,71,0,2389,0,0,False,False,False,True,False,False,True,False,True,False,False
19.55,4,2,458,0,1,False,False,True,False,False,True,False,False,False,False,True
80.75,2,0,377,1,0,False,False,True,False,False,False,True,False,False,True,False
64.4,4,1,2667,0,0,False,False,False,True,False,False,False,True,False,False,True
99.15,69,1,252,1,0,False,False,True,False,True,False,False,False,True,False,False
81.25,64,0,2766,1,0,False,False,False,True,False,False,True,False,True,False,False
79.0,60,1,396,1,0,True,False,False,False,False,False,False,True,True,False,False
69.95,1,1,797,0,0,False,False,False,True,False,False,True,False,False,True,False
105.4,63,0,288,1,0,False,True,False,False,False,False,True,False,True,False,False
19.25,35,1,371,0,0,True,False,False,False,False,False,False,True,False,False,True
76.45,17,0,550,1,0,False,False,True,False,False,False,True,False,False,False,True
97.45,63,0,344,1,0,False,False,True,False,True,False,False,False,True,False,False
66.4,19,0,330,0,0,False,False,True,False,True,False,False,False,False,False,True
111.2,21,0,308,1,0,False,False,True,False,False,False,True,False,False,False,True
95.3,57,0,690,1,0,False,True,False,False,False,True,False,False,True,False,False
49.55,8,0,454,0,0,False,True,False,False,True,False,False,False,False,False,True
20.65,6,0,406,0,0,False,True,False,False,False,False,False,True,False,False,True
61.35,66,1,396,0,0,False,True,False,False,True,False,False,False,True,False,False
75.55,63,0,351,1,0,False,True,False,False,False,True,False,False,True,False,False
92.2,28,0,334,1,0,False,False,True,False,True,False,False,False,True,False,False
75.0,23,1,432,1,0,False,True,False,False,True,False,False,False,False,False,True
19.85,29,1,1554,0,0,False,False,False,True,False,False,False,True,False,False,True
80.55,18,1,2815,1,0,False,False,False,True,False,True,False,False,False,False,True
46.3,53,1,361,0,0,True,False,False,False,True,False,False,False,False,False,True
70.3,10,3,678,0,1,False,False,True,False,False,False,True,False,False,False,True
49.8,39,3,330,0,1,True,False,False,False,True,False,False,False,False,False,True
75.4,17,0,384,1,0,True,False,False,False,True,False,False,False,False,False,True
91.2,37,0,2419,1,0,False,False,False,True,False,True,False,False,True,False,False
20.1,33,1,537,0,0,False,False,True,False,False,False,False,True,False,False,True
89.35,19,0,271,1,0,False,False,True,False,True,False,False,False,False,False,True
61.4,7,0,555,0,0,False,False,True,False,False,False,True,False,False,False,True
72.9,9,1,441,1,0,True,False,False,False,False,False,False,True,False,False,True
64.05,59,1,510,0,0,True,False,False,False,False,True,False,False,True,False,False
103.7,55,0,445,1,0,False,False,True,False,True,False,False,False,True,False,False
94.4,4,0,2361,1,0,False,False,False,True,True,False,False,False,False,False,True
20.75,57,0,812,0,0,True,False,False,False,False,False,False,True,False,False,True
114.9,68,0,421,1,0,False,True,False,False,True,False,False,False,True,False,False
74.35,64,0,238,1,0,True,False,False,False,False,False,False,True,True,False,False
103.2,72,1,476,1,0,True,False,False,False,False,True,False,False,True,False,False
84.0,8,0,309,1,0,False,False,True,False,False,False,True,False,False,False,True
115.8,72,2,224,1,1,False,False,False,True,False,True,False,False,True,False,False
45.8,1,0,269,0,0,False,True,False,False,False,False,False,True,False,True,False
95.2,69,0,273,1,0,False,False,True,False,False,True,False,False,True,False,False
80.3,56,2,154,1,1,False,False,True,False,True,False,False,False,True,False,False
64.95,9,3,3107,0,1,False,False,False,True,False,False,False,True,False,False,True
69.9,1,0,231,0,0,False,True,False,False,False,False,True,False,False,True,False
80.1,59,1,165,1,0,False,False,True,False,False,False,True,False,True,False,False
79.55,12,1,404,1,0,False,False,True,False,False,True,False,False,False,False,True
84.8,4,0,173,1,0,False,False,True,False,True,False,False,False,False,False,True
70.3,3,2,567,0,1,True,False,False,False,False,False,True,False,False,True,False
50.75,1,3,2035,0,1,False,False,False,True,False,False,False,True,False,True,False
98.8,29,0,647,1,0,True,False,False,False,False,True,False,False,True,False,False
84.4,71,0,327,1,0,False,False,True,False,False,True,False,False,True,False,False
57.75,23,0,2853,0,0,False,False,False,True,False,False,False,True,False,False,True
26.35,6,0,468,0,0,False,True,False,False,False,False,False,True,False,False,True
19.35,37,2,314,0,1,False,False,True,False,False,False,True,False,False,False,True
74.4,24,2,330,1,1,False,False,True,False,True,False,False,False,False,False,True
100.85,49,3,473,1,1,False,False,True,False,False,False,False,True,True,False,False
96.2,11,2,50,1,1,False,True,False,False,False,True,False,False,False,False,True
100.1,44,2,97,1,1,True,False,False,False,True,False,False,False,True,False,False
25.2,11,1,492,0,0,False,True,False,False,False,False,True,False,False,False,True
29.3,43,2,529,0,1,True,False,False,False,False,True,False,False,False,False,True
50.55,1,1,488,0,0,False,True,False,False,False,False,True,False,False,True,False
23.85,23,0,300,0,0,False,False,True,False,False,False,False,True,False,False,True
69.5,25,3,945,0,1,False,False,False,True,False,True,False,False,True,False,False
75.1,14,1,174,1,0,False,False,True,False,False,False,True,False,False,False,True
80.05,10,0,107,1,0,False,False,True,False,True,False,False,False,False,False,True
80.65,27,3,267,1,1,True,False,False,False,False,True,False,False,True,False,False
105.35,3,1,366,1,0,False,True,False,False,True,False,False,False,False,True,False
25.7,10,1,3489,0,0,False,False,False,True,True,False,False,False,False,False,True
45.4,5,0,540,0,0,True,False,False,False,False,True,False,False,False,False,True
26.3,48,0,2393,0,0,False,False,False,True,True,False,False,False,False,False,True
64.95,7,1,321,0,0,False,False,True,False,False,False,True,False,False,False,True
49.05,44,0,475,0,0,False,False,True,False,False,False,True,False,False,False,True
76.4,2,1,433,1,0,False,False,True,False,False,False,True,False,False,True,False
76.65,4,0,351,1,0,False,False,True,False,True,False,False,False,False,False,True
98.8,37,2,1586,1,1,False,False,False,True,True,False,False,False,True,False,False
19.3,13,1,50,0,0,False,False,True,False,False,False,False,True,False,False,True
58.6,39,0,3599,0,0,False,False,False,True,False,True,False,False,False,False,True
56.1,42,1,395,0,0,False,True,False,False,False,True,False,False,False,False,True
105.2,46,0,414,1,0,True,False,False,False,True,False,False,False,True,False,False
55.85,16,3,528,0,1,False,True,False,False,False,False,False,True,False,False,True
46.0,54,2,358,0,1,False,True,False,False,False,True,False,False,False,False,True
66.4,33,1,178,0,0,False,False,True,False,False,True,False,False,True,False,False
50.6,22,2,346,0,1,False,True,False,False,False,False,True,False,False,False,True
89.2,35,0,344,1,0,False,False,True,False,False,False,True,False,True,False,False
20.95,4,2,481,0,1,False,False,True,False,True,False,False,False,False,False,True
20.45,1,0,3466,0,0,False,False,False,True,False,False,False,True,False,True,False
20.85,36,0,433,0,0,False,True,False,False,True,False,False,False,False,False,True
54.3,25,1,324,0,0,True,False,False,False,False,False,True,False,False,False,True
71.1,3,2,714,1,1,False,False,True,False,False,False,False,True,False,True,False
100.75,22,0,383,1,0,False,True,False,False,False,False,True,False,False,False,True
100.7,16,0,3013,1,0,False,False,False,True,True,False,False,False,False,False,True
106.8,50,0,192,1,0,False,False,True,False,False,False,True,False,True,False,False
21.2,10,0,462,0,0,False,True,False,False,False,False,True,False,False,False,True
74.3,25,0,505,1,0,False,False,True,False,False,False,False,True,True,False,False
96.15,32,2,551,1,1,False,False,True,False,False,True,False,False,True,False,False
19.35,63,1,372,0,0,False,True,False,False,False,False,True,False,False,False,True
48.65,5,0,3970,0,0,False,False,False,True,True,False,False,False,False,False,True
30.35,44,0,391,0,0,False,True,False,False,False,False,True,False,False,False,True
96.15,16,3,301,1,1,True,False,False,False,False,False,True,False,False,False,True
64.15,20,1,291,0,0,False,False,True,False,False,False,False,True,False,False,True
106.4,30,0,231,1,0,True,False,False,False,True,False,False,False,True,False,False
45.05,55,0,313,0,0,False,False,True,False,True,False,False,False,False,False,True
65.2,61,0,495,0,0,True,False,False,False,False,False,True,False,True,False,False
19.95,1,2,571,0,1,False,True,False,False,True,False,False,False,False,True,False
94.1,54,1,73,1,0,False,False,True,False,False,True,False,False,True,False,False
70.0,10,0,1920,0,0,False,False,False,True,False,False,True,False,False,False,True
55.25,40,0,259,0,0,False,True,False,False,False,False,False,True,False,False,True
79.15,51,1,519,1,0,False,True,False,False,True,False,False,False,True,False,False
105.5,72,0,232,1,0,False,False,True,False,True,False,False,False,True,False,False
99.25,64,1,2660,1,0,False,False,False,True,False,True,False,False,True,False,False
25.85,72,3,263,0,1,False,True,False,False,False,True,False,False,False,False,True
19.55,53,1,210,0,0,True,False,False,False,True,False,False,False,False,False,True
24.75,3,0,147,0,0,False,False,True,False,False,False,True,False,False,True,False
70.05,1,2,656,0,1,True,False,False,False,False,False,True,False,False,True,False
84.05,13,3,245,1,1,False,False,True,False,False,False,True,False,False,False,True
50.75,39,0,683,0,0,True,False,False,False,False,False,True,False,False,False,True
77.65,9,0,317,1,0,False,False,True,False,True,False,False,False,False,False,True
25.25,22,1,2455,0,0,False,False,False,True,False,False,False,True,False,False,True
99.05,54,2,680,1,1,False,False,True,False,False,True,False,False,True,False,False
35.6,29,2,522,0,1,False,True,False,False,False,False,False,True,False,False,True
117.8,72,0,529,1,0,False,False,True,False,True,False,False,False,True,False,False
79.55,72,0,308,1,0,False,True,False,False,False,True,False,False,True,False,False
109.55,47,2,529,1,1,False,False,True,False,False,False,True,False,True,False,False
49.9,28,0,50,0,0,False,False,True,False,False,False,False,True,False,False,True
30.4,3,1,329,0,0,False,False,True,False,False,False,True,False,False,True,False
75.15,50,0,479,1,0,False,True,False,False,True,False,False,False,True,False,False
69.8,1,1,2696,0,0,False,False,False,True,False,False,True,False,False,True,False
94.95,2,1,362,1,0,False,False,True,False,False,False,True,False,False,True,False
70.7,2,0,418,1,0,False,False,True,False,False,False,False,True,False,True,False
109.5,70,0,3553,1,0,False,False,False,True,False,False,True,False,True,False,False
87.35,51,1,262,1,0,False,True,False,False,False,False,True,False,True,False,False
104.35,65,1,1041,1,0,False,False,False,True,False,False,True,False,True,False,False
90.55,1,0,362,1,0,False,False,True,False,False,False,True,False,False,True,False
30.15,13,1,566,0,0,False,True,False,False,False,False,True,False,False,False,True
98.5,10,0,202,1,0,True,False,False,False,False,False,True,False,False,False,True
20.3,55,3,392,0,1,True,False,False,False,False,False,False,True,False,False,True
70.75,7,0,215,1,0,False,True,False,False,False,True,False,False,False,False,True
19.45,3,0,592,0,0,False,True,False,False,False,False,False,True,False,True,False
33.7,46,0,534,0,0,False,False,True,False,False,True,False,False,False,False,True
75.75,56,0,376,1,0,False,False,True,False,True,False,False,False,True,False,False
115.1,61,3,332,1,1,False,True,False,False,False,True,False,False,True,False,False
93.25,52,3,252,1,1,False,False,True,False,True,False,False,False,True,False,False
70.25,41,2,123,0,1,True,False,False,False,True,False,False,False,True,False,False
25.5,68,0,401,0,0,False,True,False,False,True,False,False,False,False,False,True
78.35,41,1,454,1,0,False,False,True,False,False,True,False,False,True,False,False
69.65,50,1,659,0,0,False,False,True,False,False,False,True,False,True,False,False
115.15,71,1,522,1,0,False,False,True,False,False,True,False,False,True,False,False
83.05,22,0,565,1,0,False,True,False,False,False,False,True,False,False,False,True
19.5,59,0,351,0,0,False,False,True,False,False,False,False,True,False,False,True
69.8,6,1,410,0,0,True,False,False,False,False,False,True,False,False,False,True
24.5,33,0,354,0,0,True,False,False,False,False,False,False,True,False,False,True
24.1,17,2,3335,0,1,False,False,False,True,False,False,False,True,False,False,True
59.6,49,1,427,0,0,False,True,False,False,False,True,False,False,False,False,True
82.15,72,1,270,1,0,True,False,False,False,True,False,False,False,True,False,False
100.45,17,3,272,1,1,False,True,False,False,False,True,False,False,False,False,True
64.85,15,2,589,0,1,True,False,False,False,False,False,False,True,False,False,True
19.65,8,3,511,0,1,False,False,True,False,False,True,False,False,False,False,True
65.05,22,0,190,0,0,True,False,False,False,False,False,False,True,False,False,True
24.95,51,3,267,0,1,False,True,False,False,False,False,False,True,False,False,True
91.65,43,3,388,1,1,True,False,False,False,False,False,True,False,True,False,False
25.1,3,2,452,0,1,False,False,True,False,False,False,True,False,False,True,False
104.5,48,2,438,1,1,False,False,True,False,False,False,True,False,True,False,False
60.8,34,1,421,0,0,False,False,True,False,False,False,False,True,True,False,False
111.95,41,0,401,1,0,False,True,False,False,False,False,True,False,True,False,False
112.35,67,0,294,1,0,True,False,False,False,False,True,False,False,True,False,False
75.9,19,3,699,1,1,False,False,True,False,False,False,False,True,False,False,True
99.65,63,0,209,1,0,True,False,False,False,False,True,False,False,True,False,False
85.2,18,2,374,1,1,True,False,False,False,False,False,True,False,False,False,True
20.65,1,1,2050,0,0,False,False,False,True,False,False,False,True,False,True,False
94.0,11,1,176,1,0,False,True,False,False,False,False,True,False,False,False,True
90.4,30,0,485,1,0,False,False,True,False,True,False,False,False,True,False,False
74.95,23,0,251,1,0,True,False,False,False,False,False,True,False,False,False,True
105.05,52,2,527,1,1,True,False,False,False,False,False,True,False,True,False,False
19.85,13,0,1681,0,0,False,False,False,True,False,False,False,True,False,False,True
63.35,54,0,378,0,0,False,True,False,False,False,True,False,False,True,False,False
47.95,1,1,591,0,0,False,False,True,False,False,False,True,False,False,True,False
83.65,68,1,3389,1,0,False,False,False,True,True,False,False,False,True,False,False
64.4,3,0,636,0,0,False,False,True,False,False,True,False,False,False,True,False
68.5,1,1,345,0,0,False,False,True,False,False,False,True,False,False,True,False
62.65,34,1,1745,0,0,False,False,False,True,False,False,True,False,True,False,False
66.15,49,0,812,0,0,True,False,False,False,True,False,False,False,True,False,False
19.65,23,0,421,0,0,True,False,False,False,False,False,False,True,False,False,True
19.8,71,1,300,0,0,False,False,True,False,False,False,False,True,False,False,True
84.8,46,0,403,1,0,False,False,True,False,True,False,False,False,True,False,False
108.25,50,0,540,1,0,False,True,False,False,False,False,True,False,True,False,False
45.3,1,0,279,0,0,True,False,False,False,False,False,False,True,False,True,False
79.85,24,1,3366,1,0,False,False,False,True,False,True,False,False,False,False,True
114.7,68,0,561,1,0,False,True,False,False,True,False,False,False,True,False,False
20.9,31,1,434,0,0,False,True,False,False,False,True,False,False,False,False,True
49.85,64,3,2005,0,1,False,False,False,True,False,False,True,False,False,False,True
87.25,14,0,531,1,0,False,False,True,False,False,False,True,False,False,False,True
51.7,59,0,489,0,0,False,False,True,False,False,False,True,False,False,False,True
90.8,72,0,540,1,0,False,True,False,False,False,True,False,False,True,False,False
98.1,4,2,469,1,1,False,True,False,False,True,False,False,False,False,False,True
84.05,32,1,416,1,0,False,False,True,False,False,False,True,False,True,False,False
91.05,48,0,441,1,0,True,False,False,False,False,True,False,False,True,False,False
109.65,72,1,388,1,0,True,False,False,False,False,False,True,False,True,False,False
89.85,3,2,50,1,1,False,False,True,False,False,False,True,False,False,True,False
95.9,72,3,1580,1,1,False,False,False,True,True,False,False,False,True,False,False
84.3,18,0,281,1,0,True,False,False,False,True,False,False,False,False,False,True
63.1,72,0,2854,0,0,False,False,False,True,True,False,False,False,True,False,False
85.95,32,0,491,1,0,False,True,False,False,False,True,False,False,True,False,False
82.0,13,0,527,1,0,True,False,False,False,False,False,True,False,False,False,True
29.8,7,2,479,0,1,True,False,False,False,False,False,False,True,False,False,True
55.9,6,0,2027,0,0,False,False,False,True,False,True,False,False,False,False,True
55.2,4,0,392,0,0,True,False,False,False,False,False,True,False,False,False,True
20.45,13,2,668,0,1,False,True,False,False,False,False,False,True,False,False,True
104.05,64,0,3474,1,0,False,False,False,True,False,True,False,False,True,False,False
70.5,17,0,448,1,0,False,True,False,False,True,False,False,False,False,False,True
50.85,40,0,456,0,0,False,True,False,False,False,False,True,False,False,False,True
50.55,11,1,357,0,0,False,True,False,False,False,False,True,False,False,False,True
19.95,5,0,508,0,0,False,False,True,False,False,False,False,True,False,False,True
85.6,23,0,323,1,0,False,False,True,False,False,False,True,False,False,False,True
76.75,68,0,318,1,0,False,False,True,False,False,True,False,False,True,False,False
79.15,1,0,554,1,0,True,False,False,False,False,False,False,True,False,True,False
87.55,72,1,354,1,0,True,False,False,False,True,False,False,False,True,False,False
41.1,57,1,203,0,0,False,False,True,False,False,True,False,False,False,False,True
116.05,60,1,1708,1,0,False,False,False,True,True,False,False,False,True,False,False
44.7,6,0,453,0,0,False,True,False,False,False,True,False,False,False,False,True
90.4,55,0,344,1,0,False,True,False,False,False,True,False,False,True,False,False
110.1,72,1,356,1,0,False,False,True,False,True,False,False,False,True,False,False
67.95,70,1,426,0,0,False,True,False,False,False,False,False,True,True,False,False
89.4,17,2,501,1,1,False,False,True,False,False,False,True,False,False,False,True
59.9,9,0,157,0,0,True,False,False,False,False,False,False,True,False,False,True
60.5,51,2,1411,0,1,False,False,False,True,False,True,False,False,True,False,False
69.9,67,1,375,0,0,True,False,False,False,True,False,False,False,True,False,False
75.8,1,1,3274,1,0,False,False,False,True,False,False,True,False,False,True,False
25.25,3,0,350,0,0,False,False,True,False,False,False,True,False,False,True,False
50.95,6,1,428,0,0,False,True,False,False,False,True,False,False,False,False,True
65.5,10,2,715,0,1,True,False,False,False,False,False,True,False,False,False,True
86.05,21,0,428,1,0,False,False,True,False,False,False,True,False,False,False,True
94.1,13,1,489,1,0,False,True,False,False,False,False,True,False,False,False,True
75.2,51,3,319,1,1,False,True,False,False,True,False,False,False,True,False,False
20.75,25,0,176,0,0,True,False,False,False,False,False,False,True,False,False,True
19.9,71,2,297,0,1,False,True,False,False,True,False,False,False,False,False,True
74.75,3,0,300,1,0,False,True,False,False,False,False,False,True,False,True,False
79.5,1,0,120,1,0,False,False,True,False,False,False,True,False,False,True,False
99.1,65,2,536,1,1,False,False,True,False,True,False,False,False,True,False,False
72.45,65,1,1000,1,0,False,False,False,True,False,True,False,False,True,False,False
24.4,64,1,3128,0,0,False,False,False,True,True,False,False,False,False,False,True
70.6,38,0,2069,1,0,False,False,False,True,False,False,False,True,True,False,False
109.8,56,0,479,1,0,False,True,False,False,True,False,False,False,True,False,False
19.75,72,3,64,0,1,False,False,True,False,False,False,False,True,False,False,True
69.4,9,0,462,0,0,True,False,False,False,False,True,False,False,False,False,True
20.3,38,0,318,0,0,False,False,True,False,False,False,False,True,False,False,True
54.9,44,0,392,0,0,True,False,False,False,True,False,False,False,False,False,True
80.4,71,2,327,1,1,False,False,True,False,False,True,False,False,True,False,False
99.65,57,0,565,1,0,False,False,True,False,False,False,True,False,True,False,False
49.05,43,1,3305,0,0,False,False,False,True,True,False,False,False,False,False,True
20.05,17,1,329,0,0,True,False,False,False,False,True,False,False,False,False,True
86.8,7,0,269,1,0,False,False,True,False,False,False,True,False,False,False,True
79.75,2,2,275,1,1,False,False,True,False,False,False,True,False,False,True,False
24.9,50,1,398,0,0,False,False,True,False,True,False,False,False,False,False,True
82.65,72,1,529,1,0,True,False,False,False,False,True,False,False,True,False,False
88.95,13,2,538,1,1,True,False,False,False,False,True,False,False,False,False,True
69.6,19,0,192,0,0,False,False,True,False,False,False,False,True,False,False,True
21.25,30,0,615,0,0,False,False,True,False,False,False,False,True,False,False,True
106.45,58,1,506,1,0,True,False,False,False,False,False,True,False,True,False,False
20.65,7,0,361,0,0,False,False,True,False,False,False,False,True,False,False,True
20.5,55,3,446,0,1,True,False,False,False,False,False,False,True,False,False,True
19.5,15,1,468,0,0,False,True,False,False,False,False,False,True,False,False,True
88.85,68,0,371,1,0,False,False,True,False,False,True,False,False,True,False,False
100.1,54,3,3937,1,1,False,False,False,True,False,False,True,False,True,False,False
48.25,25,2,428,0,1,True,False,False,False,False,False,True,False,False,False,True
84.3,1,3,346,1,1,True,False,False,False,False,False,True,False,False,True,False
20.7,72,3,416,0,1,False,True,False,False,True,False,False,False,False,False,True
71.9,63,1,3176,1,0,False,False,False,True,True,False,False,False,True,False,False
20.25,42,0,270,0,0,False,True,False,False,False,False,False,True,False,False,True
36.65,37,1,702,0,0,False,False,True,False,False,False,True,False,False,False,True
20.35,4,1,347,0,0,False,True,False,False,False,False,False,True,False,False,True
19.45,13,1,393,0,0,False,True,False,False,False,False,False,True,False,False,True
20.85,3,0,473,0,0,True,False,False,False,False,False,False,True,False,True,False
50.8,1,2,232,0,1,True,False,False,False,False,False,True,False,False,True,False
89.95,68,1,416,1,0,True,False,False,False,True,False,False,False,True,False,False
59.65,10,0,299,0,0,False,True,False,False,False,False,False,True,False,False,True
81.45,62,0,2270,1,0,False,False,False,True,False,True,False,False,True,False,False
19.9,49,1,305,0,0,True,False,False,False,False,True,False,False,False,False,True
19.95,46,2,2953,0,1,False,False,False,True,False,True,False,False,False,False,True
63.9,52,3,3322,0,1,False,False,False,True,False,True,False,False,True,False,False
81.95,26,1,3749,1,0,False,False,False,True,False,False,True,False,True,False,False
19.95,8,0,495,0,0,False,False,True,False,False,False,False,True,False,False,True
75.55,2,2,548,1,1,False,False,True,False,False,False,True,False,False,True,False
19.7,69,1,490,0,0,True,False,False,False,True,False,False,False,False,False,True
29.15,4,1,473,0,0,False,False,True,False,False,False,False,True,False,False,True
75.9,11,1,305,1,0,True,False,False,False,False,False,False,True,False,False,True
49.2,9,0,224,0,0,False,False,True,False,False,False,False,True,False,False,True
68.85,29,0,2383,0,0,False,False,False,True,True,False,False,False,True,False,False
93.25,60,0,406,1,0,False,True,False,False,False,False,True,False,True,False,False
30.75,27,3,2305,0,1,False,False,False,True,False,True,False,False,False,False,True
19.6,57,0,585,0,0,False,True,False,False,False,False,False,True,False,False,True
73.6,1,0,3724,1,0,False,False,False,True,False,False,False,True,False,True,False
91.7,1,1,2609,1,0,False,False,False,True,False,False,True,False,False,True,False
19.85,37,1,2902,0,0,False,False,False,True,False,False,False,True,False,False,True
64.8,72,1,433,0,0,False,True,False,False,True,False,False,False,True,False,False
91.15,31,0,341,1,0,False,False,True,False,False,False,True,False,True,False,False
59.45,52,0,188,0,0,False,True,False,False,False,False,True,False,False,False,True
58.95,48,2,1645,0,1,False,False,False,True,True,False,False,False,False,False,True
89.25,22,0,370,1,0,False,False,True,False,False,False,True,False,False,False,True
75.0,13,3,550,1,1,False,True,False,False,False,False,False,True,False,False,True
80.25,6,0,445,1,0,False,False,True,False,False,False,False,True,False,False,True
53.65,7,0,2857,0,0,False,False,False,True,False,False,True,False,False,False,True
109.0,71,3,430,1,1,False,False,True,False,True,False,False,False,True,False,False
69.65,3,1,1636,0,0,False,False,False,True,False,False,True,False,False,True,False
64.4,48,0,99,0,0,True,False,False,False,True,False,False,False,True,False,False
54.8,9,1,407,0,0,False,True,False,False,False,False,False,True,False,False,True
73.75,7,0,678,1,0,False,False,True,False,False,False,False,True,False,False,True
35.0,18,0,2216,0,0,False,False,False,True,False,False,True,False,False,False,True
60.25,11,1,4173,0,0,False,False,False,True,True,False,False,False,False,False,True
85.3,9,0,339,1,0,False,False,True,False,False,True,False,False,False,False,True
79.25,10,2,441,1,1,True,False,False,False,False,False,True,False,False,False,True
20.2,1,1,3890,0,0,False,False,False,True,False,False,False,True,False,True,False
84.95,26,1,353,1,0,False,False,True,False,False,False,True,False,True,False,False
43.9,7,0,462,0,0,True,False,False,False,False,False,False,True,False,False,True
104.4,46,0,188,1,0,False,False,True,False,True,False,False,False,True,False,False
25.85,27,1,513,0,0,True,False,False,False,False,True,False,False,False,False,True
69.65,1,0,375,0,0,True,False,False,False,False,False,True,False,False,True,False
55.8,40,2,496,0,1,False,True,False,False,False,False,True,False,False,False,True
75.2,49,3,430,1,1,False,False,True,False,False,True,False,False,True,False,False
108.45,68,0,446,1,0,False,False,True,False,False,False,True,False,True,False,False
57.65,18,0,259,0,0,True,False,False,False,False,False,False,True,False,False,True
106.15,28,1,505,1,0,False,False,True,False,False,False,True,False,True,False,False
100.65,72,0,468,1,0,False,False,True,False,True,False,False,False,True,False,False
84.95,62,0,272,1,0,True,False,False,False,False,False,True,False,True,False,False
24.95,34,0,383,0,0,False,False,True,False,False,True,False,False,False,False,True
55.65,46,2,3302,0,1,False,False,False,True,False,True,False,False,False,False,True
81.7,31,3,481,1,1,True,False,False,False,False,True,False,False,True,False,False
100.5,27,0,192,1,0,False,False,True,False,True,False,False,False,True,False,False
54.45,30,1,1294,0,0,False,False,False,True,True,False,False,False,False,False,True
86.2,11,1,226,1,0,False,False,True,False,False,False,True,False,False,False,True
110.0,46,3,362,1,1,False,True,False,False,False,False,True,False,True,False,False
50.15,44,0,2226,0,0,False,False,False,True,False,False,False,True,False,False,True
67.7,42,0,250,0,0,True,False,False,False,False,False,False,True,True,False,False
49.55,18,2,456,0,1,False,False,True,False,False,False,False,True,False,False,True
19.4,50,1,405,0,0,False,True,False,False,False,True,False,False,False,False,True
50.7,7,0,378,0,0,True,False,False,False,False,False,False,True,False,False,True
89.9,66,0,591,1,0,False,True,False,False,False,True,False,False,True,False,False
45.8,26,2,297,0,1,False,True,False,False,False,False,False,True,False,False,True
69.1,1,2,402,0,1,False,True,False,False,False,False,True,False,False,True,False
93.15,67,0,473,1,0,True,False,False,False,False,False,True,False,True,False,False
100.5,26,3,513,1,1,False,False,True,False,True,False,False,False,True,False,False
94.6,52,0,593,1,0,False,True,False,False,True,False,False,False,True,False,False
76.6,12,1,550,1,0,True,False,False,False,False,False,True,False,False,False,True
72.85,10,1,310,1,0,False,False,True,False,False,False,True,False,False,False,True
43.95,1,0,418,0,0,False,True,False,False,False,True,False,False,False,True,False
67.45,47,0,563,0,0,False,True,False,False,False,True,False,False,True,False,False
90.45,57,0,449,1,0,True,False,False,False,False,True,False,False,True,False,False
70.85,1,1,2354,1,0,False,False,False,True,False,False,True,False,False,True,False
113.8,72,0,470,1,0,False,True,False,False,True,False,False,False,True,False,False
34.2,45,1,487,0,0,True,False,False,False,False,False,True,False,False,False,True
20.25,38,1,519,0,0,False,False,True,False,False,True,False,False,False,False,True
90.1,1,0,2338,1,0,False,False,False,True,False,False,True,False,False,True,False
80.85,17,1,288,1,0,False,True,False,False,False,False,True,False,False,False,True
76.45,59,2,418,1,1,True,False,False,False,False,False,False,True,True,False,False
101.35,15,2,350,1,1,False,False,True,False,False,False,True,False,False,False,True
72.8,32,3,481,1,1,False,False,True,False,False,True,False,False,True,False,False
19.55,43,1,465,0,0,True,False,False,False,False,False,False,True,False,False,True
24.65,71,2,295,0,1,False,False,True,False,False,False,False,True,False,False,True
114.65,54,0,3440,1,0,False,False,False,True,False,False,False,True,True,False,False
81.0,5,0,582,1,0,False,False,True,False,False,True,False,False,False,False,True
19.55,14,1,2941,0,0,False,False,False,True,False,False,False,True,False,False,True
100.15,62,1,306,1,0,False,False,True,False,False,False,True,False,True,False,False
90.15,72,0,355,1,0,True,False,False,False,True,False,False,False,True,False,False
108.3,42,1,347,1,0,False,False,True,False,False,False,True,False,True,False,False
70.15,2,1,1884,0,0,False,False,False,True,False,False,True,False,False,True,False
25.7,72,1,245,0,0,False,False,True,False,False,True,False,False,False,False,True
25.1,30,1,970,0,0,False,False,False,True,False,False,False,True,False,False,True
97.1,40,3,633,1,1,False,False,True,False,True,False,False,False,True,False,False
35.05,25,1,470,0,0,False,True,False,False,True,False,False,False,False,False,True
67.05,65,0,537,0,0,True,False,False,False,False,True,False,False,True,False,False
20.4,14,2,2704,0,1,False,False,False,True,False,False,False,True,False,False,True
20.1,35,0,473,0,0,False,False,True,False,False,True,False,False,False,False,True
70.25,30,0,338,0,0,False,False,True,False,True,False,False,False,True,False,False
86.45,30,0,239,1,0,False,False,True,False,False,False,True,False,True,False,False
100.3,64,3,498,1,1,True,False,False,False,False,True,False,False,True,False,False
90.3,71,1,616,1,0,False,False,True,False,False,True,False,False,True,False,False
36.85,3,0,277,0,0,True,False,False,False,False,False,False,True,False,True,False
74.85,8,0,3558,1,0,False,False,False,True,False,False,True,False,False,False,True
99.0,13,0,295,1,0,False,True,False,False,False,False,False,True,False,False,True
25.05,48,1,1489,0,0,False,False,False,True,False,True,False,False,False,False,True
85.2,26,0,289,1,0,False,False,True,False,False,False,True,False,True,False,False
76.35,36,1,202,1,0,False,False,True,False,False,False,False,True,True,False,False
70.35,50,1,3645,0,0,False,False,False,True,False,True,False,False,True,False,False
55.35,49,0,1277,0,0,False,False,False,True,False,False,True,False,False,False,True
100.55,43,1,2440,1,0,False,False,False,True,True,False,False,False,True,False,False
19.35,8,1,386,0,0,True,False,False,False,False,False,False,True,False,False,True
61.2,2,1,253,0,0,False,False,True,False,False,True,False,False,False,True,False
85.7,53,0,242,1,0,False,True,False,False,False,False,True,False,True,False,False
96.9,64,3,141,1,1,False,True,False,False,False,False,False,True,True,False,False
55.5,17,3,736,0,1,False,True,False,False,False,True,False,False,False,False,True
19.5,53,0,397,0,0,True,False,False,False,False,True,False,False,False,False,True
50.7,1,1,1666,0,0,False,False,False,True,False,False,False,True,False,True,False
99.7,48,3,503,1,1,False,False,True,False,True,False,False,False,True,False,False
38.5,8,2,207,0,1,False,True,False,False,False,False,True,False,False,False,True
91.1,10,2,512,1,1,False,False,True,False,False,False,True,False,False,False,True
80.8,40,0,582,1,0,False,True,False,False,False,False,True,False,True,False,False
73.6,32,0,217,1,0,False,False,True,False,False,False,False,True,True,False,False
94.55,41,2,387,1,1,True,False,False,False,False,False,True,False,True,False,False
100.25,25,2,387,1,1,False,False,True,False,False,False,True,False,True,False,False
89.1,22,0,466,1,0,False,True,False,False,False,True,False,False,False,False,True
25.45,72,0,397,0,0,False,False,True,False,False,True,False,False,False,False,True
24.6,24,1,407,0,0,True,False,False,False,False,False,True,False,False,False,True
60.45,24,2,510,0,1,False,False,True,False,True,False,False,False,False,False,True
74.65,64,0,345,1,0,True,False,False,False,False,True,False,False,True,False,False
107.95,3,3,640,1,1,True,False,False,False,False,False,False,True,False,True,False
49.8,1,1,725,0,0,False,True,False,False,False,True,False,False,False,True,False
109.4,63,2,323,1,1,False,False,True,False,True,False,False,False,True,False,False
53.45,13,1,565,0,0,True,False,False,False,False,False,False,True,False,False,True
55.0,20,0,201,0,0,True,False,False,False,False,True,False,False,False,False,True
86.2,54,0,411,1,0,False,True,False,False,False,False,True,False,True,False,False
19.6,38,2,2428,0,1,False,False,False,True,False,True,False,False,False,False,True
69.75,1,0,523,0,0,False,True,False,False,False,False,True,False,False,True,False
43.9,67,0,393,0,0,False,True,False,False,False,False,True,False,False,False,True
96.8,55,0,585,1,0,False,False,True,False,False,False,True,False,True,False,False
64.15,53,1,278,0,0,False,True,False,False,True,False,False,False,True,False,False
26.1,29,1,1652,0,0,False,False,False,True,False,False,False,True,False,False,True
55.7,14,0,110,0,0,False,True,False,False,False,False,False,True,False,False,True
60.35,48,0,4484,0,0,False,False,False,True,False,True,False,False,True,False,False
69.55,48,0,440,0,0,False,False,True,False,False,False,False,True,True,False,False
59.55,1,0,269,0,0,False,True,False,False,False,False,False,True,False,True,False
24.85,44,1,3227,0,0,False,False,False,True,False,False,True,False,False,False,True
95.95,45,0,295,1,0,True,False,False,False,True,False,False,False,True,False,False
73.85,56,0,215,1,0,False,True,False,False,False,False,True,False,True,False,False
31.1,14,3,215,0,1,False,False,True,False,False,False,False,True,False,False,True
71.3,2,0,168,1,0,False,True,False,False,False,True,False,False,False,True,False
54.1,36,0,532,0,0,False,False,True,False,False,True,False,False,False,False,True
39.5,5,2,408,0,1,False,False,True,False,False,False,True,False,False,False,True
61.4,69,2,544,0,1,False,True,False,False,False,True,False,False,True,False,False
108.15,62,1,582,1,0,False,True,False,False,False,False,False,True,True,False,False
19.9,1,3,328,0,1,False,False,True,False,False,False,False,True,False,True,False
65.0,34,0,402,0,0,False,False,True,False,False,False,False,True,True,False,False
80.75,16,0,3225,1,0,False,False,False,True,True,False,False,False,False,False,True
18.8,14,0,261,0,0,False,False,True,False,False,False,False,True,False,False,True
97.95,49,0,474,1,0,False,True,False,False,False,False,True,False,True,False,False
80.25,2,0,609,1,0,False,True,False,False,False,False,True,False,False,True,False
19.15,26,1,237,0,0,False,True,False,False,False,True,False,False,False,False,True
95.9,22,1,440,1,0,False,False,True,False,False,True,False,False,False,False,True
73.9,33,0,542,1,0,False,True,False,False,False,False,False,True,True,False,False
19.5,4,3,423,0,1,False,True,False,False,False,True,False,False,False,False,True
19.65,19,1,2893,0,0,False,False,False,True,False,False,False,True,False,False,True
89.55,57,1,588,1,0,False,True,False,False,False,False,False,True,True,False,False
86.35,51,2,334,1,1,True,False,False,False,False,False,False,True,True,False,False
44.15,1,0,1591,0,0,False,False,False,True,False,False,False,True,False,True,False
90.4,3,3,2052,1,1,False,False,False,True,False,False,True,False,False,True,False
20.2,1,0,476,0,0,False,False,True,False,False,False,True,False,False,True,False
45.9,15,0,272,0,0,False,False,True,False,False,False,False,True,False,False,True
79.75,52,1,498,1,0,True,False,False,False,False,True,False,False,True,False,False
100.3,56,1,411,1,0,False,False,True,False,False,True,False,False,True,False,False
76.95,3,2,431,1,1,False,False,True,False,False,False,True,False,False,True,False
35.4,26,0,403,0,0,False,False,True,False,False,True,False,False,False,False,True
110.8,68,0,393,1,0,False,False,True,False,True,False,False,False,True,False,False
50.55,4,3,402,0,1,True,False,False,False,True,False,False,False,False,False,True
25.55,72,0,293,0,0,True,False,False,False,False,True,False,False,False,False,True
105.95,40,0,380,1,0,False,False,True,False,False,True,False,False,True,False,False
99.5,66,1,468,1,0,True,False,False,False,False,True,False,False,True,False,False
19.85,1,0,382,0,0,True,False,False,False,False,True,False,False,False,True,False
105.0,19,1,546,1,0,True,False,False,False,False,False,False,True,False,False,True
19.55,42,3,583,0,1,True,False,False,False,False,False,False,True,False,False,True
97.7,34,0,3281,1,0,False,False,False,True,True,False,False,False,True,False,False
81.1,1,1,462,1,0,True,False,False,False,False,False,True,False,False,True,False
88.7,72,0,467,1,0,False,False,True,False,False,True,False,False,True,False,False
19.85,51,2,3722,0,1,False,False,False,True,True,False,False,False,False,False,True
85.45,55,0,2119,1,0,False,False,False,True,False,False,True,False,True,False,False
102.45,66,0,354,1,0,False,True,False,False,False,True,False,False,True,False,False
90.05,30,0,741,1,0,False,False,True,False,False,False,True,False,True,False,False
90.15,34,0,102,1,0,False,False,True,False,False,False,False,True,True,False,False
77.75,55,1,164,1,0,False,False,True,False,False,False,True,False,True,False,False
95.1,54,0,707,1,0,True,False,False,False,True,False,False,False,True,False,False
39.3,57,0,2059,0,0,False,False,False,True,False,False,True,False,False,False,True
74.35,11,0,383,1,0,False,False,True,False,False,False,True,False,False,False,True
19.65,2,0,3135,0,0,False,False,False,True,False,False,True,False,False,True,False
69.35,4,0,2362,0,0,False,False,False,True,False,False,True,False,False,False,True
90.95,72,0,394,1,0,False,False,True,False,False,True,False,False,True,False,False
20.05,48,1,3363,0,0,False,False,False,True,False,False,False,True,False,False,True
20.65,26,0,1757,0,0,False,False,False,True,False,True,False,False,False,False,True
19.8,15,2,761,0,1,True,False,False,False,False,False,False,True,False,False,True
83.2,15,0,769,1,0,False,False,True,False,True,False,False,False,False,False,True
102.45,64,0,280,1,0,False,False,True,False,False,True,False,False,True,False,False
111.25,71,0,431,1,0,False,True,False,False,False,False,True,False,True,False,False
68.8,63,0,324,0,0,True,False,False,False,True,False,False,False,True,False,False
19.9,1,0,443,0,0,True,False,False,False,False,False,False,True,False,True,False
104.4,64,0,517,1,0,True,False,False,False,True,False,False,False,True,False,False
75.95,45,0,4194,1,0,False,False,False,True,False,False,True,False,True,False,False
19.6,4,2,573,0,1,False,False,True,False,False,False,False,True,False,False,True
89.9,31,0,418,1,0,False,False,True,False,False,False,True,False,True,False,False
110.0,68,3,475,1,1,False,False,True,False,True,False,False,False,True,False,False
81.75,25,0,2896,1,0,False,False,False,True,True,False,False,False,True,False,False
24.75,72,1,2907,0,0,False,False,False,True,True,False,False,False,False,False,True
55.8,36,2,3128,0,1,False,False,False,True,False,False,True,False,False,False,True
44.0,1,0,2730,0,0,False,False,False,True,False,False,True,False,False,True,False
25.35,0,1,430,0,0,False,True,False,False,False,False,False,True,False,True,False
19.8,25,0,622,0,0,False,True,False,False,False,True,False,False,False,False,True
19.2,8,2,292,0,1,False,False,True,False,False,False,False,True,False,False,True
75.1,37,0,277,1,0,True,False,False,False,True,False,False,False,True,False,False
94.75,4,0,283,1,0,True,False,False,False,False,False,True,False,False,False,True
82.85,28,0,685,1,0,False,False,True,False,True,False,False,False,True,False,False
45.4,37,3,2525,0,1,False,False,False,True,False,False,True,False,False,False,True
20.45,8,0,830,0,0,False,False,False,True,False,True,False,False,False,False,True
48.75,1,2,420,0,1,False,True,False,False,False,False,False,True,False,True,False
20.05,25,1,334,0,0,True,False,False,False,False,True,False,False,False,False,True
98.35,26,1,511,1,0,False,False,True,False,False,False,True,False,True,False,False
80.85,9,0,641,1,0,False,False,True,False,False,False,True,False,False,False,True
102.8,21,0,263,1,0,False,True,False,False,False,False,True,False,False,False,True
79.85,19,0,339,1,0,False,False,True,False,False,False,True,False,False,False,True
33.6,18,0,461,0,0,False,False,True,False,False,False,False,True,False,False,True
108.15,32,0,439,1,0,False,False,True,False,False,True,False,False,True,False,False
34.65,23,1,237,0,0,True,False,False,False,True,False,False,False,False,False,True
75.0,55,3,1730,1,1,False,False,False,True,False,True,False,False,True,False,False
26.45,43,0,200,0,0,True,False,False,False,True,False,False,False,False,False,True
44.7,2,0,3127,0,0,False,False,False,True,False,False,True,False,False,True,False
82.75,5,0,614,1,0,False,False,True,False,False,False,True,False,False,False,True
61.4,14,0,268,0,0,False,False,True,False,True,False,False,False,False,False,True
61.3,4,0,385,0,0,True,False,False,False,False,False,True,False,False,False,True
44.55,4,0,1936,0,0,False,False,False,True,False,False,False,True,False,False,True
20.1,12,1,3041,0,0,False,False,False,True,False,False,False,True,False,False,True
86.45,68,0,489,1,0,False,False,True,False,False,True,False,False,True,False,False
85.6,10,1,366,1,0,False,False,True,False,False,False,True,False,False,False,True
94.85,53,0,347,1,0,False,True,False,False,True,False,False,False,True,False,False
89.0,66,1,457,1,0,False,False,True,False,False,False,True,False,True,False,False
19.4,27,3,212,0,1,False,False,True,False,False,True,False,False,False,False,True
79.6,34,3,554,1,1,False,False,True,False,False,False,False,True,True,False,False
84.8,11,0,489,1,0,False,False,True,False,False,True,False,False,False,False,True
25.55,64,0,285,0,0,False,False,True,False,False,False,False,True,False,False,True
81.9,13,2,416,1,1,False,False,True,False,False,False,False,True,False,False,True
20.2,3,2,554,0,1,False,False,True,False,True,False,False,False,False,True,False
89.55,24,3,453,1,1,False,False,True,False,False,False,True,False,False,False,True
61.45,69,0,2294,0,0,False,False,False,True,False,True,False,False,True,False,False
95.5,20,1,469,1,0,False,True,False,False,True,False,False,False,False,False,True
44.8,48,1,264,0,0,False,True,False,False,False,False,True,False,False,False,True
54.45,13,2,672,0,1,False,True,False,False,False,False,True,False,False,False,True
85.55,5,0,306,1,0,False,False,True,False,False,False,True,False,False,False,True
69.95,5,1,2474,0,0,False,False,False,True,False,True,False,False,False,False,True
74.3,1,0,452,1,0,False,False,True,False,False,False,True,False,False,True,False
94.4,30,0,615,1,0,False,False,True,False,False,False,True,False,True,False,False
100.75,13,2,564,1,1,True,False,False,False,False,False,True,False,False,False,True
93.7,61,3,504,1,1,False,True,False,False,True,False,False,False,True,False,False
20.45,4,0,324,0,0,False,True,False,False,False,True,False,False,False,False,True
55.2,10,0,1939,0,0,False,False,False,True,False,True,False,False,False,False,True
63.9,40,1,511,0,0,False,True,False,False,True,False,False,False,True,False,False
66.25,43,0,405,0,0,False,True,False,False,True,False,False,False,True,False,False
29.85,1,0,272,0,0,False,False,True,False,False,False,True,False,False,True,False
69.5,9,2,217,0,1,False,False,True,False,False,False,False,True,False,False,True
69.85,1,1,190,0,0,False,False,True,False,False,False,True,False,False,True,False
20.25,19,0,340,0,0,True,False,False,False,False,True,False,False,False,False,True
75.2,9,3,356,1,1,True,False,False,False,False,True,False,False,False,False,True
81.15,9,0,3107,1,0,False,False,False,True,False,False,True,False,False,False,True
20.05,18,2,464,0,1,False,False,True,False,True,False,False,False,False,False,True
105.7,67,0,278,1,0,False,False,True,False,True,False,False,False,True,False,False
43.8,13,1,244,0,0,False,False,True,False,False,False,True,False,False,False,True
70.05,5,2,538,0,1,False,False,True,False,False,False,True,False,False,False,True
109.9,33,2,564,1,1,False,False,True,False,True,False,False,False,True,False,False
65.1,62,0,478,0,0,False,True,False,False,False,False,False,True,True,False,False
100.55,72,1,538,1,0,False,False,True,False,True,False,False,False,True,False,False
84.5,8,3,576,1,1,True,False,False,False,True,False,False,False,False,False,True
46.0,1,1,378,0,0,False,True,False,False,False,False,True,False,False,True,False
95.1,44,2,353,1,1,False,False,True,False,False,True,False,False,True,False,False
96.65,17,0,322,1,0,False,False,True,False,True,False,False,False,False,False,True
100.05,30,1,2534,1,0,False,False,False,True,False,False,True,False,True,False,False
26.0,69,0,417,0,0,True,False,False,False,True,False,False,False,False,False,True
49.7,23,2,279,0,1,False,True,False,False,False,True,False,False,False,False,True
86.2,2,1,765,1,0,False,False,True,False,False,False,False,True,False,True,False
45.0,3,1,503,0,0,True,False,False,False,False,False,True,False,False,True,False
74.65,30,1,216,1,0,True,False,False,False,False,True,False,False,True,False,False
43.85,1,3,424,0,1,True,False,False,False,True,False,False,False,False,True,False
100.15,8,0,455,1,0,False,False,True,False,False,True,False,False,False,False,True
82.95,59,2,344,1,1,True,False,False,False,False,True,False,False,True,False,False
51.3,7,0,542,0,0,True,False,False,False,False,False,False,True,False,False,True
95.15,37,3,459,1,1,False,False,True,False,False,False,True,False,True,False,False
109.2,49,0,150,1,0,False,True,False,False,False,True,False,False,True,False,False
81.9,26,0,315,1,0,False,False,True,False,True,False,False,False,True,False,False
79.55,1,0,1879,1,0,False,False,False,True,False,False,True,False,False,True,False
113.95,62,1,1940,1,0,False,False,False,True,False,False,False,True,True,False,False
19.55,17,0,232,0,0,False,False,True,False,False,False,False,True,False,False,True
95.0,36,0,249,1,0,False,True,False,False,True,False,False,False,True,False,False
20.5,32,3,414,0,1,False,False,True,False,False,False,False,True,False,False,True
19.95,2,0,406,0,0,False,False,True,False,False,False,False,True,False,True,False
19.3,30,1,2751,0,0,False,False,False,True,False,False,False,True,False,False,True
106.1,21,0,343,1,0,True,False,False,False,False,False,True,False,False,False,True
106.05,66,0,347,1,0,True,False,False,False,False,True,False,False,True,False,False
80.35,32,2,415,1,1,False,False,True,False,True,False,False,False,True,False,False
80.4,3,0,284,1,0,True,False,False,False,False,False,True,False,False,True,False
20.2,69,2,337,0,1,False,True,False,False,True,False,False,False,False,False,True
110.1,10,0,321,1,0,False,False,True,False,False,False,True,False,False,False,True
69.25,1,0,2301,0,0,False,False,False,True,False,False,True,False,False,True,False
90.65,69,1,463,1,0,False,True,False,False,False,False,False,True,True,False,False
94.3,4,0,702,1,0,True,False,False,False,False,False,True,False,False,False,True
63.3,66,1,278,0,0,False,True,False,False,True,False,False,False,True,False,False
24.15,35,1,4054,0,0,False,False,False,True,False,False,True,False,False,False,True
104.6,22,1,581,1,0,False,True,False,False,False,False,True,False,False,False,True
19.4,55,0,518,0,0,False,True,False,False,False,True,False,False,False,False,True
80.8,9,0,628,1,0,False,True,False,False,False,False,True,False,False,False,True
89.8,55,0,380,1,0,True,False,False,False,True,False,False,False,True,False,False
106.05,36,3,334,1,1,False,False,True,False,False,True,False,False,True,False,False
81.45,27,0,1434,1,0,False,False,False,True,False,False,True,False,True,False,False
106.7,67,1,650,1,0,True,False,False,False,False,True,False,False,True,False,False
101.5,54,1,490,1,0,False,False,True,False,False,True,False,False,True,False,False
39.0,62,0,430,0,0,False,True,False,False,True,False,False,False,False,False,True
52.0,56,0,249,0,0,True,False,False,False,False,False,False,True,False,False,True
109.8,34,0,138,1,0,False,False,True,False,False,False,False,True,True,False,False
86.15,33,2,2075,1,1,False,False,False,True,False,True,False,False,True,False,False
93.9,5,2,536,1,1,False,False,True,False,False,False,False,True,False,False,True
19.6,16,0,294,0,0,False,False,True,False,False,False,False,True,False,False,True
88.85,34,3,3350,1,1,False,False,False,True,False,False,False,True,True,False,False
105.5,58,0,536,1,0,True,False,False,False,False,True,False,False,True,False,False
70.85,66,0,3501,1,0,False,False,False,True,True,False,False,False,True,False,False
20.15,37,1,283,0,0,True,False,False,False,False,True,False,False,False,False,True
45.5,6,3,2241,0,1,False,False,False,True,False,False,False,True,False,False,True
74.2,65,0,415,1,0,False,False,True,False,False,True,False,False,True,False,False
20.45,51,1,3106,0,0,False,False,False,True,False,False,False,True,False,False,True
45.35,2,1,292,0,0,False,True,False,False,False,False,True,False,False,True,False
68.35,18,2,440,0,1,False,False,True,False,False,False,True,False,False,False,True
60.5,51,0,579,0,0,False,True,False,False,True,False,False,False,True,False,False
20.25,9,1,2304,0,0,False,False,False,True,False,False,False,True,False,False,True
99.7,15,1,449,1,0,False,True,False,False,False,False,True,False,False,False,True
105.55,72,0,352,1,0,False,True,False,False,True,False,False,False,True,False,False
19.35,12,0,581,0,0,False,False,True,False,True,False,False,False,False,False,True
39.6,60,2,483,0,1,True,False,False,False,True,False,False,False,False,False,True
19.4,32,0,2851,0,0,False,False,False,True,True,False,False,False,False,False,True
80.5,6,0,584,1,0,False,True,False,False,False,True,False,False,False,False,True
100.0,39,3,3594,1,1,False,False,False,True,False,False,True,False,True,False,False
74.75,2,0,570,1,0,False,False,True,False,False,False,True,False,False,True,False
79.05,71,2,507,1,1,False,False,True,False,False,True,False,False,True,False,False
60.15,1,3,3516,0,1,False,False,False,True,False,False,True,False,False,True,False
80.2,2,2,390,1,1,True,False,False,False,False,False,True,False,False,True,False
109.7,72,1,73,1,0,False,True,False,False,False,True,False,False,True,False,False
68.6,41,0,464,0,0,True,False,False,False,False,False,True,False,True,False,False
74.85,7,0,263,1,0,False,False,True,False,False,False,True,False,False,False,True
94.55,35,1,354,1,0,False,True,False,False,False,False,True,False,True,False,False
80.45,31,0,630,1,0,True,False,False,False,False,False,True,False,True,False,False
24.45,45,2,289,0,1,False,True,False,False,False,False,False,True,False,False,True
93.35,15,2,349,1,1,False,False,True,False,False,False,True,False,False,False,True
20.05,27,1,536,0,0,False,False,True,False,False,True,False,False,False,False,True
90.7,31,0,602,1,0,False,False,True,False,False,False,True,False,True,False,False
66.5,41,1,289,0,0,False,False,True,False,True,False,False,False,True,False,False
18.8,19,0,307,0,0,False,False,True,False,False,False,False,True,False,False,True
58.6,25,0,570,0,0,False,False,True,False,False,True,False,False,False,False,True
105.35,15,3,282,1,1,False,False,True,False,True,False,False,False,False,False,True
71.65,2,3,1046,1,1,False,False,False,True,False,False,True,False,False,True,False
50.25,12,0,864,0,0,False,False,False,True,True,False,False,False,False,False,True
79.35,23,2,460,1,1,False,True,False,False,False,False,False,True,False,False,True
19.9,22,1,4521,0,0,False,False,False,True,False,False,False,True,False,False,True
100.55,71,0,3575,1,0,False,False,False,True,True,False,False,False,True,False,False
101.3,30,0,4074,1,0,False,False,False,True,False,False,True,False,True,False,False
44.9,1,0,365,0,0,False,False,True,False,True,False,False,False,False,True,False
19.25,20,2,380,0,1,True,False,False,False,True,False,False,False,False,False,True
55.55,1,0,2212,0,0,False,False,False,True,False,False,False,True,False,True,False
85.3,68,1,608,1,0,False,True,False,False,True,False,False,False,True,False,False
19.9,14,2,2629,0,1,False,False,False,True,False,False,False,True,False,False,True
19.85,2,1,401,0,0,True,False,False,False,False,False,False,True,False,True,False
69.95,38,1,277,0,0,False,True,False,False,False,False,True,False,True,False,False
19.65,18,1,641,0,0,False,False,True,False,False,False,False,True,False,False,True
104.35,31,0,541,1,0,False,False,True,False,False,False,True,False,True,False,False
64.05,71,1,286,0,0,True,False,False,False,False,True,False,False,True,False,False
109.9,67,3,277,1,1,False,False,True,False,False,True,False,False,True,False,False
92.3,72,0,2818,1,0,False,False,False,True,False,True,False,False,True,False,False
106.35,32,2,310,1,1,False,True,False,False,True,False,False,False,True,False,False
80.8,4,2,398,1,1,True,False,False,False,False,True,False,False,False,False,True
60.0,23,0,1557,0,0,False,False,False,True,True,False,False,False,False,False,True
67.45,66,0,128,0,0,False,True,False,False,True,False,False,False,True,False,False
104.9,57,0,223,1,0,True,False,False,False,True,False,False,False,True,False,False
89.65,36,0,218,1,0,True,False,False,False,False,True,False,False,True,False,False
25.15,13,0,604,0,0,False,False,True,False,True,False,False,False,False,False,True
83.3,9,3,177,1,1,False,False,True,False,False,False,True,False,False,False,True
80.85,5,2,451,1,1,False,True,False,False,False,False,True,False,False,False,True
86.15,67,2,428,1,1,False,False,True,False,True,False,False,False,True,False,False
69.9,1,1,518,0,0,True,False,False,False,False,False,True,False,False,True,False
74.8,4,2,667,1,1,False,True,False,False,True,False,False,False,False,False,True
70.3,1,1,86,0,0,False,False,True,False,False,False,True,False,False,True,False
19.55,31,1,3061,0,0,False,False,False,True,False,False,False,True,False,False,True
43.3,3,0,334,0,0,True,False,False,False,False,False,True,False,False,True,False
78.9,4,0,419,1,0,False,False,True,False,False,False,False,True,False,False,True
95.0,33,1,576,1,0,True,False,False,False,False,True,False,False,True,False,False
25.15,58,1,212,0,0,False,False,True,False,False,True,False,False,False,False,True
25.4,25,0,517,0,0,False,False,True,False,True,False,False,False,False,False,True
76.05,4,0,2396,1,0,False,False,False,True,False,False,True,False,False,False,True
93.65,51,0,431,1,0,True,False,False,False,True,False,False,False,True,False,False
25.15,19,2,381,0,1,False,True,False,False,True,False,False,False,False,False,True
44.05,11,1,120,0,0,False,False,True,False,False,False,True,False,False,False,True
56.35,24,0,213,0,0,True,False,False,False,False,True,False,False,False,False,True
74.15,18,1,326,1,0,False,True,False,False,False,False,False,True,False,False,True
24.25,4,0,111,0,0,False,True,False,False,False,False,False,True,False,False,True
78.1,12,0,302,1,0,False,True,False,False,True,False,False,False,False,False,True
88.2,19,0,344,1,0,False,False,True,False,False,False,True,False,False,False,True
96.6,31,0,407,1,0,False,False,True,False,True,False,False,False,True,False,False
64.05,61,0,415,0,0,True,False,False,False,True,False,False,False,True,False,False
69.7,8,0,1849,0,0,False,False,False,True,False,False,True,False,False,False,True
87.2,49,2,3109,1,1,False,False,False,True,False,False,False,True,True,False,False
51.0,5,2,259,0,1,True,False,False,False,False,False,False,True,False,False,True
73.45,35,0,536,1,0,True,False,False,False,True,False,False,False,True,False,False
115.65,70,2,409,1,1,False,False,True,False,False,True,False,False,True,False,False
101.45,1,1,443,1,0,True,False,False,False,False,False,True,False,False,True,False
87.6,31,2,2991,1,1,False,False,False,True,False,False,True,False,True,False,False
74.3,13,1,475,1,0,True,False,False,False,False,False,True,False,False,False,True
50.8,28,2,2594,0,1,False,False,False,True,False,False,False,True,False,False,True
70.35,50,2,3258,0,1,False,False,False,True,True,False,False,False,True,False,False
20.05,22,0,410,0,0,False,False,True,False,False,False,False,True,False,False,True
60.7,36,0,2062,0,0,False,False,False,True,False,True,False,False,True,False,False
106.0,40,0,270,1,0,False,False,True,False,True,False,False,False,True,False,False
50.1,19,3,500,0,1,True,False,False,False,False,True,False,False,False,False,True
80.85,4,1,98,1,0,False,False,True,False,False,False,True,False,False,False,True
86.45,35,0,485,1,0,False,True,False,False,False,False,True,False,True,False,False
68.9,20,0,3106,0,0,False,False,False,True,False,True,False,False,False,False,True
20.4,11,0,2693,0,0,False,False,False,True,False,False,False,True,False,False,True
20.25,9,0,369,0,0,False,False,True,False,False,False,False,True,False,False,True
99.0,71,1,2559,1,0,False,False,False,True,False,True,False,False,True,False,False
20.1,71,3,494,0,1,False,False,True,False,True,False,False,False,False,False,True
113.15,71,2,357,1,1,False,False,True,False,False,True,False,False,True,False,False
79.2,31,2,3246,1,1,False,False,False,True,False,False,False,True,True,False,False
69.6,1,1,224,0,0,True,False,False,False,False,False,True,False,False,True,False
75.5,31,3,2981,1,1,False,False,False,True,False,True,False,False,True,False,False
70.9,1,1,2947,1,0,False,False,False,True,False,False,False,True,False,True,False
69.4,1,1,437,0,0,True,False,False,False,False,False,False,True,False,True,False
79.7,67,0,435,1,0,True,False,False,False,False,False,True,False,True,False,False
94.5,43,1,1530,1,0,False,False,False,True,False,False,True,False,True,False,False
86.55,21,0,483,1,0,True,False,False,False,True,False,False,False,False,False,True
106.35,61,2,326,1,1,False,True,False,False,False,False,True,False,True,False,False
24.65,72,0,2256,0,0,False,False,False,True,True,False,False,False,False,False,True
25.4,6,0,94,0,0,False,True,False,False,False,False,False,True,False,False,True
19.75,47,1,557,0,0,True,False,False,False,False,False,False,True,False,False,True
20.45,24,2,449,0,1,False,True,False,False,False,True,False,False,False,False,True
81.4,39,1,597,1,0,False,False,True,False,False,True,False,False,True,False,False
25.3,65,1,2071,0,0,False,False,False,True,True,False,False,False,False,False,True
85.55,1,1,250,1,0,False,False,True,False,False,True,False,False,False,True,False
87.95,6,0,50,1,0,False,False,True,False,True,False,False,False,False,False,True
100.65,56,0,466,1,0,False,False,True,False,True,False,False,False,True,False,False
68.75,23,0,489,0,0,True,False,False,False,True,False,False,False,False,False,True
20.05,34,2,2793,0,1,False,False,False,True,False,True,False,False,False,False,True
20.5,21,1,3321,0,0,False,False,False,True,False,True,False,False,False,False,True
69.4,62,1,320,0,0,True,False,False,False,True,False,False,False,True,False,False
19.85,62,1,348,0,0,True,False,False,False,True,False,False,False,False,False,True
111.5,51,0,195,1,0,True,False,False,False,False,False,True,False,True,False,False
56.8,18,1,528,0,0,False,False,True,False,False,True,False,False,False,False,True
73.95,34,0,347,1,0,False,True,False,False,False,True,False,False,True,False,False
94.35,61,0,315,1,0,True,False,False,False,True,False,False,False,True,False,False
49.95,2,0,405,0,0,True,False,False,False,False,False,False,True,False,True,False
55.3,72,1,350,0,0,False,False,True,False,True,False,False,False,False,False,True
110.5,53,1,509,1,0,True,False,False,False,False,False,True,False,True,False,False
78.95,6,0,493,1,0,False,False,True,False,False,False,True,False,False,False,True
84.35,24,1,171,1,0,False,False,True,False,False,False,True,False,False,False,True
70.8,68,0,417,1,0,False,False,True,False,False,True,False,False,True,False,False
60.0,47,0,444,0,0,False,True,False,False,False,True,False,False,False,False,True
85.5,47,2,374,1,1,False,True,False,False,False,False,False,True,True,False,False
19.2,36,0,503,0,0,False,True,False,False,True,False,False,False,False,False,True
19.85,9,3,269,0,1,False,True,False,False,False,False,False,True,False,False,True
100.7,61,0,2510,1,0,False,False,False,True,False,True,False,False,True,False,False
79.35,72,1,275,1,0,False,True,False,False,True,False,False,False,True,False,False
54.95,35,1,96,0,0,True,False,False,False,True,False,False,False,False,False,True
26.8,25,0,390,0,0,False,False,True,False,False,False,False,True,False,False,True
101.4,35,2,287,1,1,True,False,False,False,False,False,True,False,True,False,False
57.6,24,1,1830,0,0,False,False,False,True,False,False,True,False,False,False,True
25.15,56,0,130,0,0,True,False,False,False,False,True,False,False,False,False,True
93.6,26,2,316,1,1,False,True,False,False,False,False,True,False,True,False,False
80.45,72,0,226,1,0,True,False,False,False,True,False,False,False,True,False,False
64.65,37,0,406,0,0,True,False,False,False,True,False,False,False,True,False,False
75.15,7,0,357,1,0,False,True,False,False,True,False,False,False,False,False,True
73.6,7,2,652,1,1,False,False,True,False,False,False,True,False,False,False,True
78.6,69,0,678,1,0,False,False,True,False,False,True,False,False,True,False,False
19.6,8,0,2792,0,0,False,False,False,True,False,True,False,False,False,False,True
30.25,12,0,1156,0,0,False,False,False,True,False,True,False,False,False,False,True
25.7,44,1,164,0,0,True,False,False,False,False,False,False,True,False,False,True
81.0,72,2,523,1,1,True,False,False,False,False,True,False,False,True,False,False
94.45,56,1,301,1,0,True,False,False,False,False,False,True,False,True,False,False
20.1,10,1,318,0,0,True,False,False,False,False,False,False,True,False,False,True
69.1,1,0,511,0,0,False,True,False,False,False,False,True,False,False,True,False
54.25,47,2,453,0,1,False,False,True,False,False,False,True,False,False,False,True
20.4,44,1,1539,0,0,False,False,False,True,False,True,False,False,False,False,True
78.5,3,0,50,1,0,False,False,True,False,False,False,True,False,False,True,False
71.15,8,0,384,1,0,False,False,True,False,False,False,True,False,False,False,True
20.6,16,0,2726,0,0,False,False,False,True,False,True,False,False,False,False,True
82.3,72,1,603,1,0,False,True,False,False,True,False,False,False,True,False,False
45.8,1,1,481,0,0,False,False,True,False,False,False,True,False,False,True,False
89.45,71,1,409,1,0,False,True,False,False,False,True,False,False,True,False,False
68.45,56,0,648,0,0,True,False,False,False,False,True,False,False,True,False,False
19.3,3,0,390,0,0,False,True,False,False,False,False,False,True,False,True,False
65.15,11,1,467,0,0,False,False,True,False,True,False,False,False,False,False,True
80.55,60,0,62,1,0,False,False,True,False,False,True,False,False,True,False,False
105.2,42,1,372,1,0,False,False,True,False,True,False,False,False,True,False,False
50.95,2,0,3332,0,0,False,False,False,True,False,False,False,True,False,True,False
20.45,9,0,432,0,0,True,False,False,False,False,True,False,False,False,False,True
75.1,1,0,298,1,0,False,False,True,False,False,False,True,False,False,True,False
50.2,52,1,220,0,0,False,True,False,False,False,False,False,True,False,False,True
99.05,35,2,398,1,1,False,False,True,False,False,False,True,False,True,False,False
19.4,20,1,1931,0,0,False,False,False,True,False,False,True,False,False,False,True
75.35,15,0,281,1,0,False,False,True,False,True,False,False,False,False,False,True
70.8,17,0,268,1,0,False,False,True,False,False,False,True,False,False,False,True
90.25,30,0,381,1,0,False,False,True,False,False,False,True,False,True,False,False
95.85,1,0,105,1,0,True,False,False,False,False,False,True,False,False,True,False
85.25,10,0,151,1,0,False,True,False,False,False,False,True,False,False,False,True
70.15,13,0,505,0,0,False,True,False,False,False,False,False,True,False,False,True
100.2,4,0,358,1,0,False,False,True,False,False,False,True,False,False,False,True
70.4,3,0,487,1,0,False,False,True,False,False,False,True,False,False,True,False
79.85,59,0,371,1,0,False,False,True,False,False,True,False,False,True,False,False
69.75,2,0,2500,0,0,False,False,False,True,True,False,False,False,False,True,False
80.9,14,0,604,1,0,True,False,False,False,True,False,False,False,False,False,True
25.15,1,0,415,0,0,False,True,False,False,False,False,True,False,False,True,False
103.0,43,0,535,1,0,False,False,True,False,False,False,True,False,True,False,False
74.75,16,0,402,1,0,True,False,False,False,False,True,False,False,False,False,True
54.45,53,0,442,0,0,True,False,False,False,False,False,True,False,False,False,True
25.45,4,2,322,0,1,True,False,False,False,False,False,False,True,False,False,True
75.1,16,0,449,1,0,True,False,False,False,True,False,False,False,False,False,True
55.45,43,0,380,0,0,False,True,False,False,False,False,True,False,False,False,True
81.25,8,0,110,1,0,False,False,True,False,False,False,True,False,False,False,True
49.15,6,0,1394,0,0,False,False,False,True,False,False,True,False,False,False,True
111.6,72,0,445,1,0,False,True,False,False,True,False,False,False,True,False,False
49.75,60,2,630,0,1,True,False,False,False,False,False,True,False,False,False,True
19.7,0,0,357,0,0,False,True,False,False,False,False,False,True,False,True,False
20.05,2,1,611,0,0,True,False,False,False,False,False,False,True,False,True,False
90.15,55,1,168,1,0,False,False,True,False,False,False,True,False,True,False,False
98.7,56,3,438,1,1,False,True,False,False,False,False,True,False,True,False,False
84.8,71,3,341,1,1,False,False,True,False,False,False,True,False,True,False,False
62.05,2,1,429,0,0,True,False,False,False,True,False,False,False,False,True,False
105.4,64,2,454,1,1,False,False,True,False,True,False,False,False,True,False,False
73.9,42,0,518,1,0,False,False,True,False,False,True,False,False,True,False,False
89.05,25,2,416,1,1,True,False,False,False,False,False,True,False,True,False,False
49.4,5,2,420,0,1,False,True,False,False,False,False,False,True,False,False,True
116.6,72,2,478,1,1,False,False,True,False,True,False,False,False,True,False,False
80.6,33,1,434,1,0,False,True,False,False,True,False,False,False,True,False,False
85.3,32,0,306,1,0,False,False,True,False,False,False,True,False,True,False,False
20.1,5,0,215,0,0,False,True,False,False,False,False,False,True,False,False,True
74.1,3,0,316,1,0,False,True,False,False,False,True,False,False,False,True,False
84.35,6,0,2329,1,0,False,False,False,True,False,False,True,False,False,False,True
106.5,69,1,495,1,0,False,True,False,False,True,False,False,False,True,False,False
80.5,13,0,358,1,0,False,False,True,False,False,False,True,False,False,False,True
75.0,22,0,619,1,0,False,False,True,False,True,False,False,False,False,False,True
69.9,61,2,574,0,1,False,False,True,False,False,False,False,True,True,False,False
59.45,33,1,726,0,0,False,False,True,False,True,False,False,False,False,False,True
73.0,41,2,575,1,1,False,True,False,False,False,False,True,False,True,False,False
113.3,45,2,233,1,1,False,False,True,False,False,False,False,True,True,False,False
90.05,70,1,1760,1,0,False,False,False,True,False,True,False,False,True,False,False
57.55,55,3,691,0,1,False,True,False,False,True,False,False,False,False,False,True
44.25,52,0,399,0,0,False,False,True,False,True,False,False,False,False,False,True
40.15,3,0,690,0,0,False,True,False,False,False,False,False,True,False,True,False
100.2,30,0,558,1,0,False,False,True,False,False,False,True,False,True,False,False
45.25,70,0,377,0,0,False,False,True,False,False,False,True,False,False,False,True
93.0,9,0,364,1,0,False,False,True,False,True,False,False,False,False,False,True
19.8,21,2,196,0,1,True,False,False,False,False,False,False,True,False,False,True
75.75,55,1,573,1,0,False,False,True,False,True,False,False,False,True,False,False
65.0,41,0,408,0,0,True,False,False,False,False,False,False,True,True,False,False
26.0,62,1,476,0,0,False,True,False,False,True,False,False,False,False,False,True
79.55,1,0,3617,1,0,False,False,False,True,False,False,False,True,False,True,False
54.9,67,0,1523,0,0,False,False,False,True,False,False,True,False,False,False,True
79.7,63,2,388,1,1,False,False,True,False,False,True,False,False,True,False,False
69.0,38,0,3375,0,0,False,False,False,True,False,True,False,False,True,False,False
57.8,70,0,273,0,0,False,False,True,False,True,False,False,False,False,False,True
19.6,38,0,307,0,0,True,False,False,False,False,False,True,False,False,False,True
30.5,5,0,2372,0,0,False,False,False,True,False,False,True,False,False,False,True
49.7,24,0,327,0,0,False,True,False,False,False,False,False,True,False,False,True
73.85,16,0,344,1,0,False,False,True,False,True,False,False,False,False,False,True
38.9,68,1,1857,0,0,False,False,False,True,False,False,False,True,False,False,True
100.6,57,2,176,1,1,False,False,True,False,False,False,True,False,True,False,False
104.35,60,3,335,1,1,True,False,False,False,False,False,True,False,True,False,False
71.0,29,0,308,1,0,False,False,True,False,False,True,False,False,True,False,False
65.6,9,1,241,0,0,False,False,True,False,False,False,False,True,False,False,True
25.95,71,1,484,0,0,True,False,False,False,False,True,False,False,False,False,True
54.15,24,2,2340,0,1,False,False,False,True,False,True,False,False,False,False,True
49.25,2,0,1891,0,0,False,False,False,True,False,False,True,False,False,True,False
20.55,66,1,346,0,0,True,False,False,False,False,False,False,True,False,False,True
104.3,54,1,404,1,0,False,False,True,False,False,False,True,False,True,False,False
113.65,72,1,327,1,0,False,False,True,False,False,True,False,False,True,False,False
19.65,52,1,363,0,0,True,False,False,False,False,False,False,True,False,False,True
76.9,71,3,371,1,1,False,True,False,False,False,True,False,False,True,False,False
78.95,5,0,497,1,0,False,False,True,False,False,False,True,False,False,False,True
20.25,42,2,446,0,1,False,False,True,False,False,False,True,False,False,False,True
44.6,2,1,206,0,0,False,True,False,False,False,True,False,False,False,True,False
74.55,11,0,321,1,0,False,False,True,False,False,False,True,False,False,False,True
79.9,41,1,287,1,0,False,False,True,False,False,True,False,False,True,False,False
88.0,68,1,569,1,0,False,False,True,False,False,True,False,False,True,False,False
95.05,50,0,392,1,0,True,False,False,False,False,False,True,False,True,False,False
93.9,53,0,365,1,0,False,False,True,False,False,False,True,False,True,False,False
83.55,8,1,401,1,0,False,True,False,False,False,False,True,False,False,False,True
104.4,50,2,1839,1,1,False,False,False,True,False,False,False,True,True,False,False
100.2,50,1,375,1,0,False,False,True,False,False,False,False,True,True,False,False
60.0,8,3,322,0,1,False,False,True,False,False,False,True,False,False,False,True
29.75,10,2,388,0,1,True,False,False,False,False,False,False,True,False,False,True
24.1,37,1,697,0,0,False,False,True,False,True,False,False,False,False,False,True
61.75,49,1,364,0,0,True,False,False,False,True,False,False,False,True,False,False
35.65,17,0,267,0,0,False,True,False,False,False,True,False,False,False,False,True
19.7,12,0,466,0,0,False,False,True,False,False,False,False,True,False,False,True
99.85,23,3,163,1,1,False,False,True,False,False,False,True,False,False,False,True
58.65,71,3,388,0,1,True,False,False,False,False,False,False,True,False,False,True
77.55,71,2,399,1,1,False,True,False,False,False,True,False,False,True,False,False
89.25,24,0,269,1,0,False,True,False,False,False,False,True,False,False,False,True
78.75,45,0,181,1,0,False,True,False,False,False,True,False,False,True,False,False
63.7,42,3,366,0,1,False,True,False,False,False,True,False,False,True,False,False
96.05,18,0,567,1,0,True,False,False,False,False,False,True,False,False,False,True
73.5,26,1,454,1,0,False,False,True,False,False,True,False,False,True,False,False
55.35,9,2,397,0,1,True,False,False,False,False,False,True,False,False,False,True
44.45,2,0,586,0,0,False,False,True,False,False,False,True,False,False,True,False
44.8,5,1,704,0,0,False,True,False,False,False,False,False,True,False,False,True
84.2,6,0,437,1,0,True,False,False,False,False,False,True,False,False,False,True
110.75,52,0,189,1,0,False,False,True,False,False,False,True,False,True,False,False
74.35,57,3,366,1,1,False,False,True,False,True,False,False,False,True,False,False
75.35,29,1,3843,1,0,False,False,False,True,True,False,False,False,True,False,False
24.9,67,2,1038,0,1,False,False,False,True,False,False,False,True,False,False,True
105.2,42,0,580,1,0,False,False,True,False,False,False,True,False,True,False,False
19.3,12,3,498,0,1,False,False,True,False,False,False,False,True,False,False,True
34.5,7,1,400,0,0,False,False,True,False,False,False,True,False,False,False,True
20.4,12,1,311,0,0,False,False,True,False,False,False,False,True,False,False,True
48.75,13,1,1658,0,0,False,False,False,True,True,False,False,False,False,False,True
71.05,31,3,310,1,1,False,False,True,False,False,False,True,False,True,False,False
29.95,9,0,367,0,0,True,False,False,False,False,False,True,False,False,False,True
20.5,63,0,245,0,0,False,False,True,False,False,False,False,True,False,False,True
98.7,45,1,2420,1,0,False,False,False,True,True,False,False,False,True,False,False
79.2,12,2,312,1,1,False,False,True,False,False,False,True,False,False,False,True
80.25,41,0,369,1,0,True,False,False,False,False,False,True,False,True,False,False
21.05,5,0,311,0,0,True,False,False,False,False,False,False,True,False,False,True
46.35,71,1,428,0,0,False,False,True,False,False,True,False,False,False,False,True
78.95,72,1,331,1,0,False,False,True,False,False,False,True,False,True,False,False
69.05,9,0,3377,0,0,False,False,False,True,False,True,False,False,False,False,True
90.15,51,1,283,1,0,False,False,True,False,False,False,True,False,True,False,False
40.9,35,0,378,0,0,False,True,False,False,False,False,False,True,False,False,True
100.55,56,2,349,1,1,False,False,True,False,False,False,True,False,True,False,False
74.7,18,2,362,1,1,True,False,False,False,False,False,True,False,False,False,True
111.5,44,0,326,1,0,True,False,False,False,False,False,True,False,True,False,False
29.5,48,2,425,0,1,False,True,False,False,False,True,False,False,False,False,True
64.9,11,0,692,0,0,False,True,False,False,False,True,False,False,False,False,True
106.0,71,0,2722,1,0,False,False,False,True,True,False,False,False,True,False,False
81.6,35,0,666,1,0,False,False,True,False,True,False,False,False,True,False,False
34.25,24,1,582,0,0,False,False,True,False,False,False,False,True,False,False,True
104.7,60,1,377,1,0,False,False,True,False,False,False,True,False,True,False,False
30.5,6,0,468,0,0,False,False,True,False,False,True,False,False,False,False,True
20.0,15,0,500,0,0,True,False,False,False,False,False,True,False,False,False,True
104.35,21,0,662,1,0,True,False,False,False,False,False,True,False,False,False,True
20.6,33,0,402,0,0,True,False,False,False,False,False,False,True,False,False,True
20.9,1,1,2463,0,0,False,False,False,True,False,False,False,True,False,True,False
19.55,58,1,465,0,0,False,True,False,False,False,True,False,False,False,False,True
64.9,10,0,272,0,0,True,False,False,False,False,False,False,True,False,False,True
24.25,33,0,558,0,0,True,False,False,False,True,False,False,False,False,False,True
25.25,1,2,75,0,1,True,False,False,False,False,False,True,False,False,True,False
45.95,1,0,96,0,0,False,False,True,False,False,False,False,True,False,True,False
73.15,42,0,197,1,0,False,False,True,False,False,False,True,False,True,False,False
20.15,1,0,189,0,0,False,True,False,False,True,False,False,False,False,True,False
20.1,38,2,1848,0,1,False,False,False,True,False,False,False,True,False,False,True
50.6,5,2,449,0,1,True,False,False,False,False,False,False,True,False,False,True
110.0,65,1,3450,1,0,False,False,False,True,False,True,False,False,True,False,False
33.45,43,3,438,0,1,False,False,True,False,False,True,False,False,False,False,True
84.9,72,0,581,1,0,True,False,False,False,True,False,False,False,True,False,False
94.4,60,3,329,1,1,False,False,True,False,False,False,True,False,True,False,False
100.9,55,0,197,1,0,False,False,True,False,False,False,False,True,True,False,False
113.05,70,0,440,1,0,False,False,True,False,False,True,False,False,True,False,False
73.85,6,0,514,1,0,True,False,False,False,False,False,False,True,False,False,True
104.15,13,3,165,1,1,False,False,True,False,False,True,False,False,False,False,True
20.15,8,0,314,0,0,False,False,True,False,False,False,False,True,False,False,True
99.7,45,0,496,1,0,False,False,True,False,True,False,False,False,True,False,False
110.35,54,0,1693,1,0,False,False,False,True,False,False,True,False,True,False,False
83.35,33,1,413,1,0,False,False,True,False,False,False,True,False,True,False,False
75.9,21,0,261,1,0,False,False,True,False,True,False,False,False,False,False,True
100.0,55,0,591,1,0,True,False,False,False,False,False,True,False,True,False,False
75.3,1,3,664,1,1,False,True,False,False,False,False,False,True,False,True,False
68.85,44,1,376,0,0,True,False,False,False,False,True,False,False,True,False,False
87.1,72,2,728,1,1,False,False,True,False,True,False,False,False,True,False,False
61.8,13,1,452,0,0,False,False,True,False,True,False,False,False,False,False,True
104.5,36,0,184,1,0,True,False,False,False,False,True,False,False,True,False,False
25.55,71,0,341,0,0,True,False,False,False,True,False,False,False,False,False,True
100.5,9,2,321,1,1,True,False,False,False,False,False,True,False,False,False,True
55.0,46,2,2406,0,1,False,False,False,True,True,False,False,False,False,False,True
104.4,61,1,299,1,0,False,False,True,False,False,True,False,False,True,False,False
77.35,72,1,341,1,0,True,False,False,False,False,True,False,False,True,False,False
74.95,11,0,381,1,0,True,False,False,False,False,False,True,False,False,False,True
69.7,2,1,292,0,0,False,False,True,False,False,False,True,False,False,True,False
19.35,2,0,192,0,0,True,False,False,False,False,False,False,True,False,True,False
79.0,4,1,687,1,0,False,True,False,False,False,False,True,False,False,False,True
49.15,3,0,2822,0,0,False,False,False,True,False,False,True,False,False,True,False
34.8,3,0,508,0,0,False,False,True,False,False,True,False,False,False,True,False
64.85,43,1,291,0,0,True,False,False,False,True,False,False,False,True,False,False
19.75,61,1,220,0,0,True,False,False,False,False,True,False,False,False,False,True
90.85,49,0,439,1,0,True,False,False,False,False,True,False,False,True,False,False
64.35,34,0,318,0,0,True,False,False,False,False,False,True,False,True,False,False
50.15,1,0,549,0,0,False,False,True,False,False,False,True,False,False,True,False
45.95,1,1,3165,0,0,False,False,False,True,False,False,False,True,False,True,False
86.45,61,1,2575,1,0,False,False,False,True,False,True,False,False,True,False,False
73.75,4,0,525,1,0,True,False,False,False,False,False,True,False,False,False,True
69.1,59,0,1609,0,0,False,False,False,True,False,False,False,True,True,False,False
45.25,4,0,548,0,0,False,True,False,False,False,False,False,True,False,False,True
19.85,0,1,486,0,0,True,False,False,False,False,False,False,True,False,True,False
20.3,22,0,468,0,0,False,False,True,False,False,False,False,True,False,False,True
84.7,72,0,358,1,0,False,False,True,False,True,False,False,False,True,False,False
30.2,15,0,520,0,0,False,False,True,False,True,False,False,False,False,False,True
19.3,1,1,4977,0,0,False,False,False,True,False,False,True,False,False,True,False
95.25,57,0,375,1,0,False,False,True,False,False,False,True,False,True,False,False
86.3,39,0,619,1,0,False,False,True,False,False,False,False,True,True,False,False
19.5,6,1,182,0,0,False,True,False,False,True,False,False,False,False,False,True
63.05,16,0,518,0,0,False,False,True,False,True,False,False,False,False,False,True
30.1,39,2,581,0,1,False,False,True,False,False,True,False,False,False,False,True
19.9,4,1,561,0,0,True,False,False,False,False,False,False,True,False,False,True
106.75,59,1,3923,1,0,False,False,False,True,False,False,True,False,True,False,False
84.45,69,2,2732,1,1,False,False,False,True,True,False,False,False,True,False,False
70.3,24,1,318,0,0,False,False,True,False,False,True,False,False,False,False,True
20.4,6,0,427,0,0,False,False,True,False,False,True,False,False,False,False,True
94.05,9,1,404,1,0,False,False,True,False,False,False,True,False,False,False,True
19.5,8,0,597,0,0,False,True,False,False,True,False,False,False,False,False,True
19.65,30,1,648,0,0,False,True,False,False,True,False,False,False,False,False,True
71.4,62,3,486,1,1,False,False,True,False,False,True,False,False,True,False,False
21.1,35,2,50,0,1,False,False,False,True,False,False,False,True,False,False,True
19.15,55,1,2854,0,0,False,False,False,True,False,True,False,False,False,False,True
60.85,2,0,411,0,0,False,False,True,False,False,False,True,False,False,True,False
94.45,29,2,379,1,1,False,False,True,False,False,False,True,False,True,False,False
74.95,2,1,729,1,0,False,True,False,False,False,False,True,False,False,True,False
54.6,33,2,577,0,1,False,False,True,False,False,False,True,False,False,False,True
75.9,5,0,447,1,0,False,False,True,False,True,False,False,False,False,False,True
69.2,1,2,50,0,1,False,True,False,False,False,False,True,False,False,True,False
105.5,72,0,283,1,0,False,False,True,False,False,False,True,False,True,False,False
89.55,43,0,383,1,0,False,False,True,False,False,False,False,True,True,False,False
74.75,10,1,286,1,0,False,True,False,False,False,False,True,False,False,False,True
26.0,70,3,671,0,1,False,False,True,False,True,False,False,False,False,False,True
96.0,24,0,523,1,0,False,False,True,False,False,False,True,False,False,False,True
19.5,23,0,321,0,0,True,False,False,False,False,False,False,True,False,False,True
51.25,43,0,446,0,0,False,False,True,False,True,False,False,False,False,False,True
19.1,1,2,292,0,1,False,False,True,False,False,False,False,True,False,True,False
80.25,24,3,3366,1,1,False,False,False,True,False,False,True,False,False,False,True
103.9,65,0,535,1,0,False,True,False,False,True,False,False,False,True,False,False
109.6,56,3,477,1,1,True,False,False,False,False,False,False,True,True,False,False
79.1,1,0,604,1,0,False,True,False,False,False,False,True,False,False,True,False
105.8,28,0,613,1,0,False,False,True,False,False,False,True,False,True,False,False
29.15,13,0,448,0,0,False,True,False,False,False,False,True,False,False,False,True
80.1,8,0,651,1,0,False,False,True,False,True,False,False,False,False,False,True
70.15,3,1,3961,0,0,False,False,False,True,False,False,True,False,False,True,False
19.95,1,0,2395,0,0,False,False,False,True,False,False,True,False,False,True,False
89.15,26,1,673,1,0,False,False,True,False,False,False,True,False,True,False,False
75.75,1,1,667,1,0,False,True,False,False,False,False,True,False,False,True,False
20.5,5,0,188,0,0,True,False,False,False,False,False,False,True,False,False,True
94.5,28,0,311,1,0,False,False,True,False,False,True,False,False,True,False,False
58.95,11,1,2259,0,0,False,False,False,True,False,False,False,True,False,False,True
104.05,11,0,497,1,0,False,False,True,False,True,False,False,False,False,False,True
80.45,66,0,472,1,0,False,False,True,False,False,True,False,False,True,False,False
19.95,56,0,575,0,0,False,True,False,False,False,True,False,False,False,False,True
25.1,53,1,273,0,0,False,False,False,True,False,True,False,False,False,False,True
31.0,3,0,257,0,0,True,False,False,False,False,False,False,True,False,True,False
117.35,72,0,675,1,0,False,True,False,False,False,True,False,False,True,False,False
70.55,6,2,231,1,1,False,False,True,False,False,True,False,False,False,False,True
114.6,71,2,1787,1,1,False,False,False,True,True,False,False,False,True,False,False
19.8,15,2,547,0,1,False,True,False,False,False,False,False,True,False,False,True
69.85,57,0,2060,0,0,False,False,False,True,True,False,False,False,True,False,False
24.55,68,0,652,0,0,False,False,True,False,False,False,False,True,False,False,True
31.05,13,0,284,0,0,True,False,False,False,False,False,True,False,False,False,True
24.7,71,2,389,0,1,False,True,False,False,True,False,False,False,False,False,True
40.0,5,1,2721,0,0,False,False,False,True,False,False,False,True,False,False,True
89.6,18,1,229,1,0,False,False,True,False,False,True,False,False,False,False,True
94.7,36,0,473,1,0,False,False,True,False,False,False,True,False,True,False,False
84.65,63,1,389,1,0,False,False,True,False,False,True,False,False,True,False,False
54.85,39,0,492,0,0,True,False,False,False,True,False,False,False,False,False,True
19.55,3,1,3366,0,0,False,False,False,True,False,False,True,False,False,True,False
20.05,32,2,2862,0,1,False,False,False,True,True,False,False,False,False,False,True
70.2,4,0,347,0,0,False,False,True,False,False,False,True,False,False,False,True
93.2,32,1,1314,1,0,False,False,False,True,False,False,True,False,True,False,False
74.2,15,1,117,1,0,False,True,False,False,False,True,False,False,False,False,True
81.0,5,0,399,1,0,False,False,True,False,False,False,True,False,False,False,True
20.35,9,3,388,0,1,False,False,True,False,False,False,False,True,False,False,True
81.15,31,3,434,1,1,False,False,True,False,False,False,False,True,True,False,False
49.5,1,0,354,0,0,False,True,False,False,False,False,True,False,False,True,False
81.05,1,0,600,1,0,False,False,True,False,False,False,True,False,False,True,False
100.2,2,0,652,1,0,False,False,True,False,False,False,True,False,False,True,False
23.3,35,1,376,0,0,True,False,False,False,True,False,False,False,False,False,True
19.55,5,1,2819,0,0,False,False,False,True,False,False,True,False,False,False,True
50.15,3,1,2672,0,0,False,False,False,True,False,False,True,False,False,True,False
49.05,12,1,2374,0,0,False,False,False,True,True,False,False,False,False,False,True
24.15,56,2,273,0,1,False,False,True,False,True,False,False,False,False,False,True
24.75,72,0,418,0,0,True,False,False,False,False,True,False,False,False,False,True
69.4,1,0,273,0,0,False,False,True,False,False,False,False,True,False,True,False
84.8,1,1,328,1,0,False,False,True,False,False,False,True,False,False,True,False
90.1,26,0,467,1,0,True,False,False,False,False,True,False,False,True,False,False
49.15,13,1,522,0,0,False,True,False,False,False,False,True,False,False,False,True
65.6,15,1,347,0,0,False,False,True,False,False,True,False,False,False,False,True
95.9,68,2,268,1,1,False,False,True,False,False,False,True,False,True,False,False
101.25,27,3,455,1,1,True,False,False,False,False,False,True,False,True,False,False
69.35,5,3,348,0,1,True,False,False,False,False,False,True,False,False,False,True
25.0,64,1,384,0,0,False,True,False,False,False,True,False,False,False,False,True
65.2,16,0,425,0,0,False,False,True,False,False,True,False,False,False,False,True
79.65,2,3,614,1,1,False,True,False,False,False,False,False,True,False,True,False
39.1,52,0,3419,0,0,False,False,False,True,False,False,False,True,False,False,True
25.05,15,1,2527,0,0,False,False,False,True,True,False,False,False,False,False,True
109.1,41,1,2289,1,0,False,False,False,True,True,False,False,False,True,False,False
71.3,20,0,161,1,0,True,False,False,False,False,True,False,False,False,False,True
19.3,32,0,3333,0,0,False,False,False,True,False,False,False,True,False,False,True
50.45,1,1,231,0,0,False,True,False,False,False,False,True,False,False,True,False
83.3,72,0,263,1,0,False,False,True,False,True,False,False,False,True,False,False
84.75,34,1,287,1,0,False,True,False,False,False,False,False,True,True,False,False
19.55,44,0,443,0,0,False,True,False,False,True,False,False,False,False,False,True
75.1,72,2,384,1,1,False,False,True,False,True,False,False,False,True,False,False
94.75,8,0,417,1,0,False,False,True,False,False,False,True,False,False,False,True
34.2,7,3,407,0,1,False,True,False,False,False,False,False,True,False,False,True
19.85,59,0,295,0,0,True,False,False,False,False,False,False,True,False,False,True
96.6,3,0,334,1,0,False,True,False,False,False,False,True,False,False,True,False
98.8,41,1,381,1,0,False,False,True,False,True,False,False,False,True,False,False
25.3,61,0,421,0,0,False,False,True,False,True,False,False,False,False,False,True
80.15,29,1,497,1,0,False,False,True,False,True,False,False,False,True,False,False
19.55,48,3,355,0,1,True,False,False,False,False,False,False,True,False,False,True
20.15,1,0,2790,0,0,False,False,False,True,False,False,False,True,False,True,False
24.8,64,0,2339,0,0,False,False,False,True,False,False,False,True,False,False,True
20.75,58,0,411,0,0,True,False,False,False,False,False,False,True,False,False,True
84.9,29,0,357,1,0,False,True,False,False,False,False,True,False,True,False,False
94.7,7,0,610,1,0,False,False,True,False,False,True,False,False,False,False,True
111.05,67,0,298,1,0,False,False,True,False,False,False,True,False,True,False,False
70.0,5,0,443,0,0,False,False,True,False,False,False,False,True,False,False,True
52.85,27,0,523,0,0,True,False,False,False,True,False,False,False,False,False,True
48.55,4,1,1028,0,0,False,False,False,True,False,False,True,False,False,False,True
20.05,1,0,538,0,0,False,True,False,False,False,False,False,True,False,True,False
19.95,4,3,575,0,1,True,False,False,False,False,False,True,False,False,False,True
19.65,6,0,549,0,0,False,False,True,False,False,False,False,True,False,False,True
33.6,1,0,1885,0,0,False,False,False,True,False,False,False,True,False,True,False
84.35,49,1,2590,1,0,False,False,False,True,False,False,True,False,True,False,False
55.05,2,0,2516,0,0,False,False,False,True,False,True,False,False,False,True,False
84.9,16,2,347,1,1,False,False,True,False,False,False,True,False,False,False,True
25.4,1,0,478,0,0,False,False,True,False,False,False,False,True,False,True,False
69.75,25,2,352,0,1,False,False,True,False,False,False,True,False,True,False,False
53.65,25,0,261,0,0,False,True,False,False,False,False,False,True,False,False,True
110.75,72,1,406,1,0,True,False,False,False,False,False,True,False,True,False,False
20.0,10,2,296,0,1,False,True,False,False,False,True,False,False,False,False,True
84.4,54,0,480,1,0,True,False,False,False,False,False,True,False,True,False,False
49.25,1,0,186,0,0,False,False,True,False,False,True,False,False,False,True,False
66.9,66,1,1591,0,0,False,False,False,True,True,False,False,False,True,False,False
65.55,4,0,493,0,0,False,True,False,False,False,False,False,True,False,False,True
20.35,7,1,516,0,0,True,False,False,False,False,False,False,True,False,False,True
56.55,69,0,552,0,0,False,False,True,False,False,True,False,False,False,False,True
95.65,8,0,291,1,0,False,True,False,False,True,False,False,False,False,False,True
55.55,25,0,478,0,0,True,False,False,False,False,True,False,False,False,False,True
101.1,37,1,269,1,0,True,False,False,False,False,False,True,False,True,False,False
19.7,1,2,3044,0,1,False,False,False,True,False,False,False,True,False,True,False
24.1,4,0,50,0,0,True,False,False,False,False,True,False,False,False,False,True
33.9,10,0,75,0,0,True,False,False,False,False,False,False,True,False,False,True
35.4,13,0,335,0,0,True,False,False,False,False,False,False,True,False,False,True
78.85,12,0,470,1,0,False,False,True,False,False,False,True,False,False,False,True
25.45,61,0,451,0,0,False,False,True,False,True,False,False,False,False,False,True
99.35,65,1,554,1,0,False,False,True,False,False,False,True,False,True,False,False
64.65,56,0,2600,0,0,False,False,False,True,True,False,False,False,True,False,False
81.15,51,0,502,1,0,False,False,True,False,False,True,False,False,True,False,False
91.25,43,1,2481,1,0,False,False,False,True,False,True,False,False,True,False,False
49.9,1,1,317,0,0,True,False,False,False,False,False,True,False,False,True,False
54.2,3,1,236,0,0,False,False,True,False,False,False,True,False,False,True,False
39.7,19,1,491,0,0,False,True,False,False,False,False,True,False,False,False,True
107.75,45,0,450,1,0,False,False,True,False,True,False,False,False,True,False,False
100.2,68,1,519,1,0,True,False,False,False,False,False,True,False,True,False,False
20.5,1,0,504,0,0,False,True,False,False,False,False,False,True,False,True,False
89.6,32,1,305,1,0,False,False,True,False,False,False,True,False,True,False,False
34.8,59,2,2972,0,1,False,False,False,True,False,False,False,True,False,False,True
20.35,45,1,92,0,0,False,True,False,False,False,False,False,True,False,False,True
104.25,24,0,50,1,0,False,False,True,False,False,False,True,False,False,False,True
89.4,63,3,301,1,1,False,False,True,False,False,True,False,False,True,False,False
51.6,29,0,2235,0,0,False,False,False,True,False,False,True,False,False,False,True
85.5,55,3,763,1,1,True,False,False,False,True,False,False,False,True,False,False
84.95,8,1,4128,1,0,False,False,False,True,False,False,True,False,False,False,True
25.05,34,2,402,0,1,False,True,False,False,True,False,False,False,False,False,True
70.25,1,2,104,0,1,True,False,False,False,False,False,True,False,False,True,False
54.95,10,1,1806,0,0,False,False,False,True,False,True,False,False,False,False,True
73.35,71,1,2212,1,0,False,False,False,True,False,True,False,False,True,False,False
55.75,5,0,467,0,0,False,True,False,False,False,False,False,True,False,False,True
79.3,31,2,454,1,1,False,False,True,False,False,False,False,True,True,False,False
74.6,1,1,522,1,0,True,False,False,False,False,False,False,True,False,True,False
88.7,20,1,2833,1,0,False,False,False,True,False,False,True,False,False,False,True
20.2,19,1,2112,0,0,False,False,False,True,False,False,False,True,False,False,True
112.6,72,0,216,1,0,False,False,True,False,False,True,False,False,True,False,False
25.0,11,2,519,0,1,True,False,False,False,False,False,False,True,False,False,True
90.05,4,1,330,1,0,False,False,True,False,False,False,True,False,False,False,True
104.95,25,0,234,1,0,False,False,True,False,True,False,False,False,True,False,False
24.7,45,0,499,0,0,False,True,False,False,False,True,False,False,False,False,True
108.95,64,2,50,1,1,False,False,True,False,True,False,False,False,True,False,False
20.7,4,0,623,0,0,False,True,False,False,False,True,False,False,False,False,True
19.7,34,0,2458,0,0,False,False,False,True,False,False,False,True,False,False,True
70.1,48,3,163,0,1,True,False,False,False,False,True,False,False,True,False,False
79.65,24,1,2886,1,0,False,False,False,True,False,False,False,True,False,False,True
60.9,8,0,444,0,0,False,True,False,False,True,False,False,False,False,False,True
104.0,67,0,492,1,0,True,False,False,False,False,False,True,False,True,False,False
66.6,14,2,1674,0,1,False,False,False,True,False,True,False,False,False,False,True
29.65,10,1,437,0,0,False,True,False,False,False,False,True,False,False,False,True
97.1,42,1,418,1,0,False,True,False,False,False,False,True,False,True,False,False
20.05,15,1,376,0,0,False,True,False,False,False,False,False,True,False,False,True
45.85,2,0,130,0,0,True,False,False,False,False,False,False,True,False,True,False
105.15,45,0,325,1,0,False,True,False,False,False,False,True,False,True,False,False
84.05,4,3,416,1,1,False,False,True,False,True,False,False,False,False,False,True
108.75,67,0,477,1,0,False,True,False,False,False,True,False,False,True,False,False
56.65,12,3,493,0,1,False,False,True,False,False,False,False,True,False,False,True
95.75,60,0,2568,1,0,False,False,False,True,False,False,True,False,True,False,False
50.6,1,0,537,0,0,False,True,False,False,False,False,False,True,False,True,False
70.6,1,0,535,1,0,False,False,True,False,False,False,False,True,False,True,False
19.9,1,0,2234,0,0,False,False,False,True,False,False,False,True,False,True,False
43.45,8,1,3621,0,0,False,False,False,True,False,False,False,True,False,False,True
89.8,5,0,474,1,0,False,False,True,False,False,False,True,False,False,False,True
69.15,1,1,678,0,0,False,True,False,False,False,False,True,False,False,True,False
20.5,58,1,387,0,0,False,False,True,False,False,True,False,False,False,False,True
108.95,72,0,3214,1,0,False,False,False,True,False,True,False,False,True,False,False
25.1,23,2,2204,0,1,False,False,False,True,False,False,False,True,False,False,True
96.5,5,0,613,1,0,False,False,True,False,True,False,False,False,False,False,True
39.15,70,0,619,0,0,False,True,False,False,False,True,False,False,False,False,True
84.5,12,0,1376,1,0,False,False,False,True,False,False,True,False,False,False,True
69.9,7,3,672,0,1,True,False,False,False,False,False,False,True,False,False,True
45.65,1,1,2504,0,0,False,False,False,True,False,False,True,False,False,True,False
54.3,44,3,366,0,1,False,True,False,False,False,False,True,False,False,False,True
81.0,46,1,415,1,0,False,False,True,False,False,False,False,True,True,False,False
19.6,20,0,366,0,0,False,False,True,False,False,True,False,False,False,False,True
93.95,32,0,517,1,0,False,True,False,False,False,False,False,True,True,False,False
20.3,1,2,433,0,1,False,False,True,False,False,False,False,True,False,True,False
85.25,67,1,291,1,0,False,False,True,False,False,False,False,True,True,False,False
98.65,29,1,332,1,0,False,False,True,False,False,False,True,False,True,False,False
23.3,72,0,330,0,0,False,False,True,False,True,False,False,False,False,False,True
101.35,12,0,2285,1,0,False,False,False,True,False,False,True,False,False,False,True
71.6,27,1,233,1,0,True,False,False,False,True,False,False,False,True,False,False
115.85,56,0,3772,1,0,False,False,False,True,False,False,False,True,True,False,False
100.15,62,0,406,1,0,False,False,True,False,False,False,True,False,True,False,False
34.7,11,1,406,0,0,False,False,True,False,False,False,False,True,False,False,True
74.75,30,0,523,1,0,False,False,True,False,False,False,True,False,True,False,False
19.65,40,2,1902,0,1,False,False,False,True,False,True,False,False,False,False,True
24.85,38,3,426,0,1,False,False,True,False,False,False,True,False,False,False,True
29.75,28,0,623,0,0,True,False,False,False,False,False,False,True,False,False,True
94.4,1,3,432,1,1,False,True,False,False,False,False,True,False,False,True,False
45.0,12,1,216,0,0,False,True,False,False,True,False,False,False,False,False,True
78.4,24,1,143,1,0,False,False,True,False,False,False,True,False,False,False,True
25.1,72,0,1995,0,0,False,False,False,True,False,True,False,False,False,False,True
82.3,3,1,2985,1,0,False,False,False,True,False,False,False,True,False,True,False
115.5,72,2,330,1,1,False,True,False,False,False,False,True,False,True,False,False
25.25,4,0,436,0,0,True,False,False,False,False,False,False,True,False,False,True
76.1,3,0,4066,1,0,False,False,False,True,False,False,True,False,False,True,False
49.55,1,0,588,0,0,False,False,True,False,False,False,True,False,False,True,False
77.85,43,1,304,1,0,False,False,True,False,False,False,True,False,True,False,False
40.7,10,0,3277,0,0,False,False,False,True,True,False,False,False,False,False,True
44.3,2,0,488,0,0,True,False,False,False,False,False,True,False,False,True,False
18.8,15,0,346,0,0,True,False,False,False,False,False,False,True,False,False,True
74.6,3,2,506,1,1,False,True,False,False,True,False,False,False,False,True,False
59.95,65,2,396,0,1,False,True,False,False,False,True,False,False,False,False,True
20.1,27,1,352,0,0,False,True,False,False,True,False,False,False,False,False,True
74.4,1,0,695,1,0,False,False,True,False,False,False,True,False,False,True,False
20.6,35,0,710,0,0,True,False,False,False,True,False,False,False,False,False,True
46.6,2,2,476,0,1,False,True,False,False,True,False,False,False,False,True,False
99.65,60,1,329,1,0,False,False,True,False,False,False,True,False,True,False,False
19.45,49,3,454,0,1,True,False,False,False,False,True,False,False,False,False,True
35.45,3,1,1629,0,0,False,False,False,True,False,False,False,True,False,True,False
19.9,24,0,657,0,0,False,False,True,False,False,False,False,True,False,False,True
89.1,62,0,454,1,0,False,False,True,False,False,True,False,False,True,False,False
89.1,25,3,219,1,1,True,False,False,False,False,False,True,False,True,False,False
88.85,10,3,653,1,1,False,False,True,False,False,False,True,False,False,False,True
54.2,67,0,597,0,0,False,True,False,False,True,False,False,False,False,False,True
84.8,7,2,321,1,1,False,True,False,False,False,False,True,False,False,False,True
81.0,24,0,331,1,0,False,False,True,False,True,False,False,False,False,False,True
116.05,72,3,311,1,1,False,False,True,False,True,False,False,False,True,False,False
73.9,53,1,517,1,0,False,False,True,False,True,False,False,False,True,False,False
86.85,2,2,2509,1,1,False,False,False,True,False,False,False,True,False,True,False
75.55,5,1,199,1,0,False,False,True,False,False,False,True,False,False,False,True
35.45,52,0,481,0,0,False,True,False,False,False,False,False,True,False,False,True
74.35,72,3,326,1,1,False,False,True,False,False,False,True,False,True,False,False
79.25,70,1,472,1,0,False,False,True,False,True,False,False,False,True,False,False
20.15,9,1,230,0,0,True,False,False,False,False,False,False,True,False,False,True
19.5,2,0,308,0,0,False,False,True,False,False,False,False,True,False,True,False
59.9,28,0,713,0,0,False,True,False,False,False,False,True,False,False,False,True
85.95,72,1,284,1,0,False,True,False,False,True,False,False,False,True,False,False
40.15,42,1,2321,0,0,False,False,False,True,True,False,False,False,False,False,True
102.0,11,0,2858,1,0,False,False,False,True,False,False,True,False,False,False,True
49.7,61,0,599,0,0,False,True,False,False,True,False,False,False,False,False,True
75.7,63,0,1481,1,0,False,False,False,True,False,False,False,True,True,False,False
45.85,1,1,492,0,0,False,True,False,False,False,False,False,True,False,True,False
48.35,23,1,2777,0,0,False,False,False,True,False,True,False,False,False,False,True
20.25,61,2,375,0,1,False,True,False,False,False,True,False,False,False,False,True
19.5,7,2,145,0,1,True,False,False,False,False,False,False,True,False,False,True
20.4,14,2,354,0,1,False,False,True,False,True,False,False,False,False,False,True
88.45,23,1,460,1,0,False,False,True,False,True,False,False,False,False,False,True
91.75,9,0,2911,1,0,False,False,False,True,True,False,False,False,False,False,True
99.55,11,2,488,1,1,False,False,True,False,False,False,True,False,False,False,True
75.15,48,0,517,1,0,False,True,False,False,False,False,True,False,True,False,False
19.95,63,1,524,0,0,False,False,True,False,True,False,False,False,False,False,True
99.95,6,0,301,1,0,True,False,False,False,False,False,False,True,False,False,True
50.95,5,0,530,0,0,True,False,False,False,False,True,False,False,False,False,True
88.0,70,0,275,1,0,False,False,True,False,False,True,False,False,True,False,False
66.25,8,1,3170,0,0,False,False,False,True,False,False,True,False,False,False,True
24.95,46,3,236,0,1,False,True,False,False,False,False,False,True,False,False,True
19.55,6,1,471,0,0,False,False,True,False,False,False,False,True,False,False,True
84.4,68,3,421,1,1,True,False,False,False,False,True,False,False,True,False,False
20.65,31,2,2567,0,1,False,False,False,True,False,False,True,False,False,False,True
20.05,23,2,559,0,1,False,False,True,False,False,False,False,True,False,False,True
83.9,6,0,339,1,0,False,False,True,False,False,False,True,False,False,False,True
50.75,1,1,4012,0,0,False,False,False,True,False,False,True,False,False,True,False
79.45,2,3,245,1,1,False,False,True,False,False,False,True,False,False,True,False
94.3,43,1,308,1,0,False,False,True,False,False,False,True,False,True,False,False
19.75,46,0,508,0,0,False,True,False,False,False,True,False,False,False,False,True
99.25,49,0,500,1,0,False,True,False,False,False,True,False,False,True,False,False
94.8,51,0,140,1,0,False,False,True,False,False,False,True,False,True,False,False
92.9,28,0,2647,1,0,False,False,False,True,True,False,False,False,True,False,False
91.85,65,0,478,1,0,False,True,False,False,True,False,False,False,True,False,False
83.4,51,0,176,1,0,False,False,True,False,True,False,False,False,True,False,False
20.65,1,3,284,0,1,True,False,False,False,False,False,True,False,False,True,False
75.35,1,1,572,1,0,False,False,True,False,False,False,True,False,False,True,False
20.4,24,2,443,0,1,True,False,False,False,False,True,False,False,False,False,True
34.7,48,0,524,0,0,True,False,False,False,False,False,False,True,False,False,True
80.3,1,1,2929,1,0,False,False,False,True,False,False,True,False,False,True,False
54.15,2,3,230,0,1,False,False,True,False,False,False,False,True,False,True,False
55.45,27,0,585,0,0,False,False,True,False,True,False,False,False,False,False,True
49.9,1,0,2644,0,0,False,False,False,True,False,False,False,True,False,True,False
58.4,70,0,799,0,0,False,True,False,False,True,False,False,False,False,False,True
75.35,35,1,3227,1,0,False,False,False,True,False,True,False,False,True,False,False
49.35,67,0,230,0,0,True,False,False,False,True,False,False,False,False,False,True
45.85,2,0,607,0,0,True,False,False,False,False,False,False,True,False,True,False
20.55,15,0,326,0,0,False,True,False,False,False,False,False,True,False,False,True
19.55,1,0,2713,0,0,False,False,False,True,False,False,False,True,False,True,False
24.8,62,0,192,0,0,False,True,False,False,True,False,False,False,False,False,True
20.25,36,1,414,0,0,True,False,False,False,True,False,False,False,False,False,True
20.1,1,0,2520,0,0,False,False,False,True,False,False,False,True,False,True,False
104.8,72,0,2221,1,0,False,False,False,True,True,False,False,False,True,False,False
79.4,70,0,481,1,0,False,True,False,False,True,False,False,False,True,False,False
53.95,1,0,503,0,0,False,False,True,False,False,False,True,False,False,True,False
58.35,24,2,4310,0,1,False,False,False,True,False,False,True,False,False,False,True
62.7,45,3,416,0,1,False,False,True,False,False,True,False,False,True,False,False
19.8,29,2,301,0,1,False,True,False,False,False,False,False,True,False,False,True
88.6,33,0,442,1,0,False,False,True,False,False,True,False,False,True,False,False
100.4,7,1,355,1,0,False,False,True,False,False,False,True,False,False,False,True
80.3,7,0,2466,1,0,False,False,False,True,False,False,False,True,False,False,True
73.15,18,0,601,1,0,False,True,False,False,False,False,True,False,False,False,True
19.25,2,0,538,0,0,False,False,True,False,False,False,False,True,False,True,False
79.85,66,0,335,1,0,False,False,True,False,True,False,False,False,True,False,False
19.6,3,0,1527,0,0,False,False,False,True,False,False,False,True,False,True,False
26.45,72,3,352,0,1,True,False,False,False,False,True,False,False,False,False,True
66.75,72,1,460,0,0,False,False,True,False,False,True,False,False,True,False,False
45.3,13,0,2723,0,0,False,False,False,True,False,False,True,False,False,False,True
85.95,24,1,299,1,0,False,False,True,False,False,False,True,False,False,False,True
74.8,70,2,245,1,1,False,True,False,False,False,True,False,False,True,False,False
97.2,71,3,367,1,1,False,False,True,False,False,False,True,False,True,False,False
59.5,56,3,249,0,1,True,False,False,False,False,True,False,False,False,False,True
93.55,6,2,482,1,1,False,True,False,False,True,False,False,False,False,False,True
45.3,1,1,473,0,0,False,True,False,False,False,False,True,False,False,True,False
44.95,21,0,3637,0,0,False,False,False,True,False,False,True,False,False,False,True
65.45,14,1,254,0,0,True,False,False,False,False,False,True,False,False,False,True
65.85,13,1,323,0,0,False,False,True,False,False,False,True,False,False,False,True
94.2,12,0,579,1,0,True,False,False,False,False,False,True,False,False,False,True
90.65,65,0,544,1,0,False,False,True,False,False,False,True,False,True,False,False
84.3,30,0,632,1,0,False,False,True,False,False,True,False,False,True,False,False
24.5,2,0,645,0,0,True,False,False,False,False,False,True,False,False,True,False
20.1,12,0,1440,0,0,False,False,False,True,False,True,False,False,False,False,True
107.25,56,1,157,1,0,True,False,False,False,False,False,True,False,True,False,False
92.45,67,1,2228,1,0,False,False,False,True,True,False,False,False,True,False,False
50.9,4,2,1261,0,1,False,False,False,True,False,False,True,False,False,False,True
94.4,65,0,605,1,0,False,True,False,False,False,False,True,False,True,False,False
101.15,60,2,398,1,1,False,True,False,False,False,True,False,False,True,False,False
99.5,37,1,143,1,0,False,True,False,False,False,False,True,False,True,False,False
19.8,72,2,3726,0,1,False,False,False,True,False,True,False,False,False,False,True
100.3,52,1,2918,1,0,False,False,False,True,False,False,True,False,True,False,False
106.9,13,3,130,1,1,False,False,True,False,False,False,True,False,False,False,True
96.85,56,1,3094,1,0,False,False,False,True,False,False,True,False,True,False,False
20.65,51,0,258,0,0,True,False,False,False,True,False,False,False,False,False,True
58.85,7,2,641,0,1,False,True,False,False,False,False,False,True,False,False,True
94.2,17,0,238,1,0,False,False,True,False,False,False,True,False,False,False,True
20.05,18,1,3059,0,0,False,False,False,True,False,True,False,False,False,False,True
99.4,50,3,143,1,1,False,False,True,False,False,False,True,False,True,False,False
54.65,32,1,2034,0,0,False,False,False,True,True,False,False,False,False,False,True
74.7,1,1,514,1,0,True,False,False,False,False,False,True,False,False,True,False
94.65,46,0,530,1,0,False,True,False,False,False,False,True,False,True,False,False
19.75,16,0,306,0,0,False,False,True,False,False,False,True,False,False,False,True
70.8,1,3,381,1,1,False,True,False,False,False,False,False,True,False,True,False
98.85,51,1,464,1,0,False,False,True,False,False,False,True,False,True,False,False
108.9,25,0,2954,1,0,False,False,False,True,False,False,True,False,True,False,False
43.55,8,0,255,0,0,True,False,False,False,False,False,False,True,False,False,True
53.75,33,0,401,0,0,True,False,False,False,False,True,False,False,False,False,True
65.3,54,0,67,0,0,False,False,True,False,True,False,False,False,True,False,False
25.1,18,0,732,0,0,False,True,False,False,False,False,False,True,False,False,True
20.55,27,1,67,0,0,False,False,True,False,False,False,False,True,False,False,True
101.05,68,0,210,1,0,False,False,True,False,False,True,False,False,True,False,False
25.45,59,2,424,0,1,True,False,False,False,False,False,False,True,False,False,True
76.85,56,0,436,1,0,False,True,False,False,True,False,False,False,True,False,False
25.4,72,0,249,0,0,False,False,True,False,True,False,False,False,False,False,True
72.1,54,3,391,1,1,False,True,False,False,False,False,False,True,True,False,False
20.55,47,1,2370,0,0,False,False,False,True,False,False,False,True,False,False,True
43.05,50,2,279,0,1,True,False,False,False,True,False,False,False,False,False,True
104.15,71,3,366,1,1,False,False,True,False,False,True,False,False,True,False,False
44.75,1,0,356,0,0,False,True,False,False,False,False,False,True,False,True,False
75.5,3,0,274,1,0,False,True,False,False,False,False,True,False,False,True,False
35.1,21,0,243,0,0,True,False,False,False,False,False,False,True,False,False,True
50.55,66,0,770,0,0,True,False,False,False,True,False,False,False,False,False,True
95.5,48,1,311,1,0,False,False,True,False,False,False,False,True,True,False,False
100.05,47,0,763,1,0,True,False,False,False,False,False,True,False,True,False,False
23.95,60,1,567,0,0,False,True,False,False,False,True,False,False,False,False,True
90.6,37,0,59,1,0,False,False,True,False,True,False,False,False,True,False,False
80.55,18,0,419,1,0,False,False,True,False,False,True,False,False,False,False,True
89.85,72,1,383,1,0,False,True,False,False,False,True,False,False,True,False,False
90.75,6,0,602,1,0,False,True,False,False,False,False,True,False,False,False,True
93.55,33,0,304,1,0,False,False,True,False,False,False,True,False,True,False,False
96.75,35,0,329,1,0,False,True,False,False,False,False,False,True,True,False,False
78.9,37,3,328,1,1,True,False,False,False,False,True,False,False,True,False,False
69.65,1,3,339,0,1,False,True,False,False,False,False,True,False,False,True,False
24.45,71,1,4481,0,0,False,False,False,True,True,False,False,False,False,False,True
85.05,16,0,877,1,0,False,False,True,False,False,True,False,False,False,False,True
74.0,54,2,527,1,1,False,False,True,False,True,False,False,False,True,False,False
85.3,72,0,462,1,0,True,False,False,False,True,False,False,False,True,False,False
79.8,12,0,436,1,0,True,False,False,False,False,False,True,False,False,False,True
20.15,69,2,440,0,1,False,True,False,False,True,False,False,False,False,False,True
102.95,24,1,452,1,0,False,False,True,False,False,True,False,False,False,False,True
19.75,8,1,528,0,0,True,False,False,False,False,False,False,True,False,False,True
54.55,11,0,329,0,0,False,True,False,False,False,False,True,False,False,False,True
43.75,9,0,151,0,0,False,True,False,False,False,False,True,False,False,False,True
78.3,34,0,1917,1,0,False,False,False,True,False,False,True,False,True,False,False
47.4,66,2,103,0,1,False,True,False,False,False,False,False,True,False,False,True
20.65,41,0,85,0,0,True,False,False,False,False,True,False,False,False,False,True
19.35,16,1,534,0,0,False,True,False,False,False,False,False,True,False,False,True
105.1,65,3,321,1,1,True,False,False,False,False,True,False,False,True,False,False
20.3,27,0,261,0,0,True,False,False,False,False,False,False,True,False,False,True
105.75,68,0,496,1,0,False,False,True,False,False,True,False,False,True,False,False
106.4,23,0,3667,1,0,False,False,False,True,False,False,True,False,False,False,True
20.35,33,1,377,0,0,False,True,False,False,False,False,False,True,False,False,True
89.5,25,0,519,1,0,True,False,False,False,False,False,True,False,True,False,False
114.45,72,2,2529,1,1,False,False,False,True,True,False,False,False,True,False,False
20.45,39,0,355,0,0,False,True,False,False,True,False,False,False,False,False,True
20.0,62,3,375,0,1,True,False,False,False,True,False,False,False,False,False,True
19.75,53,0,308,0,0,True,False,False,False,True,False,False,False,False,False,True
99.5,53,2,478,1,1,False,True,False,False,False,False,False,True,True,False,False
82.0,18,0,367,1,0,False,True,False,False,False,True,False,False,False,False,True
89.1,62,2,493,1,1,True,False,False,False,False,False,True,False,True,False,False
65.3,70,0,1739,0,0,False,False,False,True,False,True,False,False,True,False,False
104.65,27,2,463,1,1,False,False,True,False,True,False,False,False,True,False,False
103.3,61,0,691,1,0,False,False,True,False,True,False,False,False,True,False,False
103.85,53,0,482,1,0,True,False,False,False,False,False,True,False,True,False,False
103.95,54,0,446,1,0,False,False,True,False,True,False,False,False,True,False,False
111.6,64,0,514,1,0,True,False,False,False,True,False,False,False,True,False,False
99.7,30,0,50,1,0,False,False,True,False,False,False,True,False,True,False,False
20.55,50,1,506,0,0,False,False,True,False,False,True,False,False,False,False,True
104.85,38,0,434,1,0,False,True,False,False,False,False,True,False,True,False,False
98.65,72,0,242,1,0,False,False,True,False,True,False,False,False,True,False,False
105.65,39,1,317,1,0,False,False,True,False,False,False,True,False,True,False,False
64.5,30,2,2235,0,1,False,False,False,True,False,False,False,True,True,False,False
95.0,26,0,327,1,0,False,False,True,False,False,False,True,False,True,False,False
85.95,6,0,446,1,0,True,False,False,False,False,False,False,True,False,False,True
53.9,16,0,474,0,0,False,False,True,False,False,False,False,True,False,False,True
56.15,51,1,301,0,0,False,False,True,False,False,False,True,False,False,False,True
98.6,17,1,378,1,0,True,False,False,False,True,False,False,False,False,False,True
78.8,1,1,296,1,0,True,False,False,False,False,False,True,False,False,True,False
20.05,62,1,520,0,0,False,True,False,False,False,True,False,False,False,False,True
64.75,13,1,311,0,0,False,True,False,False,False,False,True,False,False,False,True
73.05,64,1,320,1,0,True,False,False,False,False,True,False,False,True,False,False
84.8,44,1,572,1,0,False,False,True,False,False,True,False,False,True,False,False
112.95,16,0,587,1,0,False,True,False,False,False,False,True,False,False,False,True
24.8,15,0,192,0,0,False,True,False,False,False,False,True,False,False,False,True
40.65,36,2,3060,0,1,False,False,False,True,False,True,False,False,False,False,True
90.85,1,1,563,1,0,False,False,True,False,False,False,True,False,False,True,False
70.0,24,1,436,0,0,False,True,False,False,False,True,False,False,False,False,True
19.85,60,2,3575,0,1,False,False,False,True,True,False,False,False,False,False,True
91.5,3,0,402,1,0,False,True,False,False,False,True,False,False,False,True,False
90.8,16,0,178,1,0,True,False,False,False,True,False,False,False,False,False,True
85.9,66,0,462,1,0,False,False,True,False,True,False,False,False,True,False,False
104.25,66,0,406,1,0,True,False,False,False,False,False,True,False,True,False,False
20.4,45,2,368,0,1,False,True,False,False,False,False,True,False,False,False,True
110.75,43,1,397,1,0,False,True,False,False,True,False,False,False,True,False,False
19.8,71,1,322,0,0,True,False,False,False,False,True,False,False,False,False,True
45.05,1,1,422,0,0,False,False,True,False,False,False,False,True,False,True,False
71.0,1,2,532,1,1,False,False,True,False,False,False,True,False,False,True,False
81.45,20,1,749,1,0,False,True,False,False,False,False,True,False,False,False,True
53.5,65,3,297,0,1,True,False,False,False,True,False,False,False,False,False,True
20.0,19,0,184,0,0,False,True,False,False,False,False,True,False,False,False,True
20.0,36,0,2755,0,0,False,False,False,True,False,False,False,True,False,False,True
108.6,71,0,372,1,0,False,True,False,False,False,True,False,False,True,False,False
24.8,1,0,751,0,0,False,True,False,False,False,False,True,False,False,True,False
68.25,33,1,480,0,0,False,True,False,False,False,False,True,False,True,False,False
54.5,71,0,172,0,0,False,True,False,False,True,False,False,False,False,False,True
67.8,13,1,360,0,0,False,True,False,False,True,False,False,False,False,False,True
19.4,29,1,97,0,0,True,False,False,False,False,False,False,True,False,False,True
71.95,13,2,562,1,1,False,False,True,False,False,False,True,False,False,False,True
56.75,22,0,384,0,0,False,True,False,False,True,False,False,False,False,False,True
99.25,7,1,251,1,0,False,False,True,False,False,False,True,False,False,False,True
25.4,47,1,594,0,0,False,False,True,False,False,False,True,False,False,False,True
20.3,26,3,3223,0,1,False,False,False,True,False,False,True,False,False,False,True
59.9,13,1,254,0,0,False,False,True,False,False,False,True,False,False,False,True
89.8,26,1,462,1,0,True,False,False,False,False,False,True,False,True,False,False
20.4,2,0,380,0,0,False,False,True,False,False,False,False,True,False,True,False
24.45,4,0,65,0,0,True,False,False,False,False,False,True,False,False,False,True
80.95,52,0,402,1,0,False,False,True,False,True,False,False,False,True,False,False
91.05,3,0,459,1,0,True,False,False,False,False,False,True,False,False,True,False
110.75,62,2,311,1,1,False,False,True,False,True,False,False,False,True,False,False
93.9,70,0,478,1,0,True,False,False,False,True,False,False,False,True,False,False
104.1,71,1,533,1,0,False,False,True,False,False,True,False,False,True,False,False
35.75,69,0,250,0,0,False,True,False,False,True,False,False,False,False,False,True
26.2,35,0,497,0,0,True,False,False,False,True,False,False,False,False,False,True
102.6,63,0,516,1,0,False,True,False,False,False,False,True,False,True,False,False
105.4,69,1,408,1,0,False,True,False,False,False,True,False,False,True,False,False
99.9,72,2,534,1,1,False,True,False,False,True,False,False,False,True,False,False
80.4,36,2,464,1,1,True,False,False,False,False,False,True,False,True,False,False
72.75,33,0,467,1,0,False,True,False,False,True,False,False,False,True,False,False
89.9,28,0,669,1,0,False,True,False,False,False,True,False,False,True,False,False
19.6,27,1,591,0,0,True,False,False,False,False,False,False,True,False,False,True
74.1,1,0,667,1,0,False,True,False,False,False,True,False,False,False,True,False
38.5,72,0,2530,0,0,False,False,False,True,False,True,False,False,False,False,True
98.0,63,3,1652,1,1,False,False,False,True,False,True,False,False,True,False,False
69.85,12,0,2533,0,0,False,False,False,True,False,False,False,True,False,False,True
25.4,12,1,374,0,0,False,True,False,False,True,False,False,False,False,False,True
113.0,70,3,50,1,1,False,False,True,False,False,True,False,False,True,False,False
45.35,1,2,2861,0,1,False,False,False,True,False,False,False,True,False,True,False
89.1,20,0,365,1,0,False,False,True,False,True,False,False,False,False,False,True
25.0,72,3,662,0,1,True,False,False,False,False,True,False,False,False,False,True
75.65,5,0,492,1,0,False,True,False,False,False,False,False,True,False,False,True
25.25,39,0,365,0,0,True,False,False,False,False,True,False,False,False,False,True
54.3,1,0,505,0,0,False,False,True,False,False,False,True,False,False,True,False
55.2,15,2,520,0,1,True,False,False,False,False,True,False,False,False,False,True
24.55,72,1,415,0,0,False,False,True,False,False,False,True,False,False,False,True
35.75,24,0,2200,0,0,False,False,False,True,False,False,False,True,False,False,True
103.8,34,2,3040,1,1,False,False,False,True,False,False,True,False,True,False,False
79.55,9,1,374,1,0,False,False,True,False,False,False,True,False,False,False,True
88.05,72,3,3526,1,1,False,False,False,True,False,True,False,False,True,False,False
21.05,8,0,3025,0,0,False,False,False,True,False,True,False,False,False,False,True
19.0,6,0,578,0,0,True,False,False,False,False,True,False,False,False,False,True
87.55,36,2,589,1,1,False,False,True,False,False,False,True,False,True,False,False
25.4,72,0,232,0,0,True,False,False,False,False,False,False,True,False,False,True
49.85,8,2,652,0,1,False,True,False,False,False,False,True,False,False,False,True
20.05,44,2,612,0,1,False,True,False,False,False,False,False,True,False,False,True
69.8,18,1,652,0,0,False,False,False,True,False,False,True,False,False,False,True
99.95,39,1,223,1,0,False,True,False,False,False,True,False,False,True,False,False
95.4,60,0,353,1,0,False,False,True,False,True,False,False,False,True,False,False
39.65,1,1,163,0,0,True,False,False,False,False,False,True,False,False,True,False
20.0,21,2,350,0,1,False,False,True,False,False,False,False,True,False,False,True
84.95,60,0,268,1,0,True,False,False,False,False,False,True,False,True,False,False
70.75,62,1,352,1,0,False,False,True,False,True,False,False,False,True,False,False
19.8,8,0,464,0,0,False,True,False,False,False,False,True,False,False,False,True
25.1,65,0,428,0,0,True,False,False,False,True,False,False,False,False,False,True
20.75,17,0,216,0,0,False,False,True,False,False,False,False,True,False,False,True
61.4,60,1,491,0,0,False,False,True,False,False,False,True,False,True,False,False
19.25,11,1,237,0,0,True,False,False,False,False,False,False,True,False,False,True
19.95,2,1,3587,0,0,False,False,False,True,False,False,False,True,False,True,False
103.9,21,3,271,1,1,False,True,False,False,False,False,True,False,False,False,True
103.1,66,0,523,1,0,False,False,True,False,True,False,False,False,True,False,False
18.95,16,3,408,0,1,False,True,False,False,False,True,False,False,False,False,True
75.1,66,1,218,1,0,True,False,False,False,False,False,True,False,True,False,False
79.2,46,0,187,1,0,True,False,False,False,False,False,False,True,True,False,False
90.25,70,0,237,1,0,False,False,True,False,True,False,False,False,True,False,False
20.35,72,2,277,0,1,False,True,False,False,False,False,True,False,False,False,True
44.6,1,1,303,0,0,True,False,False,False,False,False,False,True,False,True,False
24.0,1,0,349,0,0,True,False,False,False,False,False,False,True,False,True,False
100.6,8,2,393,1,1,False,True,False,False,False,False,True,False,False,False,True
49.2,2,1,304,0,0,False,False,True,False,False,False,False,True,False,True,False
19.2,1,2,434,0,1,True,False,False,False,False,False,False,True,False,True,False
20.5,17,1,3147,0,0,False,False,False,True,False,False,False,True,False,False,True
50.0,58,2,416,0,1,False,False,True,False,False,False,False,True,False,False,True
86.75,59,0,361,1,0,False,True,False,False,False,False,True,False,True,False,False
89.4,12,1,2631,1,0,False,False,False,True,False,False,True,False,False,False,True
63.6,3,1,336,0,0,True,False,False,False,False,False,True,False,False,True,False
50.6,32,2,383,0,1,True,False,False,False,False,True,False,False,False,False,True
24.7,7,0,550,0,0,False,True,False,False,False,False,True,False,False,False,True
19.9,8,3,476,0,1,True,False,False,False,False,True,False,False,False,False,True
85.1,22,1,301,1,0,False,False,True,False,False,False,True,False,False,False,True
96.6,66,0,385,1,0,False,False,True,False,False,False,False,True,True,False,False
75.4,23,0,230,1,0,False,False,True,False,True,False,False,False,False,False,True
86.0,1,2,427,1,1,False,True,False,False,False,False,True,False,False,True,False
65.35,21,2,367,0,1,False,False,True,False,True,False,False,False,False,False,True
74.75,9,0,584,1,0,False,False,True,False,False,False,True,False,False,False,True
56.25,44,1,3074,0,0,False,False,False,True,True,False,False,False,False,False,True
79.4,15,1,187,1,0,True,False,False,False,False,False,True,False,False,False,True
74.0,67,2,3111,1,1,False,False,False,True,False,True,False,False,True,False,False
98.25,56,0,339,1,0,False,False,True,False,False,False,True,False,True,False,False
29.05,4,3,1874,0,1,False,False,False,True,False,False,True,False,False,False,True
79.15,43,0,726,1,0,False,False,True,False,False,True,False,False,True,False,False
82.15,61,3,339,1,1,False,False,True,False,False,False,True,False,True,False,False
65.4,44,1,3160,0,0,False,False,False,True,False,False,True,False,True,False,False
75.85,9,0,254,1,0,True,False,False,False,False,False,True,False,False,False,True
115.8,72,0,402,1,0,False,False,True,False,True,False,False,False,True,False,False
95.35,7,0,2893,1,0,False,False,False,True,False,False,True,False,False,False,True
44.4,9,0,366,0,0,False,False,True,False,False,False,False,True,False,False,True
19.95,51,1,446,0,0,False,False,True,False,False,False,False,True,False,False,True
29.45,66,0,280,0,0,False,False,True,False,False,True,False,False,False,False,True
24.8,14,3,590,0,1,True,False,False,False,False,True,False,False,False,False,True
20.15,10,1,1685,0,0,False,False,False,True,False,False,False,True,False,False,True
19.35,17,0,2183,0,0,False,False,False,True,False,False,False,True,False,False,True
95.4,48,0,279,1,0,False,True,False,False,False,False,True,False,True,False,False
19.95,19,0,2253,0,0,False,False,False,True,False,False,False,True,False,False,True
19.3,1,3,571,0,1,False,False,True,False,False,False,False,True,False,True,False
19.55,63,1,619,0,0,False,False,True,False,False,False,False,True,False,False,True
105.05,67,2,307,1,1,False,False,True,False,False,False,True,False,True,False,False
63.55,63,0,484,0,0,True,False,False,False,False,False,False,True,True,False,False
69.2,71,0,206,0,0,False,True,False,False,False,False,True,False,True,False,False
53.65,36,0,473,0,0,False,True,False,False,False,False,False,True,False,False,True
91.55,16,2,253,1,1,False,False,True,False,False,False,True,False,False,False,True
20.55,2,0,635,0,0,False,False,True,False,False,False,False,True,False,True,False
104.95,72,3,823,1,1,True,False,False,False,False,False,True,False,True,False,False
55.15,24,2,205,0,1,False,False,True,False,False,False,True,False,False,False,True
101.75,42,0,476,1,0,False,False,True,False,False,False,True,False,True,False,False
20.85,45,3,4652,0,1,False,False,False,True,False,False,False,True,False,False,True
99.5,59,2,368,1,1,False,False,True,False,True,False,False,False,True,False,False
96.0,63,1,178,1,0,False,True,False,False,False,False,True,False,True,False,False
20.25,1,1,375,0,0,False,False,True,False,False,False,False,True,False,True,False
60.0,43,2,1094,0,1,False,False,False,True,False,False,True,False,False,False,True
87.25,71,1,3201,1,0,False,False,False,True,False,True,False,False,True,False,False
43.8,12,1,601,0,0,True,False,False,False,True,False,False,False,False,False,True
19.15,25,0,3767,0,0,False,False,False,True,False,False,False,True,False,False,True
83.55,72,1,313,1,0,False,False,True,False,False,True,False,False,True,False,False
55.0,6,1,372,0,0,False,True,False,False,False,False,True,False,False,False,True
25.35,30,3,371,0,1,False,False,True,False,True,False,False,False,False,False,True
100.25,46,0,458,1,0,False,False,True,False,False,False,True,False,True,False,False
73.25,2,1,130,1,0,True,False,False,False,False,True,False,False,False,True,False
106.35,47,1,3076,1,0,False,False,False,True,False,False,True,False,True,False,False
34.2,51,2,823,0,1,False,False,True,False,True,False,False,False,False,False,True
20.75,42,1,2941,0,0,False,False,False,True,True,False,False,False,False,False,True
101.35,62,1,533,1,0,False,False,True,False,False,False,True,False,True,False,False
20.55,5,0,432,0,0,True,False,False,False,False,True,False,False,False,False,True
71.85,53,1,317,1,0,True,False,False,False,False,False,True,False,True,False,False
98.7,10,0,406,1,0,False,False,True,False,False,False,True,False,False,False,True
57.45,18,1,534,0,0,False,False,True,False,False,False,True,False,False,False,True
19.75,1,0,424,0,0,True,False,False,False,False,False,False,True,False,True,False
85.5,51,1,452,1,0,False,False,True,False,False,True,False,False,True,False,False
85.55,61,1,452,1,0,False,False,True,False,True,False,False,False,True,False,False
44.65,7,3,393,0,1,False,True,False,False,True,False,False,False,False,False,True
103.85,50,2,118,1,1,False,False,True,False,True,False,False,False,True,False,False
80.1,4,0,280,1,0,True,False,False,False,False,False,True,False,False,False,True
85.2,47,1,2884,1,0,False,False,False,True,True,False,False,False,True,False,False
62.45,32,0,195,0,0,True,False,False,False,True,False,False,False,True,False,False
45.25,2,0,474,0,0,True,False,False,False,False,False,True,False,False,True,False
36.5,27,2,536,0,1,False,True,False,False,True,False,False,False,False,False,True
55.55,10,1,260,0,0,False,True,False,False,False,False,False,True,False,False,True
80.25,1,0,575,1,0,True,False,False,False,False,False,True,False,False,True,False
74.05,21,1,1616,1,0,False,False,False,True,True,False,False,False,False,False,True
21.05,12,1,612,0,0,False,True,False,False,False,True,False,False,False,False,True
19.75,1,0,494,0,0,False,True,False,False,False,False,False,True,False,True,False
19.6,51,0,2254,0,0,False,False,False,True,False,True,False,False,False,False,True
58.7,3,0,196,0,0,True,False,False,False,False,True,False,False,False,True,False
107.45,72,0,576,1,0,False,False,True,False,False,False,False,True,True,False,False
44.4,1,0,263,0,0,True,False,False,False,False,False,False,True,False,True,False
85.4,5,1,375,1,0,False,False,True,False,False,False,True,False,False,False,True
85.05,1,3,368,1,1,False,False,True,False,False,False,True,False,False,True,False
25.1,66,1,505,0,0,False,True,False,False,False,False,False,True,False,False,True
75.35,61,0,470,1,0,False,False,True,False,False,True,False,False,True,False,False
99.55,32,0,286,1,0,False,False,True,False,False,True,False,False,True,False,False
19.35,65,2,1901,0,1,False,False,False,True,True,False,False,False,False,False,True
101.1,41,0,173,1,0,False,False,True,False,True,False,False,False,True,False,False
89.8,14,3,677,1,1,False,False,True,False,False,False,False,True,False,False,True
89.55,2,1,388,1,0,True,False,False,False,True,False,False,False,False,True,False
58.0,29,0,539,0,0,False,False,True,False,False,True,False,False,False,False,True
51.2,10,0,461,0,0,False,False,True,False,False,False,True,False,False,False,True
69.75,32,1,231,0,0,True,False,False,False,True,False,False,False,True,False,False
19.95,7,1,292,0,0,False,False,True,False,False,False,False,True,False,False,True
77.35,71,1,651,1,0,False,False,True,False,False,True,False,False,True,False,False
19.5,11,2,513,0,1,True,False,False,False,False,False,False,True,False,False,True
20.75,2,0,341,0,0,False,True,False,False,False,False,False,True,False,True,False
21.05,1,0,2149,0,0,False,False,False,True,False,False,False,True,False,True,False
19.8,23,0,220,0,0,False,True,False,False,False,False,False,True,False,False,True
101.15,62,1,2183,1,0,False,False,False,True,True,False,False,False,True,False,False
78.55,7,1,2925,1,0,False,False,False,True,True,False,False,False,False,False,True
113.65,71,1,488,1,0,False,False,True,False,False,True,False,False,True,False,False
87.15,2,2,282,1,1,False,True,False,False,True,False,False,False,False,True,False
68.75,72,0,476,0,0,True,False,False,False,False,True,False,False,True,False,False
19.85,71,1,416,0,0,False,False,True,False,True,False,False,False,False,False,True
80.45,12,1,386,1,0,False,True,False,False,False,False,True,False,False,False,True
44.3,3,3,492,0,1,False,True,False,False,False,False,False,True,False,True,False
99.15,21,2,3436,1,1,False,False,False,True,True,False,False,False,False,False,True
19.7,8,1,504,0,0,False,False,True,False,True,False,False,False,False,False,True
19.5,10,0,605,0,0,False,True,False,False,False,False,False,True,False,False,True
49.9,3,0,369,0,0,False,False,True,False,False,False,False,True,False,True,False
84.1,52,2,2344,1,1,False,False,False,True,False,False,True,False,True,False,False
19.15,58,3,3680,0,1,False,False,False,True,True,False,False,False,False,False,True
75.55,36,2,425,1,1,True,False,False,False,False,False,False,True,True,False,False
81.05,61,3,476,1,1,True,False,False,False,False,False,False,True,True,False,False
20.05,62,0,513,0,0,False,True,False,False,False,True,False,False,False,False,True
114.85,72,1,584,1,0,False,False,True,False,True,False,False,False,True,False,False
93.35,59,1,226,1,0,True,False,False,False,False,False,True,False,True,False,False
20.4,13,1,2059,0,0,False,False,False,True,False,False,True,False,False,False,True
90.05,34,0,4487,1,0,False,False,False,True,False,True,False,False,True,False,False
45.7,1,0,186,0,0,False,False,True,False,False,False,True,False,False,True,False
54.45,22,1,490,0,0,False,True,False,False,False,False,True,False,False,False,True
24.25,71,0,408,0,0,False,True,False,False,False,True,False,False,False,False,True
90.05,49,0,420,1,0,True,False,False,False,False,True,False,False,True,False,False
90.1,9,0,568,1,0,False,False,True,False,False,False,True,False,False,False,True
77.85,4,2,428,1,1,False,False,True,False,False,False,True,False,False,False,True
25.1,72,1,368,0,0,False,True,False,False,False,True,False,False,False,False,True
99.5,25,1,267,1,0,True,False,False,False,False,False,True,False,True,False,False
25.1,1,0,441,0,0,True,False,False,False,False,False,True,False,False,True,False
19.8,42,2,404,0,1,False,False,True,False,True,False,False,False,False,False,True
99.05,35,0,2330,1,0,False,False,False,True,False,False,True,False,True,False,False
24.7,1,0,1487,0,0,False,False,False,True,False,False,False,True,False,True,False
18.8,3,0,3197,0,0,False,False,False,True,False,False,False,True,False,True,False
59.85,44,0,267,0,0,True,False,False,False,True,False,False,False,False,False,True
95.0,45,2,375,1,1,True,False,False,False,False,True,False,False,True,False,False
30.2,1,1,222,0,0,False,True,False,False,False,False,True,False,False,True,False
90.55,71,2,3133,1,1,False,False,False,True,True,False,False,False,True,False,False
95.95,18,1,230,1,0,True,False,False,False,False,True,False,False,False,False,True
74.9,2,0,173,1,0,False,False,True,False,False,False,False,True,False,True,False
50.45,1,0,420,0,0,False,False,True,False,False,False,False,True,False,True,False
100.0,33,0,600,1,0,False,False,True,False,False,False,True,False,True,False,False
88.7,72,0,394,1,0,False,False,True,False,False,True,False,False,True,False,False
56.45,71,1,419,0,0,False,True,False,False,False,False,True,False,False,False,True
73.55,2,0,348,1,0,False,True,False,False,True,False,False,False,False,True,False
20.1,57,3,717,0,1,True,False,False,False,True,False,False,False,False,False,True
50.95,52,0,196,0,0,False,True,False,False,True,False,False,False,False,False,True
103.7,49,0,447,1,0,True,False,False,False,True,False,False,False,True,False,False
70.75,1,1,1931,1,0,False,False,False,True,False,False,False,True,False,True,False
20.9,1,0,353,0,0,True,False,False,False,False,False,False,True,False,True,False
20.65,7,0,608,0,0,False,True,False,False,False,False,False,True,False,False,True
93.9,18,0,460,1,0,False,False,True,False,True,False,False,False,False,False,True
70.3,2,2,333,0,1,False,True,False,False,False,False,True,False,False,True,False
55.05,37,0,416,0,0,False,True,False,False,False,False,False,True,False,False,True
24.05,1,0,305,0,0,False,True,False,False,False,False,False,True,False,True,False
45.0,48,2,523,0,1,False,True,False,False,False,True,False,False,False,False,True
96.1,37,0,311,1,0,False,False,True,False,False,True,False,False,True,False,False
74.5,3,0,241,1,0,False,True,False,False,False,False,True,False,False,True,False
55.0,35,0,562,0,0,False,False,True,False,False,False,False,True,False,False,True
19.9,15,1,2129,0,0,False,False,False,True,False,False,False,True,False,False,True
20.35,1,0,439,0,0,False,False,True,False,False,False,False,True,False,True,False
20.55,72,2,757,0,1,False,True,False,False,False,False,True,False,False,False,True
19.0,18,0,456,0,0,True,False,False,False,False,False,True,False,False,False,True
86.25,2,0,454,1,0,False,False,True,False,False,False,True,False,False,True,False
55.25,35,3,376,0,1,True,False,False,False,False,False,False,True,False,False,True
48.55,11,3,518,0,1,False,True,False,False,False,True,False,False,False,False,True
78.8,26,0,412,1,0,False,False,True,False,False,False,True,False,True,False,False
72.25,37,2,592,1,1,False,False,True,False,True,False,False,False,True,False,False
99.9,56,2,491,1,1,False,False,True,False,True,False,False,False,True,False,False
59.75,69,3,603,0,1,True,False,False,False,True,False,False,False,False,False,True
19.9,71,1,299,0,0,False,True,False,False,False,True,False,False,False,False,True
115.55,62,0,515,1,0,False,False,True,False,True,False,False,False,True,False,False
35.0,50,1,496,0,0,True,False,False,False,False,False,False,True,False,False,True
110.8,62,0,379,1,0,False,False,True,False,False,False,True,False,True,False,False
100.05,54,3,187,1,1,False,True,False,False,False,True,False,False,True,False,False
86.7,63,0,4179,1,0,False,False,False,True,True,False,False,False,True,False,False
57.95,22,0,387,0,0,False,True,False,False,False,False,False,True,False,False,True
19.4,30,0,1529,0,0,False,False,False,True,False,True,False,False,False,False,True
53.5,57,3,315,0,1,True,False,False,False,False,False,True,False,False,False,True
97.8,58,0,1227,1,0,False,False,False,True,True,False,False,False,True,False,False
44.85,55,0,3413,0,0,False,False,False,True,False,False,True,False,False,False,True
101.9,37,0,417,1,0,True,False,False,False,True,False,False,False,True,False,False
54.45,2,1,65,0,0,False,True,False,False,False,False,False,True,False,True,False
88.2,49,0,345,1,0,True,False,False,False,False,False,True,False,True,False,False
78.85,24,1,339,1,0,False,False,True,False,False,False,True,False,False,False,True
55.25,29,2,429,0,1,True,False,False,False,False,False,True,False,False,False,True
44.7,1,0,424,0,0,True,False,False,False,False,True,False,False,False,True,False
109.95,72,0,3699,1,0,False,False,False,True,False,True,False,False,True,False,False
64.05,11,0,353,0,0,False,False,True,False,True,False,False,False,False,False,True
69.0,7,0,436,0,0,False,False,True,False,False,False,True,False,False,False,True
20.6,59,0,282,0,0,False,True,False,False,False,False,False,True,False,False,True
55.9,68,2,1384,0,1,False,False,False,True,True,False,False,False,False,False,True
94.1,67,1,231,1,0,False,False,True,False,False,True,False,False,True,False,False
79.2,2,0,684,1,0,False,False,True,False,False,False,True,False,False,True,False
90.7,31,0,328,1,0,False,False,True,False,False,False,True,False,True,False,False
64.25,16,0,564,0,0,False,False,True,False,False,False,False,True,False,False,True
80.15,1,1,267,1,0,False,False,True,False,False,True,False,False,False,True,False
93.85,17,0,303,1,0,False,False,True,False,False,False,True,False,False,False,True
89.15,7,1,313,1,0,False,False,True,False,False,False,True,False,False,False,True
20.95,1,0,2521,0,0,False,False,False,True,True,False,False,False,False,True,False
36.25,10,0,2830,0,0,False,False,False,True,False,False,True,False,False,False,True
90.35,2,0,374,1,0,False,False,True,False,False,False,True,False,False,True,False
90.3,59,0,674,1,0,False,True,False,False,False,True,False,False,True,False,False
75.05,3,0,658,1,0,False,False,True,False,False,True,False,False,False,True,False
85.1,72,0,567,1,0,False,True,False,False,False,False,False,True,True,False,False
89.05,22,0,491,1,0,False,False,True,False,False,False,True,False,False,False,True
50.55,13,1,2402,0,0,False,False,False,True,False,False,False,True,False,False,True
45.25,10,3,509,0,1,False,False,True,False,False,False,False,True,False,False,True
46.35,35,1,405,0,0,False,True,False,False,False,True,False,False,False,False,True
99.0,71,0,2177,1,0,False,False,False,True,False,False,True,False,True,False,False
74.9,32,1,394,1,0,True,False,False,False,False,False,True,False,True,False,False
55.8,5,0,601,0,0,True,False,False,False,False,False,False,True,False,False,True
84.85,31,0,483,1,0,True,False,False,False,False,False,True,False,True,False,False
45.2,46,3,486,0,1,False,False,True,False,False,True,False,False,False,False,True
79.15,20,0,289,1,0,False,True,False,False,False,False,True,False,False,False,True
79.85,10,0,555,1,0,True,False,False,False,False,False,True,False,False,False,True
107.35,47,1,305,1,0,False,False,True,False,True,False,False,False,True,False,False
90.15,23,0,418,1,0,False,True,False,False,False,False,False,True,False,False,True
94.3,21,1,262,1,0,False,True,False,False,False,False,True,False,False,False,True
90.05,63,1,404,1,0,False,False,True,False,False,True,False,False,True,False,False
50.15,2,0,416,0,0,True,False,False,False,False,True,False,False,False,True,False
19.95,5,0,650,0,0,False,False,True,False,False,False,False,True,False,False,True
80.25,4,0,425,1,0,False,True,False,False,False,False,True,False,False,False,True
66.25,52,0,296,0,0,True,False,False,False,False,True,False,False,True,False,False
19.6,26,1,2013,0,0,False,False,False,True,True,False,False,False,False,False,True
70.2,2,1,3821,0,0,False,False,False,True,True,False,False,False,False,True,False
20.15,1,1,399,0,0,True,False,False,False,False,False,False,True,False,True,False
54.3,44,1,181,0,0,False,False,True,False,True,False,False,False,False,False,True
25.05,2,1,532,0,0,False,True,False,False,False,False,True,False,False,True,False
19.85,2,0,323,0,0,True,False,False,False,True,False,False,False,False,True,False
107.55,33,3,588,1,1,False,False,True,False,False,False,True,False,True,False,False
95.0,30,0,726,1,0,False,True,False,False,False,True,False,False,True,False,False
100.2,14,0,456,1,0,False,False,True,False,False,False,True,False,False,False,True
19.6,1,0,357,0,0,False,True,False,False,False,False,False,True,False,True,False
94.55,12,0,256,1,0,False,True,False,False,False,False,True,False,False,False,True
89.2,41,1,656,1,0,True,False,False,False,False,False,True,False,True,False,False
102.6,9,1,279,1,0,False,False,True,False,False,True,False,False,False,False,True
110.25,69,1,390,1,0,False,False,True,False,False,True,False,False,True,False,False
79.9,1,1,460,1,0,True,False,False,False,False,False,True,False,False,True,False
20.0,2,0,485,0,0,True,False,False,False,False,False,False,True,False,True,False
49.4,2,2,264,0,1,False,False,True,False,False,False,True,False,False,True,False
55.65,30,1,50,0,0,False,False,True,False,False,False,False,True,False,False,True
93.5,51,0,599,1,0,False,True,False,False,False,False,True,False,True,False,False
100.65,50,1,475,1,0,False,False,True,False,False,False,True,False,True,False,False
24.25,69,2,2442,0,1,False,False,False,True,True,False,False,False,False,False,True
110.5,70,0,206,1,0,False,False,True,False,False,False,True,False,True,False,False
61.35,52,1,496,0,0,False,False,True,False,True,False,False,False,True,False,False
49.4,18,0,420,0,0,True,False,False,False,False,False,True,False,False,False,True
89.15,46,3,523,1,1,True,False,False,False,False,True,False,False,True,False,False
19.35,55,1,632,0,0,True,False,False,False,True,False,False,False,False,False,True
75.55,5,1,573,1,0,True,False,False,False,False,True,False,False,False,False,True
86.85,3,0,524,1,0,False,False,True,False,False,False,True,False,False,True,False
18.95,6,0,679,0,0,True,False,False,False,False,False,False,True,False,False,True
84.1,70,2,192,1,1,True,False,False,False,False,False,True,False,True,False,False
72.1,59,0,528,1,0,False,True,False,False,True,False,False,False,True,False,False
54.55,40,0,530,0,0,True,False,False,False,True,False,False,False,False,False,True
19.9,71,0,50,0,0,True,False,False,False,False,True,False,False,False,False,True
80.1,5,2,231,1,1,False,True,False,False,False,False,False,True,False,False,True
85.95,10,2,428,1,1,True,False,False,False,False,False,True,False,False,False,True
107.45,65,1,2557,1,0,False,False,False,True,False,False,True,False,True,False,False
24.3,5,0,566,0,0,False,True,False,False,False,False,False,True,False,False,True
49.9,1,3,362,0,1,False,False,True,False,False,False,True,False,False,True,False
19.4,57,1,164,0,0,False,False,True,False,False,False,False,True,False,False,True
81.0,62,0,403,1,0,False,False,True,False,False,False,False,True,True,False,False
69.1,30,1,589,0,0,False,True,False,False,False,True,False,False,True,False,False
33.75,29,1,2466,0,0,False,False,False,True,False,False,False,True,False,False,True
24.95,56,0,469,0,0,True,False,False,False,False,True,False,False,False,False,True
45.0,58,0,343,0,0,False,True,False,False,False,True,False,False,False,False,True
73.0,35,0,50,1,0,False,True,False,False,False,False,True,False,True,False,False
104.6,67,0,462,1,0,False,False,True,False,True,False,False,False,True,False,False
84.8,70,0,235,1,0,False,True,False,False,True,False,False,False,True,False,False
56.25,24,1,633,0,0,False,False,True,False,False,True,False,False,False,False,True
56.95,34,3,544,0,1,True,False,False,False,False,False,False,True,False,False,True
99.65,71,3,101,1,1,False,False,True,False,False,True,False,False,True,False,False
83.25,4,0,2701,1,0,False,False,False,True,False,False,True,False,False,False,True
80.85,12,1,463,1,0,True,False,False,False,True,False,False,False,False,False,True
51.55,15,2,474,0,1,True,False,False,False,False,False,True,False,False,False,True
24.9,46,1,3002,0,0,False,False,False,True,False,False,True,False,False,False,True
61.9,44,3,1525,0,1,False,False,False,True,False,False,False,True,True,False,False
102.65,40,2,352,1,1,False,True,False,False,False,False,False,True,True,False,False
104.85,14,0,496,1,0,False,False,True,False,False,False,True,False,False,False,True
60.65,68,0,50,0,0,False,False,True,False,True,False,False,False,True,False,False
61.05,33,1,204,0,0,False,True,False,False,False,False,False,True,True,False,False
20.0,29,0,640,0,0,False,False,True,False,False,False,True,False,False,False,True
107.0,59,1,372,1,0,False,False,True,False,False,True,False,False,True,False,False
74.3,25,2,313,1,1,False,True,False,False,True,False,False,False,True,False,False
69.2,7,1,2011,0,0,False,False,False,True,True,False,False,False,False,False,True
69.65,16,0,595,0,0,False,True,False,False,False,False,True,False,False,False,True
74.05,38,0,2805,1,0,False,False,False,True,False,False,True,False,True,False,False
67.8,10,0,474,0,0,False,True,False,False,False,True,False,False,False,False,True
19.9,69,2,516,0,1,False,True,False,False,False,False,False,True,False,False,True
55.45,54,1,320,0,0,False,False,True,False,False,False,True,False,False,False,True
84.6,53,1,339,1,0,True,False,False,False,False,False,True,False,True,False,False
19.9,1,1,480,0,0,False,False,True,False,False,False,False,True,False,True,False
74.65,41,1,347,1,0,False,False,True,False,True,False,False,False,True,False,False
20.1,31,0,396,0,0,True,False,False,False,False,True,False,False,False,False,True
107.05,20,3,186,1,1,False,False,True,False,False,False,True,False,False,False,True
25.35,19,2,2850,0,1,False,False,False,True,False,True,False,False,False,False,True
75.7,50,0,71,1,0,False,False,True,False,True,False,False,False,True,False,False
19.7,27,3,526,0,1,False,False,True,False,False,True,False,False,False,False,True
109.75,54,0,379,1,0,False,False,True,False,True,False,False,False,True,False,False
95.05,42,0,679,1,0,False,False,True,False,False,False,True,False,True,False,False
19.0,1,0,329,0,0,True,False,False,False,False,False,False,True,False,True,False
19.2,12,1,341,0,0,False,True,False,False,False,False,True,False,False,False,True
100.6,49,0,481,1,0,True,False,False,False,True,False,False,False,True,False,False
69.05,27,0,432,0,0,False,False,True,False,False,False,False,True,True,False,False
19.55,24,0,340,0,0,True,False,False,False,True,False,False,False,False,False,True
105.4,67,1,3695,1,0,False,False,False,True,False,False,True,False,True,False,False
45.4,2,1,410,0,0,False,True,False,False,False,False,True,False,False,True,False
114.1,72,1,114,1,0,False,False,True,False,False,True,False,False,True,False,False
106.5,52,2,1886,1,1,False,False,False,True,False,False,True,False,True,False,False
74.15,10,1,299,1,0,True,False,False,False,False,False,False,True,False,False,True
74.4,72,2,269,1,1,True,False,False,False,True,False,False,False,True,False,False
74.65,7,0,259,1,0,False,False,True,False,False,False,True,False,False,False,True
115.75,72,0,392,1,0,False,False,True,False,False,True,False,False,True,False,False
80.75,51,1,625,1,0,True,False,False,False,False,False,True,False,True,False,False
98.1,26,0,178,1,0,False,False,True,False,True,False,False,False,True,False,False
109.1,52,2,327,1,1,False,False,True,False,False,False,True,False,True,False,False
20.55,47,1,2089,0,0,False,False,False,True,False,True,False,False,False,False,True
18.55,36,0,508,0,0,False,False,True,False,False,True,False,False,False,False,True
19.85,3,0,537,0,0,False,True,False,False,False,False,False,True,False,True,False
71.25,1,0,494,1,0,True,False,False,False,False,False,True,False,False,True,False
43.65,12,2,337,0,1,True,False,False,False,False,False,True,False,False,False,True
111.9,72,0,490,1,0,True,False,False,False,False,True,False,False,True,False,False
20.05,12,0,671,0,0,False,False,True,False,False,True,False,False,False,False,True
95.1,1,0,468,1,0,False,False,True,False,False,False,True,False,False,True,False
70.4,30,0,431,1,0,False,False,True,False,False,False,True,False,True,False,False
49.55,42,0,192,0,0,False,True,False,False,False,False,True,False,False,False,True
69.35,3,3,655,0,1,False,False,True,False,False,False,True,False,False,True,False
89.05,13,2,182,1,1,False,False,True,False,True,False,False,False,False,False,True
100.15,12,1,531,1,0,False,True,False,False,True,False,False,False,False,False,True
100.6,57,0,509,1,0,False,False,True,False,False,False,True,False,True,False,False
85.0,32,0,237,1,0,False,False,True,False,False,False,True,False,True,False,False
76.9,68,1,213,1,0,False,False,True,False,False,True,False,False,True,False,False
19.85,8,1,59,0,0,False,True,False,False,False,False,False,True,False,False,True
20.2,1,1,2259,0,0,False,False,False,True,False,False,False,True,False,True,False
20.1,46,0,306,0,0,False,False,True,False,False,False,False,True,False,False,True
95.25,10,0,332,1,0,False,False,True,False,False,False,True,False,False,False,True
29.9,4,0,2731,0,0,False,False,False,True,False,False,True,False,False,False,True
46.3,1,0,531,0,0,True,False,False,False,False,False,True,False,False,True,False
84.6,4,1,521,1,0,True,False,False,False,False,False,True,False,False,False,True
19.6,68,1,3792,0,0,False,False,False,True,False,True,False,False,False,False,True
94.35,58,1,2381,1,0,False,False,False,True,True,False,False,False,True,False,False
24.4,1,1,2655,0,0,False,False,False,True,False,False,False,True,False,True,False
73.3,12,0,2950,1,0,False,False,False,True,False,True,False,False,False,False,True
114.3,72,0,319,1,0,False,True,False,False,False,True,False,False,True,False,False
100.5,5,1,296,1,0,False,False,True,False,False,False,True,False,False,False,True
19.7,20,3,2934,0,1,False,False,False,True,True,False,False,False,False,False,True
19.15,27,0,3067,0,0,False,False,False,True,False,False,False,True,False,False,True
84.75,31,0,3249,1,0,False,False,False,True,False,True,False,False,True,False,False
97.65,70,0,361,1,0,False,True,False,False,False,False,True,False,True,False,False
69.35,67,1,340,0,0,False,True,False,False,False,True,False,False,True,False,False
50.4,3,1,595,0,0,False,False,True,False,True,False,False,False,False,True,False
20.2,1,0,425,0,0,True,False,False,False,False,False,False,True,False,True,False
54.4,28,2,424,0,1,False,False,True,False,False,True,False,False,False,False,True
19.85,29,1,343,0,0,False,False,True,False,False,False,False,True,False,False,True
75.35,4,0,360,1,0,False,False,True,False,False,False,True,False,False,False,True
79.6,50,1,306,1,0,False,False,True,False,False,False,False,True,True,False,False
64.2,34,1,2422,0,0,False,False,False,True,True,False,False,False,True,False,False
89.55,67,2,3538,1,1,False,False,False,True,False,False,True,False,True,False,False
103.95,72,0,102,1,0,False,True,False,False,False,True,False,False,True,False,False
99.6,4,1,313,1,0,True,False,False,False,False,False,True,False,False,False,True
84.35,7,1,389,1,0,False,False,True,False,False,False,True,False,False,False,True
103.7,47,2,581,1,1,False,True,False,False,False,False,True,False,True,False,False
51.0,11,0,517,0,0,True,False,False,False,True,False,False,False,False,False,True
104.8,40,0,126,1,0,False,True,False,False,True,False,False,False,True,False,False
101.85,40,0,409,1,0,False,False,True,False,False,False,True,False,True,False,False
19.75,41,0,634,0,0,True,False,False,False,False,False,False,True,False,False,True
94.5,31,1,387,1,0,True,False,False,False,False,False,True,False,True,False,False
23.4,62,1,1796,0,0,False,False,False,True,True,False,False,False,False,False,True
103.95,61,3,479,1,1,True,False,False,False,False,False,True,False,True,False,False
36.15,67,1,215,0,0,False,True,False,False,True,False,False,False,False,False,True
24.3,72,2,454,0,1,True,False,False,False,True,False,False,False,False,False,True
38.6,62,0,289,0,0,False,True,False,False,False,True,False,False,False,False,True
69.6,2,0,350,0,0,True,False,False,False,False,False,True,False,False,True,False
100.05,59,2,284,1,1,False,False,True,False,False,False,False,True,True,False,False
56.4,4,2,492,0,1,False,True,False,False,False,False,True,False,False,False,True
90.25,72,1,319,1,0,False,False,True,False,False,True,False,False,True,False,False
64.95,70,2,523,0,1,False,True,False,False,True,False,False,False,True,False,False
24.5,71,0,216,0,0,False,False,True,False,False,False,True,False,False,False,True
99.25,38,0,1695,1,0,False,False,False,True,True,False,False,False,True,False,False
90.6,19,1,536,1,0,False,True,False,False,False,False,True,False,False,False,True
70.3,3,0,461,0,0,False,False,True,False,False,False,True,False,False,True,False
58.5,4,0,385,0,0,True,False,False,False,False,False,False,True,False,False,True
46.0,4,2,2059,0,1,False,False,False,True,False,False,False,True,False,False,True
95.15,18,1,1832,1,0,False,False,False,True,False,False,False,True,False,False,True
24.6,51,1,1007,0,0,False,False,False,True,True,False,False,False,False,False,True
84.6,13,2,428,1,1,False,False,True,False,False,False,True,False,False,False,True
80.35,3,2,233,1,1,False,False,True,False,False,False,True,False,False,True,False
84.6,10,1,3589,1,0,False,False,False,True,False,True,False,False,False,False,True
99.4,61,1,588,1,0,False,False,True,False,True,False,False,False,True,False,False
19.8,12,0,459,0,0,False,False,True,False,True,False,False,False,False,False,True
35.4,31,0,1815,0,0,False,False,False,True,True,False,False,False,False,False,True
20.05,1,0,222,0,0,True,False,False,False,False,False,False,True,False,True,False
65.55,72,3,767,0,1,True,False,False,False,True,False,False,False,True,False,False
90.45,14,1,68,1,0,False,False,True,False,False,True,False,False,False,False,True
80.5,11,1,436,1,0,True,False,False,False,True,False,False,False,False,False,True
94.8,56,0,409,1,0,False,False,True,False,False,True,False,False,True,False,False
81.15,31,1,323,1,0,False,False,True,False,False,False,True,False,True,False,False
19.65,4,1,381,0,0,True,False,False,False,False,False,False,True,False,False,True
64.95,21,1,513,0,0,False,False,True,False,True,False,False,False,False,False,True
20.75,22,0,674,0,0,True,False,False,False,True,False,False,False,False,False,True
69.75,1,1,1697,0,0,False,False,False,True,True,False,False,False,False,True,False
90.45,23,1,485,1,0,False,False,True,False,False,False,True,False,False,False,True
39.5,29,3,366,0,1,True,False,False,False,False,True,False,False,False,False,True
59.6,47,2,356,0,1,False,False,True,False,True,False,False,False,False,False,True
109.4,65,0,1893,1,0,False,False,False,True,False,True,False,False,True,False,False
29.9,1,3,3239,0,1,False,False,False,True,False,False,False,True,False,True,False
54.4,8,0,426,0,0,False,True,False,False,False,False,True,False,False,False,True
83.15,24,0,407,1,0,True,False,False,False,True,False,False,False,False,False,True
83.85,9,0,220,1,0,False,True,False,False,False,False,True,False,False,False,True
50.35,5,3,3002,0,1,False,False,False,True,False,False,True,False,False,False,True
89.7,25,1,311,1,0,False,True,False,False,False,False,True,False,True,False,False
68.95,2,2,472,0,1,False,False,True,False,False,False,True,False,False,True,False
19.7,6,0,291,0,0,False,False,True,False,False,False,False,True,False,False,True
19.5,41,0,457,0,0,False,True,False,False,True,False,False,False,False,False,True
44.65,11,0,347,0,0,False,False,True,False,False,False,False,True,False,False,True
99.05,29,0,274,1,0,False,False,True,False,True,False,False,False,True,False,False
19.55,30,0,498,0,0,True,False,False,False,True,False,False,False,False,False,True
116.4,72,0,412,1,0,False,True,False,False,False,True,False,False,True,False,False
97.55,70,0,639,1,0,False,True,False,False,False,True,False,False,True,False,False
54.1,25,0,532,0,0,False,False,True,False,False,False,True,False,False,False,True
29.2,12,0,495,0,0,True,False,False,False,False,False,False,True,False,False,True
19.7,12,0,457,0,0,False,True,False,False,False,False,False,True,False,False,True
107.5,63,1,497,1,0,True,False,False,False,False,False,True,False,True,False,False
98.75,47,3,261,1,1,True,False,False,False,False,False,True,False,True,False,False
99.15,72,0,464,1,0,False,True,False,False,False,False,True,False,True,False,False
50.3,18,1,1591,0,0,False,False,False,True,False,False,False,True,False,False,True
84.8,71,0,450,1,0,True,False,False,False,True,False,False,False,True,False,False
75.3,1,0,438,1,0,False,False,True,False,False,False,True,False,False,True,False
54.5,42,1,2988,0,0,False,False,False,True,False,False,False,True,False,False,True
89.1,19,0,487,1,0,False,True,False,False,False,False,True,False,False,False,True
104.9,72,2,1139,1,1,False,False,False,True,False,True,False,False,True,False,False
113.65,70,2,594,1,1,False,False,True,False,True,False,False,False,True,False,False
72.6,56,0,202,1,0,True,False,False,False,False,True,False,False,True,False,False
45.55,46,1,320,0,0,True,False,False,False,False,False,True,False,False,False,True
20.1,2,0,3778,0,0,False,False,False,True,True,False,False,False,False,True,False
108.3,72,2,271,1,1,True,False,False,False,True,False,False,False,True,False,False
84.9,69,1,451,1,0,False,False,True,False,False,True,False,False,True,False,False
19.9,1,0,526,0,0,False,True,False,False,True,False,False,False,False,True,False
20.8,53,0,278,0,0,False,False,True,False,True,False,False,False,False,False,True
20.0,29,1,210,0,0,False,False,True,False,False,False,False,True,False,False,True
49.2,35,2,3526,0,1,False,False,False,True,False,False,True,False,False,False,True
88.05,9,2,647,1,1,False,False,True,False,False,False,True,False,False,False,True
88.8,19,3,414,1,1,True,False,False,False,False,True,False,False,False,False,True
115.1,61,1,506,1,0,True,False,False,False,False,False,False,True,True,False,False
54.75,8,0,424,0,0,False,True,False,False,False,True,False,False,False,False,True
100.55,29,0,352,1,0,False,True,False,False,True,False,False,False,True,False,False
108.4,72,1,324,1,0,False,False,True,False,False,False,True,False,True,False,False
99.75,1,0,483,1,0,False,False,True,False,False,False,True,False,False,True,False
66.85,7,2,164,0,1,False,False,True,False,False,False,True,False,False,False,True
49.45,16,1,295,0,0,True,False,False,False,False,False,False,True,False,False,True
26.05,21,0,387,0,0,False,True,False,False,False,False,True,False,False,False,True
40.1,7,3,352,0,1,True,False,False,False,False,True,False,False,False,False,True
89.5,7,1,376,1,0,True,False,False,False,False,False,True,False,False,False,True
90.8,32,1,445,1,0,True,False,False,False,False,False,True,False,True,False,False
116.2,67,1,471,1,0,False,True,False,False,False,True,False,False,True,False,False
109.4,67,3,2176,1,1,False,False,False,True,False,False,True,False,True,False,False
54.6,24,0,171,0,0,False,True,False,False,True,False,False,False,False,False,True
21.1,17,3,475,0,1,False,True,False,False,False,True,False,False,False,False,True
49.7,24,2,383,0,1,True,False,False,False,False,False,False,True,False,False,True
96.6,28,0,601,1,0,False,False,True,False,False,True,False,False,True,False,False
95.0,38,0,3206,1,0,False,False,False,True,False,True,False,False,True,False,False
80.3,38,0,2027,1,0,False,False,False,True,False,True,False,False,True,False,False
79.15,1,1,626,1,0,False,False,True,False,False,False,True,False,False,True,False
103.4,72,0,3237,1,0,False,False,False,True,False,False,True,False,True,False,False
101.15,8,0,3272,1,0,False,False,False,True,False,False,True,False,False,False,True
89.8,62,0,2828,1,0,False,False,False,True,True,False,False,False,True,False,False
88.4,67,0,1582,1,0,False,False,False,True,True,False,False,False,True,False,False
20.25,18,3,209,0,1,True,False,False,False,False,False,False,True,False,False,True
64.2,2,2,787,0,1,False,True,False,False,False,False,False,True,False,True,False
34.05,33,0,504,0,0,False,False,True,False,False,True,False,False,False,False,True
24.4,71,0,291,0,0,True,False,False,False,False,True,False,False,False,False,True
20.65,7,1,747,0,0,False,False,True,False,False,False,False,True,False,False,True
69.7,5,0,1944,0,0,False,False,False,True,False,False,True,False,False,False,True
92.7,17,2,289,1,1,False,False,True,False,False,True,False,False,False,False,True
20.05,12,0,3426,0,0,False,False,False,True,False,True,False,False,False,False,True
108.75,50,0,2551,1,0,False,False,False,True,True,False,False,False,True,False,False
50.9,45,0,405,0,0,True,False,False,False,True,False,False,False,False,False,True
98.6,56,1,493,1,0,False,True,False,False,False,False,True,False,True,False,False
75.95,59,0,279,1,0,False,True,False,False,False,True,False,False,True,False,False
86.6,1,0,353,1,0,True,False,False,False,False,False,True,False,False,True,False
80.8,1,0,1264,1,0,False,False,False,True,False,False,True,False,False,True,False
89.55,67,1,512,1,0,True,False,False,False,True,False,False,False,True,False,False
45.05,39,0,382,0,0,False,False,True,False,True,False,False,False,False,False,True
92.9,36,0,234,1,0,False,True,False,False,False,True,False,False,True,False,False
70.45,72,0,3398,1,0,False,False,False,True,True,False,False,False,True,False,False
100.05,66,0,2786,1,0,False,False,False,True,False,True,False,False,True,False,False
19.5,9,2,356,0,1,True,False,False,False,False,False,True,False,False,False,True
25.8,68,2,168,0,1,False,False,True,False,False,True,False,False,False,False,True
23.5,7,0,342,0,0,True,False,False,False,False,False,False,True,False,False,True
19.75,1,0,309,0,0,False,True,False,False,True,False,False,False,False,True,False
50.4,4,0,535,0,0,True,False,False,False,False,False,False,True,False,False,True
73.15,39,1,506,1,0,False,False,True,False,False,True,False,False,True,False,False
20.65,7,1,1353,0,0,False,False,False,True,False,False,False,True,False,False,True
84.45,72,0,513,1,0,False,False,True,False,False,True,False,False,True,False,False
101.0,46,0,2382,1,0,False,False,False,True,False,False,True,False,True,False,False
98.45,61,0,505,1,0,False,False,True,False,True,False,False,False,True,False,False
19.7,20,1,253,0,0,False,True,False,False,False,False,False,True,False,False,True
100.0,43,2,357,1,1,False,False,True,False,False,False,True,False,True,False,False
20.65,62,0,2525,0,0,False,False,False,True,False,True,False,False,False,False,True
46.25,69,0,372,0,0,False,True,False,False,True,False,False,False,False,False,True
60.95,2,0,2526,0,0,False,False,False,True,True,False,False,False,False,True,False
81.1,32,2,350,1,1,False,False,True,False,False,True,False,False,True,False,False
104.4,10,1,272,1,0,True,False,False,False,False,False,True,False,False,False,True
99.55,68,2,594,1,1,False,False,True,False,False,False,True,False,True,False,False
75.3,13,1,2066,1,0,False,False,False,True,False,False,False,True,False,False,True
53.85,2,1,404,0,0,False,True,False,False,False,False,False,True,False,True,False
26.1,34,3,191,0,1,False,False,True,False,True,False,False,False,False,False,True
89.8,72,1,559,1,0,True,False,False,False,False,True,False,False,True,False,False
104.65,64,1,619,1,0,False,False,True,False,False,True,False,False,True,False,False
20.55,60,0,650,0,0,False,False,True,False,False,False,False,True,False,False,True
64.6,3,0,420,0,0,True,False,False,False,False,False,True,False,False,True,False
70.35,2,0,306,0,0,False,True,False,False,False,False,True,False,False,True,False
95.5,65,0,751,1,0,False,True,False,False,False,False,True,False,True,False,False
24.95,50,3,3337,0,1,False,False,False,True,False,False,False,True,False,False,True
81.15,63,1,2724,1,0,False,False,False,True,False,True,False,False,True,False,False
89.45,60,3,395,1,1,False,True,False,False,False,False,True,False,True,False,False
26.25,22,0,2482,0,0,False,False,False,True,False,False,False,True,False,False,True
80.65,8,2,753,1,1,True,False,False,False,False,True,False,False,False,False,True
73.65,23,1,390,1,0,False,False,True,False,False,True,False,False,False,False,True
73.9,4,1,441,1,0,True,False,False,False,False,False,True,False,False,False,True
19.2,2,3,70,0,1,False,True,False,False,False,False,True,False,False,True,False
20.35,20,2,1812,0,1,False,False,False,True,False,False,False,True,False,False,True
80.85,0,0,3024,1,0,False,False,False,True,False,False,False,True,False,True,False
19.6,2,0,2068,0,0,False,False,False,True,False,False,True,False,False,True,False
25.8,62,1,343,0,0,False,True,False,False,False,True,False,False,False,False,True
80.35,14,3,487,1,1,False,False,True,False,True,False,False,False,False,False,True
19.55,56,0,357,0,0,False,True,False,False,True,False,False,False,False,False,True
94.25,34,1,226,1,0,False,False,True,False,False,False,True,False,True,False,False
90.45,63,1,339,1,0,True,False,False,False,False,True,False,False,True,False,False
35.8,49,2,467,0,1,True,False,False,False,False,True,False,False,False,False,True
100.85,34,0,406,1,0,True,False,False,False,False,False,True,False,True,False,False
44.05,1,0,478,0,0,True,False,False,False,True,False,False,False,False,True,False
90.8,72,2,1679,1,1,False,False,False,True,False,True,False,False,True,False,False
49.95,13,0,462,0,0,False,True,False,False,False,False,False,True,False,False,True
83.0,68,1,600,1,0,False,False,True,False,False,False,True,False,True,False,False
70.4,4,1,151,1,0,False,False,True,False,False,False,True,False,False,False,True
55.2,18,3,516,0,1,False,False,True,False,False,True,False,False,False,False,True
99.95,19,1,435,1,0,False,True,False,False,False,False,True,False,False,False,True
79.2,40,0,277,1,0,False,False,True,False,False,True,False,False,True,False,False
19.5,14,1,339,0,0,False,False,True,False,False,False,False,True,False,False,True
44.95,46,0,381,0,0,False,True,False,False,True,False,False,False,False,False,True
84.85,1,2,320,1,1,True,False,False,False,False,False,True,False,False,True,False
65.45,8,1,1959,0,0,False,False,False,True,False,False,True,False,False,False,True
59.7,23,1,2605,0,0,False,False,False,True,False,False,False,True,False,False,True
73.25,56,0,1297,1,0,False,False,False,True,True,False,False,False,True,False,False
84.3,3,1,288,1,0,False,True,False,False,False,False,True,False,False,True,False
64.75,55,0,1914,0,0,False,False,False,True,False,False,False,True,True,False,False
49.25,4,0,3016,0,0,False,False,False,True,False,False,False,True,False,False,True
65.2,72,2,566,0,1,False,True,False,False,False,True,False,False,True,False,False
19.4,17,0,3382,0,0,False,False,False,True,False,False,False,True,False,False,True
99.05,65,0,493,1,0,False,True,False,False,False,True,False,False,True,False,False
20.2,1,3,402,0,1,True,False,False,False,False,False,False,True,False,True,False
80.2,52,0,423,1,0,False,True,False,False,False,False,False,True,True,False,False
19.9,25,2,554,0,1,False,True,False,False,False,True,False,False,False,False,True
94.3,58,0,4266,1,0,False,False,False,True,False,False,True,False,True,False,False
47.6,71,1,2434,0,0,False,False,False,True,True,False,False,False,False,False,True
73.6,3,0,449,1,0,True,False,False,False,False,True,False,False,False,True,False
66.7,17,0,553,0,0,False,False,True,False,False,False,False,True,False,False,True
70.35,1,0,426,0,0,True,False,False,False,False,False,True,False,False,True,False
80.5,17,0,346,1,0,False,False,True,False,True,False,False,False,False,False,True
54.15,13,0,270,0,0,False,False,True,False,True,False,False,False,False,False,True
69.55,1,1,1343,0,0,False,False,False,True,False,False,True,False,False,True,False
58.75,29,1,249,0,0,True,False,False,False,False,False,True,False,False,False,True
112.95,57,0,465,1,0,True,False,False,False,True,False,False,False,True,False,False
51.25,12,0,480,0,0,False,False,True,False,False,False,True,False,False,False,True
90.5,13,2,793,1,1,False,False,False,True,False,False,True,False,False,False,True
24.6,53,0,4285,0,0,False,False,False,True,False,False,False,True,False,False,True
59.75,57,2,395,0,1,False,False,True,False,False,False,True,False,False,False,True
106.25,65,0,563,1,0,False,False,True,False,False,False,True,False,True,False,False
60.4,4,2,376,0,1,False,False,True,False,False,False,False,True,False,False,True
54.8,13,0,510,0,0,False,True,False,False,False,False,True,False,False,False,True
19.05,8,1,557,0,0,False,True,False,False,False,False,False,True,False,False,True
106.15,60,0,3045,1,0,False,False,False,True,False,False,True,False,True,False,False
88.15,15,1,2408,1,0,False,False,False,True,False,False,True,False,False,False,True
69.5,1,0,220,0,0,False,True,False,False,False,False,True,False,False,True,False
20.15,4,0,2300,0,0,False,False,False,True,False,False,False,True,False,False,True
30.4,34,3,308,0,1,False,True,False,False,True,False,False,False,False,False,True
44.55,1,1,379,0,0,True,False,False,False,False,False,True,False,False,True,False
108.35,35,1,230,1,0,False,False,True,False,False,False,True,False,True,False,False
55.3,2,0,220,0,0,False,True,False,False,False,False,True,False,False,True,False
20.65,34,0,2277,0,0,False,False,False,True,False,False,False,True,False,False,True
19.8,15,3,479,0,1,False,False,True,False,False,False,False,True,False,False,True
66.4,42,2,393,0,1,False,True,False,False,False,True,False,False,True,False,False
19.7,70,2,236,0,1,False,True,False,False,True,False,False,False,False,False,True
78.95,34,0,296,1,0,False,True,False,False,True,False,False,False,True,False,False
20.1,1,0,532,0,0,False,False,True,False,False,False,False,True,False,True,False
79.35,42,0,57,1,0,False,False,True,False,True,False,False,False,True,False,False
19.25,1,0,2647,0,0,False,False,False,True,True,False,False,False,False,True,False
53.45,57,1,221,0,0,False,False,True,False,False,False,True,False,False,False,True
64.7,14,1,2582,0,0,False,False,False,True,True,False,False,False,False,False,True
56.75,10,0,201,0,0,False,False,True,False,True,False,False,False,False,False,True
65.25,22,1,592,0,0,True,False,False,False,True,False,False,False,False,False,True
19.75,15,1,323,0,0,False,True,False,False,True,False,False,False,False,False,True
24.15,60,2,464,0,1,False,True,False,False,True,False,False,False,False,False,True
99.45,9,2,284,1,1,False,True,False,False,False,True,False,False,False,False,True
61.35,59,0,2115,0,0,False,False,False,True,True,False,False,False,True,False,False
106.35,34,1,1478,1,0,False,False,False,True,False,False,True,False,True,False,False
100.25,1,1,1516,1,0,False,False,False,True,False,True,False,False,False,True,False
97.05,48,0,414,1,0,False,True,False,False,False,False,True,False,True,False,False
89.9,71,2,340,1,1,True,False,False,False,False,True,False,False,True,False,False
59.7,71,0,372,0,0,True,False,False,False,True,False,False,False,False,False,True
44.2,9,0,293,0,0,False,False,True,False,True,False,False,False,False,False,True
24.5,10,1,371,0,0,True,False,False,False,False,False,False,True,False,False,True
115.05,72,1,318,1,0,False,False,True,False,False,True,False,False,True,False,False
29.8,3,0,239,0,0,False,True,False,False,False,True,False,False,False,True,False
53.75,57,1,3401,0,0,False,False,False,True,False,False,True,False,False,False,True
56.85,35,1,523,0,0,False,False,True,False,False,False,True,False,False,False,True
69.5,50,2,3647,0,1,False,False,False,True,True,False,False,False,True,False,False
85.5,9,0,2092,1,0,False,False,False,True,False,False,True,False,False,False,True
49.2,12,3,633,0,1,False,True,False,False,False,False,True,False,False,False,True
97.95,60,0,529,1,0,True,False,False,False,False,False,True,False,True,False,False
30.3,46,0,3433,0,0,False,False,False,True,True,False,False,False,False,False,True
33.6,12,0,650,0,0,True,False,False,False,False,False,False,True,False,False,True
53.8,11,0,2953,0,0,False,False,False,True,True,False,False,False,False,False,True
40.6,39,1,1818,0,0,False,False,False,True,False,False,True,False,False,False,True
103.7,50,1,313,1,0,False,False,True,False,False,False,True,False,True,False,False
86.85,19,3,1979,1,1,False,False,False,True,False,False,True,False,False,False,True
104.9,72,0,339,1,0,False,False,True,False,False,True,False,False,True,False,False
95.6,7,0,518,1,0,False,False,True,False,True,False,False,False,False,False,True
67.45,37,3,384,0,1,False,True,False,False,False,False,True,False,True,False,False
25.75,31,1,270,0,0,False,False,True,False,False,False,False,True,False,False,True
69.95,1,0,516,0,0,False,True,False,False,False,False,False,True,False,True,False
111.65,72,0,216,1,0,False,True,False,False,False,False,True,False,True,False,False
61.4,32,1,285,0,0,False,True,False,False,True,False,False,False,True,False,False
72.8,46,3,394,1,1,False,False,True,False,True,False,False,False,True,False,False
95.6,27,3,483,1,1,False,False,True,False,True,False,False,False,True,False,False
20.55,69,0,645,0,0,True,False,False,False,False,True,False,False,False,False,True
88.85,4,3,463,1,1,False,False,True,False,False,False,True,False,False,False,True
92.9,14,0,3678,1,0,False,False,False,True,False,False,True,False,False,False,True
19.75,32,0,3306,0,0,False,False,False,True,True,False,False,False,False,False,True
19.45,67,0,161,0,0,True,False,False,False,False,False,False,True,False,False,True
19.75,1,0,527,0,0,False,True,False,False,False,False,True,False,False,True,False
90.65,43,3,325,1,1,False,False,True,False,False,True,False,False,True,False,False
19.95,21,1,373,0,0,False,False,True,False,False,False,False,True,False,False,True
49.25,2,0,339,0,0,False,False,True,False,False,False,False,True,False,True,False
49.85,12,0,287,0,0,True,False,False,False,False,False,False,True,False,False,True
35.75,28,2,261,0,1,False,False,True,False,False,False,False,True,False,False,True
104.1,30,1,404,1,0,False,False,True,False,False,False,True,False,True,False,False
89.05,16,0,439,1,0,False,True,False,False,False,True,False,False,False,False,True
79.45,31,1,1590,1,0,False,False,False,True,False,False,False,True,True,False,False
59.45,14,2,257,0,1,True,False,False,False,True,False,False,False,False,False,True
109.75,72,1,206,1,0,False,True,False,False,False,False,False,True,True,False,False
20.9,53,1,326,0,0,False,False,True,False,False,False,False,True,False,False,True
39.9,68,0,530,0,0,True,False,False,False,True,False,False,False,False,False,True
89.7,50,1,3811,1,0,False,False,False,True,True,False,False,False,True,False,False
105.55,70,2,536,1,1,False,True,False,False,True,False,False,False,True,False,False
59.8,65,0,267,0,0,False,True,False,False,False,True,False,False,False,False,True
70.5,1,2,229,1,1,False,False,True,False,False,False,True,False,False,True,False
94.8,36,1,544,1,0,False,False,True,False,False,True,False,False,True,False,False
58.75,57,0,3230,0,0,False,False,False,True,True,False,False,False,False,False,True
88.4,9,0,270,1,0,False,True,False,False,False,False,False,True,False,False,True
54.7,3,1,611,0,0,False,True,False,False,False,True,False,False,False,True,False
24.9,19,0,2611,0,0,False,False,False,True,True,False,False,False,False,False,True
118.6,68,1,287,1,0,False,False,True,False,False,False,False,True,True,False,False
95.9,29,0,3430,1,0,False,False,False,True,False,False,True,False,True,False,False
82.65,17,0,402,1,0,False,False,True,False,False,True,False,False,False,False,True
115.05,71,2,320,1,1,True,False,False,False,True,False,False,False,True,False,False
89.15,1,1,50,1,0,False,False,True,False,False,False,False,True,False,True,False
79.3,49,0,2333,1,0,False,False,False,True,True,False,False,False,True,False,False
84.45,13,2,655,1,1,True,False,False,False,False,False,True,False,False,False,True
100.45,39,0,412,1,0,False,True,False,False,False,False,True,False,True,False,False
20.45,49,1,2777,0,0,False,False,False,True,False,True,False,False,False,False,True
84.75,22,0,519,1,0,False,False,True,False,False,False,True,False,False,False,True
68.05,61,1,428,0,0,False,True,False,False,True,False,False,False,True,False,False
20.55,1,0,149,0,0,False,True,False,False,False,False,True,False,False,True,False
104.4,2,0,349,1,0,False,False,True,False,False,False,True,False,False,True,False
20.05,7,3,231,0,1,False,True,False,False,False,False,False,True,False,False,True
25.45,71,3,476,0,1,False,True,False,False,False,True,False,False,False,False,True
19.95,17,2,242,0,1,False,False,True,False,False,False,False,True,False,False,True
75.85,3,0,168,1,0,False,False,True,False,False,False,True,False,False,True,False
24.75,72,1,355,0,0,True,False,False,False,True,False,False,False,False,False,True
55.8,40,0,465,0,0,True,False,False,False,False,False,True,False,False,False,True
20.05,14,1,582,0,0,False,True,False,False,False,False,True,False,False,False,True
108.05,65,0,552,1,0,False,False,True,False,False,True,False,False,True,False,False
100.5,47,0,534,1,0,False,True,False,False,False,False,True,False,True,False,False
20.15,25,2,302,0,1,False,True,False,False,False,False,False,True,False,False,True
72.6,2,1,634,1,0,False,False,True,False,False,False,False,True,False,True,False
59.9,46,1,2023,0,0,False,False,False,True,True,False,False,False,False,False,True
21.0,55,2,159,0,1,False,True,False,False,False,False,False,True,False,False,True
109.85,63,1,403,1,0,True,False,False,False,False,True,False,False,True,False,False
86.1,62,1,194,1,0,False,False,True,False,False,False,True,False,True,False,False
45.3,48,1,225,0,0,False,True,False,False,True,False,False,False,False,False,True
78.2,18,0,55,1,0,False,False,True,False,False,False,True,False,False,False,True
86.4,71,3,256,1,1,False,False,True,False,False,True,False,False,True,False,False
89.65,35,0,434,1,0,True,False,False,False,True,False,False,False,True,False,False
56.7,27,0,2837,0,0,False,False,False,True,False,False,False,True,False,False,True
92.2,68,2,549,1,1,False,False,True,False,False,True,False,False,True,False,False
20.4,3,0,112,0,0,False,True,False,False,False,False,False,True,False,True,False
20.7,39,1,399,0,0,False,True,False,False,False,True,False,False,False,False,True
94.45,53,0,422,1,0,False,False,True,False,False,True,False,False,True,False,False
90.1,28,1,651,1,0,False,False,True,False,True,False,False,False,True,False,False
74.65,5,1,224,1,0,False,True,False,False,False,False,True,False,False,False,True
19.75,10,1,2277,0,0,False,False,False,True,False,True,False,False,False,False,True
35.4,50,3,184,0,1,False,False,True,False,False,False,False,True,False,False,True
78.7,19,2,421,1,1,False,False,True,False,True,False,False,False,False,False,True
70.35,17,0,2642,0,0,False,False,False,True,True,False,False,False,False,False,True
51.8,20,2,279,0,1,False,True,False,False,False,False,False,True,False,False,True
20.0,63,2,437,0,1,False,False,True,False,False,True,False,False,False,False,True
86.65,72,1,2032,1,0,False,False,False,True,True,False,False,False,True,False,False
91.6,52,0,347,1,0,False,True,False,False,False,True,False,False,True,False,False
19.5,59,1,2139,0,0,False,False,False,True,False,True,False,False,False,False,True
64.5,30,0,331,0,0,False,True,False,False,False,True,False,False,True,False,False
94.95,19,2,528,1,1,False,False,True,False,False,False,True,False,False,False,True
113.45,47,1,484,1,0,False,False,True,False,True,False,False,False,True,False,False
44.15,43,0,346,0,0,True,False,False,False,False,False,True,False,False,False,True
57.5,57,0,375,0,0,False,True,False,False,True,False,False,False,False,False,True
54.15,59,1,275,0,0,True,False,False,False,False,True,False,False,False,False,True
84.6,12,1,532,1,0,False,False,True,False,False,False,True,False,False,False,True
56.35,43,2,377,0,1,False,True,False,False,False,False,False,True,False,False,True
86.55,64,2,537,1,1,False,False,True,False,False,True,False,False,True,False,False
19.85,6,2,391,0,1,True,False,False,False,False,True,False,False,False,False,True
70.3,1,0,234,0,0,False,True,False,False,False,False,True,False,False,True,False
25.15,17,1,274,0,0,False,False,True,False,False,False,False,True,False,False,True
106.0,60,1,107,1,0,True,False,False,False,False,False,True,False,True,False,False
114.05,72,2,369,1,1,False,False,True,False,False,True,False,False,True,False,False
43.25,5,1,50,0,0,True,False,False,False,False,False,False,True,False,False,True
109.3,65,1,500,1,0,True,False,False,False,False,False,True,False,True,False,False
59.45,6,0,554,0,0,False,False,True,False,False,False,True,False,False,False,True
74.4,4,1,230,1,0,False,False,True,False,False,False,True,False,False,False,True
105.85,20,1,288,1,0,True,False,False,False,True,False,False,False,False,False,True
24.4,61,0,560,0,0,True,False,False,False,False,False,False,True,False,False,True
105.25,65,1,661,1,0,False,False,True,False,True,False,False,False,True,False,False
115.55,72,0,420,1,0,True,False,False,False,False,True,False,False,True,False,False
105.5,8,1,211,1,0,False,True,False,False,False,False,True,False,False,False,True
74.05,12,3,355,1,1,False,True,False,False,False,False,False,True,False,False,True
108.15,43,2,335,1,1,True,False,False,False,False,True,False,False,True,False,False
40.3,30,2,50,0,1,False,True,False,False,False,False,True,False,False,False,True
80.65,58,0,279,1,0,False,True,False,False,True,False,False,False,True,False,False
70.6,46,1,181,1,0,False,True,False,False,False,False,False,True,True,False,False
94.1,24,0,493,1,0,False,False,True,False,False,False,True,False,False,False,True
51.8,49,2,487,0,1,False,False,True,False,True,False,False,False,False,False,True
70.65,4,1,285,1,0,False,False,True,False,False,False,True,False,False,False,True
49.55,10,0,388,0,0,False,True,False,False,False,False,False,True,False,False,True
55.0,54,0,50,0,0,False,True,False,False,False,True,False,False,False,False,True
39.7,50,0,2971,0,0,False,False,False,True,False,True,False,False,False,False,True
82.05,48,3,250,1,1,False,True,False,False,False,False,False,True,True,False,False
85.15,30,2,411,1,1,True,False,False,False,False,False,True,False,True,False,False
64.5,3,1,330,0,0,False,False,True,False,True,False,False,False,False,True,False
19.9,1,0,194,0,0,True,False,False,False,False,False,True,False,False,True,False
45.55,48,0,341,0,0,False,False,True,False,False,True,False,False,False,False,True
66.1,29,2,132,0,1,True,False,False,False,False,False,True,False,True,False,False
20.0,3,0,192,0,0,False,True,False,False,False,False,False,True,False,True,False
59.1,14,0,274,0,0,True,False,False,False,False,True,False,False,False,False,True
101.55,49,3,386,1,1,False,False,True,False,False,True,False,False,True,False,False
19.4,69,1,2206,0,0,False,False,False,True,False,False,False,True,False,False,True
53.8,72,2,663,0,1,True,False,False,False,False,True,False,False,False,False,True
58.2,66,3,291,0,1,True,False,False,False,False,True,False,False,False,False,True
95.95,53,1,448,1,0,False,False,True,False,False,False,True,False,True,False,False
85.6,15,1,626,1,0,False,False,True,False,True,False,False,False,False,False,True
29.6,10,0,2281,0,0,False,False,False,True,False,False,False,True,False,False,True
50.35,27,0,600,0,0,False,True,False,False,False,False,False,True,False,False,True
73.0,72,0,494,1,0,False,False,True,False,False,True,False,False,True,False,False
54.6,21,2,605,0,1,False,True,False,False,True,False,False,False,False,False,True
54.75,1,1,3192,0,0,False,False,False,True,False,False,False,True,False,True,False
58.6,55,1,233,0,0,False,False,True,False,False,False,True,False,False,False,True
20.3,58,0,347,0,0,False,True,False,False,False,True,False,False,False,False,True
74.4,6,0,326,1,0,True,False,False,False,False,False,True,False,False,False,True
19.7,12,1,445,0,0,True,False,False,False,False,False,False,True,False,False,True
40.2,18,1,560,0,0,True,False,False,False,False,False,False,True,False,False,True
70.3,3,2,1358,0,1,False,False,False,True,False,False,False,True,False,True,False
59.45,55,2,2855,0,1,False,False,False,True,False,True,False,False,False,False,True
74.65,4,1,2264,1,0,False,False,False,True,False,False,True,False,False,False,True
34.7,10,0,2654,0,0,False,False,False,True,False,False,True,False,False,False,True
90.85,70,1,287,1,0,False,False,True,False,False,False,True,False,True,False,False
19.75,50,2,420,0,1,True,False,False,False,True,False,False,False,False,False,True
24.3,72,0,511,0,0,False,False,True,False,True,False,False,False,False,False,True
110.9,66,0,464,1,0,False,True,False,False,False,True,False,False,True,False,False
94.0,2,1,461,1,0,False,False,True,False,False,False,True,False,False,True,False
77.55,44,0,1791,1,0,False,False,False,True,False,False,False,True,True,False,False
24.9,56,0,1674,0,0,False,False,False,True,False,False,True,False,False,False,True
49.5,6,0,373,0,0,False,True,False,False,False,True,False,False,False,False,True
20.95,25,1,385,0,0,False,False,True,False,True,False,False,False,False,False,True
20.6,6,1,3404,0,0,False,False,False,True,False,False,False,True,False,False,True
45.1,1,0,605,0,0,False,False,True,False,True,False,False,False,False,True,False
106.1,53,0,304,1,0,False,True,False,False,True,False,False,False,True,False,False
105.95,14,0,138,1,0,False,False,True,False,False,False,False,True,False,False,True
54.65,66,0,421,0,0,False,True,False,False,True,False,False,False,False,False,True
100.3,68,0,346,1,0,False,False,True,False,False,False,True,False,True,False,False
54.65,28,3,254,0,1,False,False,True,False,True,False,False,False,False,False,True
29.7,3,1,3665,0,0,False,False,False,True,False,True,False,False,False,True,False
94.6,24,3,2515,1,1,False,False,False,True,False,False,True,False,False,False,True
40.75,9,1,172,0,0,True,False,False,False,False,False,True,False,False,False,True
20.45,22,1,476,0,0,False,False,True,False,True,False,False,False,False,False,True
105.45,56,2,254,1,1,False,False,True,False,True,False,False,False,True,False,False
45.65,21,2,668,0,1,False,False,True,False,False,False,False,True,False,False,True
86.6,16,0,592,1,0,False,False,True,False,False,False,True,False,False,False,True
25.2,72,1,544,0,0,True,False,False,False,True,False,False,False,False,False,True
44.95,1,1,623,0,0,False,False,True,False,False,False,False,True,False,True,False
98.85,32,0,300,1,0,False,False,True,False,False,False,True,False,True,False,False
19.75,1,2,322,0,1,False,False,True,False,False,False,False,True,False,True,False
19.05,25,3,483,0,1,False,False,True,False,False,False,False,True,False,False,True
61.95,17,1,3695,0,0,False,False,False,True,False,False,False,True,False,False,True
95.8,33,2,406,1,1,True,False,False,False,False,False,True,False,True,False,False
69.2,14,0,692,0,0,False,False,True,False,False,False,False,True,False,False,True
65.5,72,2,300,0,1,True,False,False,False,True,False,False,False,True,False,False
103.1,47,0,340,1,0,True,False,False,False,False,False,True,False,True,False,False
104.7,39,0,629,1,0,True,False,False,False,False,True,False,False,True,False,False
20.95,6,0,3136,0,0,False,False,False,True,False,False,False,True,False,False,True
20.6,11,0,506,0,0,False,True,False,False,False,False,False,True,False,False,True
91.0,20,0,1645,1,0,False,False,False,True,True,False,False,False,False,False,True
105.5,62,1,312,1,0,False,True,False,False,False,False,True,False,True,False,False
24.25,1,0,429,0,0,False,False,True,False,False,False,True,False,False,True,False
40.55,34,2,1445,0,1,False,False,False,True,False,False,True,False,False,False,True
85.45,28,1,199,1,0,False,True,False,False,False,False,True,False,True,False,False
45.1,42,2,168,0,1,False,False,True,False,False,True,False,False,False,False,True
40.65,24,0,2380,0,0,False,False,False,True,False,True,False,False,False,False,True
73.1,55,2,566,1,1,True,False,False,False,False,False,True,False,True,False,False
84.75,36,0,338,1,0,False,True,False,False,False,False,True,False,True,False,False
55.65,24,0,436,0,0,True,False,False,False,True,False,False,False,False,False,True
65.8,25,3,2226,0,1,False,False,False,True,True,False,False,False,True,False,False
20.1,33,0,2747,0,0,False,False,False,True,False,False,False,True,False,False,True
78.45,1,1,420,1,0,True,False,False,False,False,False,True,False,False,True,False
70.35,2,1,3521,0,0,False,False,False,True,False,False,True,False,False,True,False
100.55,39,0,266,1,0,True,False,False,False,False,False,False,True,True,False,False
54.55,55,2,540,0,1,True,False,False,False,True,False,False,False,False,False,True
71.45,72,0,504,1,0,False,True,False,False,True,False,False,False,True,False,False
74.1,70,0,518,1,0,False,True,False,False,False,True,False,False,True,False,False
68.65,4,3,262,0,1,True,False,False,False,True,False,False,False,False,False,True
85.2,7,1,430,1,0,False,False,True,False,False,False,False,True,False,False,True
20.35,54,1,2624,0,0,False,False,False,True,True,False,False,False,False,False,True
104.2,31,0,498,1,0,True,False,False,False,False,False,True,False,True,False,False
74.85,60,1,740,1,0,False,False,True,False,False,True,False,False,True,False,False
50.15,1,2,4262,0,1,False,False,False,True,False,False,True,False,False,True,False
70.95,65,1,157,1,0,False,True,False,False,True,False,False,False,True,False,False
20.15,12,0,250,0,0,False,True,False,False,False,False,True,False,False,False,True
65.1,72,0,3625,0,0,False,False,False,True,False,True,False,False,True,False,False
19.3,7,0,346,0,0,True,False,False,False,False,False,False,True,False,False,True
85.15,44,0,672,1,0,False,False,True,False,False,False,True,False,True,False,False
89.0,7,0,290,1,0,False,True,False,False,False,False,True,False,False,False,True
25.0,12,1,258,0,0,True,False,False,False,False,False,True,False,False,False,True
60.15,62,1,471,0,0,True,False,False,False,False,True,False,False,True,False,False
20.5,4,0,194,0,0,True,False,False,False,False,False,False,True,False,False,True
64.0,5,1,511,0,0,False,True,False,False,False,False,True,False,False,False,True
75.8,2,1,372,1,0,True,False,False,False,False,False,True,False,False,True,False
70.3,1,0,390,0,0,False,False,True,False,False,False,True,False,False,True,False
71.35,40,0,344,1,0,False,False,True,False,False,False,False,True,True,False,False
35.9,1,3,406,0,1,False,False,True,False,False,False,False,True,False,True,False
19.6,25,0,478,0,0,True,False,False,False,False,False,True,False,False,False,True
55.7,6,0,471,0,0,False,True,False,False,True,False,False,False,False,False,True
74.25,41,0,444,1,0,False,False,True,False,False,False,True,False,True,False,False
50.1,9,1,654,0,0,False,False,True,False,False,False,True,False,False,False,True
75.35,1,0,714,1,0,False,True,False,False,False,False,True,False,False,True,False
76.0,22,0,296,1,0,False,False,True,False,False,True,False,False,False,False,True
89.1,38,3,2359,1,1,False,False,False,True,False,False,False,True,True,False,False
99.25,23,2,402,1,1,False,True,False,False,False,False,True,False,False,False,True
76.95,60,0,78,1,0,False,True,False,False,True,False,False,False,True,False,False
66.05,47,1,409,0,0,False,False,True,False,False,True,False,False,True,False,False
92.65,72,3,353,1,1,True,False,False,False,True,False,False,False,True,False,False
106.05,70,2,2488,1,1,False,False,False,True,False,False,True,False,True,False,False
70.6,1,1,501,1,0,False,True,False,False,False,False,False,True,False,True,False
85.95,4,0,464,1,0,False,True,False,False,False,False,True,False,False,False,True
75.6,8,1,200,1,0,False,False,True,False,False,False,True,False,False,False,True
114.0,71,0,338,1,0,False,False,True,False,True,False,False,False,True,False,False
80.2,2,2,432,1,1,False,False,True,False,False,False,True,False,False,True,False
19.6,34,2,424,0,1,False,False,True,False,False,True,False,False,False,False,True
80.0,40,0,664,1,0,False,False,True,False,False,False,True,False,True,False,False
19.4,20,1,230,0,0,False,True,False,False,False,False,False,True,False,False,True
89.2,27,0,488,1,0,True,False,False,False,False,False,True,False,True,False,False
97.0,30,1,490,1,0,False,False,True,False,True,False,False,False,True,False,False
69.05,9,0,3952,0,0,False,False,False,True,False,False,True,False,False,False,True
94.9,3,1,474,1,0,False,False,True,False,False,False,True,False,False,True,False
24.95,12,0,383,0,0,False,True,False,False,False,True,False,False,False,False,True
85.75,71,1,1815,1,0,False,False,False,True,False,True,False,False,True,False,False
24.5,27,1,502,0,0,False,True,False,False,False,False,True,False,False,False,True
64.1,40,1,367,0,0,True,False,False,False,False,True,False,False,True,False,False
30.1,52,2,659,0,1,False,False,True,False,False,False,False,True,False,False,True
94.8,70,2,405,1,1,False,False,True,False,False,True,False,False,True,False,False
70.7,3,1,414,1,0,False,False,True,False,False,False,False,True,False,True,False
24.4,10,2,456,0,1,False,False,True,False,False,False,False,True,False,False,True
19.25,7,1,398,0,0,False,False,True,False,False,False,True,False,False,False,True
96.5,61,0,264,1,0,True,False,False,False,True,False,False,False,True,False,False
62.8,7,1,428,0,0,False,True,False,False,True,False,False,False,False,False,True
104.9,72,0,233,1,0,False,True,False,False,False,True,False,False,True,False,False
20.45,1,0,513,0,0,False,False,True,False,False,False,False,True,False,True,False
60.1,1,2,413,0,1,False,False,True,False,False,False,False,True,False,True,False
77.0,3,0,649,1,0,True,False,False,False,False,False,True,False,False,True,False
25.5,25,0,617,0,0,False,False,True,False,False,True,False,False,False,False,True
30.5,1,0,463,0,0,False,False,True,False,True,False,False,False,False,True,False
79.15,33,3,283,1,1,False,True,False,False,False,False,True,False,True,False,False
79.5,32,2,540,1,1,False,True,False,False,False,False,True,False,True,False,False
24.55,52,1,476,0,0,False,True,False,False,False,False,False,True,False,False,True
101.3,28,0,506,1,0,False,False,True,False,False,True,False,False,True,False,False
84.75,16,2,439,1,1,True,False,False,False,False,False,True,False,False,False,True
78.95,26,0,2523,1,0,False,False,False,True,True,False,False,False,True,False,False
78.95,1,3,478,1,1,False,False,True,False,False,False,True,False,False,True,False
82.5,58,0,684,1,0,False,False,True,False,True,False,False,False,True,False,False
105.9,60,0,438,1,0,False,False,True,False,False,False,True,False,True,False,False
91.05,32,1,298,1,0,False,True,False,False,False,False,True,False,True,False,False
19.55,18,2,254,0,1,False,False,True,False,False,False,False,True,False,False,True
95.45,1,0,702,1,0,False,False,True,False,False,False,True,False,False,True,False
29.9,48,0,3574,0,0,False,False,False,True,True,False,False,False,False,False,True
84.2,51,0,207,1,0,True,False,False,False,False,False,True,False,True,False,False
54.2,72,0,237,0,0,True,False,False,False,False,False,True,False,False,False,True
81.0,23,0,91,1,0,False,False,False,True,False,False,True,False,False,False,True
81.3,5,2,365,1,1,True,False,False,False,False,False,True,False,False,False,True
19.95,11,2,2453,0,1,False,False,False,True,False,False,False,True,False,False,True
104.2,52,0,379,1,0,False,True,False,False,False,False,True,False,True,False,False
50.05,41,3,525,0,1,False,True,False,False,True,False,False,False,False,False,True
81.55,63,2,3417,1,1,False,False,False,True,True,False,False,False,True,False,False
106.2,61,0,309,1,0,False,False,True,False,False,False,True,False,True,False,False
89.15,12,1,265,1,0,True,False,False,False,False,False,True,False,False,False,True
90.6,1,1,797,1,0,True,False,False,False,False,False,True,False,False,True,False
19.75,4,1,630,0,0,False,True,False,False,False,False,False,True,False,False,True
80.05,14,0,239,1,0,False,False,True,False,False,True,False,False,False,False,True
23.95,69,0,305,0,0,False,True,False,False,True,False,False,False,False,False,True
54.0,44,3,549,0,1,False,True,False,False,False,False,True,False,False,False,True
100.8,13,0,466,1,0,False,False,True,False,False,False,True,False,False,False,True
101.5,9,1,392,1,0,False,False,True,False,False,False,True,False,False,False,True
20.15,22,1,1856,0,0,False,False,False,True,False,True,False,False,False,False,True
20.5,1,0,228,0,0,False,False,True,False,False,False,False,True,False,True,False
43.3,1,3,1334,0,1,False,False,False,True,False,False,True,False,False,True,False
93.7,71,0,494,1,0,True,False,False,False,True,False,False,False,True,False,False
22.95,42,2,460,0,1,True,False,False,False,False,False,True,False,False,False,True
79.55,1,0,377,1,0,False,False,True,False,False,False,True,False,False,True,False
74.9,1,2,512,1,1,True,False,False,False,False,False,True,False,False,True,False
84.65,42,2,340,1,1,False,False,True,False,False,False,True,False,True,False,False
56.3,8,1,2943,0,0,False,False,False,True,True,False,False,False,False,False,True
100.75,65,3,3438,1,1,False,False,False,True,False,False,True,False,True,False,False
68.7,20,1,2550,0,0,False,False,False,True,False,False,True,False,False,False,True
81.95,1,0,510,1,0,True,False,False,False,False,False,True,False,False,True,False
69.4,42,1,622,0,0,False,False,True,False,True,False,False,False,True,False,False
23.95,51,1,697,0,0,False,False,True,False,False,False,False,True,False,False,True
80.2,43,0,518,1,0,True,False,False,False,False,False,True,False,True,False,False
94.15,46,0,1935,1,0,False,False,False,True,False,False,True,False,True,False,False
89.25,52,0,1654,1,0,False,False,False,True,False,False,False,True,True,False,False
19.8,10,0,321,0,0,True,False,False,False,False,False,False,True,False,False,True
91.0,35,2,188,1,1,False,False,True,False,False,True,False,False,True,False,False
65.85,66,3,475,0,1,False,False,True,False,False,False,False,True,True,False,False
95.7,52,0,351,1,0,False,False,True,False,False,True,False,False,True,False,False
108.65,46,0,443,1,0,False,True,False,False,False,False,True,False,True,False,False
70.5,50,1,465,1,0,False,False,True,False,False,True,False,False,True,False,False
102.25,13,2,311,1,1,False,True,False,False,False,True,False,False,False,False,True
78.05,27,2,202,1,1,False,False,True,False,False,False,True,False,True,False,False
100.65,22,0,571,1,0,False,False,True,False,False,False,True,False,False,False,True
86.1,71,0,282,1,0,True,False,False,False,True,False,False,False,True,False,False
45.45,26,3,419,0,1,False,True,False,False,False,False,True,False,False,False,True
93.9,45,1,382,1,0,False,True,False,False,True,False,False,False,True,False,False
19.35,16,2,433,0,1,True,False,False,False,False,True,False,False,False,False,True
106.65,49,1,628,1,0,False,False,True,False,True,False,False,False,True,False,False
25.55,14,0,314,0,0,True,False,False,False,False,False,False,True,False,False,True
45.05,17,3,335,0,1,False,False,True,False,False,False,True,False,False,False,True
23.75,72,1,499,0,0,False,False,True,False,True,False,False,False,False,False,True
94.8,49,0,580,1,0,False,False,True,False,False,False,True,False,True,False,False
20.55,67,0,418,0,0,False,False,True,False,False,False,True,False,False,False,True
31.2,29,2,237,0,1,False,False,True,False,False,False,True,False,False,False,True
97.0,13,0,449,1,0,True,False,False,False,False,False,True,False,False,False,True
109.55,72,2,514,1,1,False,False,True,False,False,True,False,False,True,False,False
50.3,58,1,225,0,0,False,False,True,False,False,True,False,False,False,False,True
90.45,72,0,392,1,0,False,False,True,False,True,False,False,False,True,False,False
72.1,1,1,491,1,0,False,False,True,False,False,False,True,False,False,True,False
20.05,5,2,325,0,1,False,False,True,False,True,False,False,False,False,False,True
116.15,34,3,397,1,1,False,False,True,False,False,True,False,False,True,False,False
117.6,72,2,377,1,1,True,False,False,False,True,False,False,False,True,False,False
94.0,51,0,535,1,0,False,False,True,False,True,False,False,False,True,False,False
56.5,4,1,882,0,0,False,False,False,True,False,False,False,True,False,False,True
85.65,4,2,719,1,1,False,True,False,False,False,False,True,False,False,False,True
93.55,24,3,267,1,1,True,False,False,False,False,False,True,False,False,False,True
50.4,31,0,380,0,0,False,True,False,False,False,True,False,False,False,False,True
54.35,1,0,417,0,0,False,True,False,False,False,False,True,False,False,True,False
45.1,1,2,222,0,1,False,True,False,False,False,False,True,False,False,True,False
67.65,34,1,1718,0,0,False,False,False,True,False,True,False,False,True,False,False
74.4,22,1,197,1,0,True,False,False,False,True,False,False,False,False,False,True
20.05,4,2,296,0,1,False,True,False,False,False,False,False,True,False,False,True
100.9,72,2,604,1,1,False,True,False,False,True,False,False,False,True,False,False
20.25,8,1,227,0,0,True,False,False,False,False,False,False,True,False,False,True
24.45,1,0,553,0,0,False,False,True,False,False,False,False,True,False,True,False
79.7,1,1,368,1,0,False,False,True,False,False,False,True,False,False,True,False
25.7,1,2,306,0,1,False,True,False,False,False,False,True,False,False,True,False
90.8,9,1,377,1,0,True,False,False,False,True,False,False,False,False,False,True
100.6,33,1,307,1,0,True,False,False,False,True,False,False,False,True,False,False
105.25,53,0,259,1,0,False,False,True,False,False,False,True,False,True,False,False
86.9,57,1,157,1,0,False,True,False,False,False,False,True,False,True,False,False
79.2,60,3,2564,1,1,False,False,False,True,True,False,False,False,True,False,False
64.7,72,1,107,0,0,True,False,False,False,False,False,True,False,True,False,False
93.5,32,1,266,1,0,False,False,True,False,False,False,True,False,True,False,False
99.0,48,3,518,1,1,False,True,False,False,False,False,True,False,True,False,False
19.05,22,3,308,0,1,False,True,False,False,True,False,False,False,False,False,True
45.25,65,1,1660,0,0,False,False,False,True,False,False,False,True,False,False,True
58.9,65,1,271,0,0,False,True,False,False,False,True,False,False,False,False,True
19.8,1,0,273,0,0,False,True,False,False,False,True,False,False,False,True,False
100.8,66,3,540,1,1,False,True,False,False,False,False,True,False,True,False,False
105.25,71,2,449,1,1,False,False,True,False,False,False,True,False,True,False,False
70.4,17,1,505,1,0,False,False,True,False,True,False,False,False,False,False,True
44.95,2,1,313,0,0,False,True,False,False,False,False,False,True,False,True,False
96.4,51,0,159,1,0,False,False,True,False,False,True,False,False,True,False,False
70.55,20,2,446,1,1,False,True,False,False,False,True,False,False,False,False,True
109.6,71,1,452,1,0,False,True,False,False,False,False,True,False,True,False,False
111.3,67,1,502,1,0,False,True,False,False,False,False,True,False,True,False,False
75.3,1,2,257,1,1,True,False,False,False,True,False,False,False,False,True,False
75.4,16,2,381,1,1,False,False,True,False,False,False,True,False,False,False,True
88.8,55,1,512,1,0,False,True,False,False,False,True,False,False,True,False,False
75.7,7,1,258,1,0,False,False,True,False,False,False,True,False,False,False,True
63.95,43,0,2844,0,0,False,False,False,True,False,False,True,False,True,False,False
55.0,1,0,551,0,0,False,False,True,False,False,True,False,False,False,True,False
25.15,4,3,462,0,1,False,False,True,False,False,False,True,False,False,False,True
114.5,72,2,2551,1,1,False,False,False,True,False,False,False,True,True,False,False
103.0,49,1,326,1,0,False,False,True,False,True,False,False,False,True,False,False
94.25,53,0,1829,1,0,False,False,False,True,True,False,False,False,True,False,False
50.05,60,0,504,0,0,True,False,False,False,False,False,True,False,False,False,True
96.55,68,1,360,1,0,False,True,False,False,False,True,False,False,True,False,False
79.75,57,0,2654,1,0,False,False,False,True,True,False,False,False,True,False,False
81.1,7,0,554,1,0,False,False,True,False,False,False,True,False,False,False,True
19.1,1,1,519,0,0,False,False,True,False,False,False,False,True,False,True,False
69.45,7,0,361,0,0,False,False,True,False,False,False,True,False,False,False,True
24.15,68,0,387,0,0,True,False,False,False,True,False,False,False,False,False,True
100.0,19,0,400,1,0,False,False,True,False,True,False,False,False,False,False,True
79.55,2,0,450,1,0,True,False,False,False,False,False,True,False,False,True,False
105.65,67,0,522,1,0,False,False,True,False,True,False,False,False,True,False,False
60.05,67,3,446,0,1,False,True,False,False,False,False,False,True,True,False,False
69.0,35,1,319,0,0,False,False,True,False,False,False,True,False,True,False,False
106.6,67,1,1665,1,0,False,False,False,True,True,False,False,False,True,False,False
90.15,11,3,2055,1,1,False,False,False,True,False,False,True,False,False,False,True
85.65,56,1,318,1,0,False,False,True,False,True,False,False,False,True,False,False
29.35,8,0,394,0,0,False,True,False,False,False,False,False,True,False,False,True
25.25,22,0,377,0,0,False,False,True,False,False,True,False,False,False,False,True
84.2,71,0,423,1,0,False,True,False,False,False,True,False,False,True,False,False
35.05,46,0,333,0,0,False,True,False,False,True,False,False,False,False,False,True
104.55,66,1,2697,1,0,False,False,False,True,True,False,False,False,True,False,False
49.0,15,1,413,0,0,False,False,True,False,False,False,True,False,False,False,True
95.7,25,1,603,1,0,False,True,False,False,False,True,False,False,True,False,False
19.8,32,1,518,0,0,False,True,False,False,False,False,False,True,False,False,True
66.7,8,0,364,0,0,False,False,True,False,False,False,True,False,False,False,True
25.1,6,1,2685,0,0,False,False,False,True,False,False,False,True,False,False,True
46.1,3,0,412,0,0,True,False,False,False,False,False,False,True,False,True,False
59.65,11,0,475,0,0,False,True,False,False,True,False,False,False,False,False,True
91.0,15,0,793,1,0,False,False,True,False,False,False,True,False,False,False,True
90.05,23,1,2236,1,0,False,False,False,True,True,False,False,False,False,False,True
44.0,1,2,331,0,1,True,False,False,False,False,False,False,True,False,True,False
40.2,37,0,613,0,0,False,False,True,False,False,False,True,False,False,False,True
80.65,69,1,457,1,0,False,False,True,False,True,False,False,False,True,False,False
79.1,71,2,392,1,1,False,False,True,False,False,True,False,False,True,False,False
54.65,8,0,482,0,0,True,False,False,False,False,False,False,True,False,False,True
63.4,6,0,278,0,0,False,False,True,False,False,False,False,True,False,False,True
84.3,58,0,223,1,0,True,False,False,False,False,False,True,False,True,False,False
89.55,39,1,351,1,0,False,True,False,False,False,False,True,False,True,False,False
90.0,23,2,292,1,1,True,False,False,False,False,False,True,False,False,False,True
19.95,66,1,50,0,0,False,False,True,False,False,True,False,False,False,False,True
83.25,51,0,494,1,0,False,False,True,False,False,True,False,False,True,False,False
79.7,7,2,618,1,1,True,False,False,False,False,False,True,False,False,False,True
19.65,15,1,430,0,0,True,False,False,False,False,False,False,True,False,False,True
80.0,51,1,2096,1,0,False,False,False,True,False,True,False,False,True,False,False
19.0,4,2,402,0,1,True,False,False,False,False,False,False,True,False,False,True
50.3,18,0,183,0,0,False,True,False,False,False,False,True,False,False,False,True
93.7,46,2,667,1,1,False,False,True,False,False,False,True,False,True,False,False
105.9,3,1,3099,1,0,False,False,False,True,False,False,True,False,False,True,False
25.25,63,1,2022,0,0,False,False,False,True,False,False,False,True,False,False,True
96.25,52,0,552,1,0,False,False,True,False,True,False,False,False,True,False,False
69.0,17,0,706,0,0,False,True,False,False,False,False,False,True,False,False,True
85.1,43,0,396,1,0,False,False,True,False,False,True,False,False,True,False,False
19.95,69,0,348,0,0,True,False,False,False,False,True,False,False,False,False,True
79.7,70,2,454,1,1,True,False,False,False,True,False,False,False,True,False,False
23.9,4,0,4487,0,0,False,False,False,True,False,False,True,False,False,False,True
20.95,60,0,511,0,0,True,False,False,False,True,False,False,False,False,False,True
24.45,20,0,516,0,0,False,True,False,False,False,False,True,False,False,False,True
95.75,69,0,423,1,0,False,False,True,False,False,True,False,False,True,False,False
105.25,48,0,545,1,0,False,False,True,False,False,True,False,False,True,False,False
30.55,1,0,2165,0,0,False,False,False,True,False,False,False,True,False,True,False
51.05,8,0,599,0,0,False,False,True,False,False,False,True,False,False,False,True
45.85,1,0,461,0,0,False,False,True,False,False,False,False,True,False,True,False
19.55,1,0,251,0,0,False,True,False,False,False,True,False,False,False,True,False
19.6,22,2,453,0,1,True,False,False,False,False,False,False,True,False,False,True
39.0,16,0,539,0,0,False,False,True,False,False,False,False,True,False,False,True
118.2,72,0,374,1,0,False,True,False,False,False,False,True,False,True,False,False
61.25,11,0,2952,0,0,False,False,False,True,False,False,True,False,False,False,True
90.65,4,1,488,1,0,False,False,True,False,False,False,True,False,False,False,True
20.0,8,2,482,0,1,False,True,False,False,False,False,False,True,False,False,True
82.45,54,1,359,1,0,True,False,False,False,True,False,False,False,True,False,False
81.5,69,1,461,1,0,False,False,True,False,False,True,False,False,True,False,False
80.4,46,1,472,1,0,False,False,True,False,False,False,True,False,True,False,False
50.55,67,1,326,0,0,True,False,False,False,False,True,False,False,False,False,True
90.35,71,0,1725,1,0,False,False,False,True,False,False,True,False,True,False,False
89.95,20,0,2848,1,0,False,False,False,True,False,False,True,False,False,False,True
113.6,41,2,297,1,1,False,True,False,False,True,False,False,False,True,False,False
41.15,3,1,285,0,0,True,False,False,False,False,False,True,False,False,True,False
50.75,15,0,323,0,0,False,True,False,False,False,False,True,False,False,False,True
79.35,22,0,331,1,0,False,False,True,False,False,False,True,False,False,False,True
80.65,18,0,309,1,0,False,False,True,False,False,False,True,False,False,False,True
98.3,9,0,518,1,0,False,False,True,False,False,True,False,False,False,False,True
75.5,26,0,465,1,0,False,False,True,False,True,False,False,False,True,False,False
105.75,71,1,337,1,0,False,False,True,False,True,False,False,False,True,False,False
19.05,16,0,2135,0,0,False,False,False,True,False,False,False,True,False,False,True
89.1,72,1,394,1,0,False,False,True,False,False,True,False,False,True,False,False
25.05,42,2,97,0,1,False,False,True,False,False,False,True,False,False,False,True
96.1,47,2,163,1,1,True,False,False,False,False,False,True,False,True,False,False
66.1,66,1,564,0,0,True,False,False,False,False,True,False,False,True,False,False
49.2,5,2,399,0,1,True,False,False,False,False,False,True,False,False,False,True
29.65,4,1,3159,0,0,False,False,False,True,False,False,True,False,False,False,True
19.05,42,0,626,0,0,True,False,False,False,False,False,True,False,False,False,True
60.8,69,0,2149,0,0,False,False,False,True,False,True,False,False,True,False,False
116.6,60,1,446,1,0,False,False,True,False,False,True,False,False,True,False,False
19.35,12,0,186,0,0,False,True,False,False,True,False,False,False,False,False,True
45.35,3,1,159,0,0,False,True,False,False,False,False,True,False,False,True,False
105.4,54,1,2451,1,0,False,False,False,True,False,True,False,False,True,False,False
20.2,6,0,205,0,0,False,True,False,False,False,False,False,True,False,False,True
20.05,2,0,482,0,0,False,False,True,False,False,False,False,True,False,True,False
93.75,57,2,65,1,1,False,False,True,False,False,False,True,False,True,False,False
20.6,63,2,415,0,1,False,True,False,False,False,False,False,True,False,False,True
94.3,41,1,442,1,0,False,False,True,False,True,False,False,False,True,False,False
99.3,25,1,3667,1,0,False,False,False,True,True,False,False,False,True,False,False
84.85,65,0,607,1,0,False,False,True,False,True,False,False,False,True,False,False
20.1,54,2,292,0,1,True,False,False,False,False,False,False,True,False,False,True
94.15,61,0,147,1,0,False,False,True,False,False,True,False,False,True,False,False
19.8,19,0,326,0,0,False,True,False,False,False,False,False,True,False,False,True
19.45,12,0,486,0,0,False,True,False,False,True,False,False,False,False,False,True
24.65,18,1,432,0,0,False,True,False,False,False,True,False,False,False,False,True
95.1,68,2,526,1,1,True,False,False,False,True,False,False,False,True,False,False
100.25,10,0,3701,1,0,False,False,False,True,False,False,True,False,False,False,True
94.55,20,2,585,1,1,False,False,True,False,False,False,True,False,False,False,True
99.45,42,3,509,1,1,False,False,True,False,False,False,True,False,True,False,False
42.3,45,1,2193,0,0,False,False,False,True,True,False,False,False,False,False,True
115.15,72,0,442,1,0,False,False,True,False,True,False,False,False,True,False,False
110.8,35,3,467,1,1,False,False,True,False,True,False,False,False,True,False,False
89.7,72,2,470,1,1,True,False,False,False,False,False,True,False,True,False,False
99.65,8,0,473,1,0,False,False,True,False,False,False,True,False,False,False,True
64.75,37,0,423,0,0,False,False,True,False,False,False,True,False,True,False,False
104.55,21,0,542,1,0,False,False,True,False,False,False,False,True,False,False,True
80.45,71,2,572,1,1,False,False,True,False,True,False,False,False,True,False,False
67.45,40,2,220,0,1,True,False,False,False,False,False,True,False,True,False,False
62.25,10,0,318,0,0,False,False,True,False,True,False,False,False,False,False,True
88.4,25,2,1951,1,1,False,False,False,True,True,False,False,False,True,False,False
74.7,41,3,633,1,1,False,True,False,False,False,True,False,False,True,False,False
95.9,19,1,1282,1,0,False,False,False,True,False,True,False,False,False,False,True
95.1,23,2,96,1,1,False,False,True,False,False,False,True,False,False,False,True
107.95,57,2,597,1,1,False,True,False,False,False,False,True,False,True,False,False
84.05,2,1,1733,1,0,False,False,False,True,False,False,True,False,False,True,False
79.6,70,1,406,1,0,True,False,False,False,True,False,False,False,True,False,False
88.35,1,0,375,1,0,False,False,True,False,False,False,True,False,False,True,False
109.5,70,0,570,1,0,False,False,True,False,True,False,False,False,True,False,False
97.0,72,1,402,1,0,False,False,True,False,True,False,False,False,True,False,False
105.95,25,0,395,1,0,True,False,False,False,False,False,False,True,True,False,False
104.05,23,2,197,1,1,False,False,True,False,False,False,False,True,False,False,True
19.55,65,1,2573,0,0,False,False,False,True,False,True,False,False,False,False,True
20.8,25,2,295,0,1,False,False,True,False,False,False,False,True,False,False,True
83.05,15,2,210,1,1,True,False,False,False,False,False,True,False,False,False,True
53.95,41,0,425,0,0,False,True,False,False,False,False,True,False,False,False,True
54.65,1,1,2524,0,0,False,False,False,True,False,False,True,False,False,True,False
70.95,48,1,216,1,0,False,False,True,False,True,False,False,False,True,False,False
61.45,4,1,256,0,0,False,False,True,False,False,True,False,False,False,False,True
19.65,17,0,2469,0,0,False,False,False,True,True,False,False,False,False,False,True
104.75,42,1,629,1,0,False,False,True,False,True,False,False,False,True,False,False
39.2,49,0,166,0,0,False,True,False,False,False,False,True,False,False,False,True
19.6,21,3,336,0,1,False,False,True,False,False,False,False,True,False,False,True
110.6,60,2,120,1,1,True,False,False,False,False,False,True,False,True,False,False
24.45,58,2,2591,0,1,False,False,False,True,False,True,False,False,False,False,True
20.45,31,3,213,0,1,False,False,True,False,False,False,False,True,False,False,True
101.15,61,0,3409,1,0,False,False,False,True,True,False,False,False,True,False,False
90.25,64,2,3909,1,1,False,False,False,True,False,True,False,False,True,False,False
61.45,61,0,2953,0,0,False,False,False,True,True,False,False,False,True,False,False
70.9,67,3,50,1,1,False,False,True,False,False,True,False,False,True,False,False
25.7,55,0,326,0,0,False,False,True,False,True,False,False,False,False,False,True
20.0,20,0,688,0,0,False,False,True,False,False,False,False,True,False,False,True
79.5,11,0,347,1,0,False,False,True,False,True,False,False,False,False,False,True
116.8,72,1,626,1,0,True,False,False,False,False,True,False,False,True,False,False
84.5,57,1,370,1,0,False,False,True,False,False,False,True,False,True,False,False
44.05,70,0,219,0,0,False,False,True,False,False,True,False,False,False,False,True
110.25,68,3,222,1,1,False,False,True,False,False,True,False,False,True,False,False
84.6,1,1,327,1,0,True,False,False,False,False,False,False,True,False,True,False
78.9,47,0,439,1,0,False,False,True,False,False,False,True,False,True,False,False
64.65,15,0,530,0,0,False,True,False,False,True,False,False,False,False,False,True
20.35,69,2,420,0,1,False,True,False,False,False,True,False,False,False,False,True
55.35,3,0,478,0,0,False,True,False,False,False,False,True,False,False,True,False
19.45,1,2,492,0,1,False,False,True,False,False,False,False,True,False,True,False
88.95,33,0,427,1,0,False,False,True,False,False,False,True,False,True,False,False
69.7,53,1,363,0,0,True,False,False,False,True,False,False,False,True,False,False
80.7,20,0,3188,1,0,False,False,False,True,True,False,False,False,False,False,True
93.55,1,0,3466,1,0,False,False,False,True,False,False,True,False,False,True,False
98.9,10,1,360,1,0,False,False,True,False,False,False,True,False,False,False,True
19.9,32,0,433,0,0,True,False,False,False,True,False,False,False,False,False,True
101.05,56,2,766,1,1,True,False,False,False,False,False,True,False,True,False,False
19.1,71,3,517,0,1,False,False,True,False,False,True,False,False,False,False,True
70.15,13,0,536,0,0,True,False,False,False,False,False,True,False,False,False,True
20.1,2,0,142,0,0,False,True,False,False,False,False,False,True,False,True,False
95.65,17,0,2610,1,0,False,False,False,True,True,False,False,False,False,False,True
55.1,2,1,430,0,0,True,False,False,False,False,False,False,True,False,True,False
101.35,72,1,70,1,0,True,False,False,False,False,False,True,False,True,False,False
54.55,26,1,293,0,0,False,True,False,False,False,True,False,False,False,False,True
25.9,5,0,408,0,0,False,False,True,False,True,False,False,False,False,False,True
100.95,3,1,335,1,0,True,False,False,False,False,False,True,False,False,True,False
80.7,26,2,189,1,1,False,False,True,False,False,False,True,False,True,False,False
65.5,59,0,463,0,0,False,False,True,False,False,False,False,True,True,False,False
49.85,27,0,3299,0,0,False,False,False,True,False,False,False,True,False,False,True
103.05,57,1,407,1,0,False,False,True,False,False,False,True,False,True,False,False
44.1,1,0,1140,0,0,False,False,False,True,False,False,True,False,False,True,False
19.8,37,0,3741,0,0,False,False,False,True,False,False,True,False,False,False,True
49.45,6,2,190,0,1,True,False,False,False,False,False,True,False,False,False,True
75.9,18,3,330,1,1,True,False,False,False,True,False,False,False,False,False,True
100.95,19,2,1606,1,1,False,False,False,True,False,False,True,False,False,False,True
75.5,67,1,529,1,0,False,False,True,False,False,False,True,False,True,False,False
71.55,34,3,339,1,1,False,False,True,False,False,True,False,False,True,False,False
48.8,22,2,398,0,1,False,False,True,False,False,True,False,False,False,False,True
91.25,52,1,426,1,0,True,False,False,False,False,False,True,False,True,False,False
54.05,56,0,393,0,0,True,False,False,False,True,False,False,False,False,False,True
95.45,18,3,428,1,1,False,False,True,False,False,False,True,False,False,False,True
104.55,56,0,444,1,0,False,True,False,False,True,False,False,False,True,False,False
90.4,4,1,460,1,0,False,False,True,False,False,False,True,False,False,False,True
115.0,64,1,52,1,0,False,True,False,False,False,False,True,False,True,False,False
80.9,61,3,501,1,1,False,False,True,False,True,False,False,False,True,False,False
99.4,71,0,350,1,0,False,True,False,False,False,False,True,False,True,False,False
69.8,2,0,2585,0,0,False,False,False,True,False,True,False,False,False,True,False
102.1,64,0,395,1,0,False,False,True,False,False,False,True,False,True,False,False
108.45,45,1,277,1,0,True,False,False,False,False,True,False,False,True,False,False
23.75,18,1,328,0,0,False,True,False,False,False,False,False,True,False,False,True
25.7,66,2,2296,0,1,False,False,False,True,False,True,False,False,False,False,True
40.55,37,1,414,0,0,False,False,True,False,False,False,False,True,False,False,True
25.0,39,2,552,0,1,False,False,True,False,False,False,False,True,False,False,True
84.8,25,2,443,1,1,False,False,True,False,False,False,True,False,True,False,False
87.0,22,1,259,1,0,True,False,False,False,True,False,False,False,False,False,True
19.6,10,0,618,0,0,True,False,False,False,True,False,False,False,False,False,True
20.35,20,2,229,0,1,False,False,True,False,False,False,False,True,False,False,True
64.4,8,3,442,0,1,True,False,False,False,False,True,False,False,False,False,True
52.15,49,1,1998,0,0,False,False,False,True,False,True,False,False,False,False,True
105.85,65,3,50,1,1,False,False,True,False,False,True,False,False,True,False,False
45.2,1,0,174,0,0,False,True,False,False,False,False,True,False,False,True,False
94.45,5,0,2274,1,0,False,False,False,True,False,False,True,False,False,False,True
96.6,72,0,181,1,0,False,False,True,False,True,False,False,False,True,False,False
110.15,72,0,169,1,0,False,False,True,False,False,False,True,False,True,False,False
100.3,53,0,552,1,0,False,False,True,False,False,False,False,True,True,False,False
75.3,21,1,441,1,0,False,False,True,False,False,False,False,True,False,False,True
107.9,70,0,364,1,0,False,True,False,False,False,False,True,False,True,False,False
103.7,33,0,2930,1,0,False,False,False,True,False,False,False,True,True,False,False
75.6,23,2,455,1,1,True,False,False,False,True,False,False,False,False,False,True
54.65,45,1,503,0,0,False,False,True,False,True,False,False,False,False,False,True
19.65,35,0,350,0,0,False,True,False,False,False,False,False,True,False,False,True
20.25,16,2,418,0,1,False,False,True,False,True,False,False,False,False,False,True
106.65,49,3,405,1,1,False,False,True,False,False,True,False,False,True,False,False
19.3,1,0,3344,0,0,False,False,False,True,False,False,False,True,False,True,False
80.8,61,0,555,1,0,False,False,True,False,True,False,False,False,True,False,False
19.5,68,0,212,0,0,False,False,True,False,True,False,False,False,False,False,True
19.75,1,1,462,0,0,True,False,False,False,False,False,False,True,False,True,False
53.6,60,0,480,0,0,False,False,True,False,False,False,True,False,False,False,True
25.55,53,2,308,0,1,False,False,True,False,False,True,False,False,False,False,True
103.3,28,1,55,1,0,False,True,False,False,False,False,True,False,True,False,False
69.65,2,0,185,0,0,True,False,False,False,False,False,True,False,False,True,False
70.2,1,0,645,0,0,False,False,True,False,False,False,True,False,False,True,False
72.65,16,0,320,1,0,False,False,True,False,False,False,True,False,False,False,True
20.1,72,1,312,0,0,False,True,False,False,True,False,False,False,False,False,True
55.15,6,2,1395,0,1,False,False,False,True,False,False,False,True,False,False,True
107.95,3,0,234,1,0,False,True,False,False,False,False,True,False,False,True,False
90.4,49,1,291,1,0,False,True,False,False,False,True,False,False,True,False,False
50.45,1,0,442,0,0,False,True,False,False,False,False,False,True,False,True,False
94.4,50,0,338,1,0,True,False,False,False,False,True,False,False,True,False,False
29.3,12,0,751,0,0,True,False,False,False,False,False,False,True,False,False,True
80.3,32,3,3226,1,1,False,False,False,True,False,True,False,False,True,False,False
103.25,68,0,440,1,0,False,False,True,False,False,True,False,False,True,False,False
20.8,1,0,651,0,0,False,True,False,False,False,False,False,True,False,True,False
36.0,40,3,1106,0,1,False,False,False,True,False,True,False,False,False,False,True
51.35,5,1,206,0,0,False,True,False,False,False,False,True,False,False,False,True
78.85,72,0,691,1,0,False,False,True,False,True,False,False,False,True,False,False
85.45,1,1,373,1,0,True,False,False,False,False,False,True,False,False,True,False
109.1,58,2,151,1,1,False,False,True,False,False,True,False,False,True,False,False
24.6,24,0,398,0,0,True,False,False,False,True,False,False,False,False,False,True
83.9,3,3,400,1,1,False,False,True,False,False,False,False,True,False,True,False
20.3,62,1,287,0,0,True,False,False,False,True,False,False,False,False,False,True
110.9,72,1,461,1,0,False,False,True,False,False,True,False,False,True,False,False
71.05,50,0,314,1,0,True,False,False,False,False,False,True,False,True,False,False
20.0,66,0,384,0,0,True,False,False,False,False,True,False,False,False,False,True
81.2,40,1,317,1,0,False,True,False,False,False,False,True,False,True,False,False
70.75,40,0,50,1,0,False,False,True,False,False,True,False,False,True,False,False
103.15,67,0,235,1,0,False,False,True,False,True,False,False,False,True,False,False
104.75,56,1,437,1,0,False,True,False,False,False,False,True,False,True,False,False
20.2,64,1,385,0,0,False,False,True,False,False,False,False,True,False,False,True
84.35,20,1,263,1,0,False,False,True,False,False,False,True,False,False,False,True
95.5,71,0,656,1,0,False,False,True,False,False,True,False,False,True,False,False
74.55,41,2,505,1,1,True,False,False,False,False,True,False,False,True,False,False
48.9,72,2,2709,0,1,False,False,False,True,False,False,False,True,False,False,True
46.4,18,1,332,0,0,True,False,False,False,False,True,False,False,False,False,True
71.0,71,1,540,1,0,False,False,True,False,True,False,False,False,True,False,False
65.65,46,1,564,0,0,False,True,False,False,False,False,False,True,True,False,False
20.25,46,0,280,0,0,False,True,False,False,True,False,False,False,False,False,True
54.65,57,2,632,0,1,False,False,True,False,False,False,False,True,False,False,True
80.65,68,1,527,1,0,True,False,False,False,False,False,True,False,True,False,False
25.15,1,1,1982,0,0,False,False,False,True,False,False,False,True,False,True,False
20.4,38,2,325,0,1,True,False,False,False,True,False,False,False,False,False,True
79.3,32,0,2903,1,0,False,False,False,True,False,False,False,True,True,False,False
45.0,2,3,164,0,1,False,True,False,False,False,False,True,False,False,True,False
70.15,10,0,628,0,0,True,False,False,False,False,False,False,True,False,False,True
19.4,72,1,500,0,0,False,True,False,False,True,False,False,False,False,False,True
110.8,65,1,120,1,0,False,False,True,False,False,True,False,False,True,False,False
84.1,21,0,491,1,0,True,False,False,False,False,False,True,False,False,False,True
19.65,67,0,429,0,0,False,True,False,False,False,False,False,True,False,False,True
75.85,12,3,457,1,1,True,False,False,False,False,False,False,True,False,False,True
102.8,25,0,277,1,0,False,False,True,False,False,False,False,True,True,False,False
85.2,8,2,314,1,1,False,True,False,False,False,False,True,False,False,False,True
19.45,1,0,478,0,0,True,False,False,False,False,False,True,False,False,True,False
79.4,65,0,415,1,0,False,False,True,False,True,False,False,False,True,False,False
54.85,2,2,446,0,1,False,False,True,False,False,False,False,True,False,True,False
48.7,62,1,4218,0,0,False,False,False,True,True,False,False,False,False,False,True
84.9,36,3,353,1,1,False,True,False,False,False,False,True,False,True,False,False
19.3,38,2,554,0,1,True,False,False,False,False,False,False,True,False,False,True
59.6,57,3,322,0,1,True,False,False,False,False,False,False,True,False,False,True
20.35,32,3,4414,0,1,False,False,False,True,False,True,False,False,False,False,True
90.4,44,2,363,1,1,False,True,False,False,False,False,False,True,True,False,False
54.4,2,1,331,0,0,True,False,False,False,False,False,False,True,False,True,False
114.5,41,1,336,1,0,False,False,True,False,True,False,False,False,True,False,False
90.9,14,0,585,1,0,False,False,True,False,True,False,False,False,False,False,True
85.6,56,1,598,1,0,False,False,True,False,True,False,False,False,True,False,False
84.55,7,0,562,1,0,True,False,False,False,False,False,True,False,False,False,True
20.45,11,0,412,0,0,False,True,False,False,False,True,False,False,False,False,True
20.2,13,3,182,0,1,True,False,False,False,False,False,False,True,False,False,True
105.15,71,0,516,1,0,False,True,False,False,True,False,False,False,True,False,False
24.85,22,1,333,0,0,False,False,True,False,False,True,False,False,False,False,True
99.0,42,2,443,1,1,False,False,True,False,False,False,True,False,True,False,False
19.65,15,0,265,0,0,False,False,True,False,False,False,False,True,False,False,True
92.15,69,0,306,1,0,True,False,False,False,False,False,False,True,True,False,False
75.3,23,0,284,1,0,False,False,True,False,False,True,False,False,False,False,True
73.85,19,2,398,1,1,False,False,True,False,False,True,False,False,False,False,True
50.65,63,2,437,0,1,True,False,False,False,True,False,False,False,False,False,True
72.95,68,2,2356,1,1,False,False,False,True,True,False,False,False,True,False,False
80.55,1,0,383,1,0,False,False,True,False,False,False,True,False,False,True,False
39.05,18,0,351,0,0,True,False,False,False,False,False,True,False,False,False,True
58.25,71,2,652,0,1,False,False,True,False,True,False,False,False,False,False,True
20.35,15,0,2721,0,0,False,False,False,True,False,True,False,False,False,False,True
19.7,8,0,259,0,0,True,False,False,False,False,False,False,True,False,False,True
96.8,21,1,168,1,0,False,False,True,False,True,False,False,False,False,False,True
89.75,6,2,364,1,1,False,False,True,False,False,False,True,False,False,False,True
29.8,69,3,289,0,1,True,False,False,False,False,True,False,False,False,False,True
56.4,68,0,654,0,0,False,True,False,False,False,False,False,True,False,False,True
20.3,1,2,302,0,1,True,False,False,False,True,False,False,False,False,True,False
19.95,62,0,218,0,0,True,False,False,False,True,False,False,False,False,False,True
78.95,38,0,447,1,0,False,False,True,False,False,True,False,False,True,False,False
85.3,5,0,239,1,0,True,False,False,False,False,False,True,False,False,False,True
94.6,3,2,403,1,1,False,False,True,False,False,False,True,False,False,True,False
115.65,45,0,50,1,0,False,False,True,False,False,False,True,False,True,False,False
20.95,1,1,507,0,0,True,False,False,False,False,False,False,True,False,True,False
75.5,9,0,590,1,0,False,False,True,False,False,True,False,False,False,False,True
69.8,20,1,481,0,0,False,False,True,False,True,False,False,False,False,False,True
79.5,54,0,332,1,0,True,False,False,False,False,False,True,False,True,False,False
19.7,20,0,393,0,0,False,True,False,False,False,False,False,True,False,False,True
108.1,48,1,589,1,0,False,False,True,False,True,False,False,False,True,False,False
24.95,54,0,527,0,0,False,True,False,False,True,False,False,False,False,False,True
50.1,1,1,351,0,0,False,False,True,False,False,False,True,False,False,True,False
43.8,1,2,357,0,1,False,False,True,False,False,False,True,False,False,True,False
19.55,1,1,225,0,0,False,True,False,False,False,False,False,True,False,True,False
19.95,48,0,333,0,0,False,False,True,False,True,False,False,False,False,False,True
19.55,1,0,282,0,0,True,False,False,False,False,False,False,True,False,True,False
72.1,37,0,3477,1,0,False,False,False,True,False,False,False,True,True,False,False
19.1,1,0,480,0,0,True,False,False,False,False,False,False,True,False,True,False
25.2,39,3,549,0,1,False,True,False,False,False,False,False,True,False,False,True
55.5,4,2,369,0,1,False,False,True,False,False,True,False,False,False,False,True
24.15,33,3,1983,0,1,False,False,False,True,False,True,False,False,False,False,True
19.25,18,2,2284,0,1,False,False,False,True,False,False,False,True,False,False,True
50.05,4,0,565,0,0,False,False,True,False,False,False,False,True,False,False,True
21.2,56,1,523,0,0,False,False,True,False,False,False,False,True,False,False,True
70.0,17,1,3716,0,0,False,False,False,True,False,False,True,False,False,False,True
90.1,50,2,308,1,1,True,False,False,False,False,True,False,False,True,False,False
20.3,72,1,3406,0,0,False,False,False,True,True,False,False,False,False,False,True
75.05,10,0,444,1,0,False,True,False,False,False,False,True,False,False,False,True
20.1,25,3,218,0,1,True,False,False,False,False,False,False,True,False,False,True
25.05,71,1,2812,0,0,False,False,False,True,False,True,False,False,False,False,True
25.55,20,1,1053,0,0,False,False,False,True,True,False,False,False,False,False,True
86.1,14,3,314,1,1,False,True,False,False,False,False,True,False,False,False,True
56.15,62,1,545,0,0,True,False,False,False,True,False,False,False,False,False,True
25.5,8,2,265,0,1,True,False,False,False,False,False,False,True,False,False,True
90.05,54,3,697,1,1,False,False,True,False,False,False,True,False,True,False,False
118.6,61,2,430,1,1,True,False,False,False,False,False,True,False,True,False,False
59.55,67,1,497,0,0,False,True,False,False,False,False,True,False,False,False,True
81.35,49,3,317,1,1,False,False,True,False,False,True,False,False,True,False,False
91.7,66,1,677,1,0,False,True,False,False,True,False,False,False,True,False,False
104.1,47,1,584,1,0,False,False,True,False,False,False,True,False,True,False,False
36.0,21,0,419,0,0,False,False,True,False,False,False,False,True,False,False,True
99.0,51,1,500,1,0,False,False,True,False,False,False,True,False,True,False,False
81.7,22,0,595,1,0,False,False,True,False,False,False,True,False,False,False,True
20.7,3,0,2852,0,0,False,False,False,True,False,False,False,True,False,True,False
110.5,64,2,123,1,1,True,False,False,False,False,True,False,False,True,False,False
53.4,67,1,2204,0,0,False,False,False,True,False,True,False,False,False,False,True
25.4,72,3,237,0,1,True,False,False,False,False,False,False,True,False,False,True
61.45,37,0,471,0,0,False,False,True,False,False,True,False,False,True,False,False
19.6,37,0,192,0,0,False,False,True,False,False,False,False,True,False,False,True
98.4,41,3,590,1,1,False,False,True,False,False,False,True,False,True,False,False
104.25,65,0,340,1,0,False,True,False,False,False,False,True,False,True,False,False
19.9,47,1,455,0,0,False,False,True,False,True,False,False,False,False,False,True
74.95,26,1,420,1,0,True,False,False,False,True,False,False,False,True,False,False
85.35,9,0,2130,1,0,False,False,False,True,False,False,True,False,False,False,True
80.6,60,0,547,1,0,False,False,True,False,True,False,False,False,True,False,False
86.05,1,2,438,1,1,False,True,False,False,False,False,True,False,False,True,False
43.6,62,3,864,0,1,False,True,False,False,False,True,False,False,False,False,True
69.25,6,0,2868,0,0,False,False,False,True,False,False,False,True,False,False,True
98.6,53,2,768,1,1,False,False,True,False,False,False,False,True,True,False,False
75.5,32,2,293,1,1,False,True,False,False,True,False,False,False,True,False,False
118.35,67,0,571,1,0,False,False,True,False,True,False,False,False,True,False,False
25.4,15,3,2586,0,1,False,False,False,True,False,True,False,False,False,False,True
30.2,49,0,389,0,0,False,False,True,False,True,False,False,False,False,False,True
55.15,22,2,916,0,1,False,False,False,True,False,False,True,False,False,False,True
105.25,64,1,417,1,0,False,False,True,False,False,False,True,False,True,False,False
82.35,21,0,1876,1,0,False,False,False,True,False,False,True,False,False,False,True
98.1,12,1,265,1,0,False,True,False,False,False,False,True,False,False,False,True
94.1,43,2,387,1,1,False,True,False,False,False,False,True,False,True,False,False
20.35,66,1,2370,0,0,False,False,False,True,False,False,True,False,False,False,True
96.1,44,1,2416,1,0,False,False,False,True,False,False,True,False,True,False,False
20.65,17,0,380,0,0,False,False,True,False,False,False,False,True,False,False,True
50.1,1,0,359,0,0,True,False,False,False,False,False,False,True,False,True,False
97.8,51,1,588,1,0,False,True,False,False,False,False,True,False,True,False,False
20.25,9,0,50,0,0,False,True,False,False,False,False,False,True,False,False,True
100.05,64,0,399,1,0,False,False,True,False,False,True,False,False,True,False,False
75.0,8,0,484,1,0,False,True,False,False,False,False,False,True,False,False,True
74.3,57,0,2192,1,0,False,False,False,True,False,False,True,False,True,False,False
68.7,59,1,443,0,0,False,True,False,False,True,False,False,False,True,False,False
66.15,64,0,1691,0,0,False,False,False,True,False,True,False,False,True,False,False
19.4,1,2,2504,0,1,False,False,False,True,False,False,False,True,False,True,False
85.9,72,0,362,1,0,True,False,False,False,False,True,False,False,True,False,False
80.5,1,1,131,1,0,False,False,True,False,False,False,True,False,False,True,False
25.0,51,3,2359,0,1,False,False,False,True,True,False,False,False,False,False,True
84.3,42,1,3669,1,0,False,False,False,True,False,False,True,False,True,False,False
20.3,1,2,2247,0,1,False,False,False,True,False,True,False,False,False,True,False
103.2,56,2,631,1,1,False,False,True,False,True,False,False,False,True,False,False
106.4,39,2,644,1,1,False,False,True,False,False,False,True,False,True,False,False
40.65,25,0,401,0,0,True,False,False,False,False,True,False,False,False,False,True
72.9,71,0,638,1,0,False,False,True,False,True,False,False,False,True,False,False
46.0,10,0,377,0,0,False,False,True,False,False,False,False,True,False,False,True
84.9,40,1,444,1,0,False,False,True,False,False,False,True,False,True,False,False
24.0,68,1,283,0,0,False,True,False,False,True,False,False,False,False,False,True
20.4,61,3,180,0,1,False,True,False,False,False,False,False,True,False,False,True
86.9,69,2,1486,1,1,False,False,False,True,True,False,False,False,True,False,False
85.35,30,2,2514,1,1,False,False,False,True,True,False,False,False,True,False,False
46.2,1,2,259,0,1,False,False,True,False,False,True,False,False,False,True,False
19.25,22,0,307,0,0,False,True,False,False,False,False,False,True,False,False,True
94.9,38,3,304,1,1,False,True,False,False,True,False,False,False,True,False,False
75.25,3,0,477,1,0,False,False,True,False,False,False,True,False,False,True,False
35.45,1,0,434,0,0,True,False,False,False,False,False,True,False,False,True,False
89.55,41,1,400,1,0,False,False,True,False,False,False,True,False,True,False,False
50.3,7,0,354,0,0,False,False,True,False,True,False,False,False,False,False,True
103.75,68,1,660,1,0,False,True,False,False,False,True,False,False,True,False,False
63.95,5,0,536,0,0,False,False,True,False,False,True,False,False,False,False,True
102.6,41,0,593,1,0,True,False,False,False,False,False,True,False,True,False,False
25.75,35,1,369,0,0,True,False,False,False,False,False,True,False,False,False,True
86.0,19,1,542,1,0,True,False,False,False,True,False,False,False,False,False,True
79.45,69,1,344,1,0,False,False,True,False,False,True,False,False,True,False,False
73.85,45,1,302,1,0,True,False,False,False,False,True,False,False,True,False,False
67.85,67,3,122,0,1,False,False,True,False,False,False,False,True,True,False,False
79.4,61,0,372,1,0,False,False,True,False,False,False,True,False,True,False,False
84.85,24,1,251,1,0,False,True,False,False,True,False,False,False,False,False,True
69.25,22,1,415,0,0,True,False,False,False,False,False,True,False,False,False,True
81.2,63,1,402,1,0,False,True,False,False,False,True,False,False,True,False,False
35.75,1,0,315,0,0,False,False,True,False,False,False,True,False,False,True,False
104.15,24,1,399,1,0,False,False,True,False,False,False,True,False,False,False,True
95.55,39,0,541,1,0,False,False,True,False,False,False,True,False,True,False,False
91.35,63,0,344,1,0,False,True,False,False,False,False,True,False,True,False,False
50.75,1,3,2759,0,1,False,False,False,True,False,False,False,True,False,True,False
29.8,26,3,50,0,1,True,False,False,False,False,False,False,True,False,False,True
51.35,41,0,299,0,0,False,False,True,False,False,False,True,False,False,False,True
20.3,22,0,685,0,0,False,False,True,False,False,True,False,False,False,False,True
89.7,35,2,500,1,1,False,True,False,False,False,False,True,False,True,False,False
19.8,37,0,2333,0,0,False,False,False,True,False,True,False,False,False,False,True
103.65,55,1,480,1,0,True,False,False,False,False,True,False,False,True,False,False
66.15,38,0,638,0,0,False,False,True,False,True,False,False,False,True,False,False
35.15,32,0,3319,0,0,False,False,False,True,False,False,True,False,False,False,True
86.0,14,0,585,1,0,False,False,True,False,False,False,False,True,False,False,True
104.05,62,0,305,1,0,False,False,True,False,False,False,True,False,True,False,False
86.3,14,1,484,1,0,False,False,True,False,False,False,True,False,False,False,True
89.2,29,0,385,1,0,False,True,False,False,False,False,True,False,True,False,False
89.8,54,0,1126,1,0,False,False,False,True,False,False,False,True,True,False,False
95.15,71,1,1591,1,0,False,False,False,True,False,True,False,False,True,False,False
94.8,47,0,424,1,0,False,False,True,False,True,False,False,False,True,False,False
95.1,2,3,421,1,1,False,True,False,False,False,True,False,False,False,True,False
50.9,45,3,508,0,1,True,False,False,False,True,False,False,False,False,False,True
76.1,70,2,421,1,1,False,True,False,False,False,True,False,False,True,False,False
20.35,4,3,283,0,1,True,False,False,False,False,False,False,True,False,False,True
82.1,33,0,609,1,0,False,False,True,False,False,True,False,False,True,False,False
94.3,20,1,352,1,0,False,True,False,False,False,True,False,False,False,False,True
24.45,56,0,467,0,0,False,True,False,False,False,False,False,True,False,False,True
99.7,12,3,287,1,1,False,True,False,False,True,False,False,False,False,False,True
19.55,1,1,236,0,0,True,False,False,False,False,False,False,True,False,True,False
57.15,38,2,471,0,1,True,False,False,False,False,True,False,False,False,False,True
58.35,12,3,2352,0,1,False,False,False,True,False,True,False,False,False,False,True
20.2,1,2,2498,0,1,False,False,False,True,True,False,False,False,False,True,False
18.25,28,0,1826,0,0,False,False,False,True,False,True,False,False,False,False,True
50.2,43,0,185,0,0,True,False,False,False,False,False,False,True,False,False,True
106.6,61,1,574,1,0,False,False,True,False,False,False,True,False,True,False,False
55.3,16,0,297,0,0,False,True,False,False,False,False,True,False,False,False,True
70.1,10,0,488,0,0,False,True,False,False,False,False,True,False,False,False,True
80.3,63,1,603,1,0,False,False,True,False,False,True,False,False,True,False,False
23.75,62,1,50,0,0,False,False,True,False,False,True,False,False,False,False,True
40.4,46,2,466,0,1,False,False,True,False,False,True,False,False,False,False,True
20.4,1,0,336,0,0,True,False,False,False,False,False,False,True,False,True,False
55.3,9,2,3564,0,1,False,False,False,True,False,False,False,True,False,False,True
95.85,2,0,428,1,0,False,False,True,False,False,False,True,False,False,True,False
69.15,35,1,388,0,0,False,False,True,False,False,True,False,False,True,False,False
81.95,69,0,285,1,0,False,False,True,False,True,False,False,False,True,False,False
80.1,33,0,643,1,0,False,False,True,False,True,False,False,False,True,False,False
21.1,46,1,626,0,0,False,True,False,False,False,False,True,False,False,False,True
69.6,1,3,315,0,1,True,False,False,False,False,False,True,False,False,True,False
75.55,1,2,428,1,1,False,False,True,False,False,False,True,False,False,True,False
26.0,65,2,491,0,1,False,False,True,False,False,True,False,False,False,False,True
58.95,15,3,432,0,1,False,False,True,False,False,False,True,False,False,False,True
69.15,7,3,323,0,1,False,True,False,False,True,False,False,False,False,False,True
78.25,19,0,433,1,0,False,False,True,False,False,False,True,False,False,False,True
75.5,25,1,515,1,0,False,False,True,False,False,False,True,False,True,False,False
69.5,38,1,2496,0,0,False,False,False,True,False,True,False,False,True,False,False
18.7,53,0,309,0,0,False,False,True,False,False,False,False,True,False,False,True
45.3,1,3,505,0,1,False,True,False,False,False,False,True,False,False,True,False
69.1,1,3,298,0,1,False,True,False,False,False,False,False,True,False,True,False
20.85,52,1,176,0,0,False,False,True,False,False,True,False,False,False,False,True
78.8,43,1,280,1,0,False,False,True,False,False,False,True,False,True,False,False
54.15,23,0,430,0,0,False,False,True,False,False,False,True,False,False,False,True
80.55,2,0,363,1,0,False,True,False,False,False,False,True,False,False,True,False
50.2,34,2,871,0,1,False,False,False,True,True,False,False,False,False,False,True
44.6,6,0,484,0,0,True,False,False,False,True,False,False,False,False,False,True
51.55,26,1,440,0,0,False,False,True,False,False,True,False,False,False,False,True
44.9,2,0,206,0,0,False,False,True,False,True,False,False,False,False,True,False
19.7,11,3,504,0,1,False,True,False,False,False,True,False,False,False,False,True
49.65,1,3,560,0,1,False,False,True,False,False,False,False,True,False,True,False
97.75,53,3,282,1,1,False,True,False,False,True,False,False,False,True,False,False
19.75,1,1,283,0,0,False,True,False,False,False,True,False,False,False,True,False
76.45,14,0,751,1,0,False,False,True,False,False,False,True,False,False,False,True
25.6,22,3,421,0,1,True,False,False,False,True,False,False,False,False,False,True
84.3,64,0,501,1,0,False,True,False,False,False,True,False,False,True,False,False
72.0,62,1,501,1,0,False,False,True,False,False,True,False,False,True,False,False
65.4,36,1,309,0,0,False,True,False,False,False,False,False,True,True,False,False
81.0,4,1,403,1,0,True,False,False,False,False,False,True,False,False,False,True
85.4,38,3,2421,1,1,False,False,False,True,True,False,False,False,True,False,False
85.65,32,3,399,1,1,False,True,False,False,True,False,False,False,True,False,False
51.35,61,0,65,0,0,True,False,False,False,False,True,False,False,False,False,True
26.05,70,1,241,0,0,False,False,True,False,False,True,False,False,False,False,True
89.45,31,0,482,1,0,False,False,True,False,False,False,True,False,True,False,False
18.95,9,3,256,0,1,True,False,False,False,False,False,False,True,False,False,True
90.05,66,3,418,1,1,False,False,True,False,False,True,False,False,True,False,False
19.9,10,0,549,0,0,False,True,False,False,False,False,False,True,False,False,True
64.5,30,1,480,0,0,False,True,False,False,False,False,True,False,True,False,False
90.35,5,0,299,1,0,False,True,False,False,False,False,False,True,False,False,True
24.05,54,1,721,0,0,True,False,False,False,True,False,False,False,False,False,True
41.05,59,0,3600,0,0,False,False,False,True,True,False,False,False,False,False,True
25.25,40,0,92,0,0,False,False,True,False,False,True,False,False,False,False,True
108.95,35,0,76,1,0,True,False,False,False,False,False,True,False,True,False,False
61.65,12,1,512,0,0,False,False,True,False,False,False,False,True,False,False,True
95.25,42,3,445,1,1,False,True,False,False,True,False,False,False,True,False,False
108.05,72,3,484,1,1,False,False,True,False,False,True,False,False,True,False,False
39.35,63,2,295,0,1,True,False,False,False,True,False,False,False,False,False,True
19.95,4,1,380,0,0,False,False,True,False,False,False,False,True,False,False,True
53.0,68,3,389,0,1,False,True,False,False,False,False,True,False,False,False,True
64.85,32,0,125,0,0,True,False,False,False,True,False,False,False,True,False,False
80.15,5,0,295,1,0,False,False,True,False,False,False,True,False,False,False,True
109.15,72,2,50,1,1,False,True,False,False,False,True,False,False,True,False,False
76.2,1,1,543,1,0,False,False,True,False,False,False,True,False,False,True,False
55.8,1,1,3216,0,0,False,False,False,True,False,False,True,False,False,True,False
90.55,71,0,277,1,0,False,False,True,False,False,True,False,False,True,False,False
19.25,46,0,2398,0,0,False,False,False,True,False,False,False,True,False,False,True
23.9,13,1,2973,0,0,False,False,False,True,False,False,True,False,False,False,True
81.3,41,3,340,1,1,False,False,True,False,False,True,False,False,True,False,False
74.85,30,0,2162,1,0,False,False,False,True,False,False,True,False,True,False,False
69.2,1,0,367,0,0,False,True,False,False,False,False,True,False,False,True,False
49.45,22,0,286,0,0,False,True,False,False,False,True,False,False,False,False,True
20.05,1,0,423,0,0,False,False,True,False,False,False,False,True,False,True,False
78.15,10,0,399,1,0,False,False,True,False,False,True,False,False,False,False,True
44.85,19,2,270,0,1,False,True,False,False,False,True,False,False,False,False,True
56.2,27,3,3440,0,1,False,False,False,True,False,False,False,True,False,False,True
69.65,14,1,3477,0,0,False,False,False,True,False,False,True,False,False,False,True
113.75,59,1,483,1,0,True,False,False,False,False,False,True,False,True,False,False
75.7,2,0,772,1,0,False,False,True,False,False,False,True,False,False,True,False
21.05,12,1,393,0,0,False,True,False,False,True,False,False,False,False,False,True
45.9,4,1,2646,0,0,False,False,False,True,False,False,True,False,False,False,True
110.35,65,3,434,1,1,False,False,True,False,False,False,True,False,True,False,False
97.1,2,1,516,1,0,True,False,False,False,False,False,True,False,False,True,False
105.9,71,0,466,1,0,False,True,False,False,False,False,True,False,True,False,False
91.7,30,0,4000,1,0,False,False,False,True,False,True,False,False,True,False,False
74.95,29,3,216,1,1,True,False,False,False,False,False,True,False,True,False,False
99.15,5,2,526,1,1,False,False,True,False,False,False,False,True,False,False,True
92.6,17,1,381,1,0,True,False,False,False,False,False,True,False,False,False,True
24.2,61,1,500,0,0,False,True,False,False,False,False,False,True,False,False,True
89.45,16,3,439,1,1,False,False,True,False,False,True,False,False,False,False,True
20.05,47,1,692,0,0,True,False,False,False,False,False,False,True,False,False,True
79.25,37,0,50,1,0,True,False,False,False,False,False,False,True,True,False,False
25.25,8,0,2923,0,0,False,False,False,True,False,True,False,False,False,False,True
54.6,64,1,529,0,0,False,True,False,False,False,False,True,False,False,False,True
24.8,40,0,459,0,0,False,True,False,False,False,False,False,True,False,False,True
20.55,10,1,2109,0,0,False,False,False,True,False,False,False,True,False,False,True
75.75,9,1,372,1,0,False,False,True,False,True,False,False,False,False,False,True
94.0,53,0,438,1,0,True,False,False,False,False,False,True,False,True,False,False
20.7,1,1,415,0,0,False,True,False,False,False,False,True,False,False,True,False
19.95,13,1,2432,0,0,False,False,False,True,False,False,True,False,False,False,True
55.0,34,0,351,0,0,False,True,False,False,False,False,False,True,False,False,True
24.7,21,1,322,0,0,True,False,False,False,False,False,False,True,False,False,True
20.25,0,0,645,0,0,True,False,False,False,False,False,False,True,False,True,False
76.15,25,0,4143,1,0,False,False,False,True,False,True,False,False,True,False,False
69.95,1,0,348,0,0,True,False,False,False,False,True,False,False,False,True,False
75.45,2,1,2781,1,0,False,False,False,True,False,False,False,True,False,True,False
21.3,47,0,477,0,0,False,True,False,False,True,False,False,False,False,False,True
94.45,72,0,326,1,0,False,False,True,False,False,True,False,False,True,False,False
99.95,31,0,174,1,0,False,False,True,False,False,False,True,False,True,False,False
20.0,0,0,1621,0,0,False,False,False,True,False,False,False,True,False,True,False
19.65,47,0,101,0,0,True,False,False,False,False,False,False,True,False,False,True
24.8,72,3,228,0,1,False,True,False,False,False,True,False,False,False,False,True
20.55,1,0,3273,0,0,False,False,False,True,False,True,False,False,False,True,False
34.7,9,0,603,0,0,False,False,True,False,False,True,False,False,False,False,True
30.5,4,3,508,0,1,True,False,False,False,False,False,True,False,False,False,True
87.3,19,1,174,1,0,False,False,True,False,False,False,True,False,False,False,True
75.2,43,0,361,1,0,False,True,False,False,False,False,True,False,True,False,False
75.2,43,3,422,1,1,False,False,True,False,True,False,False,False,True,False,False
45.65,18,0,165,0,0,False,False,True,False,False,True,False,False,False,False,True
99.75,39,1,3954,1,0,False,False,False,True,False,False,True,False,True,False,False
111.4,11,1,555,1,0,True,False,False,False,False,False,True,False,False,False,True
35.9,1,3,516,0,1,False,True,False,False,False,False,True,False,False,True,False
68.95,1,1,374,0,0,False,True,False,False,False,False,True,False,False,True,False
34.0,43,2,509,0,1,False,True,False,False,True,False,False,False,False,False,True
26.4,12,1,304,0,0,False,False,True,False,False,False,False,True,False,False,True
85.15,52,1,405,1,0,False,True,False,False,False,False,False,True,True,False,False
83.2,71,0,432,1,0,False,False,True,False,False,False,True,False,True,False,False
109.25,71,2,243,1,1,False,True,False,False,False,False,True,False,True,False,False
94.3,30,0,427,1,0,False,False,True,False,False,True,False,False,True,False,False
24.2,39,1,257,0,0,False,True,False,False,False,False,False,True,False,False,True
55.1,3,2,673,0,1,False,False,True,False,False,False,False,True,False,True,False
21.2,3,0,438,0,0,False,False,True,False,False,False,False,True,False,True,False
75.8,68,0,488,1,0,False,True,False,False,True,False,False,False,True,False,False
19.3,41,0,485,0,0,False,True,False,False,True,False,False,False,False,False,True
87.05,8,0,333,1,0,True,False,False,False,False,False,True,False,False,False,True
24.15,72,0,489,0,0,True,False,False,False,False,True,False,False,False,False,True
79.95,10,3,131,1,1,False,False,True,False,False,False,True,False,False,False,True
53.65,12,3,308,0,1,False,True,False,False,False,True,False,False,False,False,True
109.55,72,1,100,1,0,False,False,True,False,False,False,True,False,True,False,False
85.35,17,0,625,1,0,False,False,True,False,True,False,False,False,False,False,True
78.45,68,0,446,1,0,False,False,True,False,False,False,True,False,True,False,False
104.5,57,0,395,1,0,False,False,True,False,False,True,False,False,True,False,False
106.75,37,0,432,1,0,False,True,False,False,True,False,False,False,True,False,False
48.95,1,2,3687,0,1,False,False,False,True,False,False,True,False,False,True,False
106.95,53,1,495,1,0,True,False,False,False,False,True,False,False,True,False,False
79.95,34,1,590,1,0,False,False,True,False,True,False,False,False,True,False,False
59.75,49,2,436,0,1,False,True,False,False,False,True,False,False,False,False,True
86.45,70,2,398,1,1,False,True,False,False,False,True,False,False,True,False,False
64.55,67,1,518,0,0,True,False,False,False,True,False,False,False,True,False,False
24.95,51,0,378,0,0,True,False,False,False,True,False,False,False,False,False,True
69.95,3,0,2488,0,0,False,False,False,True,False,False,True,False,False,True,False
70.7,1,1,2434,1,0,False,False,False,True,False,False,False,True,False,True,False
75.85,56,2,430,1,1,True,False,False,False,False,True,False,False,True,False,False
112.95,12,1,461,1,0,False,False,True,False,False,False,False,True,False,False,True
100.75,27,2,262,1,1,False,False,True,False,False,False,True,False,True,False,False
105.2,58,3,494,1,1,True,False,False,False,False,True,False,False,True,False,False
20.2,6,0,313,0,0,False,False,True,False,False,False,False,True,False,False,True
24.05,64,3,712,0,1,True,False,False,False,False,False,False,True,False,False,True
79.95,16,0,514,1,0,False,False,True,False,False,True,False,False,False,False,True
94.4,44,1,423,1,0,True,False,False,False,False,False,True,False,True,False,False
20.15,16,1,2577,0,0,False,False,False,True,False,False,True,False,False,False,True
20.1,18,0,230,0,0,False,False,True,False,False,False,False,True,False,False,True
19.5,44,0,2203,0,0,False,False,False,True,False,True,False,False,False,False,True
101.5,30,3,159,1,1,True,False,False,False,False,False,True,False,True,False,False
79.0,25,1,683,1,0,False,False,True,False,False,False,False,True,True,False,False
71.0,14,0,403,1,0,False,True,False,False,False,True,False,False,False,False,True
50.85,4,1,666,0,0,False,True,False,False,False,False,False,True,False,False,True
99.0,42,1,377,1,0,False,False,True,False,False,True,False,False,True,False,False
20.45,7,2,279,0,1,False,True,False,False,False,False,False,True,False,False,True
84.75,19,3,306,1,1,False,False,True,False,False,False,True,False,False,False,True
45.75,7,1,546,0,0,False,False,True,False,False,False,False,True,False,False,True
65.9,10,3,1752,0,1,False,False,False,True,False,False,False,True,False,False,True
101.75,15,1,584,1,0,False,True,False,False,False,False,True,False,False,False,True
106.7,12,0,267,1,0,True,False,False,False,False,False,True,False,False,False,True
19.0,12,1,2042,0,0,False,False,False,True,False,False,False,True,False,False,True
19.2,8,1,2778,0,0,False,False,False,True,False,False,False,True,False,False,True
19.8,10,1,377,0,0,True,False,False,False,True,False,False,False,False,False,True
74.0,55,0,340,1,0,False,False,True,False,False,False,True,False,True,False,False
82.45,69,2,181,1,1,True,False,False,False,False,True,False,False,True,False,False
20.1,16,0,520,0,0,False,False,True,False,True,False,False,False,False,False,True
30.05,51,0,3513,0,0,False,False,False,True,False,True,False,False,False,False,True
90.1,71,2,2944,1,1,False,False,False,True,False,False,True,False,True,False,False
70.15,54,1,393,0,0,False,False,True,False,False,True,False,False,True,False,False
49.3,1,1,1153,0,0,False,False,False,True,False,False,True,False,False,True,False
54.75,26,1,452,0,0,False,True,False,False,False,True,False,False,False,False,True
20.15,8,1,3117,0,0,False,False,False,True,True,False,False,False,False,False,True
20.3,12,0,405,0,0,True,False,False,False,False,False,False,True,False,False,True
74.35,5,3,375,1,1,False,False,True,False,False,False,True,False,False,False,True
54.95,69,0,303,0,0,False,False,True,False,False,True,False,False,False,False,True
98.85,46,0,560,1,0,False,False,True,False,False,False,True,False,True,False,False
96.05,46,3,376,1,1,False,True,False,False,True,False,False,False,True,False,False
95.9,9,3,442,1,1,False,False,True,False,True,False,False,False,False,False,True
111.8,53,1,327,1,0,False,False,True,False,True,False,False,False,True,False,False
40.35,41,1,107,0,0,False,False,True,False,False,False,True,False,False,False,True
20.0,41,2,4688,0,1,False,False,False,True,False,False,False,True,False,False,True
44.95,68,2,275,0,1,False,False,True,False,False,False,True,False,False,False,True
31.05,36,2,4671,0,1,False,False,False,True,True,False,False,False,False,False,True
65.0,47,1,470,0,0,False,False,True,False,False,False,False,True,True,False,False
49.4,4,0,298,0,0,False,True,False,False,False,False,True,False,False,False,True
81.0,61,3,122,1,1,False,False,True,False,True,False,False,False,True,False,False
84.1,36,0,322,1,0,False,False,True,False,False,False,True,False,True,False,False
20.5,1,0,533,0,0,False,False,True,False,False,False,False,True,False,True,False
78.95,14,0,228,1,0,False,False,True,False,False,False,True,False,False,False,True
108.55,50,0,547,1,0,True,False,False,False,False,False,True,False,True,False,False
85.2,27,1,401,1,0,False,True,False,False,False,True,False,False,True,False,False
20.45,23,1,332,0,0,True,False,False,False,False,False,False,True,False,False,True
75.0,3,0,533,1,0,False,True,False,False,False,False,False,True,False,True,False
104.8,36,2,217,1,1,False,False,True,False,True,False,False,False,True,False,False
75.4,24,0,2201,1,0,False,False,False,True,False,True,False,False,False,False,True
105.5,65,0,491,1,0,False,False,True,False,False,False,True,False,True,False,False
50.05,31,0,486,0,0,False,True,False,False,False,False,True,False,False,False,True
80.3,63,0,268,1,0,False,True,False,False,False,True,False,False,True,False,False
60.5,67,0,472,0,0,True,False,False,False,False,True,False,False,True,False,False
24.35,58,1,262,0,0,True,False,False,False,False,True,False,False,False,False,True
105.1,15,1,411,1,0,False,False,True,False,False,False,True,False,False,False,True
80.55,16,2,569,1,1,False,False,True,False,False,False,False,True,False,False,True
45.6,1,1,554,0,0,False,False,True,False,False,False,True,False,False,True,False
65.5,8,0,155,0,0,False,True,False,False,True,False,False,False,False,False,True
70.7,2,0,382,1,0,False,False,True,False,False,False,True,False,False,True,False
89.9,71,1,353,1,0,True,False,False,False,True,False,False,False,True,False,False
19.95,4,0,402,0,0,False,True,False,False,False,False,False,True,False,False,True
82.85,68,1,482,1,0,False,False,True,False,True,False,False,False,True,False,False
56.15,15,0,504,0,0,True,False,False,False,False,False,False,True,False,False,True
52.1,13,1,445,0,0,True,False,False,False,False,True,False,False,False,False,True
20.35,42,0,408,0,0,False,True,False,False,False,True,False,False,False,False,True
44.8,4,0,490,0,0,False,True,False,False,False,False,True,False,False,False,True
109.65,50,1,414,1,0,False,False,True,False,True,False,False,False,True,False,False
57.2,4,0,360,0,0,False,True,False,False,False,False,False,True,False,False,True
51.55,2,0,388,0,0,True,False,False,False,False,False,False,True,False,True,False
19.4,46,3,472,0,1,False,False,True,False,False,False,False,True,False,False,True
104.65,58,0,477,1,0,False,False,True,False,False,False,True,False,True,False,False
44.45,17,0,331,0,0,False,False,True,False,False,True,False,False,False,False,True
19.6,21,0,360,0,0,True,False,False,False,False,False,False,True,False,False,True
95.15,2,2,209,1,1,False,False,True,False,False,False,True,False,False,True,False
85.0,68,1,284,1,0,False,False,True,False,False,True,False,False,True,False,False
110.85,28,2,3446,1,1,False,False,False,True,False,False,True,False,True,False,False
26.2,40,0,328,0,0,False,False,True,False,False,False,True,False,False,False,True
20.2,8,1,500,0,0,False,False,True,False,True,False,False,False,False,False,True
75.2,35,0,538,1,0,False,True,False,False,False,False,True,False,True,False,False
64.35,5,2,1707,0,1,False,False,False,True,False,False,True,False,False,False,True
19.95,14,1,467,0,0,False,True,False,False,False,False,False,True,False,False,True
50.05,6,1,607,0,0,False,True,False,False,False,False,False,True,False,False,True
65.55,67,1,470,0,0,True,False,False,False,True,False,False,False,True,False,False
84.0,63,3,385,1,1,False,False,True,False,True,False,False,False,True,False,False
84.9,8,0,1502,1,0,False,False,False,True,False,False,True,False,False,False,True
53.8,5,2,367,0,1,False,False,True,False,False,False,True,False,False,False,True
82.85,6,2,357,1,1,False,True,False,False,False,False,True,False,False,False,True
93.85,49,3,2575,1,1,False,False,False,True,True,False,False,False,True,False,False
19.1,61,3,408,0,1,False,True,False,False,False,True,False,False,False,False,True
70.1,1,1,380,0,0,False,True,False,False,False,False,True,False,False,True,False
20.0,10,1,324,0,0,True,False,False,False,False,True,False,False,False,False,True
117.15,72,0,2779,1,0,False,False,False,True,False,True,False,False,True,False,False
77.4,53,0,2438,1,0,False,False,False,True,True,False,False,False,True,False,False
70.05,9,0,3321,0,0,False,False,False,True,False,False,False,True,False,False,True
20.25,1,0,548,0,0,True,False,False,False,False,False,False,True,False,True,False
20.2,4,2,562,0,1,True,False,False,False,False,False,True,False,False,False,True
20.55,22,2,401,0,1,False,True,False,False,False,False,True,False,False,False,True
100.05,34,2,546,1,1,False,False,True,False,False,False,True,False,True,False,False
89.35,5,0,301,1,0,True,False,False,False,False,False,True,False,False,False,True
19.85,5,0,3566,0,0,False,False,False,True,False,True,False,False,False,False,True
24.3,56,0,170,0,0,True,False,False,False,False,False,True,False,False,False,True
79.15,11,1,506,1,0,False,False,True,False,False,True,False,False,False,False,True
58.45,33,0,2448,0,0,False,False,False,True,False,False,False,True,False,False,True
86.1,58,2,50,1,1,False,True,False,False,False,False,True,False,True,False,False
75.55,34,0,273,1,0,False,False,True,False,False,False,True,False,True,False,False
26.5,65,0,3340,0,0,False,False,False,True,True,False,False,False,False,False,True
44.15,2,0,463,0,0,False,True,False,False,False,False,True,False,False,True,False
81.5,17,0,97,1,0,False,True,False,False,True,False,False,False,False,False,True
40.6,63,0,341,0,0,False,True,False,False,True,False,False,False,False,False,True
24.9,72,0,325,0,0,False,True,False,False,False,False,False,True,False,False,True
92.55,43,2,2429,1,1,False,False,False,True,True,False,False,False,True,False,False
113.4,72,0,93,1,0,False,False,True,False,True,False,False,False,True,False,False
19.7,6,3,447,0,1,True,False,False,False,False,False,False,True,False,False,True
25.0,1,0,269,0,0,True,False,False,False,False,False,False,True,False,True,False
60.05,26,3,255,0,1,False,True,False,False,False,False,True,False,True,False,False
95.1,72,2,687,1,1,False,False,True,False,False,False,True,False,True,False,False
111.95,56,0,333,1,0,False,False,True,False,False,False,True,False,True,False,False
20.25,1,0,614,0,0,False,True,False,False,False,False,False,True,False,True,False
102.55,17,0,356,1,0,False,True,False,False,False,False,True,False,False,False,True
55.3,1,3,2514,0,1,False,False,False,True,False,False,False,True,False,True,False
86.5,68,1,267,1,0,False,False,True,False,True,False,False,False,True,False,False
25.0,61,0,171,0,0,False,False,True,False,False,True,False,False,False,False,True
40.4,11,0,256,0,0,True,False,False,False,False,True,False,False,False,False,True
48.8,15,0,345,0,0,True,False,False,False,False,False,False,True,False,False,True
19.2,1,0,3577,0,0,False,False,False,True,False,False,False,True,False,True,False
85.35,34,2,569,1,1,False,False,True,False,False,False,True,False,True,False,False
23.55,72,2,405,0,1,False,True,False,False,True,False,False,False,False,False,True
61.55,26,3,2931,0,1,False,False,False,True,False,False,True,False,True,False,False
95.3,66,1,293,1,0,False,False,True,False,False,False,True,False,True,False,False
49.95,1,0,344,0,0,True,False,False,False,False,False,True,False,False,True,False
85.0,64,0,3332,1,0,False,False,False,True,False,True,False,False,True,False,False
60.65,3,0,322,0,0,False,False,True,False,False,False,False,True,False,True,False
19.5,20,0,488,0,0,False,True,False,False,True,False,False,False,False,False,True
103.25,48,2,1902,1,1,False,False,False,True,False,True,False,False,True,False,False
71.9,43,0,432,1,0,False,True,False,False,False,True,False,False,True,False,False
19.65,14,1,360,0,0,False,False,True,False,False,False,False,True,False,False,True
19.75,57,1,316,0,0,False,True,False,False,True,False,False,False,False,False,True
66.5,72,1,3195,0,0,False,False,False,True,False,True,False,False,True,False,False
25.75,72,0,375,0,0,False,False,True,False,False,True,False,False,False,False,True
81.0,38,0,455,1,0,False,True,False,False,False,True,False,False,True,False,False
49.6,2,0,167,0,0,True,False,False,False,False,False,False,True,False,True,False
95.45,4,1,96,1,0,False,True,False,False,False,False,True,False,False,False,True
69.5,26,2,352,0,1,True,False,False,False,True,False,False,False,True,False,False
29.9,3,1,499,0,0,False,False,True,False,False,False,True,False,False,True,False
20.05,26,2,778,0,1,False,False,True,False,True,False,False,False,False,False,True
38.8,15,3,633,0,1,False,True,False,False,False,False,False,True,False,False,True
100.05,22,0,335,1,0,False,False,True,False,False,False,False,True,False,False,True
25.0,13,0,529,0,0,False,False,True,False,True,False,False,False,False,False,True
44.4,6,0,640,0,0,False,True,False,False,False,False,True,False,False,False,True
54.0,20,0,457,0,0,True,False,False,False,False,False,False,True,False,False,True
19.9,72,2,65,0,1,True,False,False,False,False,True,False,False,False,False,True
99.85,34,3,443,1,1,False,False,True,False,False,False,True,False,True,False,False
45.3,1,2,370,0,1,False,True,False,False,False,False,True,False,False,True,False
20.65,52,0,247,0,0,True,False,False,False,False,False,False,True,False,False,True
24.95,69,0,482,0,0,False,True,False,False,False,True,False,False,False,False,True
20.15,39,1,3198,0,0,False,False,False,True,False,False,False,True,False,False,True
74.8,65,2,476,1,1,False,True,False,False,True,False,False,False,True,False,False
25.25,68,2,367,0,1,False,True,False,False,True,False,False,False,False,False,True
84.6,25,1,411,1,0,False,False,True,False,False,False,False,True,True,False,False
84.4,6,3,118,1,1,False,False,True,False,False,False,True,False,False,False,True
70.2,64,1,455,0,0,False,True,False,False,False,True,False,False,True,False,False
69.95,7,0,239,0,0,True,False,False,False,True,False,False,False,False,False,True
86.1,32,1,622,1,0,False,False,True,False,False,False,True,False,True,False,False
20.15,41,2,549,0,1,False,False,True,False,False,False,False,True,False,False,True
44.65,2,0,330,0,0,True,False,False,False,False,False,False,True,False,True,False
50.6,24,0,253,0,0,False,True,False,False,False,False,False,True,False,False,True
19.4,1,0,436,0,0,True,False,False,False,False,True,False,False,False,True,False
44.1,54,0,3957,0,0,False,False,False,True,True,False,False,False,False,False,True
59.85,39,0,157,0,0,False,False,True,False,False,False,False,True,False,False,True
80.45,14,3,326,1,1,True,False,False,False,False,False,True,False,False,False,True
69.7,7,0,1439,0,0,False,False,False,True,False,True,False,False,False,False,True
19.5,25,0,478,0,0,False,True,False,False,True,False,False,False,False,False,True
92.95,44,3,321,1,1,False,False,True,False,True,False,False,False,True,False,False
99.9,61,0,622,1,0,False,False,True,False,False,False,True,False,True,False,False
114.45,72,0,414,1,0,False,False,True,False,False,True,False,False,True,False,False
99.3,43,1,257,1,0,False,False,True,False,True,False,False,False,True,False,False
107.75,58,2,147,1,1,False,False,True,False,False,False,True,False,True,False,False
66.8,71,2,318,0,1,False,False,True,False,True,False,False,False,True,False,False
95.1,22,0,501,1,0,False,True,False,False,False,False,True,False,False,False,True
85.2,34,2,516,1,1,False,False,True,False,False,True,False,False,True,False,False
72.95,52,2,344,1,1,False,False,True,False,True,False,False,False,True,False,False
43.85,64,0,371,0,0,False,True,False,False,False,False,True,False,False,False,True
85.25,44,0,529,1,0,True,False,False,False,True,False,False,False,True,False,False
44.8,13,0,69,0,0,False,True,False,False,True,False,False,False,False,False,True
90.55,24,1,345,1,0,False,False,True,False,False,True,False,False,False,False,True
114.75,70,2,421,1,1,False,True,False,False,False,True,False,False,True,False,False
76.95,70,3,431,1,1,False,True,False,False,False,True,False,False,True,False,False
85.0,1,3,528,1,1,False,False,True,False,False,False,True,False,False,True,False
21.0,72,0,528,0,0,False,True,False,False,True,False,False,False,False,False,True
76.5,11,1,513,1,0,False,False,True,False,False,False,True,False,False,False,True
59.8,12,2,356,0,1,True,False,False,False,False,False,True,False,False,False,True
110.6,72,0,638,1,0,False,True,False,False,False,True,False,False,True,False,False
101.35,8,0,282,1,0,False,True,False,False,False,False,True,False,False,False,True
85.3,15,0,191,1,0,False,True,False,False,False,False,True,False,False,False,True
56.0,13,0,680,0,0,False,False,True,False,False,False,True,False,False,False,True
79.6,68,3,475,1,1,False,True,False,False,True,False,False,False,True,False,False
80.05,17,0,230,1,0,False,False,True,False,True,False,False,False,False,False,True
25.45,71,1,452,0,0,False,False,True,False,True,False,False,False,False,False,True
69.1,6,0,2712,0,0,False,False,False,True,False,False,True,False,False,False,True
19.7,24,0,217,0,0,True,False,False,False,False,False,False,True,False,False,True
91.1,6,0,434,1,0,False,False,True,False,False,False,True,False,False,False,True
19.3,47,1,232,0,0,False,True,False,False,True,False,False,False,False,False,True
75.65,4,3,281,1,1,False,True,False,False,False,False,True,False,False,False,True
93.8,13,1,561,1,0,False,False,True,False,False,True,False,False,False,False,True
74.55,3,2,459,1,1,True,False,False,False,False,False,True,False,False,True,False
53.75,12,0,368,0,0,False,True,False,False,False,False,False,True,False,False,True
79.85,17,1,912,1,0,False,False,False,True,False,True,False,False,False,False,True
58.2,19,3,2029,0,1,False,False,False,True,False,False,True,False,False,False,True
21.0,52,0,473,0,0,False,False,True,False,True,False,False,False,False,False,True
89.65,29,3,346,1,1,False,False,True,False,False,False,False,True,True,False,False
45.45,3,0,631,0,0,False,False,True,False,False,False,False,True,False,True,False
36.45,3,0,2276,0,0,False,False,False,True,False,False,False,True,False,True,False
83.7,32,0,414,1,0,False,False,True,False,False,True,False,False,True,False,False
80.85,1,0,661,1,0,False,False,True,False,False,False,False,True,False,True,False
104.15,55,1,332,1,0,False,False,True,False,False,False,True,False,True,False,False
98.55,20,0,175,1,0,False,False,True,False,False,False,False,True,False,False,True
19.95,22,1,429,0,0,True,False,False,False,False,False,False,True,False,False,True
80.95,60,2,2969,1,1,False,False,False,True,False,False,True,False,True,False,False
88.3,27,3,52,1,1,False,False,True,False,False,True,False,False,True,False,False
74.35,1,0,223,1,0,False,False,True,False,False,False,True,False,False,True,False
93.5,4,0,1363,1,0,False,False,False,True,False,False,True,False,False,False,True
85.3,3,0,368,1,0,False,True,False,False,False,False,True,False,False,True,False
29.35,12,3,286,0,1,True,False,False,False,False,True,False,False,False,False,True
51.5,17,2,591,0,1,False,False,True,False,False,False,False,True,False,False,True
20.2,48,2,499,0,1,False,True,False,False,True,False,False,False,False,False,True
78.3,12,0,246,1,0,True,False,False,False,False,False,True,False,False,False,True
24.65,45,1,173,0,0,False,True,False,False,True,False,False,False,False,False,True
51.2,1,1,560,0,0,True,False,False,False,False,False,False,True,False,True,False
85.25,72,1,3846,1,0,False,False,False,True,False,False,True,False,True,False,False
100.2,28,1,162,1,0,False,True,False,False,False,False,True,False,True,False,False
81.0,51,1,497,1,0,False,False,True,False,True,False,False,False,True,False,False
49.9,1,1,3267,0,0,False,False,False,True,False,False,False,True,False,True,False
65.5,8,0,419,0,0,True,False,False,False,False,False,False,True,False,False,True
106.0,43,1,514,1,0,False,False,True,False,False,True,False,False,True,False,False
84.3,22,1,407,1,0,True,False,False,False,False,False,False,True,False,False,True
20.45,18,0,2881,0,0,False,False,False,True,False,False,False,True,False,False,True
65.25,54,0,340,0,0,False,True,False,False,True,False,False,False,True,False,False
80.85,13,0,711,1,0,False,False,True,False,False,False,True,False,False,False,True
85.4,69,0,572,1,0,False,True,False,False,True,False,False,False,True,False,False
56.75,66,0,417,0,0,False,False,True,False,False,True,False,False,False,False,True
19.05,53,1,174,0,0,False,True,False,False,False,True,False,False,False,False,True
19.1,3,1,468,0,0,False,True,False,False,False,False,False,True,False,True,False
19.7,20,1,2345,0,0,False,False,False,True,False,False,False,True,False,False,True
18.85,1,1,512,0,0,False,True,False,False,False,False,False,True,False,True,False
62.3,38,1,456,0,0,False,True,False,False,False,False,False,True,True,False,False
20.3,13,3,449,0,1,False,True,False,False,False,False,False,True,False,False,True
89.85,57,0,435,1,0,True,False,False,False,False,False,True,False,True,False,False
19.8,67,2,77,0,1,False,True,False,False,False,False,False,True,False,False,True
55.6,11,1,513,0,0,False,False,True,False,False,False,True,False,False,False,True
50.1,14,0,3916,0,0,False,False,False,True,True,False,False,False,False,False,True
80.35,21,0,642,1,0,False,True,False,False,False,False,True,False,False,False,True
19.7,1,2,354,0,1,False,True,False,False,False,False,False,True,False,True,False
25.0,59,2,648,0,1,True,False,False,False,False,False,False,True,False,False,True
101.4,43,0,487,1,0,False,False,True,False,False,False,True,False,True,False,False
38.55,7,0,3893,0,0,False,False,False,True,False,False,False,True,False,False,True
81.25,56,1,2001,1,0,False,False,False,True,False,True,False,False,True,False,False
73.35,13,3,411,1,1,False,True,False,False,False,False,False,True,False,False,True
29.65,3,1,439,0,0,False,True,False,False,False,False,False,True,False,True,False
76.15,8,1,301,1,0,True,False,False,False,False,True,False,False,False,False,True
70.15,1,0,2055,0,0,False,False,False,True,False,False,False,True,False,True,False
34.25,5,2,2060,0,1,False,False,False,True,False,False,True,False,False,False,True
24.1,19,2,605,0,1,False,True,False,False,False,True,False,False,False,False,True
52.55,0,3,311,0,1,False,False,True,False,True,False,False,False,False,True,False
19.7,71,1,1520,0,0,False,False,False,True,False,True,False,False,False,False,True
45.4,9,0,723,0,0,False,False,True,False,False,False,True,False,False,False,True
73.5,1,0,262,1,0,False,False,True,False,True,False,False,False,False,True,False
24.7,24,1,1929,0,0,False,False,False,True,False,False,False,True,False,False,True
19.6,3,1,316,0,0,False,False,False,True,False,False,False,True,False,True,False
103.45,39,2,437,1,1,False,False,True,False,False,False,True,False,True,False,False
93.3,69,1,633,1,0,False,False,True,False,True,False,False,False,True,False,False
60.9,33,0,133,0,0,False,True,False,False,False,False,False,True,True,False,False
51.15,24,1,442,0,0,False,False,True,False,False,False,True,False,False,False,True
20.0,16,3,695,0,1,True,False,False,False,False,False,False,True,False,False,True
19.75,39,1,448,0,0,True,False,False,False,False,False,False,True,False,False,True
20.35,37,1,1633,0,0,False,False,False,True,True,False,False,False,False,False,True
91.05,71,0,155,1,0,False,True,False,False,False,False,False,True,True,False,False
90.1,29,2,450,1,1,False,True,False,False,True,False,False,False,True,False,False
91.7,68,2,2029,1,1,False,False,False,True,False,False,True,False,True,False,False
101.25,52,0,526,1,0,False,False,True,False,True,False,False,False,True,False,False
60.25,3,1,576,0,0,True,False,False,False,False,False,True,False,False,True,False
81.7,1,1,649,1,0,False,True,False,False,False,False,True,False,False,True,False
114.55,72,1,273,1,0,False,False,True,False,True,False,False,False,True,False,False
83.95,26,0,290,1,0,False,False,True,False,False,False,True,False,True,False,False
80.5,3,0,1643,1,0,False,False,False,True,False,False,True,False,False,True,False
20.5,3,1,265,0,0,False,False,True,False,False,False,True,False,False,True,False
111.35,59,2,230,1,1,True,False,False,False,False,False,True,False,True,False,False
105.35,33,1,311,1,0,False,False,True,False,True,False,False,False,True,False,False
85.7,26,0,3167,1,0,False,False,False,True,False,True,False,False,True,False,False
100.4,30,0,376,1,0,True,False,False,False,True,False,False,False,True,False,False
78.85,22,2,370,1,1,False,False,True,False,False,False,False,True,False,False,True
89.75,72,1,2695,1,0,False,False,False,True,False,True,False,False,True,False,False
25.05,7,1,405,0,0,False,True,False,False,True,False,False,False,False,False,True
110.6,66,0,579,1,0,False,False,True,False,False,True,False,False,True,False,False
105.55,71,0,272,1,0,False,False,True,False,False,False,True,False,True,False,False
75.25,8,0,674,1,0,False,True,False,False,False,False,True,False,False,False,True
103.45,15,0,554,1,0,False,False,True,False,False,False,True,False,False,False,True
106.15,70,0,586,1,0,False,True,False,False,False,False,True,False,True,False,False
85.1,55,0,534,1,0,False,False,True,False,True,False,False,False,True,False,False
19.05,1,0,372,0,0,True,False,False,False,False,False,False,True,False,True,False
102.4,63,1,367,1,0,False,False,True,False,False,False,True,False,True,False,False
20.0,10,0,1969,0,0,False,False,False,True,False,False,True,False,False,False,True
73.85,3,0,482,1,0,False,True,False,False,False,False,True,False,False,True,False
20.0,54,0,527,0,0,False,True,False,False,False,False,False,True,False,False,True
67.2,72,1,551,0,0,True,False,False,False,False,True,False,False,True,False,False
25.7,28,0,2227,0,0,False,False,False,True,False,False,False,True,False,False,True
85.75,65,2,252,1,1,False,True,False,False,False,False,True,False,True,False,False
20.35,70,0,307,0,0,False,False,True,False,False,True,False,False,False,False,True
50.55,55,2,284,0,1,True,False,False,False,False,True,False,False,False,False,True
20.5,68,0,276,0,0,False,True,False,False,False,True,False,False,False,False,True
19.2,45,2,2521,0,1,False,False,False,True,False,False,True,False,False,False,True
74.85,9,1,288,1,0,False,True,False,False,False,False,True,False,False,False,True
115.5,72,0,635,1,0,False,False,True,False,True,False,False,False,True,False,False
99.15,64,0,2862,1,0,False,False,False,True,False,True,False,False,True,False,False
83.7,72,1,328,1,0,False,True,False,False,True,False,False,False,True,False,False
84.95,47,0,561,1,0,False,False,True,False,True,False,False,False,True,False,False
20.5,1,1,414,0,0,False,True,False,False,False,False,False,True,False,True,False
20.6,19,2,66,0,1,False,False,True,False,False,False,False,True,False,False,True
49.15,6,3,411,0,1,False,False,True,False,False,False,True,False,False,False,True
24.35,48,0,695,0,0,False,False,True,False,True,False,False,False,False,False,True
19.5,1,1,466,0,0,False,False,True,False,False,False,False,True,False,True,False
74.5,63,2,423,1,1,True,False,False,False,False,True,False,False,True,False,False
75.0,8,0,3051,1,0,False,False,False,True,False,False,True,False,False,False,True
104.3,65,1,369,1,0,False,False,True,False,False,True,False,False,True,False,False
20.0,43,0,292,0,0,True,False,False,False,False,False,False,True,False,False,True
54.5,38,2,337,0,1,True,False,False,False,False,False,True,False,False,False,True
45.15,1,2,639,0,1,False,True,False,False,False,False,True,False,False,True,False
20.3,2,1,333,0,0,False,True,False,False,False,False,False,True,False,True,False
80.35,4,0,547,1,0,False,False,True,False,False,False,True,False,False,False,True
109.95,69,0,333,1,0,True,False,False,False,False,False,True,False,True,False,False
74.45,3,0,3276,1,0,False,False,False,True,False,True,False,False,False,True,False
110.2,70,0,1952,1,0,False,False,False,True,False,False,True,False,True,False,False
49.35,4,0,314,0,0,False,False,True,False,False,False,True,False,False,False,True
103.15,46,1,198,1,0,False,True,False,False,False,False,True,False,True,False,False
44.6,2,0,317,0,0,False,True,False,False,False,False,True,False,False,True,False
69.55,65,0,2873,0,0,False,False,False,True,False,False,False,True,True,False,False
96.8,19,0,650,1,0,False,False,True,False,False,False,True,False,False,False,True
61.65,21,1,3264,0,0,False,False,False,True,False,False,False,True,False,False,True
78.9,48,0,270,1,0,False,False,True,False,False,True,False,False,True,False,False
89.15,17,1,233,1,0,False,False,True,False,False,False,True,False,False,False,True
20.05,64,0,1744,0,0,False,False,False,True,True,False,False,False,False,False,True
92.15,66,1,411,1,0,False,False,True,False,True,False,False,False,True,False,False
78.35,70,0,230,1,0,False,False,True,False,True,False,False,False,True,False,False
80.1,29,1,499,1,0,False,False,True,False,False,True,False,False,True,False,False
62.8,1,1,600,0,0,True,False,False,False,False,False,False,True,False,True,False
19.65,47,1,203,0,0,True,False,False,False,True,False,False,False,False,False,True
20.9,71,3,2963,0,1,False,False,False,True,True,False,False,False,False,False,True
20.7,42,0,564,0,0,False,False,True,False,False,False,False,True,False,False,True
79.95,62,1,408,1,0,False,False,True,False,False,True,False,False,True,False,False
45.05,56,0,594,0,0,False,True,False,False,True,False,False,False,False,False,True
115.55,70,1,319,1,0,False,True,False,False,False,True,False,False,True,False,False
24.25,43,1,243,0,0,False,False,True,False,False,False,False,True,False,False,True
88.4,44,0,3884,1,0,False,False,False,True,False,False,False,True,True,False,False
45.85,27,0,312,0,0,False,True,False,False,False,True,False,False,False,False,True
103.45,31,1,271,1,0,False,False,True,False,False,False,True,False,True,False,False
19.75,13,0,535,0,0,False,False,True,False,False,False,False,True,False,False,True
90.8,26,0,313,1,0,False,True,False,False,False,False,True,False,True,False,False
18.4,59,1,346,0,0,False,True,False,False,True,False,False,False,False,False,True
94.65,51,1,3078,1,0,False,False,False,True,False,False,True,False,True,False,False
84.65,1,0,528,1,0,False,False,True,False,False,False,False,True,False,True,False
107.4,48,0,307,1,0,False,False,True,False,True,False,False,False,True,False,False
80.7,70,2,402,1,1,False,False,True,False,False,False,True,False,True,False,False
20.1,16,2,279,0,1,True,False,False,False,False,False,False,True,False,False,True
102.9,67,1,510,1,0,False,False,True,False,True,False,False,False,True,False,False
30.1,28,2,443,0,1,False,False,False,True,False,True,False,False,False,False,True
65.6,4,0,405,0,0,False,True,False,False,False,False,True,False,False,False,True
19.3,72,1,2125,0,0,False,False,False,True,True,False,False,False,False,False,True
38.1,25,0,205,0,0,False,True,False,False,False,True,False,False,False,False,True
96.9,48,0,200,1,0,True,False,False,False,True,False,False,False,True,False,False
106.3,72,1,3182,1,0,False,False,False,True,True,False,False,False,True,False,False
85.7,2,1,472,1,0,False,False,True,False,False,False,True,False,False,True,False
86.4,56,3,3157,1,1,False,False,False,True,False,False,True,False,True,False,False
19.1,69,0,444,0,0,False,True,False,False,False,False,False,True,False,False,True
44.95,9,0,3188,0,0,False,False,False,True,False,False,False,True,False,False,True
80.05,37,0,335,1,0,False,False,True,False,False,False,True,False,True,False,False
56.4,51,0,375,0,0,True,False,False,False,False,True,False,False,False,False,True
25.15,70,0,299,0,0,False,False,True,False,False,True,False,False,False,False,True
103.65,38,0,350,1,0,False,False,True,False,False,False,True,False,True,False,False
90.6,23,1,412,1,0,False,False,True,False,False,False,True,False,False,False,True
20.0,44,0,622,0,0,False,False,True,False,True,False,False,False,False,False,True
20.45,5,1,483,0,0,False,False,True,False,False,False,False,True,False,False,True
105.4,67,0,1718,1,0,False,False,False,True,False,True,False,False,True,False,False
20.7,72,0,582,0,0,True,False,False,False,False,False,False,True,False,False,True
94.05,7,1,381,1,0,False,False,True,False,False,False,False,True,False,False,True
79.95,54,1,2623,1,0,False,False,False,True,True,False,False,False,True,False,False
80.55,41,0,50,1,0,False,False,True,False,False,False,True,False,True,False,False
108.75,63,2,563,1,1,False,False,True,False,False,False,True,False,True,False,False
70.4,1,1,673,1,0,False,False,True,False,False,False,True,False,False,True,False
99.5,59,0,715,1,0,False,False,True,False,False,True,False,False,True,False,False
109.65,50,1,392,1,0,True,False,False,False,False,False,True,False,True,False,False
95.1,3,0,278,1,0,False,False,True,False,False,False,True,False,False,True,False
99.2,71,0,3673,1,0,False,False,False,True,False,False,True,False,True,False,False
20.65,57,0,1026,0,0,False,False,False,True,True,False,False,False,False,False,True
80.2,15,3,332,1,1,False,True,False,False,False,False,True,False,False,False,True
55.45,72,0,536,0,0,True,False,False,False,False,True,False,False,False,False,True
74.15,42,2,558,1,1,False,False,True,False,False,True,False,False,True,False,False
98.2,72,0,200,1,0,False,False,True,False,True,False,False,False,True,False,False
25.3,18,2,615,0,1,True,False,False,False,False,True,False,False,False,False,True
65.2,70,0,471,0,0,False,False,True,False,True,False,False,False,True,False,False
83.75,26,0,263,1,0,False,False,True,False,False,False,True,False,True,False,False
25.65,64,1,3994,0,0,False,False,False,True,False,True,False,False,False,False,True
80.45,8,1,2588,1,0,False,False,False,True,False,True,False,False,False,False,True
113.15,68,0,435,1,0,False,False,True,False,False,False,True,False,True,False,False
89.75,22,2,174,1,1,True,False,False,False,True,False,False,False,False,False,True
84.7,72,0,2480,1,0,False,False,False,True,False,True,False,False,True,False,False
20.4,23,1,471,0,0,False,False,True,False,True,False,False,False,False,False,True
29.1,24,1,4078,0,0,False,False,False,True,False,False,True,False,False,False,True
94.25,16,1,395,1,0,False,False,True,False,False,False,True,False,False,False,True
108.25,63,1,2581,1,0,False,False,False,True,False,True,False,False,True,False,False
107.45,72,1,463,1,0,True,False,False,False,False,True,False,False,True,False,False
85.35,6,0,234,1,0,False,True,False,False,False,False,True,False,False,False,True
94.0,62,1,2891,1,0,False,False,False,True,True,False,False,False,True,False,False
19.05,9,0,494,0,0,True,False,False,False,False,False,False,True,False,False,True
24.55,71,1,297,0,0,False,True,False,False,False,False,True,False,False,False,True
56.25,18,0,216,0,0,True,False,False,False,False,False,False,True,False,False,True
74.05,9,0,507,1,0,False,True,False,False,False,False,True,False,False,False,True
117.45,48,1,531,1,0,False,False,True,False,False,False,True,False,True,False,False
19.8,33,2,180,0,1,True,False,False,False,False,True,False,False,False,False,True
101.9,27,1,381,1,0,False,True,False,False,False,True,False,False,True,False,False
104.3,70,2,658,1,1,False,False,True,False,True,False,False,False,True,False,False
20.15,17,0,489,0,0,True,False,False,False,False,False,False,True,False,False,True
55.7,41,0,2342,0,0,False,False,False,True,True,False,False,False,False,False,True
48.2,7,1,539,0,0,True,False,False,False,False,False,True,False,False,False,True
80.5,26,2,298,1,1,False,False,True,False,False,False,True,False,True,False,False
51.65,10,1,3587,0,0,False,False,False,True,False,False,False,True,False,False,True
53.35,57,1,198,0,0,False,False,True,False,False,True,False,False,False,False,True
61.0,35,2,662,0,1,False,False,True,False,False,False,False,True,True,False,False
80.6,28,1,370,1,0,True,False,False,False,False,False,True,False,True,False,False
109.75,72,1,322,1,0,False,False,True,False,True,False,False,False,True,False,False
84.8,27,0,463,1,0,False,False,True,False,True,False,False,False,True,False,False
20.8,67,3,2003,0,1,False,False,False,True,False,False,False,True,False,False,True
20.35,11,1,2587,0,0,False,False,False,True,False,False,False,True,False,False,True
104.7,69,0,212,1,0,False,True,False,False,True,False,False,False,True,False,False
98.15,52,1,454,1,0,False,True,False,False,True,False,False,False,True,False,False
81.4,52,1,394,1,0,False,False,True,False,False,True,False,False,True,False,False
20.15,24,3,272,0,1,True,False,False,False,False,False,False,True,False,False,True
20.05,12,1,440,0,0,False,True,False,False,False,False,True,False,False,False,True
44.35,1,0,1997,0,0,False,False,False,True,True,False,False,False,False,True,False
19.35,15,2,611,0,1,False,False,True,False,False,False,False,True,False,False,True
94.4,9,0,499,1,0,False,False,True,False,False,False,True,False,False,False,True
88.85,18,2,354,1,1,False,False,True,False,False,False,True,False,False,False,True
25.15,66,2,312,0,1,False,True,False,False,False,True,False,False,False,False,True
56.9,46,0,445,0,0,True,False,False,False,False,False,False,True,False,False,True
74.4,2,0,1614,1,0,False,False,False,True,False,False,True,False,False,True,False
86.75,17,0,581,1,0,False,False,True,False,False,False,True,False,False,False,True
40.3,47,1,219,0,0,False,True,False,False,False,False,True,False,False,False,True
108.5,63,2,3299,1,1,False,False,False,True,False,True,False,False,True,False,False
20.3,1,0,322,0,0,False,True,False,False,False,False,False,True,False,True,False
66.0,70,0,1286,0,0,False,False,False,True,False,False,True,False,True,False,False
20.45,38,1,2273,0,0,False,False,False,True,False,False,False,True,False,False,True
24.5,58,0,2827,0,0,False,False,False,True,False,True,False,False,False,False,True
64.75,60,0,4536,0,0,False,False,False,True,False,False,True,False,True,False,False
88.15,68,1,523,1,0,False,False,True,False,False,False,True,False,True,False,False
60.6,48,0,623,0,0,True,False,False,False,True,False,False,False,True,False,False
106.9,35,1,244,1,0,False,True,False,False,False,False,True,False,True,False,False
80.1,71,0,379,1,0,False,True,False,False,False,False,False,True,True,False,False
56.8,55,0,388,0,0,True,False,False,False,False,False,False,True,False,False,True
100.3,42,0,593,1,0,False,True,False,False,False,False,True,False,True,False,False
96.95,56,0,301,1,0,True,False,False,False,False,True,False,False,True,False,False
62.05,40,1,385,0,0,False,False,True,False,False,True,False,False,True,False,False
84.8,72,1,771,1,0,True,False,False,False,False,True,False,False,True,False,False
91.05,32,0,654,1,0,False,False,True,False,True,False,False,False,True,False,False
85.3,35,0,224,1,0,False,False,True,False,False,True,False,False,True,False,False
102.1,58,2,423,1,1,False,True,False,False,False,True,False,False,True,False,False
73.55,45,0,402,1,0,False,False,True,False,False,False,False,True,True,False,False
82.4,20,1,325,1,0,True,False,False,False,False,False,True,False,False,False,True
69.6,3,0,2102,0,0,False,False,False,True,False,False,False,True,False,True,False
89.05,68,0,312,1,0,True,False,False,False,True,False,False,False,True,False,False
74.65,9,0,454,1,0,False,False,True,False,False,False,True,False,False,False,True
74.9,36,0,578,1,0,False,True,False,False,True,False,False,False,True,False,False
40.2,37,1,2674,0,0,False,False,False,True,False,True,False,False,False,False,True
70.85,1,0,286,1,0,False,False,True,False,False,False,False,True,False,True,False
104.45,72,0,50,1,0,False,True,False,False,False,True,False,False,True,False,False
80.2,1,1,746,1,0,True,False,False,False,False,False,False,True,False,True,False
55.7,55,0,196,0,0,True,False,False,False,False,False,True,False,False,False,True
54.35,28,0,446,0,0,True,False,False,False,False,False,False,True,False,False,True
58.75,52,0,308,0,0,False,False,True,False,True,False,False,False,False,False,True
44.0,1,0,366,0,0,False,False,True,False,False,False,True,False,False,True,False
80.45,42,0,566,1,0,False,False,True,False,False,True,False,False,True,False,False
95.4,49,3,651,1,1,False,False,True,False,True,False,False,False,True,False,False
95.85,26,1,468,1,0,True,False,False,False,True,False,False,False,True,False,False
19.7,35,1,474,0,0,False,False,True,False,False,True,False,False,False,False,True
45.25,1,3,3448,0,1,False,False,False,True,True,False,False,False,False,True,False
108.1,52,1,391,1,0,True,False,False,False,False,True,False,False,True,False,False
110.65,72,0,514,1,0,True,False,False,False,False,True,False,False,True,False,False
84.55,45,1,663,1,0,False,False,True,False,False,False,False,True,True,False,False
104.7,41,2,159,1,1,False,False,True,False,False,False,True,False,True,False,False
87.1,54,0,512,1,0,False,False,True,False,True,False,False,False,True,False,False
40.05,22,2,353,0,1,False,True,False,False,False,False,False,True,False,False,True
92.0,72,1,423,1,0,False,False,True,False,True,False,False,False,True,False,False
80.45,14,0,331,1,0,False,True,False,False,False,True,False,False,False,False,True
19.25,63,0,431,0,0,False,False,True,False,False,False,False,True,False,False,True
19.45,7,1,437,0,0,False,True,False,False,False,False,False,True,False,False,True
109.2,72,3,480,1,1,False,False,True,False,True,False,False,False,True,False,False
48.7,7,1,572,0,0,False,False,True,False,False,False,True,False,False,False,True
44.75,1,1,550,0,0,False,False,True,False,False,False,True,False,False,True,False
74.55,16,0,700,1,0,False,False,True,False,False,True,False,False,False,False,True
59.8,14,0,568,0,0,False,True,False,False,False,True,False,False,False,False,True
70.6,1,1,258,1,0,False,True,False,False,False,False,True,False,False,True,False
44.45,60,0,2754,0,0,False,False,False,True,False,False,True,False,False,False,True
71.0,1,2,428,1,1,False,False,True,False,False,False,True,False,False,True,False
75.15,45,0,380,1,0,True,False,False,False,False,True,False,False,True,False,False
45.7,1,1,414,0,0,True,False,False,False,False,False,False,True,False,True,False
109.25,72,2,2385,1,1,False,False,False,True,False,False,True,False,True,False,False
19.45,6,0,415,0,0,False,True,False,False,False,False,False,True,False,False,True
55.25,1,0,344,0,0,True,False,False,False,False,False,True,False,False,True,False
56.2,19,2,481,0,1,False,True,False,False,False,False,True,False,False,False,True
64.35,24,0,369,0,0,True,False,False,False,False,False,True,False,False,False,True
76.1,64,1,126,1,0,False,True,False,False,True,False,False,False,True,False,False
90.95,17,2,348,1,1,True,False,False,False,False,True,False,False,False,False,True
44.45,8,0,386,0,0,False,True,False,False,False,False,False,True,False,False,True
20.3,24,2,457,0,1,True,False,False,False,False,False,False,True,False,False,True
20.25,11,3,667,0,1,True,False,False,False,False,False,False,True,False,False,True
56.6,40,0,332,0,0,False,False,True,False,False,True,False,False,False,False,True
25.1,36,1,414,0,0,False,False,True,False,False,True,False,False,False,False,True
108.05,71,0,633,1,0,False,True,False,False,False,False,True,False,True,False,False
19.4,7,0,337,0,0,False,True,False,False,False,False,False,True,False,False,True
77.4,3,1,682,1,0,False,False,True,False,False,False,True,False,False,True,False
20.05,38,0,404,0,0,True,False,False,False,False,False,False,True,False,False,True
25.75,0,0,439,0,0,False,False,True,False,False,False,False,True,False,True,False
74.7,1,1,483,1,0,False,False,True,False,False,False,True,False,False,True,False
70.95,25,1,348,1,0,False,False,True,False,False,False,False,True,True,False,False
20.2,69,0,576,0,0,False,False,True,False,True,False,False,False,False,False,True
91.95,36,1,439,1,0,False,False,True,False,False,True,False,False,True,False,False
99.7,63,0,395,1,0,False,False,True,False,False,True,False,False,True,False,False
96.05,12,2,68,1,1,False,False,True,False,False,False,True,False,False,False,True
20.2,19,1,535,0,0,False,False,True,False,False,False,False,True,False,False,True
87.9,18,0,546,1,0,False,False,True,False,False,False,False,True,False,False,True
79.25,32,3,2943,1,1,False,False,False,True,False,False,True,False,True,False,False
105.35,56,2,389,1,1,False,True,False,False,False,False,False,True,True,False,False
19.5,6,1,3394,0,0,False,False,False,True,True,False,False,False,False,False,True
50.8,9,0,566,0,0,True,False,False,False,False,False,False,True,False,False,True
36.25,32,0,420,0,0,False,False,True,False,False,False,False,True,False,False,True
100.4,58,1,158,1,0,False,False,True,False,True,False,False,False,True,False,False
59.25,8,0,435,0,0,False,True,False,False,False,False,True,False,False,False,True
64.8,17,2,306,0,1,False,False,True,False,False,False,False,True,False,False,True
70.55,27,2,403,1,1,False,False,True,False,False,False,True,False,True,False,False
85.95,13,0,2327,1,0,False,False,False,True,False,False,True,False,False,False,True
49.65,49,0,622,0,0,False,True,False,False,False,True,False,False,False,False,True
20.85,21,0,613,0,0,True,False,False,False,False,True,False,False,False,False,True
35.35,36,3,323,0,1,True,False,False,False,False,False,False,True,False,False,True
76.4,1,3,3855,1,1,False,False,False,True,False,False,False,True,False,True,False
20.0,42,3,454,0,1,True,False,False,False,False,False,False,True,False,False,True
79.5,16,0,568,1,0,True,False,False,False,False,True,False,False,False,False,True
107.95,49,3,2169,1,1,False,False,False,True,True,False,False,False,True,False,False
102.1,64,0,319,1,0,True,False,False,False,False,False,True,False,True,False,False
45.25,2,1,447,0,0,True,False,False,False,False,False,False,True,False,True,False
89.4,72,1,449,1,0,True,False,False,False,False,False,False,True,True,False,False
25.1,1,0,200,0,0,False,False,True,False,False,False,False,True,False,True,False
95.0,1,0,533,1,0,False,True,False,False,False,False,True,False,False,True,False
91.1,23,1,425,1,0,False,True,False,False,False,True,False,False,False,False,True
21.15,12,1,437,0,0,False,False,True,False,False,False,True,False,False,False,True
99.45,12,0,264,1,0,False,True,False,False,False,False,True,False,False,False,True
19.8,26,2,439,0,1,True,False,False,False,False,True,False,False,False,False,True
